# lon lat Te Te-uncertainty
-53.8 85.4 5.0 1.0
-53.6 85.4 5.0 1.0
-53.4 85.4 5.0 1.0
-53.2 85.4 5.0 1.0
-53.0 85.4 5.0 1.0
-52.8 85.4 5.0 1.0
-52.6 85.4 5.0 1.0
-52.4 85.4 5.0 1.0
-52.2 85.4 5.0 1.0
-52.0 85.4 5.0 1.0
-51.8 85.4 5.0 1.0
-51.6 85.4 5.0 1.0
-51.4 85.4 5.0 1.0
-51.2 85.4 5.0 1.0
-51.0 85.4 5.0 1.0
-50.8 85.4 5.0 1.0
-50.6 85.4 5.0 1.0
-50.4 85.4 5.0 1.0
-50.2 85.4 5.0 1.0
-50.0 85.4 5.0 1.0
-49.8 85.4 5.0 1.0
-49.6 85.4 5.0 1.0
-49.4 85.4 5.0 1.0
-49.2 85.4 5.0 1.0
-49.0 85.4 5.0 1.0
-48.8 85.4 5.0 1.0
-48.6 85.4 5.0 1.0
-48.4 85.4 5.0 1.0
-48.2 85.4 5.0 1.0
-48.0 85.4 5.0 1.0
-47.8 85.4 5.0 1.0
-47.6 85.4 5.0 1.0
-47.4 85.4 5.0 1.0
-47.2 85.4 5.0 1.0
-47.0 85.4 5.0 1.0
-46.8 85.4 5.0 1.0
-46.6 85.4 5.0 1.0
-46.4 85.4 5.0 1.0
-46.2 85.4 5.0 1.0
-46.0 85.4 5.0 1.0
-45.8 85.4 5.0 1.0
-45.6 85.4 5.0 1.0
-45.4 85.4 5.0 1.0
-45.2 85.4 5.0 1.0
-45.0 85.4 5.0 1.0
-44.8 85.4 5.0 1.0
-44.6 85.4 5.0 1.0
-44.4 85.4 5.0 1.0
-44.2 85.4 5.0 1.0
-44.0 85.4 5.0 1.0
-43.8 85.4 5.0 1.0
-43.6 85.4 5.0 1.0
-43.4 85.4 5.0 1.0
-43.2 85.4 5.0 1.0
-43.0 85.4 5.0 1.0
-42.8 85.4 5.0 1.0
-42.6 85.4 5.0 1.0
-42.4 85.4 5.0 1.0
-42.2 85.4 5.0 1.0
-42.0 85.4 5.0 1.0
-41.8 85.4 5.0 1.0
-41.6 85.4 5.0 1.0
-41.4 85.4 5.0 1.0
-41.2 85.4 5.0 1.0
-41.0 85.4 5.0 1.0
-40.8 85.4 5.0 1.0
-40.6 85.4 5.0 1.0
-40.4 85.4 5.0 1.0
-40.2 85.4 5.0 1.0
-40.0 85.4 5.0 1.0
-39.8 85.4 5.0 1.0
-39.6 85.4 5.0 1.0
-39.4 85.4 5.0 1.0
-39.2 85.4 5.0 1.0
-39.0 85.4 5.0 1.0
-38.8 85.4 5.0 1.0
-38.6 85.4 5.0 1.0
-38.4 85.4 5.0 1.0
-38.2 85.4 5.0 1.0
-38.0 85.4 5.0 1.0
-37.8 85.4 5.0 1.0
-37.6 85.4 5.0 1.0
-37.4 85.4 5.0 1.0
-37.2 85.4 5.0 1.0
-37.0 85.4 5.0 1.0
-36.8 85.4 5.0 1.0
-36.6 85.4 5.0 1.0
-36.4 85.4 5.0 1.0
-36.2 85.4 5.0 1.0
-36.0 85.4 5.0 1.0
-35.8 85.4 5.0 1.0
-35.6 85.4 5.0 1.0
-35.4 85.4 5.0 1.0
-35.2 85.4 5.0 1.0
-35.0 85.4 5.0 1.0
-34.8 85.4 5.0 1.0
-34.6 85.4 5.0 1.0
-34.4 85.4 5.0 1.0
-34.2 85.4 5.0 1.0
-34.0 85.4 5.0 1.0
-33.8 85.4 5.0 1.0
-33.6 85.4 5.0 1.0
-33.4 85.4 5.0 1.0
-33.2 85.4 5.0 1.0
-33.0 85.4 5.0 1.0
-32.8 85.4 5.0 1.0
-32.6 85.4 5.0 1.0
-32.4 85.4 5.0 1.0
-32.2 85.4 5.0 1.0
-32.0 85.4 5.0 1.0
-31.8 85.4 5.0 1.0
-31.6 85.4 5.0 1.0
-31.4 85.4 5.0 1.0
-31.2 85.4 5.0 1.0
-62.6 85.2 5.0 1.0
-62.4 85.2 5.0 1.0
-62.2 85.2 5.0 1.0
-62.0 85.2 5.0 1.0
-61.8 85.2 5.0 1.0
-61.6 85.2 5.0 1.0
-61.4 85.2 5.0 1.0
-61.2 85.2 5.0 1.0
-61.0 85.2 5.0 1.0
-60.8 85.2 5.0 1.0
-60.6 85.2 5.0 1.0
-60.4 85.2 5.0 1.0
-60.2 85.2 5.0 1.0
-60.0 85.2 5.0 1.0
-59.8 85.2 5.0 1.0
-59.6 85.2 5.0 1.0
-59.4 85.2 5.0 1.0
-59.2 85.2 5.0 1.0
-59.0 85.2 5.0 1.0
-58.8 85.2 5.0 1.0
-58.6 85.2 5.0 1.0
-58.4 85.2 5.0 1.0
-58.2 85.2 5.0 1.0
-58.0 85.2 5.0 1.0
-57.8 85.2 5.0 1.0
-57.6 85.2 5.0 1.0
-57.4 85.2 5.0 1.0
-57.2 85.2 5.0 1.0
-57.0 85.2 5.0 1.0
-56.8 85.2 5.0 1.0
-56.6 85.2 5.0 1.0
-56.4 85.2 5.0 1.0
-56.2 85.2 5.0 1.0
-56.0 85.2 5.0 1.0
-55.8 85.2 5.0 1.0
-55.6 85.2 5.0 1.0
-55.4 85.2 5.0 1.0
-55.2 85.2 5.0 1.0
-55.0 85.2 5.0 1.0
-54.8 85.2 5.0 1.0
-54.6 85.2 5.0 1.0
-54.4 85.2 5.0 1.0
-54.2 85.2 5.0 1.0
-54.0 85.2 5.0 1.0
-53.8 85.2 5.0 1.0
-53.6 85.2 5.0 1.0
-53.4 85.2 5.0 1.0
-53.2 85.2 5.0 1.0
-53.0 85.2 5.0 1.0
-52.8 85.2 5.0 1.0
-52.6 85.2 5.0 1.0
-52.4 85.2 5.0 1.0
-52.2 85.2 5.0 1.0
-52.0 85.2 5.0 1.0
-51.8 85.2 5.0 1.0
-51.6 85.2 5.0 1.0
-51.4 85.2 5.0 1.0
-51.2 85.2 5.0 1.0
-51.0 85.2 5.0 1.0
-50.8 85.2 5.0 1.0
-50.6 85.2 5.0 1.0
-50.4 85.2 5.0 1.0
-50.2 85.2 5.0 1.0
-50.0 85.2 5.0 1.0
-49.8 85.2 5.0 1.0
-49.6 85.2 5.0 1.0
-49.4 85.2 5.0 1.0
-49.2 85.2 5.0 1.0
-49.0 85.2 5.0 1.0
-48.8 85.2 5.0 1.0
-48.6 85.2 5.0 1.0
-48.4 85.2 5.0 1.0
-48.2 85.2 5.0 1.0
-48.0 85.2 5.0 1.0
-47.8 85.2 5.0 1.0
-47.6 85.2 5.0 1.0
-47.4 85.2 5.0 1.0
-47.2 85.2 5.0 1.0
-47.0 85.2 5.0 1.0
-46.8 85.2 5.0 1.0
-46.6 85.2 5.0 1.0
-46.4 85.2 5.0 1.0
-46.2 85.2 5.0 1.0
-46.0 85.2 5.0 1.0
-45.8 85.2 5.0 1.0
-45.6 85.2 5.0 1.0
-45.4 85.2 5.0 1.0
-45.2 85.2 5.0 1.0
-45.0 85.2 5.0 1.0
-44.8 85.2 5.0 1.0
-44.6 85.2 5.0 1.0
-44.4 85.2 5.0 1.0
-44.2 85.2 5.0 1.0
-44.0 85.2 5.0 1.0
-43.8 85.2 5.0 1.0
-43.6 85.2 5.0 1.0
-43.4 85.2 5.0 1.0
-43.2 85.2 5.0 1.0
-43.0 85.2 5.0 1.0
-42.8 85.2 5.0 1.0
-42.6 85.2 5.0 1.0
-42.4 85.2 5.0 1.0
-42.2 85.2 5.0 1.0
-42.0 85.2 5.0 1.0
-41.8 85.2 5.0 1.0
-41.6 85.2 5.0 1.0
-41.4 85.2 5.0 1.0
-41.2 85.2 5.0 1.0
-41.0 85.2 5.0 1.0
-40.8 85.2 5.0 1.0
-40.6 85.2 5.0 1.0
-40.4 85.2 5.0 1.0
-40.2 85.2 5.0 1.0
-40.0 85.2 5.0 1.0
-39.8 85.2 5.0 1.0
-39.6 85.2 5.0 1.0
-39.4 85.2 5.0 1.0
-39.2 85.2 5.0 1.0
-39.0 85.2 5.0 1.0
-38.8 85.2 5.0 1.0
-38.6 85.2 5.0 1.0
-38.4 85.2 5.0 1.0
-38.2 85.2 5.0 1.0
-38.0 85.2 5.0 1.0
-37.8 85.2 5.0 1.0
-37.6 85.2 5.0 1.0
-37.4 85.2 5.0 1.0
-37.2 85.2 5.0 1.0
-37.0 85.2 5.0 1.0
-36.8 85.2 5.0 1.0
-36.6 85.2 5.0 1.0
-36.4 85.2 5.0 1.0
-36.2 85.2 5.0 1.0
-36.0 85.2 5.0 1.0
-35.8 85.2 5.0 1.0
-35.6 85.2 5.0 1.0
-35.4 85.2 5.0 1.0
-35.2 85.2 5.0 1.0
-35.0 85.2 5.0 1.0
-34.8 85.2 5.0 1.0
-34.6 85.2 5.0 1.0
-34.4 85.2 5.0 1.0
-34.2 85.2 5.0 1.0
-34.0 85.2 5.0 1.0
-33.8 85.2 5.0 1.0
-33.6 85.2 5.0 1.0
-33.4 85.2 5.0 1.0
-33.2 85.2 5.0 1.0
-33.0 85.2 5.0 1.0
-32.8 85.2 5.0 1.0
-32.6 85.2 5.0 1.0
-32.4 85.2 5.0 1.0
-32.2 85.2 5.0 1.0
-32.0 85.2 5.0 1.0
-31.8 85.2 5.0 1.0
-31.6 85.2 5.0 1.0
-31.4 85.2 5.0 1.0
-31.2 85.2 5.0 1.0
-31.0 85.2 5.0 1.0
-30.8 85.2 5.0 1.0
-30.6 85.2 5.0 1.0
-30.4 85.2 5.0 1.0
-30.2 85.2 5.0 1.0
-30.0 85.2 5.0 1.0
-29.8 85.2 5.0 1.0
-29.6 85.2 5.0 1.0
-29.4 85.2 5.0 1.0
-29.2 85.2 5.0 1.0
-29.0 85.2 5.0 1.0
-28.8 85.2 5.0 1.0
-28.6 85.2 5.0 1.0
-28.4 85.2 5.0 1.0
-28.2 85.2 5.0 1.0
-28.0 85.2 5.0 1.0
-27.8 85.2 5.0 1.0
-27.6 85.2 5.0 1.0
-27.4 85.2 5.0 1.0
-27.2 85.2 5.0 1.0
-27.0 85.2 5.0 1.0
-26.8 85.2 5.0 1.0
-26.6 85.2 5.0 1.0
-26.4 85.2 5.0 1.0
-26.2 85.2 5.0 1.0
-26.0 85.2 5.0 1.0
-25.8 85.2 5.0 1.0
-25.6 85.2 5.0 1.0
-25.4 85.2 5.0 1.0
-25.2 85.2 5.0 1.0
-25.0 85.2 5.0 1.0
-24.8 85.2 5.0 1.0
-24.6 85.2 5.0 1.0
-24.4 85.2 5.0 1.0
-24.2 85.2 5.0 1.0
-24.0 85.2 5.0 1.0
-23.8 85.2 5.0 1.0
-23.6 85.2 5.0 1.0
-23.4 85.2 5.0 1.0
-23.2 85.2 5.0 1.0
-23.0 85.2 5.0 1.0
-22.8 85.2 5.0 1.0
-22.6 85.2 5.0 1.0
-22.4 85.2 5.0 1.0
-68.2 85.0 5.0 1.0
-68.0 85.0 5.0 1.0
-67.8 85.0 5.0 1.0
-67.6 85.0 5.0 1.0
-67.4 85.0 5.0 1.0
-67.2 85.0 5.0 1.0
-67.0 85.0 5.0 1.0
-66.8 85.0 5.0 1.0
-66.6 85.0 5.0 1.0
-66.4 85.0 5.0 1.0
-66.2 85.0 5.0 1.0
-66.0 85.0 5.0 1.0
-65.8 85.0 5.0 1.0
-65.6 85.0 5.0 1.0
-65.4 85.0 5.0 1.0
-65.2 85.0 5.0 1.0
-65.0 85.0 5.0 1.0
-64.8 85.0 5.0 1.0
-64.6 85.0 5.0 1.0
-64.4 85.0 5.0 1.0
-64.2 85.0 5.0 1.0
-64.0 85.0 5.0 1.0
-63.8 85.0 5.0 1.0
-63.6 85.0 5.0 1.0
-63.4 85.0 5.0 1.0
-63.2 85.0 5.0 1.0
-63.0 85.0 5.0 1.0
-62.8 85.0 5.0 1.0
-62.6 85.0 5.0 1.0
-62.4 85.0 5.0 1.0
-62.2 85.0 5.0 1.0
-62.0 85.0 5.0 1.0
-61.8 85.0 5.0 1.0
-61.6 85.0 5.0 1.0
-61.4 85.0 5.0 1.0
-61.2 85.0 5.0 1.0
-61.0 85.0 5.0 1.0
-60.8 85.0 5.0 1.0
-60.6 85.0 5.0 1.0
-60.4 85.0 5.0 1.0
-60.2 85.0 5.0 1.0
-60.0 85.0 5.0 1.0
-59.8 85.0 5.0 1.0
-59.6 85.0 5.0 1.0
-59.4 85.0 5.0 1.0
-59.2 85.0 5.0 1.0
-59.0 85.0 5.0 1.0
-58.8 85.0 5.0 1.0
-58.6 85.0 5.0 1.0
-58.4 85.0 5.0 1.0
-58.2 85.0 5.0 1.0
-58.0 85.0 5.0 1.0
-57.8 85.0 5.0 1.0
-57.6 85.0 5.0 1.0
-57.4 85.0 5.0 1.0
-57.2 85.0 5.0 1.0
-57.0 85.0 5.0 1.0
-56.8 85.0 5.0 1.0
-56.6 85.0 5.0 1.0
-56.4 85.0 5.0 1.0
-56.2 85.0 5.0 1.0
-56.0 85.0 5.0 1.0
-55.8 85.0 5.0 1.0
-55.6 85.0 5.0 1.0
-55.4 85.0 5.0 1.0
-55.2 85.0 5.0 1.0
-55.0 85.0 5.0 1.0
-54.8 85.0 5.0 1.0
-54.6 85.0 5.0 1.0
-54.4 85.0 5.0 1.0
-54.2 85.0 5.0 1.0
-54.0 85.0 5.0 1.0
-53.8 85.0 5.0 1.0
-53.6 85.0 5.0 1.0
-53.4 85.0 5.0 1.0
-53.2 85.0 5.0 1.0
-53.0 85.0 5.0 1.0
-52.8 85.0 5.0 1.0
-52.6 85.0 5.0 1.0
-52.4 85.0 5.0 1.0
-52.2 85.0 5.0 1.0
-52.0 85.0 5.0 1.0
-51.8 85.0 5.0 1.0
-51.6 85.0 5.0 1.0
-51.4 85.0 5.0 1.0
-51.2 85.0 5.0 1.0
-51.0 85.0 5.0 1.0
-50.8 85.0 5.0 1.0
-50.6 85.0 5.0 1.0
-50.4 85.0 5.0 1.0
-50.2 85.0 5.0 1.0
-50.0 85.0 5.0 1.0
-49.8 85.0 5.0 1.0
-49.6 85.0 5.0 1.0
-49.4 85.0 5.0 1.0
-49.2 85.0 5.0 1.0
-49.0 85.0 5.0 1.0
-48.8 85.0 5.0 1.0
-48.6 85.0 5.0 1.0
-48.4 85.0 5.0 1.0
-48.2 85.0 5.0 1.0
-48.0 85.0 5.0 1.0
-47.8 85.0 5.0 1.0
-47.6 85.0 5.0 1.0
-47.4 85.0 5.0 1.0
-47.2 85.0 5.0 1.0
-47.0 85.0 5.0 1.0
-46.8 85.0 5.0 1.0
-46.6 85.0 5.0 1.0
-46.4 85.0 5.0 1.0
-46.2 85.0 5.0 1.0
-46.0 85.0 5.0 1.0
-45.8 85.0 5.0 1.0
-45.6 85.0 5.0 1.0
-45.4 85.0 5.0 1.0
-45.2 85.0 5.0 1.0
-45.0 85.0 5.0 1.0
-44.8 85.0 5.0 1.0
-44.6 85.0 5.0 1.0
-44.4 85.0 5.0 1.0
-44.2 85.0 5.0 1.0
-44.0 85.0 5.0 1.0
-43.8 85.0 5.0 1.0
-43.6 85.0 5.0 1.0
-43.4 85.0 5.0 1.0
-43.2 85.0 5.0 1.0
-43.0 85.0 5.0 1.0
-42.8 85.0 5.0 1.0
-42.6 85.0 5.0 1.0
-42.4 85.0 5.0 1.0
-42.2 85.0 5.0 1.0
-42.0 85.0 5.0 1.0
-41.8 85.0 5.0 1.0
-41.6 85.0 5.0 1.0
-41.4 85.0 5.0 1.0
-41.2 85.0 5.0 1.0
-41.0 85.0 5.0 1.0
-40.8 85.0 5.0 1.0
-40.6 85.0 5.0 1.0
-40.4 85.0 5.0 1.0
-40.2 85.0 5.0 1.0
-40.0 85.0 5.0 1.0
-39.8 85.0 5.0 1.0
-39.6 85.0 5.0 1.0
-39.4 85.0 5.0 1.0
-39.2 85.0 5.0 1.0
-39.0 85.0 5.0 1.0
-38.8 85.0 5.0 1.0
-38.6 85.0 5.0 1.0
-38.4 85.0 5.0 1.0
-38.2 85.0 5.0 1.0
-38.0 85.0 5.0 1.0
-37.8 85.0 5.0 1.0
-37.6 85.0 5.0 1.0
-37.4 85.0 5.0 1.0
-37.2 85.0 5.0 1.0
-37.0 85.0 5.0 1.0
-36.8 85.0 5.0 1.0
-36.6 85.0 5.0 1.0
-36.4 85.0 5.0 1.0
-36.2 85.0 5.0 1.0
-36.0 85.0 5.0 1.0
-35.8 85.0 5.0 1.0
-35.6 85.0 5.0 1.0
-35.4 85.0 5.0 1.0
-35.2 85.0 5.0 1.0
-35.0 85.0 5.0 1.0
-34.8 85.0 5.0 1.0
-34.6 85.0 5.0 1.0
-34.4 85.0 5.0 1.0
-34.2 85.0 5.0 1.0
-34.0 85.0 5.0 1.0
-33.8 85.0 5.0 1.0
-33.6 85.0 5.0 1.0
-33.4 85.0 5.0 1.0
-33.2 85.0 5.0 1.0
-33.0 85.0 5.0 1.0
-32.8 85.0 5.0 1.0
-32.6 85.0 5.0 1.0
-32.4 85.0 5.0 1.0
-32.2 85.0 5.0 1.0
-32.0 85.0 5.0 1.0
-31.8 85.0 5.0 1.0
-31.6 85.0 5.0 1.0
-31.4 85.0 5.0 1.0
-31.2 85.0 5.0 1.0
-31.0 85.0 5.0 1.0
-30.8 85.0 5.0 1.0
-30.6 85.0 5.0 1.0
-30.4 85.0 5.0 1.0
-30.2 85.0 5.0 1.0
-30.0 85.0 5.0 1.0
-29.8 85.0 5.0 1.0
-29.6 85.0 5.0 1.0
-29.4 85.0 5.0 1.0
-29.2 85.0 5.0 1.0
-29.0 85.0 5.0 1.0
-28.8 85.0 5.0 1.0
-28.6 85.0 5.0 1.0
-28.4 85.0 5.0 1.0
-28.2 85.0 5.0 1.0
-28.0 85.0 5.0 1.0
-27.8 85.0 5.0 1.0
-27.6 85.0 5.0 1.0
-27.4 85.0 5.0 1.0
-27.2 85.0 5.0 1.0
-27.0 85.0 5.0 1.0
-26.8 85.0 5.0 1.0
-26.6 85.0 5.0 1.0
-26.4 85.0 5.0 1.0
-26.2 85.0 5.0 1.0
-26.0 85.0 5.0 1.0
-25.8 85.0 5.0 1.0
-25.6 85.0 5.0 1.0
-25.4 85.0 5.0 1.0
-25.2 85.0 5.0 1.0
-25.0 85.0 5.0 1.0
-24.8 85.0 5.0 1.0
-24.6 85.0 5.0 1.0
-24.4 85.0 5.0 1.0
-24.2 85.0 5.0 1.0
-24.0 85.0 5.0 1.0
-23.8 85.0 5.0 1.0
-23.6 85.0 5.0 1.0
-23.4 85.0 5.0 1.0
-23.2 85.0 5.0 1.0
-23.0 85.0 5.0 1.0
-22.8 85.0 5.0 1.0
-22.6 85.0 5.0 1.0
-22.4 85.0 5.0 1.0
-22.2 85.0 5.0 1.0
-22.0 85.0 5.0 1.0
-21.8 85.0 5.0 1.0
-21.6 85.0 5.0 1.0
-21.4 85.0 5.0 1.0
-21.2 85.0 5.0 1.0
-21.0 85.0 5.0 1.0
-20.8 85.0 5.0 1.0
-20.6 85.0 5.0 1.0
-20.4 85.0 5.0 1.0
-20.2 85.0 5.0 1.0
-20.0 85.0 5.0 1.0
-19.8 85.0 5.0 1.0
-19.6 85.0 5.0 1.0
-19.4 85.0 5.0 1.0
-19.2 85.0 5.0 1.0
-19.0 85.0 5.0 1.0
-18.8 85.0 5.0 1.0
-18.6 85.0 5.0 1.0
-18.4 85.0 5.0 1.0
-18.2 85.0 5.0 1.0
-18.0 85.0 5.0 1.0
-17.8 85.0 5.0 1.0
-17.6 85.0 5.0 1.0
-17.4 85.0 5.0 1.0
-17.2 85.0 5.0 1.0
-17.0 85.0 5.0 1.0
-16.8 85.0 5.0 1.0
-72.6 84.8 5.0 1.0
-72.4 84.8 5.0 1.0
-72.2 84.8 5.0 1.0
-72.0 84.8 5.0 1.0
-71.8 84.8 5.0 1.0
-71.6 84.8 5.0 1.0
-71.4 84.8 5.0 1.0
-71.2 84.8 5.0 1.0
-71.0 84.8 5.0 1.0
-70.8 84.8 5.0 1.0
-70.6 84.8 5.0 1.0
-70.4 84.8 5.0 1.0
-70.2 84.8 5.0 1.0
-70.0 84.8 5.0 1.0
-69.8 84.8 5.0 1.0
-69.6 84.8 5.0 1.0
-69.4 84.8 5.0 1.0
-69.2 84.8 5.0 1.0
-69.0 84.8 5.0 1.0
-68.8 84.8 5.0 1.0
-68.6 84.8 5.0 1.0
-68.4 84.8 5.0 1.0
-68.2 84.8 5.0 1.0
-68.0 84.8 5.0 1.0
-67.8 84.8 5.0 1.0
-67.6 84.8 5.0 1.0
-67.4 84.8 5.0 1.0
-67.2 84.8 5.0 1.0
-67.0 84.8 5.0 1.0
-66.8 84.8 5.0 1.0
-66.6 84.8 5.0 1.0
-66.4 84.8 5.0 1.0
-66.2 84.8 5.0 1.0
-66.0 84.8 5.0 1.0
-65.8 84.8 5.0 1.0
-65.6 84.8 5.0 1.0
-65.4 84.8 5.0 1.0
-65.2 84.8 5.0 1.0
-65.0 84.8 5.0 1.0
-64.8 84.8 5.0 1.0
-64.6 84.8 5.0 1.0
-64.4 84.8 5.0 1.0
-64.2 84.8 5.0 1.0
-64.0 84.8 5.0 1.0
-63.8 84.8 5.0 1.0
-63.6 84.8 5.0 1.0
-63.4 84.8 5.0 1.0
-63.2 84.8 5.0 1.0
-63.0 84.8 5.0 1.0
-62.8 84.8 5.0 1.0
-62.6 84.8 5.0 1.0
-62.4 84.8 5.0 1.0
-62.2 84.8 5.0 1.0
-62.0 84.8 5.0 1.0
-61.8 84.8 5.0 1.0
-61.6 84.8 5.0 1.0
-61.4 84.8 5.0 1.0
-61.2 84.8 5.0 1.0
-61.0 84.8 5.0 1.0
-60.8 84.8 5.0 1.0
-60.6 84.8 5.0 1.0
-60.4 84.8 5.0 1.0
-60.2 84.8 5.0 1.0
-60.0 84.8 5.0 1.0
-59.8 84.8 5.0 1.0
-59.6 84.8 5.0 1.0
-59.4 84.8 5.0 1.0
-59.2 84.8 5.0 1.0
-59.0 84.8 5.0 1.0
-58.8 84.8 5.0 1.0
-58.6 84.8 5.0 1.0
-58.4 84.8 5.0 1.0
-58.2 84.8 5.0 1.0
-58.0 84.8 5.0 1.0
-57.8 84.8 5.0 1.0
-57.6 84.8 5.0 1.0
-57.4 84.8 5.0 1.0
-57.2 84.8 5.0 1.0
-57.0 84.8 5.0 1.0
-56.8 84.8 5.0 1.0
-56.6 84.8 5.0 1.0
-56.4 84.8 5.0 1.0
-56.2 84.8 5.0 1.0
-56.0 84.8 5.0 1.0
-55.8 84.8 5.0 1.0
-55.6 84.8 5.0 1.0
-55.4 84.8 5.0 1.0
-55.2 84.8 5.0 1.0
-55.0 84.8 5.0 1.0
-54.8 84.8 5.0 1.0
-54.6 84.8 5.0 1.0
-54.4 84.8 5.0 1.0
-54.2 84.8 5.0 1.0
-54.0 84.8 5.0 1.0
-53.8 84.8 5.0 1.0
-53.6 84.8 5.0 1.0
-53.4 84.8 5.0 1.0
-53.2 84.8 5.0 1.0
-53.0 84.8 5.0 1.0
-52.8 84.8 5.0 1.0
-52.6 84.8 5.0 1.0
-52.4 84.8 5.0 1.0
-52.2 84.8 5.0 1.0
-52.0 84.8 5.0 1.0
-51.8 84.8 5.0 1.0
-51.6 84.8 5.0 1.0
-51.4 84.8 5.0 1.0
-51.2 84.8 5.0 1.0
-51.0 84.8 5.0 1.0
-50.8 84.8 5.0 1.0
-50.6 84.8 5.0 1.0
-50.4 84.8 5.0 1.0
-50.2 84.8 5.0 1.0
-50.0 84.8 5.0 1.0
-49.8 84.8 5.0 1.0
-49.6 84.8 5.0 1.0
-49.4 84.8 5.0 1.0
-49.2 84.8 5.0 1.0
-49.0 84.8 5.0 1.0
-48.8 84.8 5.0 1.0
-48.6 84.8 5.0 1.0
-48.4 84.8 5.0 1.0
-48.2 84.8 5.0 1.0
-48.0 84.8 5.0 1.0
-47.8 84.8 5.0 1.0
-47.6 84.8 5.0 1.0
-47.4 84.8 5.0 1.0
-47.2 84.8 5.0 1.0
-47.0 84.8 5.0 1.0
-46.8 84.8 5.0 1.0
-46.6 84.8 5.0 1.0
-46.4 84.8 5.0 1.0
-46.2 84.8 5.0 1.0
-46.0 84.8 5.0 1.0
-45.8 84.8 5.0 1.0
-45.6 84.8 5.0 1.0
-45.4 84.8 5.0 1.0
-45.2 84.8 5.0 1.0
-45.0 84.8 5.0 1.0
-44.8 84.8 5.0 1.0
-44.6 84.8 5.0 1.0
-44.4 84.8 5.0 1.0
-44.2 84.8 5.0 1.0
-44.0 84.8 5.0 1.0
-43.8 84.8 5.0 1.0
-43.6 84.8 5.0 1.0
-43.4 84.8 5.0 1.0
-43.2 84.8 5.0 1.0
-43.0 84.8 5.0 1.0
-42.8 84.8 5.0 1.0
-42.6 84.8 5.0 1.0
-42.4 84.8 5.0 1.0
-42.2 84.8 5.0 1.0
-42.0 84.8 5.0 1.0
-41.8 84.8 5.0 1.0
-41.6 84.8 5.0 1.0
-41.4 84.8 5.0 1.0
-41.2 84.8 5.0 1.0
-41.0 84.8 5.0 1.0
-40.8 84.8 5.0 1.0
-40.6 84.8 5.0 1.0
-40.4 84.8 5.0 1.0
-40.2 84.8 5.0 1.0
-40.0 84.8 5.0 1.0
-39.8 84.8 5.0 1.0
-39.6 84.8 5.0 1.0
-39.4 84.8 5.0 1.0
-39.2 84.8 5.0 1.0
-39.0 84.8 5.0 1.0
-38.8 84.8 5.0 1.0
-38.6 84.8 5.0 1.0
-38.4 84.8 5.0 1.0
-38.2 84.8 5.0 1.0
-38.0 84.8 5.0 1.0
-37.8 84.8 5.0 1.0
-37.6 84.8 5.0 1.0
-37.4 84.8 5.0 1.0
-37.2 84.8 5.0 1.0
-37.0 84.8 5.0 1.0
-36.8 84.8 5.0 1.0
-36.6 84.8 5.0 1.0
-36.4 84.8 5.0 1.0
-36.2 84.8 5.0 1.0
-36.0 84.8 5.0 1.0
-35.8 84.8 5.0 1.0
-35.6 84.8 5.0 1.0
-35.4 84.8 5.0 1.0
-35.2 84.8 5.0 1.0
-35.0 84.8 5.0 1.0
-34.8 84.8 5.0 1.0
-34.6 84.8 5.0 1.0
-34.4 84.8 5.0 1.0
-34.2 84.8 5.0 1.0
-34.0 84.8 5.0 1.0
-33.8 84.8 5.0 1.0
-33.6 84.8 5.0 1.0
-33.4 84.8 5.0 1.0
-33.2 84.8 5.0 1.0
-33.0 84.8 5.0 1.0
-32.8 84.8 5.0 1.0
-32.6 84.8 5.0 1.0
-32.4 84.8 5.0 1.0
-32.2 84.8 5.0 1.0
-32.0 84.8 5.0 1.0
-31.8 84.8 5.0 1.0
-31.6 84.8 5.0 1.0
-31.4 84.8 5.0 1.0
-31.2 84.8 5.0 1.0
-31.0 84.8 5.0 1.0
-30.8 84.8 5.0 1.0
-30.6 84.8 5.0 1.0
-30.4 84.8 5.0 1.0
-30.2 84.8 5.0 1.0
-30.0 84.8 5.0 1.0
-29.8 84.8 5.0 1.0
-29.6 84.8 5.0 1.0
-29.4 84.8 5.0 1.0
-29.2 84.8 5.0 1.0
-29.0 84.8 5.0 1.0
-28.8 84.8 5.0 1.0
-28.6 84.8 5.0 1.0
-28.4 84.8 5.0 1.0
-28.2 84.8 5.0 1.0
-28.0 84.8 5.0 1.0
-27.8 84.8 5.0 1.0
-27.6 84.8 5.0 1.0
-27.4 84.8 5.0 1.0
-27.2 84.8 5.0 1.0
-27.0 84.8 5.0 1.0
-26.8 84.8 5.0 1.0
-26.6 84.8 5.0 1.0
-26.4 84.8 5.0 1.0
-26.2 84.8 5.0 1.0
-26.0 84.8 5.0 1.0
-25.8 84.8 5.0 1.0
-25.6 84.8 5.0 1.0
-25.4 84.8 5.0 1.0
-25.2 84.8 5.0 1.0
-25.0 84.8 5.0 1.0
-24.8 84.8 5.0 1.0
-24.6 84.8 5.0 1.0
-24.4 84.8 5.0 1.0
-24.2 84.8 5.0 1.0
-24.0 84.8 5.0 1.0
-23.8 84.8 5.0 1.0
-23.6 84.8 5.0 1.0
-23.4 84.8 5.0 1.0
-23.2 84.8 5.0 1.0
-23.0 84.8 5.0 1.0
-22.8 84.8 5.0 1.0
-22.6 84.8 5.0 1.0
-22.4 84.8 5.0 1.0
-22.2 84.8 5.0 1.0
-22.0 84.8 5.0 1.0
-21.8 84.8 5.0 1.0
-21.6 84.8 5.0 1.0
-21.4 84.8 5.0 1.0
-21.2 84.8 5.0 1.0
-21.0 84.8 5.0 1.0
-20.8 84.8 5.0 1.0
-20.6 84.8 5.0 1.0
-20.4 84.8 5.0 1.0
-20.2 84.8 5.0 1.0
-20.0 84.8 5.0 1.0
-19.8 84.8 5.0 1.0
-19.6 84.8 5.0 1.0
-19.4 84.8 5.0 1.0
-19.2 84.8 5.0 1.0
-19.0 84.8 5.0 1.0
-18.8 84.8 5.0 1.0
-18.6 84.8 5.0 1.0
-18.4 84.8 5.0 1.0
-18.2 84.8 5.0 1.0
-18.0 84.8 5.0 1.0
-17.8 84.8 5.0 1.0
-17.6 84.8 5.0 1.0
-17.4 84.8 5.0 1.0
-17.2 84.8 5.0 1.0
-17.0 84.8 5.0 1.0
-16.8 84.8 5.0 1.0
-16.6 84.8 5.0 1.0
-16.4 84.8 5.0 1.0
-16.2 84.8 5.0 1.0
-16.0 84.8 5.0 1.0
-15.8 84.8 5.0 1.0
-15.6 84.8 5.0 1.0
-15.4 84.8 5.0 1.0
-15.2 84.8 5.0 1.0
-15.0 84.8 5.0 1.0
-14.8 84.8 5.0 1.0
-14.6 84.8 5.0 1.0
-14.4 84.8 5.0 1.0
-14.2 84.8 5.0 1.0
-14.0 84.8 5.0 1.0
-13.8 84.8 5.0 1.0
-13.6 84.8 5.0 1.0
-13.4 84.8 5.0 1.0
-13.2 84.8 5.0 1.0
-13.0 84.8 5.0 1.0
-12.8 84.8 5.0 1.0
-12.6 84.8 5.0 1.0
-12.4 84.8 5.0 1.0
-76.0 84.6 5.0 1.0
-75.8 84.6 5.0 1.0
-75.6 84.6 5.0 1.0
-75.4 84.6 5.0 1.0
-75.2 84.6 5.0 1.0
-75.0 84.6 5.0 1.0
-74.8 84.6 5.0 1.0
-74.6 84.6 5.0 1.0
-74.4 84.6 5.0 1.0
-74.2 84.6 5.0 1.0
-74.0 84.6 5.0 1.0
-73.8 84.6 5.0 1.0
-73.6 84.6 5.0 1.0
-73.4 84.6 5.0 1.0
-73.2 84.6 5.0 1.0
-73.0 84.6 5.0 1.0
-72.8 84.6 5.0 1.0
-72.6 84.6 5.0 1.0
-72.4 84.6 5.0 1.0
-72.2 84.6 5.0 1.0
-72.0 84.6 5.0 1.0
-71.8 84.6 5.0 1.0
-71.6 84.6 5.0 1.0
-71.4 84.6 5.0 1.0
-71.2 84.6 5.0 1.0
-71.0 84.6 5.0 1.0
-70.8 84.6 5.0 1.0
-70.6 84.6 5.0 1.0
-70.4 84.6 5.0 1.0
-70.2 84.6 5.0 1.0
-70.0 84.6 5.0 1.0
-69.8 84.6 5.0 1.0
-69.6 84.6 5.0 1.0
-69.4 84.6 5.0 1.0
-69.2 84.6 5.0 1.0
-69.0 84.6 5.0 1.0
-68.8 84.6 5.0 1.0
-68.6 84.6 5.0 1.0
-68.4 84.6 5.0 1.0
-68.2 84.6 5.0 1.0
-68.0 84.6 5.0 1.0
-67.8 84.6 5.0 1.0
-67.6 84.6 5.0 1.0
-67.4 84.6 5.0 1.0
-67.2 84.6 5.0 1.0
-67.0 84.6 5.0 1.0
-66.8 84.6 5.0 1.0
-66.6 84.6 5.0 1.0
-66.4 84.6 5.0 1.0
-66.2 84.6 5.0 1.0
-66.0 84.6 5.0 1.0
-65.8 84.6 5.0 1.0
-65.6 84.6 5.0 1.0
-65.4 84.6 5.0 1.0
-65.2 84.6 5.0 1.0
-65.0 84.6 5.0 1.0
-64.8 84.6 5.0 1.0
-64.6 84.6 5.0 1.0
-64.4 84.6 5.0 1.0
-64.2 84.6 5.0 1.0
-64.0 84.6 5.0 1.0
-63.8 84.6 5.0 1.0
-63.6 84.6 5.0 1.0
-63.4 84.6 5.0 1.0
-63.2 84.6 5.0 1.0
-63.0 84.6 5.0 1.0
-62.8 84.6 5.0 1.0
-62.6 84.6 5.0 1.0
-62.4 84.6 5.0 1.0
-62.2 84.6 5.0 1.0
-62.0 84.6 5.0 1.0
-61.8 84.6 5.0 1.0
-61.6 84.6 5.0 1.0
-61.4 84.6 5.0 1.0
-61.2 84.6 5.0 1.0
-61.0 84.6 5.0 1.0
-60.8 84.6 5.0 1.0
-60.6 84.6 5.0 1.0
-60.4 84.6 5.0 1.0
-60.2 84.6 5.0 1.0
-60.0 84.6 5.0 1.0
-59.8 84.6 5.0 1.0
-59.6 84.6 5.0 1.0
-59.4 84.6 5.0 1.0
-59.2 84.6 5.0 1.0
-59.0 84.6 5.0 1.0
-58.8 84.6 5.0 1.0
-58.6 84.6 5.0 1.0
-58.4 84.6 5.0 1.0
-58.2 84.6 5.0 1.0
-58.0 84.6 5.0 1.0
-57.8 84.6 5.0 1.0
-57.6 84.6 5.0 1.0
-57.4 84.6 5.0 1.0
-57.2 84.6 5.0 1.0
-57.0 84.6 5.0 1.0
-56.8 84.6 5.0 1.0
-56.6 84.6 5.0 1.0
-56.4 84.6 5.0 1.0
-56.2 84.6 5.0 1.0
-56.0 84.6 5.0 1.0
-55.8 84.6 5.0 1.0
-55.6 84.6 5.0 1.0
-55.4 84.6 5.0 1.0
-55.2 84.6 5.0 1.0
-55.0 84.6 5.0 1.0
-54.8 84.6 5.0 1.0
-54.6 84.6 5.0 1.0
-54.4 84.6 5.0 1.0
-54.2 84.6 5.0 1.0
-54.0 84.6 5.0 1.0
-53.8 84.6 5.0 1.0
-53.6 84.6 5.0 1.0
-53.4 84.6 5.0 1.0
-53.2 84.6 5.0 1.0
-53.0 84.6 5.0 1.0
-52.8 84.6 5.0 1.0
-52.6 84.6 5.0 1.0
-52.4 84.6 5.0 1.0
-52.2 84.6 5.0 1.0
-52.0 84.6 5.0 1.0
-51.8 84.6 5.0 1.0
-51.6 84.6 5.0 1.0
-51.4 84.6 5.0 1.0
-51.2 84.6 5.0 1.0
-51.0 84.6 5.0 1.0
-50.8 84.6 5.0 1.0
-50.6 84.6 5.0 1.0
-50.4 84.6 5.0 1.0
-50.2 84.6 5.0 1.0
-50.0 84.6 5.0 1.0
-49.8 84.6 5.0 1.0
-49.6 84.6 5.0 1.0
-49.4 84.6 5.0 1.0
-49.2 84.6 5.0 1.0
-49.0 84.6 5.0 1.0
-48.8 84.6 5.0 1.0
-48.6 84.6 5.0 1.0
-48.4 84.6 5.0 1.0
-48.2 84.6 5.0 1.0
-48.0 84.6 5.0 1.0
-47.8 84.6 5.0 1.0
-47.6 84.6 5.0 1.0
-47.4 84.6 5.0 1.0
-47.2 84.6 5.0 1.0
-47.0 84.6 5.0 1.0
-46.8 84.6 5.0 1.0
-46.6 84.6 5.0 1.0
-46.4 84.6 5.0 1.0
-46.2 84.6 5.0 1.0
-46.0 84.6 5.0 1.0
-45.8 84.6 5.0 1.0
-45.6 84.6 5.0 1.0
-45.4 84.6 5.0 1.0
-45.2 84.6 5.0 1.0
-45.0 84.6 5.0 1.0
-44.8 84.6 5.0 1.0
-44.6 84.6 5.0 1.0
-44.4 84.6 5.0 1.0
-44.2 84.6 5.0 1.0
-44.0 84.6 5.0 1.0
-43.8 84.6 5.0 1.0
-43.6 84.6 5.0 1.0
-43.4 84.6 5.0 1.0
-43.2 84.6 5.0 1.0
-43.0 84.6 5.0 1.0
-42.8 84.6 5.0 1.0
-42.6 84.6 5.0 1.0
-42.4 84.6 5.0 1.0
-42.2 84.6 5.0 1.0
-42.0 84.6 5.0 1.0
-41.8 84.6 5.0 1.0
-41.6 84.6 5.0 1.0
-41.4 84.6 5.0 1.0
-41.2 84.6 5.0 1.0
-41.0 84.6 5.0 1.0
-40.8 84.6 5.0 1.0
-40.6 84.6 5.0 1.0
-40.4 84.6 5.0 1.0
-40.2 84.6 5.0 1.0
-40.0 84.6 5.0 1.0
-39.8 84.6 5.0 1.0
-39.6 84.6 5.0 1.0
-39.4 84.6 5.0 1.0
-39.2 84.6 5.0 1.0
-39.0 84.6 5.0 1.0
-38.8 84.6 5.0 1.0
-38.6 84.6 5.0 1.0
-38.4 84.6 5.0 1.0
-38.2 84.6 5.0 1.0
-38.0 84.6 5.0 1.0
-37.8 84.6 5.0 1.0
-37.6 84.6 5.0 1.0
-37.4 84.6 5.0 1.0
-37.2 84.6 5.0 1.0
-37.0 84.6 5.0 1.0
-36.8 84.6 5.0 1.0
-36.6 84.6 5.0 1.0
-36.4 84.6 5.0 1.0
-36.2 84.6 5.0 1.0
-36.0 84.6 5.0 1.0
-35.8 84.6 5.0 1.0
-35.6 84.6 5.0 1.0
-35.4 84.6 5.0 1.0
-35.2 84.6 5.0 1.0
-35.0 84.6 5.0 1.0
-34.8 84.6 5.0 1.0
-34.6 84.6 5.0 1.0
-34.4 84.6 5.0 1.0
-34.2 84.6 5.0 1.0
-34.0 84.6 5.0 1.0
-33.8 84.6 5.0 1.0
-33.6 84.6 5.0 1.0
-33.4 84.6 5.0 1.0
-33.2 84.6 5.0 1.0
-33.0 84.6 5.0 1.0
-32.8 84.6 5.0 1.0
-32.6 84.6 5.0 1.0
-32.4 84.6 5.0 1.0
-32.2 84.6 5.0 1.0
-32.0 84.6 5.0 1.0
-31.8 84.6 5.0 1.0
-31.6 84.6 5.0 1.0
-31.4 84.6 5.0 1.0
-31.2 84.6 5.0 1.0
-31.0 84.6 5.0 1.0
-30.8 84.6 5.0 1.0
-30.6 84.6 5.0 1.0
-30.4 84.6 5.0 1.0
-30.2 84.6 5.0 1.0
-30.0 84.6 5.0 1.0
-29.8 84.6 5.0 1.0
-29.6 84.6 5.0 1.0
-29.4 84.6 5.0 1.0
-29.2 84.6 5.0 1.0
-29.0 84.6 5.0 1.0
-28.8 84.6 5.0 1.0
-28.6 84.6 5.0 1.0
-28.4 84.6 5.0 1.0
-28.2 84.6 5.0 1.0
-28.0 84.6 5.0 1.0
-27.8 84.6 5.0 1.0
-27.6 84.6 5.0 1.0
-27.4 84.6 5.0 1.0
-27.2 84.6 5.0 1.0
-27.0 84.6 5.0 1.0
-26.8 84.6 5.0 1.0
-26.6 84.6 5.0 1.0
-26.4 84.6 5.0 1.0
-26.2 84.6 5.0 1.0
-26.0 84.6 5.0 1.0
-25.8 84.6 5.0 1.0
-25.6 84.6 5.0 1.0
-25.4 84.6 5.0 1.0
-25.2 84.6 5.0 1.0
-25.0 84.6 5.0 1.0
-24.8 84.6 5.0 1.0
-24.6 84.6 5.0 1.0
-24.4 84.6 5.0 1.0
-24.2 84.6 5.0 1.0
-24.0 84.6 5.0 1.0
-23.8 84.6 5.0 1.0
-23.6 84.6 5.0 1.0
-23.4 84.6 5.0 1.0
-23.2 84.6 5.0 1.0
-23.0 84.6 5.0 1.0
-22.8 84.6 5.0 1.0
-22.6 84.6 5.0 1.0
-22.4 84.6 5.0 1.0
-22.2 84.6 5.0 1.0
-22.0 84.6 5.0 1.0
-21.8 84.6 5.0 1.0
-21.6 84.6 5.0 1.0
-21.4 84.6 5.0 1.0
-21.2 84.6 5.0 1.0
-21.0 84.6 5.0 1.0
-20.8 84.6 5.0 1.0
-20.6 84.6 5.0 1.0
-20.4 84.6 5.0 1.0
-20.2 84.6 5.0 1.0
-20.0 84.6 5.0 1.0
-19.8 84.6 5.0 1.0
-19.6 84.6 5.0 1.0
-19.4 84.6 5.0 1.0
-19.2 84.6 5.0 1.0
-19.0 84.6 5.0 1.0
-18.8 84.6 5.0 1.0
-18.6 84.6 5.0 1.0
-18.4 84.6 5.0 1.0
-18.2 84.6 5.0 1.0
-18.0 84.6 5.0 1.0
-17.8 84.6 5.0 1.0
-17.6 84.6 5.0 1.0
-17.4 84.6 5.0 1.0
-17.2 84.6 5.0 1.0
-17.0 84.6 5.0 1.0
-16.8 84.6 5.0 1.0
-16.6 84.6 5.0 1.0
-16.4 84.6 5.0 1.0
-16.2 84.6 5.0 1.0
-16.0 84.6 5.0 1.0
-15.8 84.6 5.0 1.0
-15.6 84.6 5.0 1.0
-15.4 84.6 5.0 1.0
-15.2 84.6 5.0 1.0
-15.0 84.6 5.0 1.0
-14.8 84.6 5.0 1.0
-14.6 84.6 5.0 1.0
-14.4 84.6 5.0 1.0
-14.2 84.6 5.0 1.0
-14.0 84.6 5.0 1.0
-13.8 84.6 5.0 1.0
-13.6 84.6 5.0 1.0
-13.4 84.6 5.0 1.0
-13.2 84.6 5.0 1.0
-13.0 84.6 5.0 1.0
-12.8 84.6 5.0 1.0
-12.6 84.6 5.0 1.0
-12.4 84.6 5.0 1.0
-12.2 84.6 5.0 1.0
-12.0 84.6 5.0 1.0
-11.8 84.6 5.0 1.0
-11.6 84.6 5.0 1.0
-11.4 84.6 5.0 1.0
-11.2 84.6 5.0 1.0
-11.0 84.6 5.0 1.0
-10.8 84.6 5.0 1.0
-10.6 84.6 5.0 1.0
-10.4 84.6 5.0 1.0
-10.2 84.6 5.0 1.0
-10.0 84.6 5.0 1.0
-9.8 84.6 5.0 1.0
-9.6 84.6 5.0 1.0
-9.4 84.6 5.0 1.0
-9.2 84.6 5.0 1.0
-9.0 84.6 5.0 1.0
-79.2 84.4 5.0 1.0
-79.0 84.4 5.0 1.0
-78.8 84.4 5.0 1.0
-78.6 84.4 5.0 1.0
-78.4 84.4 5.0 1.0
-78.2 84.4 5.0 1.0
-78.0 84.4 5.0 1.0
-77.8 84.4 5.0 1.0
-77.6 84.4 5.0 1.0
-77.4 84.4 5.0 1.0
-77.2 84.4 5.0 1.0
-77.0 84.4 5.0 1.0
-76.8 84.4 5.0 1.0
-76.6 84.4 5.0 1.0
-76.4 84.4 5.0 1.0
-76.2 84.4 5.0 1.0
-76.0 84.4 5.0 1.0
-75.8 84.4 5.0 1.0
-75.6 84.4 5.0 1.0
-75.4 84.4 5.0 1.0
-75.2 84.4 5.0 1.0
-75.0 84.4 5.0 1.0
-74.8 84.4 5.0 1.0
-74.6 84.4 5.0 1.0
-74.4 84.4 5.0 1.0
-74.2 84.4 5.0 1.0
-74.0 84.4 5.0 1.0
-73.8 84.4 5.0 1.0
-73.6 84.4 5.0 1.0
-73.4 84.4 5.0 1.0
-73.2 84.4 5.0 1.0
-73.0 84.4 5.0 1.0
-72.8 84.4 5.0 1.0
-72.6 84.4 5.0 1.0
-72.4 84.4 5.0 1.0
-72.2 84.4 5.0 1.0
-72.0 84.4 5.0 1.0
-71.8 84.4 5.0 1.0
-71.6 84.4 5.0 1.0
-71.4 84.4 5.0 1.0
-71.2 84.4 5.0 1.0
-71.0 84.4 5.0 1.0
-70.8 84.4 5.0 1.0
-70.6 84.4 5.0 1.0
-70.4 84.4 5.0 1.0
-70.2 84.4 5.0 1.0
-70.0 84.4 5.0 1.0
-69.8 84.4 5.0 1.0
-69.6 84.4 5.0 1.0
-69.4 84.4 5.0 1.0
-69.2 84.4 5.0 1.0
-69.0 84.4 5.0 1.0
-68.8 84.4 5.0 1.0
-68.6 84.4 5.0 1.0
-68.4 84.4 5.0 1.0
-68.2 84.4 5.0 1.0
-68.0 84.4 5.0 1.0
-67.8 84.4 5.0 1.0
-67.6 84.4 5.0 1.0
-67.4 84.4 5.0 1.0
-67.2 84.4 5.0 1.0
-67.0 84.4 5.0 1.0
-66.8 84.4 5.0 1.0
-66.6 84.4 5.0 1.0
-66.4 84.4 5.0 1.0
-66.2 84.4 5.0 1.0
-66.0 84.4 5.0 1.0
-65.8 84.4 5.0 1.0
-65.6 84.4 5.0 1.0
-65.4 84.4 5.0 1.0
-65.2 84.4 5.0 1.0
-65.0 84.4 5.0 1.0
-64.8 84.4 5.0 1.0
-64.6 84.4 5.0 1.0
-64.4 84.4 5.0 1.0
-64.2 84.4 5.0 1.0
-64.0 84.4 5.0 1.0
-63.8 84.4 5.0 1.0
-63.6 84.4 5.0 1.0
-63.4 84.4 5.0 1.0
-63.2 84.4 5.0 1.0
-63.0 84.4 5.0 1.0
-62.8 84.4 5.0 1.0
-62.6 84.4 5.0 1.0
-62.4 84.4 5.0 1.0
-62.2 84.4 5.0 1.0
-62.0 84.4 5.0 1.0
-61.8 84.4 5.0 1.0
-61.6 84.4 5.0 1.0
-61.4 84.4 5.0 1.0
-61.2 84.4 5.0 1.0
-61.0 84.4 5.0 1.0
-60.8 84.4 5.0 1.0
-60.6 84.4 5.0 1.0
-60.4 84.4 5.0 1.0
-60.2 84.4 5.0 1.0
-60.0 84.4 5.0 1.0
-59.8 84.4 5.0 1.0
-59.6 84.4 5.0 1.0
-59.4 84.4 5.0 1.0
-59.2 84.4 5.0 1.0
-59.0 84.4 5.0 1.0
-58.8 84.4 5.0 1.0
-58.6 84.4 5.0 1.0
-58.4 84.4 5.0 1.0
-58.2 84.4 5.0 1.0
-58.0 84.4 5.0 1.0
-57.8 84.4 5.0 1.0
-57.6 84.4 5.0 1.0
-57.4 84.4 5.0 1.0
-57.2 84.4 5.0 1.0
-57.0 84.4 5.0 1.0
-56.8 84.4 5.0 1.0
-56.6 84.4 5.0 1.0
-56.4 84.4 5.0 1.0
-56.2 84.4 5.0 1.0
-56.0 84.4 5.0 1.0
-55.8 84.4 5.0 1.0
-55.6 84.4 5.0 1.0
-55.4 84.4 5.0 1.0
-55.2 84.4 5.0 1.0
-55.0 84.4 5.0 1.0
-54.8 84.4 5.0 1.0
-54.6 84.4 5.0 1.0
-54.4 84.4 5.0 1.0
-54.2 84.4 5.0 1.0
-54.0 84.4 5.0 1.0
-53.8 84.4 5.0 1.0
-53.6 84.4 5.0 1.0
-53.4 84.4 5.0 1.0
-53.2 84.4 5.0 1.0
-53.0 84.4 5.0 1.0
-52.8 84.4 5.0 1.0
-52.6 84.4 5.0 1.0
-52.4 84.4 5.0 1.0
-52.2 84.4 5.0 1.0
-52.0 84.4 5.0 1.0
-51.8 84.4 5.0 1.0
-51.6 84.4 5.0 1.0
-51.4 84.4 5.0 1.0
-51.2 84.4 5.1 1.0
-51.0 84.4 5.1 1.0
-50.8 84.4 5.1 1.0
-50.6 84.4 5.1 1.0
-50.4 84.4 5.1 1.0
-50.2 84.4 5.1 1.0
-50.0 84.4 5.1 1.0
-49.8 84.4 5.1 1.0
-49.6 84.4 5.1 1.0
-49.4 84.4 5.1 1.0
-49.2 84.4 5.1 1.0
-49.0 84.4 5.1 1.0
-48.8 84.4 5.1 1.0
-48.6 84.4 5.1 1.0
-48.4 84.4 5.1 1.0
-48.2 84.4 5.1 1.0
-48.0 84.4 5.1 1.0
-47.8 84.4 5.1 1.0
-47.6 84.4 5.1 1.0
-47.4 84.4 5.1 1.0
-47.2 84.4 5.1 1.0
-47.0 84.4 5.1 1.0
-46.8 84.4 5.0 1.0
-46.6 84.4 5.0 1.0
-46.4 84.4 5.0 1.0
-46.2 84.4 5.0 1.0
-46.0 84.4 5.0 1.0
-45.8 84.4 5.0 1.0
-45.6 84.4 5.0 1.0
-45.4 84.4 5.0 1.0
-45.2 84.4 5.0 1.0
-45.0 84.4 5.0 1.0
-44.8 84.4 5.0 1.0
-44.6 84.4 5.0 1.0
-44.4 84.4 5.0 1.0
-44.2 84.4 5.0 1.0
-44.0 84.4 5.0 1.0
-43.8 84.4 5.0 1.0
-43.6 84.4 5.0 1.0
-43.4 84.4 5.0 1.0
-43.2 84.4 5.0 1.0
-43.0 84.4 5.0 1.0
-42.8 84.4 5.0 1.0
-42.6 84.4 5.0 1.0
-42.4 84.4 5.0 1.0
-42.2 84.4 5.0 1.0
-42.0 84.4 5.0 1.0
-41.8 84.4 5.0 1.0
-41.6 84.4 5.0 1.0
-41.4 84.4 5.0 1.0
-41.2 84.4 5.0 1.0
-41.0 84.4 5.0 1.0
-40.8 84.4 5.0 1.0
-40.6 84.4 5.0 1.0
-40.4 84.4 5.0 1.0
-40.2 84.4 5.0 1.0
-40.0 84.4 5.0 1.0
-39.8 84.4 5.0 1.0
-39.6 84.4 5.0 1.0
-39.4 84.4 5.0 1.0
-39.2 84.4 5.0 1.0
-39.0 84.4 5.0 1.0
-38.8 84.4 5.0 1.0
-38.6 84.4 5.0 1.0
-38.4 84.4 5.0 1.0
-38.2 84.4 5.0 1.0
-38.0 84.4 5.0 1.0
-37.8 84.4 5.0 1.0
-37.6 84.4 5.0 1.0
-37.4 84.4 5.0 1.0
-37.2 84.4 5.0 1.0
-37.0 84.4 5.0 1.0
-36.8 84.4 5.0 1.0
-36.6 84.4 5.0 1.0
-36.4 84.4 5.0 1.0
-36.2 84.4 5.0 1.0
-36.0 84.4 5.0 1.0
-35.8 84.4 5.0 1.0
-35.6 84.4 5.0 1.0
-35.4 84.4 5.0 1.0
-35.2 84.4 5.0 1.0
-35.0 84.4 5.0 1.0
-34.8 84.4 5.0 1.0
-34.6 84.4 5.0 1.0
-34.4 84.4 5.0 1.0
-34.2 84.4 5.0 1.0
-34.0 84.4 5.0 1.0
-33.8 84.4 5.0 1.0
-33.6 84.4 5.0 1.0
-33.4 84.4 5.0 1.0
-33.2 84.4 5.0 1.0
-33.0 84.4 5.0 1.0
-32.8 84.4 5.0 1.0
-32.6 84.4 5.0 1.0
-32.4 84.4 5.0 1.0
-32.2 84.4 5.0 1.0
-32.0 84.4 5.0 1.0
-31.8 84.4 5.0 1.0
-31.6 84.4 5.0 1.0
-31.4 84.4 5.0 1.0
-31.2 84.4 5.0 1.0
-31.0 84.4 5.0 1.0
-30.8 84.4 5.0 1.0
-30.6 84.4 5.0 1.0
-30.4 84.4 5.0 1.0
-30.2 84.4 5.0 1.0
-30.0 84.4 5.0 1.0
-29.8 84.4 5.0 1.0
-29.6 84.4 5.0 1.0
-29.4 84.4 5.0 1.0
-29.2 84.4 5.0 1.0
-29.0 84.4 5.0 1.0
-28.8 84.4 5.0 1.0
-28.6 84.4 5.0 1.0
-28.4 84.4 5.0 1.0
-28.2 84.4 5.0 1.0
-28.0 84.4 5.0 1.0
-27.8 84.4 5.0 1.0
-27.6 84.4 5.0 1.0
-27.4 84.4 5.0 1.0
-27.2 84.4 5.0 1.0
-27.0 84.4 5.0 1.0
-26.8 84.4 5.0 1.0
-26.6 84.4 5.0 1.0
-26.4 84.4 5.0 1.0
-26.2 84.4 5.0 1.0
-26.0 84.4 5.0 1.0
-25.8 84.4 5.0 1.0
-25.6 84.4 5.0 1.0
-25.4 84.4 5.0 1.0
-25.2 84.4 5.0 1.0
-25.0 84.4 5.0 1.0
-24.8 84.4 5.0 1.0
-24.6 84.4 5.0 1.0
-24.4 84.4 5.0 1.0
-24.2 84.4 5.0 1.0
-24.0 84.4 5.0 1.0
-23.8 84.4 5.0 1.0
-23.6 84.4 5.0 1.0
-23.4 84.4 5.0 1.0
-23.2 84.4 5.0 1.0
-23.0 84.4 5.0 1.0
-22.8 84.4 5.0 1.0
-22.6 84.4 5.0 1.0
-22.4 84.4 5.0 1.0
-22.2 84.4 5.0 1.0
-22.0 84.4 5.0 1.0
-21.8 84.4 5.0 1.0
-21.6 84.4 5.0 1.0
-21.4 84.4 5.0 1.0
-21.2 84.4 5.0 1.0
-21.0 84.4 5.0 1.0
-20.8 84.4 5.0 1.0
-20.6 84.4 5.0 1.0
-20.4 84.4 5.0 1.0
-20.2 84.4 5.0 1.0
-20.0 84.4 5.0 1.0
-19.8 84.4 5.0 1.0
-19.6 84.4 5.0 1.0
-19.4 84.4 5.0 1.0
-19.2 84.4 5.0 1.0
-19.0 84.4 5.0 1.0
-18.8 84.4 5.0 1.0
-18.6 84.4 5.0 1.0
-18.4 84.4 5.0 1.0
-18.2 84.4 5.0 1.0
-18.0 84.4 5.0 1.0
-17.8 84.4 5.0 1.0
-17.6 84.4 5.0 1.0
-17.4 84.4 5.0 1.0
-17.2 84.4 5.0 1.0
-17.0 84.4 5.0 1.0
-16.8 84.4 5.0 1.0
-16.6 84.4 5.0 1.0
-16.4 84.4 5.0 1.0
-16.2 84.4 5.0 1.0
-16.0 84.4 5.0 1.0
-15.8 84.4 5.0 1.0
-15.6 84.4 5.0 1.0
-15.4 84.4 5.0 1.0
-15.2 84.4 5.0 1.0
-15.0 84.4 5.0 1.0
-14.8 84.4 5.0 1.0
-14.6 84.4 5.0 1.0
-14.4 84.4 5.0 1.0
-14.2 84.4 5.0 1.0
-14.0 84.4 5.0 1.0
-13.8 84.4 5.0 1.0
-13.6 84.4 5.0 1.0
-13.4 84.4 5.0 1.0
-13.2 84.4 5.0 1.0
-13.0 84.4 5.0 1.0
-12.8 84.4 5.0 1.0
-12.6 84.4 5.0 1.0
-12.4 84.4 5.0 1.0
-12.2 84.4 5.0 1.0
-12.0 84.4 5.0 1.0
-11.8 84.4 5.0 1.0
-11.6 84.4 5.0 1.0
-11.4 84.4 5.0 1.0
-11.2 84.4 5.0 1.0
-11.0 84.4 5.0 1.0
-10.8 84.4 5.0 1.0
-10.6 84.4 5.0 1.0
-10.4 84.4 5.0 1.0
-10.2 84.4 5.0 1.0
-10.0 84.4 5.0 1.0
-9.8 84.4 5.0 1.0
-9.6 84.4 5.0 1.0
-9.4 84.4 5.0 1.0
-9.2 84.4 5.0 1.0
-9.0 84.4 5.0 1.0
-8.8 84.4 5.0 1.0
-8.6 84.4 5.0 1.0
-8.4 84.4 5.0 1.0
-8.2 84.4 5.0 1.0
-8.0 84.4 5.0 1.0
-7.8 84.4 5.0 1.0
-7.6 84.4 5.0 1.0
-7.4 84.4 5.0 1.0
-7.2 84.4 5.0 1.0
-7.0 84.4 5.0 1.0
-6.8 84.4 5.0 1.0
-6.6 84.4 5.0 1.0
-6.4 84.4 5.0 1.0
-6.2 84.4 5.0 1.0
-6.0 84.4 5.0 1.0
-5.8 84.4 5.0 1.0
-81.8 84.2 5.0 1.0
-81.6 84.2 5.0 1.0
-81.4 84.2 5.0 1.0
-81.2 84.2 5.0 1.0
-81.0 84.2 5.0 1.0
-80.8 84.2 5.0 1.0
-80.6 84.2 5.0 1.0
-80.4 84.2 5.0 1.0
-80.2 84.2 5.0 1.0
-80.0 84.2 5.0 1.0
-79.8 84.2 5.0 1.0
-79.6 84.2 5.0 1.0
-79.4 84.2 5.0 1.0
-79.2 84.2 5.0 1.0
-79.0 84.2 5.0 1.0
-78.8 84.2 5.0 1.0
-78.6 84.2 5.0 1.0
-78.4 84.2 5.0 1.0
-78.2 84.2 5.0 1.0
-78.0 84.2 5.0 1.0
-77.8 84.2 5.0 1.0
-77.6 84.2 5.0 1.0
-77.4 84.2 5.0 1.0
-77.2 84.2 5.0 1.0
-77.0 84.2 5.0 1.0
-76.8 84.2 5.0 1.0
-76.6 84.2 5.0 1.0
-76.4 84.2 5.0 1.0
-76.2 84.2 5.0 1.0
-76.0 84.2 5.0 1.0
-75.8 84.2 5.0 1.0
-75.6 84.2 5.0 1.0
-75.4 84.2 5.0 1.0
-75.2 84.2 5.0 1.0
-75.0 84.2 5.0 1.0
-74.8 84.2 5.0 1.0
-74.6 84.2 5.0 1.0
-74.4 84.2 5.0 1.0
-74.2 84.2 5.0 1.0
-74.0 84.2 5.0 1.0
-73.8 84.2 5.0 1.0
-73.6 84.2 5.0 1.0
-73.4 84.2 5.0 1.0
-73.2 84.2 5.0 1.0
-73.0 84.2 5.0 1.0
-72.8 84.2 5.0 1.0
-72.6 84.2 5.0 1.0
-72.4 84.2 5.0 1.0
-72.2 84.2 5.0 1.0
-72.0 84.2 5.0 1.0
-71.8 84.2 5.0 1.0
-71.6 84.2 5.0 1.0
-71.4 84.2 5.0 1.0
-71.2 84.2 5.0 1.0
-71.0 84.2 5.0 1.0
-70.8 84.2 5.0 1.0
-70.6 84.2 5.0 1.0
-70.4 84.2 5.0 1.0
-70.2 84.2 5.0 1.0
-70.0 84.2 5.0 1.0
-69.8 84.2 5.0 1.0
-69.6 84.2 5.0 1.0
-69.4 84.2 5.0 1.0
-69.2 84.2 5.0 1.0
-69.0 84.2 5.0 1.0
-68.8 84.2 5.0 1.0
-68.6 84.2 5.0 1.0
-68.4 84.2 5.0 1.0
-68.2 84.2 5.0 1.0
-68.0 84.2 5.0 1.0
-67.8 84.2 5.0 1.0
-67.6 84.2 5.0 1.0
-67.4 84.2 5.0 1.0
-67.2 84.2 5.0 1.0
-67.0 84.2 5.0 1.0
-66.8 84.2 5.0 1.0
-66.6 84.2 5.0 1.0
-66.4 84.2 5.0 1.0
-66.2 84.2 5.0 1.0
-66.0 84.2 5.0 1.0
-65.8 84.2 5.0 1.0
-65.6 84.2 5.0 1.0
-65.4 84.2 5.0 1.0
-65.2 84.2 5.0 1.0
-65.0 84.2 5.0 1.0
-64.8 84.2 5.0 1.0
-64.6 84.2 5.0 1.0
-64.4 84.2 5.0 1.0
-64.2 84.2 5.0 1.0
-64.0 84.2 5.0 1.0
-63.8 84.2 5.0 1.0
-63.6 84.2 5.0 1.0
-63.4 84.2 5.0 1.0
-63.2 84.2 5.0 1.0
-63.0 84.2 5.0 1.0
-62.8 84.2 5.0 1.0
-62.6 84.2 5.0 1.0
-62.4 84.2 5.0 1.0
-62.2 84.2 5.0 1.0
-62.0 84.2 5.0 1.0
-61.8 84.2 5.0 1.0
-61.6 84.2 5.0 1.0
-61.4 84.2 5.0 1.0
-61.2 84.2 5.0 1.0
-61.0 84.2 5.0 1.0
-60.8 84.2 5.0 1.0
-60.6 84.2 5.0 1.0
-60.4 84.2 5.0 1.0
-60.2 84.2 5.0 1.0
-60.0 84.2 5.0 1.0
-59.8 84.2 5.0 1.0
-59.6 84.2 5.0 1.0
-59.4 84.2 5.0 1.0
-59.2 84.2 5.0 1.0
-59.0 84.2 5.0 1.0
-58.8 84.2 5.0 1.0
-58.6 84.2 5.0 1.0
-58.4 84.2 5.0 1.0
-58.2 84.2 5.0 1.0
-58.0 84.2 5.0 1.0
-57.8 84.2 5.0 1.0
-57.6 84.2 5.0 1.0
-57.4 84.2 5.0 1.0
-57.2 84.2 5.0 1.0
-57.0 84.2 5.0 1.0
-56.8 84.2 5.0 1.0
-56.6 84.2 5.0 1.0
-56.4 84.2 5.0 1.0
-56.2 84.2 5.0 1.0
-56.0 84.2 5.0 1.0
-55.8 84.2 5.0 1.0
-55.6 84.2 5.0 1.0
-55.4 84.2 5.0 1.0
-55.2 84.2 5.0 1.0
-55.0 84.2 5.1 1.0
-54.8 84.2 5.1 1.0
-54.6 84.2 5.1 1.0
-54.4 84.2 5.1 1.0
-54.2 84.2 5.1 1.0
-54.0 84.2 5.2 1.0
-53.8 84.2 5.2 1.0
-53.6 84.2 5.2 1.0
-53.4 84.2 5.2 1.0
-53.2 84.2 5.3 1.0
-53.0 84.2 5.3 1.0
-52.8 84.2 5.3 1.0
-52.6 84.2 5.4 1.0
-52.4 84.2 5.4 1.0
-52.2 84.2 5.4 1.0
-52.0 84.2 5.4 1.0
-51.8 84.2 5.5 1.0
-51.6 84.2 5.5 1.0
-51.4 84.2 5.5 1.0
-51.2 84.2 5.5 1.0
-51.0 84.2 5.5 1.0
-50.8 84.2 5.6 1.0
-50.6 84.2 5.6 1.0
-50.4 84.2 5.6 1.0
-50.2 84.2 5.6 1.0
-50.0 84.2 5.6 1.0
-49.8 84.2 5.6 1.0
-49.6 84.2 5.6 1.0
-49.4 84.2 5.7 1.0
-49.2 84.2 5.7 1.0
-49.0 84.2 5.7 1.0
-48.8 84.2 5.7 1.0
-48.6 84.2 5.7 1.0
-48.4 84.2 5.7 1.0
-48.2 84.2 5.7 1.0
-48.0 84.2 5.7 1.0
-47.8 84.2 5.6 1.0
-47.6 84.2 5.6 1.0
-47.4 84.2 5.6 1.0
-47.2 84.2 5.6 1.0
-47.0 84.2 5.6 1.0
-46.8 84.2 5.6 1.0
-46.6 84.2 5.6 1.0
-46.4 84.2 5.6 1.0
-46.2 84.2 5.6 1.0
-46.0 84.2 5.5 1.0
-45.8 84.2 5.5 1.0
-45.6 84.2 5.5 1.0
-45.4 84.2 5.5 1.0
-45.2 84.2 5.5 1.0
-45.0 84.2 5.5 1.0
-44.8 84.2 5.5 1.0
-44.6 84.2 5.5 1.0
-44.4 84.2 5.5 1.0
-44.2 84.2 5.4 1.0
-44.0 84.2 5.4 1.0
-43.8 84.2 5.4 1.0
-43.6 84.2 5.4 1.0
-43.4 84.2 5.4 1.0
-43.2 84.2 5.4 1.0
-43.0 84.2 5.4 1.0
-42.8 84.2 5.4 1.0
-42.6 84.2 5.4 1.0
-42.4 84.2 5.3 1.0
-42.2 84.2 5.3 1.0
-42.0 84.2 5.3 1.0
-41.8 84.2 5.3 1.0
-41.6 84.2 5.3 1.0
-41.4 84.2 5.3 1.0
-41.2 84.2 5.3 1.0
-41.0 84.2 5.3 1.0
-40.8 84.2 5.3 1.0
-40.6 84.2 5.2 1.0
-40.4 84.2 5.2 1.0
-40.2 84.2 5.2 1.0
-40.0 84.2 5.2 1.0
-39.8 84.2 5.2 1.0
-39.6 84.2 5.2 1.0
-39.4 84.2 5.2 1.0
-39.2 84.2 5.2 1.0
-39.0 84.2 5.2 1.0
-38.8 84.2 5.2 1.0
-38.6 84.2 5.2 1.0
-38.4 84.2 5.1 1.0
-38.2 84.2 5.1 1.0
-38.0 84.2 5.1 1.0
-37.8 84.2 5.1 1.0
-37.6 84.2 5.1 1.0
-37.4 84.2 5.1 1.0
-37.2 84.2 5.1 1.0
-37.0 84.2 5.1 1.0
-36.8 84.2 5.1 1.0
-36.6 84.2 5.1 1.0
-36.4 84.2 5.1 1.0
-36.2 84.2 5.1 1.0
-36.0 84.2 5.1 1.0
-35.8 84.2 5.1 1.1
-35.6 84.2 5.1 1.1
-35.4 84.2 5.1 1.2
-35.2 84.2 5.1 1.2
-35.0 84.2 5.1 1.3
-34.8 84.2 5.1 1.3
-34.6 84.2 5.1 1.4
-34.4 84.2 5.1 1.4
-34.2 84.2 5.1 1.5
-34.0 84.2 5.2 1.5
-33.8 84.2 5.2 1.6
-33.6 84.2 5.2 1.6
-33.4 84.2 5.2 1.7
-33.2 84.2 5.2 1.7
-33.0 84.2 5.2 1.8
-32.8 84.2 5.2 1.8
-32.6 84.2 5.2 1.9
-32.4 84.2 5.2 1.9
-32.2 84.2 5.2 2.0
-32.0 84.2 5.3 2.0
-31.8 84.2 5.3 2.1
-31.6 84.2 5.3 2.1
-31.4 84.2 5.3 2.2
-31.2 84.2 5.3 2.2
-31.0 84.2 5.3 2.2
-30.8 84.2 5.3 2.2
-30.6 84.2 5.3 2.3
-30.4 84.2 5.3 2.3
-30.2 84.2 5.3 2.3
-30.0 84.2 5.3 2.3
-29.8 84.2 5.3 2.3
-29.6 84.2 5.3 2.3
-29.4 84.2 5.3 2.3
-29.2 84.2 5.3 2.3
-29.0 84.2 5.3 2.3
-28.8 84.2 5.3 2.3
-28.6 84.2 5.2 2.3
-28.4 84.2 5.2 2.3
-28.2 84.2 5.2 2.2
-28.0 84.2 5.2 2.2
-27.8 84.2 5.2 2.2
-27.6 84.2 5.2 2.1
-27.4 84.2 5.2 2.1
-27.2 84.2 5.2 2.1
-27.0 84.2 5.1 2.0
-26.8 84.2 5.1 2.0
-26.6 84.2 5.1 1.9
-26.4 84.2 5.1 1.9
-26.2 84.2 5.1 1.8
-26.0 84.2 5.1 1.8
-25.8 84.2 5.0 1.7
-25.6 84.2 5.0 1.7
-25.4 84.2 5.0 1.6
-25.2 84.2 5.0 1.0
-25.0 84.2 5.0 1.0
-24.8 84.2 5.0 1.0
-24.6 84.2 5.0 1.0
-24.4 84.2 5.0 1.0
-24.2 84.2 5.0 1.0
-24.0 84.2 5.0 1.0
-23.8 84.2 5.0 1.0
-23.6 84.2 5.0 1.0
-23.4 84.2 5.0 1.0
-23.2 84.2 5.0 1.0
-23.0 84.2 5.0 1.0
-22.8 84.2 5.0 1.0
-22.6 84.2 5.0 1.0
-22.4 84.2 5.0 1.0
-22.2 84.2 5.0 1.0
-22.0 84.2 5.0 1.0
-21.8 84.2 5.0 1.0
-21.6 84.2 5.0 1.0
-21.4 84.2 5.0 1.0
-21.2 84.2 5.0 1.0
-21.0 84.2 5.0 1.0
-20.8 84.2 5.0 1.0
-20.6 84.2 5.0 1.0
-20.4 84.2 5.0 1.0
-20.2 84.2 5.0 1.0
-20.0 84.2 5.0 1.0
-19.8 84.2 5.0 1.0
-19.6 84.2 5.0 1.0
-19.4 84.2 5.0 1.0
-19.2 84.2 5.0 1.0
-19.0 84.2 5.0 1.0
-18.8 84.2 5.0 1.0
-18.6 84.2 5.0 1.0
-18.4 84.2 5.0 1.0
-18.2 84.2 5.0 1.0
-18.0 84.2 5.0 1.0
-17.8 84.2 5.0 1.0
-17.6 84.2 5.0 1.0
-17.4 84.2 5.0 1.0
-17.2 84.2 5.0 1.0
-17.0 84.2 5.0 1.0
-16.8 84.2 5.0 1.0
-16.6 84.2 5.0 1.0
-16.4 84.2 5.0 1.0
-16.2 84.2 5.0 1.0
-16.0 84.2 5.0 1.0
-15.8 84.2 5.0 1.0
-15.6 84.2 5.0 1.0
-15.4 84.2 5.0 1.0
-15.2 84.2 5.0 1.0
-15.0 84.2 5.0 1.0
-14.8 84.2 5.0 1.0
-14.6 84.2 5.0 1.0
-14.4 84.2 5.0 1.0
-14.2 84.2 5.0 1.0
-14.0 84.2 5.0 1.0
-13.8 84.2 5.0 1.0
-13.6 84.2 5.0 1.0
-13.4 84.2 5.0 1.0
-13.2 84.2 5.0 1.0
-13.0 84.2 5.0 1.0
-12.8 84.2 5.0 1.0
-12.6 84.2 5.0 1.0
-12.4 84.2 5.0 1.0
-12.2 84.2 5.0 1.0
-12.0 84.2 5.0 1.0
-11.8 84.2 5.0 1.0
-11.6 84.2 5.0 1.0
-11.4 84.2 5.0 1.0
-11.2 84.2 5.0 1.0
-11.0 84.2 5.0 1.0
-10.8 84.2 5.0 1.0
-10.6 84.2 5.0 1.0
-10.4 84.2 5.0 1.0
-10.2 84.2 5.0 1.0
-10.0 84.2 5.0 1.0
-9.8 84.2 5.0 1.0
-9.6 84.2 5.0 1.0
-9.4 84.2 5.0 1.0
-9.2 84.2 5.0 1.0
-9.0 84.2 5.0 1.0
-8.8 84.2 5.0 1.0
-8.6 84.2 5.0 1.0
-8.4 84.2 5.0 1.0
-8.2 84.2 5.0 1.0
-8.0 84.2 5.0 1.0
-7.8 84.2 5.0 1.0
-7.6 84.2 5.0 1.0
-7.4 84.2 5.0 1.0
-7.2 84.2 5.0 1.0
-7.0 84.2 5.0 1.0
-6.8 84.2 5.0 1.0
-6.6 84.2 5.0 1.0
-6.4 84.2 5.0 1.0
-6.2 84.2 5.0 1.0
-6.0 84.2 5.0 1.0
-5.8 84.2 5.0 1.0
-5.6 84.2 5.0 1.0
-5.4 84.2 5.0 1.0
-5.2 84.2 5.0 1.0
-5.0 84.2 5.0 1.0
-4.8 84.2 5.0 1.0
-4.6 84.2 5.0 1.0
-4.4 84.2 5.0 1.0
-4.2 84.2 5.0 1.0
-4.0 84.2 5.0 1.0
-3.8 84.2 5.0 1.0
-3.6 84.2 5.0 1.0
-3.4 84.2 5.0 1.0
-3.2 84.2 5.0 1.0
-84.0 84.0 5.0 1.0
-83.8 84.0 5.0 1.0
-83.6 84.0 5.0 1.0
-83.4 84.0 5.0 1.0
-83.2 84.0 5.0 1.0
-83.0 84.0 5.0 1.0
-82.8 84.0 5.0 1.0
-82.6 84.0 5.0 1.0
-82.4 84.0 5.0 1.0
-82.2 84.0 5.0 1.0
-82.0 84.0 5.0 1.0
-81.8 84.0 5.0 1.0
-81.6 84.0 5.0 1.0
-81.4 84.0 5.0 1.0
-81.2 84.0 5.0 1.0
-81.0 84.0 5.0 1.0
-80.8 84.0 5.0 1.0
-80.6 84.0 5.0 1.0
-80.4 84.0 5.0 1.0
-80.2 84.0 5.0 1.0
-80.0 84.0 5.0 1.0
-79.8 84.0 5.0 1.0
-79.6 84.0 5.0 1.0
-79.4 84.0 5.0 1.0
-79.2 84.0 5.0 1.0
-79.0 84.0 5.0 1.0
-78.8 84.0 5.0 1.0
-78.6 84.0 5.0 1.0
-78.4 84.0 5.0 1.0
-78.2 84.0 5.0 1.0
-78.0 84.0 5.0 1.0
-77.8 84.0 5.0 1.0
-77.6 84.0 5.0 1.0
-77.4 84.0 5.0 1.0
-77.2 84.0 5.0 1.0
-77.0 84.0 5.0 1.0
-76.8 84.0 5.0 1.0
-76.6 84.0 5.0 1.0
-76.4 84.0 5.0 1.0
-76.2 84.0 5.0 1.0
-76.0 84.0 5.0 1.0
-75.8 84.0 5.0 1.0
-75.6 84.0 5.0 1.0
-75.4 84.0 5.0 1.0
-75.2 84.0 5.0 1.0
-75.0 84.0 5.0 1.0
-74.8 84.0 5.0 1.0
-74.6 84.0 5.0 1.0
-74.4 84.0 5.0 1.0
-74.2 84.0 5.0 1.0
-74.0 84.0 5.0 1.0
-73.8 84.0 5.0 1.0
-73.6 84.0 5.0 1.0
-73.4 84.0 5.0 1.0
-73.2 84.0 5.0 1.0
-73.0 84.0 5.0 1.0
-72.8 84.0 5.0 1.0
-72.6 84.0 5.0 1.0
-72.4 84.0 5.0 1.0
-72.2 84.0 5.0 1.0
-72.0 84.0 5.0 1.0
-71.8 84.0 5.0 1.0
-71.6 84.0 5.0 1.0
-71.4 84.0 5.0 1.0
-71.2 84.0 5.0 1.0
-71.0 84.0 5.0 1.0
-70.8 84.0 5.0 1.0
-70.6 84.0 5.0 1.0
-70.4 84.0 5.0 1.0
-70.2 84.0 5.0 1.0
-70.0 84.0 5.0 1.0
-69.8 84.0 5.0 1.0
-69.6 84.0 5.0 1.0
-69.4 84.0 5.0 1.0
-69.2 84.0 5.0 1.0
-69.0 84.0 5.0 1.0
-68.8 84.0 5.0 1.0
-68.6 84.0 5.0 1.0
-68.4 84.0 5.0 1.0
-68.2 84.0 5.0 1.0
-68.0 84.0 5.0 1.0
-67.8 84.0 5.0 1.0
-67.6 84.0 5.0 1.0
-67.4 84.0 5.0 1.0
-67.2 84.0 5.0 1.0
-67.0 84.0 5.0 1.0
-66.8 84.0 5.0 1.0
-66.6 84.0 5.0 1.0
-66.4 84.0 5.0 1.0
-66.2 84.0 5.0 1.0
-66.0 84.0 5.0 1.0
-65.8 84.0 5.0 1.0
-65.6 84.0 5.0 1.0
-65.4 84.0 5.0 1.0
-65.2 84.0 5.0 1.0
-65.0 84.0 5.0 1.0
-64.8 84.0 5.0 1.0
-64.6 84.0 5.0 1.0
-64.4 84.0 5.0 1.0
-64.2 84.0 5.0 1.0
-64.0 84.0 5.0 1.0
-63.8 84.0 5.0 1.0
-63.6 84.0 5.0 1.0
-63.4 84.0 5.0 1.0
-63.2 84.0 5.0 1.0
-63.0 84.0 5.0 1.0
-62.8 84.0 5.0 1.0
-62.6 84.0 5.0 1.0
-62.4 84.0 5.0 1.0
-62.2 84.0 5.0 1.0
-62.0 84.0 5.0 1.0
-61.8 84.0 5.0 1.0
-61.6 84.0 5.0 1.0
-61.4 84.0 5.0 1.0
-61.2 84.0 5.0 1.0
-61.0 84.0 5.0 1.0
-60.8 84.0 5.0 1.0
-60.6 84.0 5.0 1.0
-60.4 84.0 5.0 1.0
-60.2 84.0 5.0 1.0
-60.0 84.0 5.0 1.0
-59.8 84.0 5.0 1.0
-59.6 84.0 5.0 1.0
-59.4 84.0 5.1 1.0
-59.2 84.0 5.1 1.0
-59.0 84.0 5.1 1.0
-58.8 84.0 5.1 1.0
-58.6 84.0 5.1 1.0
-58.4 84.0 5.2 1.0
-58.2 84.0 5.2 1.0
-58.0 84.0 5.2 1.0
-57.8 84.0 5.2 1.0
-57.6 84.0 5.2 1.0
-57.4 84.0 5.2 1.0
-57.2 84.0 5.3 1.0
-57.0 84.0 5.3 1.0
-56.8 84.0 5.3 1.0
-56.6 84.0 5.3 1.1
-56.4 84.0 5.4 1.1
-56.2 84.0 5.4 1.1
-56.0 84.0 5.4 1.1
-55.8 84.0 5.4 1.2
-55.6 84.0 5.5 1.2
-55.4 84.0 5.5 1.2
-55.2 84.0 5.5 1.3
-55.0 84.0 5.5 1.3
-54.8 84.0 5.6 1.3
-54.6 84.0 5.6 1.3
-54.4 84.0 5.6 1.4
-54.2 84.0 5.7 1.4
-54.0 84.0 5.7 1.4
-53.8 84.0 5.7 1.4
-53.6 84.0 5.8 1.4
-53.4 84.0 5.8 1.5
-53.2 84.0 5.8 1.5
-53.0 84.0 5.9 1.5
-52.8 84.0 5.9 1.5
-52.6 84.0 5.9 1.5
-52.4 84.0 6.0 1.5
-52.2 84.0 6.0 1.5
-52.0 84.0 6.1 1.5
-51.8 84.0 6.1 1.6
-51.6 84.0 6.1 1.6
-51.4 84.0 6.2 1.6
-51.2 84.0 6.2 1.6
-51.0 84.0 6.2 1.6
-50.8 84.0 6.3 1.6
-50.6 84.0 6.3 1.6
-50.4 84.0 6.3 1.6
-50.2 84.0 6.4 1.6
-50.0 84.0 6.4 1.6
-49.8 84.0 6.4 1.6
-49.6 84.0 6.4 1.6
-49.4 84.0 6.5 1.6
-49.2 84.0 6.5 1.6
-49.0 84.0 6.5 1.6
-48.8 84.0 6.5 1.6
-48.6 84.0 6.5 1.6
-48.4 84.0 6.5 1.6
-48.2 84.0 6.5 1.7
-48.0 84.0 6.5 1.7
-47.8 84.0 6.5 1.7
-47.6 84.0 6.5 1.7
-47.4 84.0 6.5 1.7
-47.2 84.0 6.5 1.7
-47.0 84.0 6.5 1.7
-46.8 84.0 6.5 1.7
-46.6 84.0 6.5 1.7
-46.4 84.0 6.5 1.7
-46.2 84.0 6.5 1.8
-46.0 84.0 6.5 1.8
-45.8 84.0 6.4 1.8
-45.6 84.0 6.4 1.8
-45.4 84.0 6.4 1.8
-45.2 84.0 6.4 1.8
-45.0 84.0 6.4 1.8
-44.8 84.0 6.4 1.8
-44.6 84.0 6.4 1.8
-44.4 84.0 6.4 1.9
-44.2 84.0 6.3 1.9
-44.0 84.0 6.3 1.9
-43.8 84.0 6.3 1.9
-43.6 84.0 6.3 1.9
-43.4 84.0 6.3 1.9
-43.2 84.0 6.3 1.9
-43.0 84.0 6.2 1.9
-42.8 84.0 6.2 1.9
-42.6 84.0 6.2 1.9
-42.4 84.0 6.2 1.8
-42.2 84.0 6.1 1.8
-42.0 84.0 6.1 1.8
-41.8 84.0 6.1 1.8
-41.6 84.0 6.1 1.8
-41.4 84.0 6.0 1.8
-41.2 84.0 6.0 1.7
-41.0 84.0 6.0 1.7
-40.8 84.0 5.9 1.7
-40.6 84.0 5.9 1.6
-40.4 84.0 5.8 1.6
-40.2 84.0 5.8 1.6
-40.0 84.0 5.8 1.6
-39.8 84.0 5.7 1.5
-39.6 84.0 5.7 1.5
-39.4 84.0 5.7 1.5
-39.2 84.0 5.6 1.4
-39.0 84.0 5.6 1.4
-38.8 84.0 5.6 1.4
-38.6 84.0 5.5 1.4
-38.4 84.0 5.5 1.3
-38.2 84.0 5.5 1.3
-38.0 84.0 5.4 1.3
-37.8 84.0 5.4 1.3
-37.6 84.0 5.4 1.3
-37.4 84.0 5.4 1.3
-37.2 84.0 5.4 1.3
-37.0 84.0 5.3 1.3
-36.8 84.0 5.3 1.3
-36.6 84.0 5.3 1.3
-36.4 84.0 5.3 1.4
-36.2 84.0 5.3 1.4
-36.0 84.0 5.3 1.4
-35.8 84.0 5.3 1.5
-35.6 84.0 5.3 1.5
-35.4 84.0 5.3 1.6
-35.2 84.0 5.3 1.6
-35.0 84.0 5.3 1.7
-34.8 84.0 5.3 1.7
-34.6 84.0 5.3 1.8
-34.4 84.0 5.4 1.9
-34.2 84.0 5.4 1.9
-34.0 84.0 5.4 2.0
-33.8 84.0 5.4 2.1
-33.6 84.0 5.5 2.2
-33.4 84.0 5.5 2.2
-33.2 84.0 5.5 2.3
-33.0 84.0 5.5 2.4
-32.8 84.0 5.6 2.4
-32.6 84.0 5.6 2.5
-32.4 84.0 5.6 2.6
-32.2 84.0 5.6 2.6
-32.0 84.0 5.7 2.7
-31.8 84.0 5.7 2.7
-31.6 84.0 5.7 2.8
-31.4 84.0 5.7 2.8
-31.2 84.0 5.8 2.9
-31.0 84.0 5.8 2.9
-30.8 84.0 5.8 2.9
-30.6 84.0 5.8 2.9
-30.4 84.0 5.8 3.0
-30.2 84.0 5.8 3.0
-30.0 84.0 5.8 3.0
-29.8 84.0 5.8 3.0
-29.6 84.0 5.8 3.0
-29.4 84.0 5.8 2.9
-29.2 84.0 5.8 2.9
-29.0 84.0 5.8 2.9
-28.8 84.0 5.7 2.9
-28.6 84.0 5.7 2.8
-28.4 84.0 5.7 2.8
-28.2 84.0 5.7 2.7
-28.0 84.0 5.7 2.7
-27.8 84.0 5.6 2.7
-27.6 84.0 5.6 2.6
-27.4 84.0 5.6 2.5
-27.2 84.0 5.5 2.5
-27.0 84.0 5.5 2.4
-26.8 84.0 5.5 2.4
-26.6 84.0 5.4 2.3
-26.4 84.0 5.4 2.2
-26.2 84.0 5.4 2.2
-26.0 84.0 5.4 2.1
-25.8 84.0 5.3 2.0
-25.6 84.0 5.3 2.0
-25.4 84.0 5.3 1.9
-25.2 84.0 5.2 1.8
-25.0 84.0 5.2 1.7
-24.8 84.0 5.2 1.7
-24.6 84.0 5.2 1.6
-24.4 84.0 5.1 1.5
-24.2 84.0 5.1 1.4
-24.0 84.0 5.1 1.4
-23.8 84.0 5.1 1.3
-23.6 84.0 5.1 1.2
-23.4 84.0 5.0 1.2
-23.2 84.0 5.0 1.1
-23.0 84.0 5.0 1.0
-22.8 84.0 5.0 1.0
-22.6 84.0 5.0 1.0
-22.4 84.0 5.0 1.0
-22.2 84.0 5.0 1.0
-22.0 84.0 5.0 1.0
-21.8 84.0 5.0 1.0
-21.6 84.0 5.0 1.0
-21.4 84.0 5.0 1.0
-21.2 84.0 5.0 1.0
-21.0 84.0 5.0 1.0
-20.8 84.0 5.0 1.0
-20.6 84.0 5.0 1.0
-20.4 84.0 5.0 1.0
-20.2 84.0 5.0 1.0
-20.0 84.0 5.0 1.0
-19.8 84.0 5.0 1.0
-19.6 84.0 5.0 1.0
-19.4 84.0 5.0 1.0
-19.2 84.0 5.0 1.0
-19.0 84.0 5.0 1.0
-18.8 84.0 5.0 1.0
-18.6 84.0 5.0 1.0
-18.4 84.0 5.0 1.0
-18.2 84.0 5.0 1.0
-18.0 84.0 5.0 1.0
-17.8 84.0 5.0 1.0
-17.6 84.0 5.0 1.0
-17.4 84.0 5.0 1.0
-17.2 84.0 5.0 1.0
-17.0 84.0 5.0 1.0
-16.8 84.0 5.0 1.0
-16.6 84.0 5.0 1.0
-16.4 84.0 5.0 1.0
-16.2 84.0 5.0 1.0
-16.0 84.0 5.0 1.0
-15.8 84.0 5.0 1.0
-15.6 84.0 5.0 1.0
-15.4 84.0 5.0 1.0
-15.2 84.0 5.0 1.0
-15.0 84.0 5.0 1.0
-14.8 84.0 5.0 1.0
-14.6 84.0 5.0 1.0
-14.4 84.0 5.0 1.0
-14.2 84.0 5.0 1.0
-14.0 84.0 5.0 1.0
-13.8 84.0 5.0 1.0
-13.6 84.0 5.0 1.0
-13.4 84.0 5.0 1.0
-13.2 84.0 5.0 1.0
-13.0 84.0 5.0 1.0
-12.8 84.0 5.0 1.0
-12.6 84.0 5.0 1.0
-12.4 84.0 5.0 1.0
-12.2 84.0 5.0 1.0
-12.0 84.0 5.0 1.0
-11.8 84.0 5.0 1.0
-11.6 84.0 5.0 1.0
-11.4 84.0 5.0 1.0
-11.2 84.0 5.0 1.0
-11.0 84.0 5.0 1.0
-10.8 84.0 5.0 1.0
-10.6 84.0 5.0 1.0
-10.4 84.0 5.0 1.0
-10.2 84.0 5.0 1.0
-10.0 84.0 5.0 1.0
-9.8 84.0 5.0 1.0
-9.6 84.0 5.0 1.0
-9.4 84.0 5.0 1.0
-9.2 84.0 5.0 1.0
-9.0 84.0 5.0 1.0
-8.8 84.0 5.0 1.0
-8.6 84.0 5.0 1.0
-8.4 84.0 5.0 1.0
-8.2 84.0 5.0 1.0
-8.0 84.0 5.0 1.0
-7.8 84.0 5.0 1.0
-7.6 84.0 5.0 1.0
-7.4 84.0 5.0 1.0
-7.2 84.0 5.0 1.0
-7.0 84.0 5.0 1.0
-6.8 84.0 5.0 1.0
-6.6 84.0 5.0 1.0
-6.4 84.0 5.0 1.0
-6.2 84.0 5.0 1.0
-6.0 84.0 5.0 1.0
-5.8 84.0 5.0 1.0
-5.6 84.0 5.0 1.0
-5.4 84.0 5.0 1.0
-5.2 84.0 5.0 1.0
-5.0 84.0 5.0 1.0
-4.8 84.0 5.0 1.0
-4.6 84.0 5.0 1.0
-4.4 84.0 5.0 1.0
-4.2 84.0 5.0 1.0
-4.0 84.0 5.0 1.0
-3.8 84.0 5.0 1.0
-3.6 84.0 5.0 1.0
-3.4 84.0 5.0 1.0
-3.2 84.0 5.0 1.0
-3.0 84.0 5.0 1.0
-2.8 84.0 5.0 1.0
-2.6 84.0 5.0 1.0
-2.4 84.0 5.0 1.0
-2.2 84.0 5.0 1.0
-2.0 84.0 5.0 1.0
-1.8 84.0 5.0 1.0
-1.6 84.0 5.0 1.0
-1.4 84.0 5.0 1.0
-1.2 84.0 5.0 1.0
-1.0 84.0 5.0 1.0
0.0 83.8 5.0 1.0
0.2 83.8 5.0 1.0
0.4 83.8 5.0 1.0
0.6 83.8 5.0 1.0
0.8 83.8 5.0 1.0
1.0 83.8 5.0 1.0
1.2 83.8 5.0 1.2
-86.2 83.8 7.8 1.0
-86.0 83.8 7.5 1.0
-85.8 83.8 7.3 1.0
-85.6 83.8 6.9 1.0
-85.4 83.8 6.6 1.0
-85.2 83.8 6.3 1.0
-85.0 83.8 5.9 1.0
-84.8 83.8 5.5 1.0
-84.6 83.8 5.2 1.0
-84.4 83.8 5.0 1.0
-84.2 83.8 5.0 1.0
-84.0 83.8 5.0 1.0
-83.8 83.8 5.0 1.0
-83.6 83.8 5.0 1.0
-83.4 83.8 5.0 1.0
-83.2 83.8 5.0 1.0
-83.0 83.8 5.0 1.0
-82.8 83.8 5.0 1.0
-82.6 83.8 5.0 1.0
-82.4 83.8 5.0 1.0
-82.2 83.8 5.0 1.0
-82.0 83.8 5.0 1.0
-81.8 83.8 5.0 1.0
-81.6 83.8 5.0 1.0
-81.4 83.8 5.0 1.0
-81.2 83.8 5.0 1.0
-81.0 83.8 5.0 1.0
-80.8 83.8 5.0 1.0
-80.6 83.8 5.0 1.0
-80.4 83.8 5.0 1.0
-80.2 83.8 5.0 1.0
-80.0 83.8 5.0 1.0
-79.8 83.8 5.0 1.0
-79.6 83.8 5.0 1.0
-79.4 83.8 5.0 1.0
-79.2 83.8 5.0 1.0
-79.0 83.8 5.0 1.0
-78.8 83.8 5.0 1.0
-78.6 83.8 5.0 1.0
-78.4 83.8 5.0 1.0
-78.2 83.8 5.0 1.0
-78.0 83.8 5.0 1.0
-77.8 83.8 5.0 1.0
-77.6 83.8 5.0 1.0
-77.4 83.8 5.0 1.0
-77.2 83.8 5.0 1.0
-77.0 83.8 5.0 1.0
-76.8 83.8 5.0 1.0
-76.6 83.8 5.0 1.0
-76.4 83.8 5.0 1.0
-76.2 83.8 5.0 1.0
-76.0 83.8 5.0 1.0
-75.8 83.8 5.0 1.0
-75.6 83.8 5.0 1.0
-75.4 83.8 5.0 1.0
-75.2 83.8 5.0 1.0
-75.0 83.8 5.0 1.0
-74.8 83.8 5.0 1.0
-74.6 83.8 5.0 1.0
-74.4 83.8 5.0 1.0
-74.2 83.8 5.0 1.0
-74.0 83.8 5.0 1.0
-73.8 83.8 5.0 1.0
-73.6 83.8 5.0 1.0
-73.4 83.8 5.0 1.0
-73.2 83.8 5.0 1.0
-73.0 83.8 5.0 1.0
-72.8 83.8 5.0 1.0
-72.6 83.8 5.0 1.0
-72.4 83.8 5.0 1.0
-72.2 83.8 5.0 1.0
-72.0 83.8 5.0 1.0
-71.8 83.8 5.0 1.0
-71.6 83.8 5.0 1.0
-71.4 83.8 5.0 1.0
-71.2 83.8 5.0 1.0
-71.0 83.8 5.0 1.0
-70.8 83.8 5.0 1.0
-70.6 83.8 5.0 1.0
-70.4 83.8 5.0 1.0
-70.2 83.8 5.1 1.0
-70.0 83.8 5.1 1.0
-69.8 83.8 5.1 1.1
-69.6 83.8 5.2 1.1
-69.4 83.8 5.2 1.2
-69.2 83.8 5.2 1.3
-69.0 83.8 5.3 1.4
-68.8 83.8 5.3 1.4
-68.6 83.8 5.4 1.5
-68.4 83.8 5.4 1.6
-68.2 83.8 5.4 1.6
-68.0 83.8 5.5 1.7
-67.8 83.8 5.5 1.8
-67.6 83.8 5.5 1.8
-67.4 83.8 5.6 1.9
-67.2 83.8 5.6 2.0
-67.0 83.8 5.6 2.0
-66.8 83.8 5.6 2.0
-66.6 83.8 5.7 2.1
-66.4 83.8 5.7 2.1
-66.2 83.8 5.7 2.2
-66.0 83.8 5.7 2.2
-65.8 83.8 5.7 2.2
-65.6 83.8 5.7 2.2
-65.4 83.8 5.7 2.3
-65.2 83.8 5.7 2.3
-65.0 83.8 5.7 2.3
-64.8 83.8 5.7 2.3
-64.6 83.8 5.7 2.2
-64.4 83.8 5.7 2.2
-64.2 83.8 5.7 2.2
-64.0 83.8 5.7 2.2
-63.8 83.8 5.7 2.2
-63.6 83.8 5.7 2.2
-63.4 83.8 5.7 2.1
-63.2 83.8 5.6 2.1
-63.0 83.8 5.6 2.1
-62.8 83.8 5.6 2.1
-62.6 83.8 5.6 2.0
-62.4 83.8 5.6 2.0
-62.2 83.8 5.6 2.0
-62.0 83.8 5.6 1.9
-61.8 83.8 5.5 1.9
-61.6 83.8 5.5 1.9
-61.4 83.8 5.5 1.9
-61.2 83.8 5.5 1.8
-61.0 83.8 5.5 1.8
-60.8 83.8 5.5 1.8
-60.6 83.8 5.5 1.8
-60.4 83.8 5.5 1.8
-60.2 83.8 5.5 1.8
-60.0 83.8 5.5 1.8
-59.8 83.8 5.5 1.8
-59.6 83.8 5.5 1.8
-59.4 83.8 5.5 1.8
-59.2 83.8 5.6 1.8
-59.0 83.8 5.6 1.8
-58.8 83.8 5.6 1.8
-58.6 83.8 5.6 1.8
-58.4 83.8 5.6 1.8
-58.2 83.8 5.7 1.9
-58.0 83.8 5.7 1.9
-57.8 83.8 5.7 1.9
-57.6 83.8 5.7 1.9
-57.4 83.8 5.8 1.9
-57.2 83.8 5.8 2.0
-57.0 83.8 5.8 2.0
-56.8 83.8 5.9 2.0
-56.6 83.8 5.9 2.1
-56.4 83.8 5.9 2.1
-56.2 83.8 6.0 2.1
-56.0 83.8 6.0 2.1
-55.8 83.8 6.0 2.2
-55.6 83.8 6.1 2.2
-55.4 83.8 6.1 2.2
-55.2 83.8 6.2 2.2
-55.0 83.8 6.2 2.3
-54.8 83.8 6.2 2.3
-54.6 83.8 6.3 2.3
-54.4 83.8 6.3 2.3
-54.2 83.8 6.4 2.3
-54.0 83.8 6.4 2.4
-53.8 83.8 6.5 2.4
-53.6 83.8 6.5 2.4
-53.4 83.8 6.6 2.4
-53.2 83.8 6.6 2.4
-53.0 83.8 6.7 2.4
-52.8 83.8 6.7 2.4
-52.6 83.8 6.8 2.5
-52.4 83.8 6.8 2.5
-52.2 83.8 6.9 2.5
-52.0 83.8 6.9 2.5
-51.8 83.8 7.0 2.5
-51.6 83.8 7.0 2.5
-51.4 83.8 7.1 2.5
-51.2 83.8 7.2 2.5
-51.0 83.8 7.2 2.5
-50.8 83.8 7.3 2.5
-50.6 83.8 7.3 2.5
-50.4 83.8 7.4 2.5
-50.2 83.8 7.4 2.5
-50.0 83.8 7.5 2.6
-49.8 83.8 7.5 2.6
-49.6 83.8 7.6 2.6
-49.4 83.8 7.6 2.6
-49.2 83.8 7.6 2.6
-49.0 83.8 7.7 2.6
-48.8 83.8 7.7 2.6
-48.6 83.8 7.7 2.6
-48.4 83.8 7.7 2.6
-48.2 83.8 7.7 2.7
-48.0 83.8 7.8 2.7
-47.8 83.8 7.8 2.7
-47.6 83.8 7.8 2.7
-47.4 83.8 7.8 2.7
-47.2 83.8 7.8 2.7
-47.0 83.8 7.8 2.8
-46.8 83.8 7.8 2.8
-46.6 83.8 7.8 2.8
-46.4 83.8 7.8 2.8
-46.2 83.8 7.8 2.9
-46.0 83.8 7.8 2.9
-45.8 83.8 7.8 2.9
-45.6 83.8 7.8 2.9
-45.4 83.8 7.8 3.0
-45.2 83.8 7.8 3.0
-45.0 83.8 7.8 3.0
-44.8 83.8 7.8 3.0
-44.6 83.8 7.8 3.0
-44.4 83.8 7.8 3.0
-44.2 83.8 7.7 3.1
-44.0 83.8 7.7 3.1
-43.8 83.8 7.7 3.1
-43.6 83.8 7.7 3.1
-43.4 83.8 7.7 3.1
-43.2 83.8 7.7 3.1
-43.0 83.8 7.6 3.1
-42.8 83.8 7.6 3.0
-42.6 83.8 7.5 3.0
-42.4 83.8 7.5 3.0
-42.2 83.8 7.5 3.0
-42.0 83.8 7.4 2.9
-41.8 83.8 7.3 2.9
-41.6 83.8 7.3 2.9
-41.4 83.8 7.2 2.8
-41.2 83.8 7.2 2.8
-41.0 83.8 7.1 2.7
-40.8 83.8 7.0 2.6
-40.6 83.8 6.9 2.6
-40.4 83.8 6.8 2.5
-40.2 83.8 6.8 2.5
-40.0 83.8 6.7 2.4
-39.8 83.8 6.6 2.3
-39.6 83.8 6.5 2.3
-39.4 83.8 6.4 2.2
-39.2 83.8 6.3 2.1
-39.0 83.8 6.3 2.1
-38.8 83.8 6.2 2.0
-38.6 83.8 6.1 1.9
-38.4 83.8 6.0 1.9
-38.2 83.8 6.0 1.8
-38.0 83.8 5.9 1.8
-37.8 83.8 5.8 1.7
-37.6 83.8 5.8 1.7
-37.4 83.8 5.7 1.7
-37.2 83.8 5.7 1.7
-37.0 83.8 5.6 1.7
-36.8 83.8 5.6 1.6
-36.6 83.8 5.6 1.7
-36.4 83.8 5.5 1.7
-36.2 83.8 5.5 1.7
-36.0 83.8 5.5 1.7
-35.8 83.8 5.5 1.7
-35.6 83.8 5.5 1.8
-35.4 83.8 5.5 1.8
-35.2 83.8 5.5 1.9
-35.0 83.8 5.5 2.0
-34.8 83.8 5.5 2.0
-34.6 83.8 5.5 2.1
-34.4 83.8 5.6 2.2
-34.2 83.8 5.6 2.3
-34.0 83.8 5.6 2.3
-33.8 83.8 5.7 2.4
-33.6 83.8 5.7 2.5
-33.4 83.8 5.8 2.6
-33.2 83.8 5.8 2.7
-33.0 83.8 5.8 2.8
-32.8 83.8 5.9 2.9
-32.6 83.8 5.9 2.9
-32.4 83.8 6.0 3.0
-32.2 83.8 6.0 3.1
-32.0 83.8 6.1 3.2
-31.8 83.8 6.1 3.2
-31.6 83.8 6.2 3.3
-31.4 83.8 6.2 3.3
-31.2 83.8 6.2 3.4
-31.0 83.8 6.3 3.4
-30.8 83.8 6.3 3.4
-30.6 83.8 6.3 3.4
-30.4 83.8 6.3 3.4
-30.2 83.8 6.3 3.4
-30.0 83.8 6.4 3.4
-29.8 83.8 6.4 3.4
-29.6 83.8 6.3 3.4
-29.4 83.8 6.3 3.4
-29.2 83.8 6.3 3.3
-29.0 83.8 6.3 3.3
-28.8 83.8 6.3 3.3
-28.6 83.8 6.3 3.2
-28.4 83.8 6.2 3.2
-28.2 83.8 6.2 3.1
-28.0 83.8 6.1 3.0
-27.8 83.8 6.1 3.0
-27.6 83.8 6.1 2.9
-27.4 83.8 6.0 2.8
-27.2 83.8 6.0 2.8
-27.0 83.8 5.9 2.7
-26.8 83.8 5.9 2.6
-26.6 83.8 5.8 2.6
-26.4 83.8 5.8 2.5
-26.2 83.8 5.7 2.4
-26.0 83.8 5.7 2.3
-25.8 83.8 5.7 2.2
-25.6 83.8 5.6 2.2
-25.4 83.8 5.6 2.1
-25.2 83.8 5.5 2.0
-25.0 83.8 5.5 1.9
-24.8 83.8 5.4 1.9
-24.6 83.8 5.4 1.8
-24.4 83.8 5.4 1.7
-24.2 83.8 5.3 1.6
-24.0 83.8 5.3 1.5
-23.8 83.8 5.3 1.5
-23.6 83.8 5.2 1.4
-23.4 83.8 5.2 1.3
-23.2 83.8 5.2 1.2
-23.0 83.8 5.2 1.2
-22.8 83.8 5.1 1.1
-22.6 83.8 5.1 1.0
-22.4 83.8 5.1 1.0
-22.2 83.8 5.1 1.0
-22.0 83.8 5.1 1.0
-21.8 83.8 5.1 1.0
-21.6 83.8 5.0 1.0
-21.4 83.8 5.0 1.0
-21.2 83.8 5.0 1.0
-21.0 83.8 5.0 1.0
-20.8 83.8 5.0 1.0
-20.6 83.8 5.0 1.0
-20.4 83.8 5.0 1.0
-20.2 83.8 5.0 1.0
-20.0 83.8 5.0 1.0
-19.8 83.8 5.0 1.0
-19.6 83.8 5.0 1.0
-19.4 83.8 5.0 1.0
-19.2 83.8 5.0 1.0
-19.0 83.8 5.0 1.0
-18.8 83.8 5.0 1.0
-18.6 83.8 5.0 1.0
-18.4 83.8 5.0 1.0
-18.2 83.8 5.0 1.0
-18.0 83.8 5.0 1.0
-17.8 83.8 5.0 1.0
-17.6 83.8 5.0 1.0
-17.4 83.8 5.0 1.0
-17.2 83.8 5.0 1.0
-17.0 83.8 5.0 1.0
-16.8 83.8 5.0 1.0
-16.6 83.8 5.0 1.0
-16.4 83.8 5.0 1.0
-16.2 83.8 5.0 1.0
-16.0 83.8 5.0 1.0
-15.8 83.8 5.0 1.0
-15.6 83.8 5.0 1.0
-15.4 83.8 5.0 1.0
-15.2 83.8 5.0 1.0
-15.0 83.8 5.0 1.0
-14.8 83.8 5.0 1.0
-14.6 83.8 5.0 1.0
-14.4 83.8 5.0 1.0
-14.2 83.8 5.0 1.0
-14.0 83.8 5.0 1.0
-13.8 83.8 5.0 1.0
-13.6 83.8 5.0 1.0
-13.4 83.8 5.0 1.0
-13.2 83.8 5.0 1.0
-13.0 83.8 5.0 1.0
-12.8 83.8 5.0 1.0
-12.6 83.8 5.0 1.0
-12.4 83.8 5.0 1.0
-12.2 83.8 5.0 1.0
-12.0 83.8 5.0 1.0
-11.8 83.8 5.0 1.0
-11.6 83.8 5.0 1.0
-11.4 83.8 5.0 1.0
-11.2 83.8 5.0 1.0
-11.0 83.8 5.0 1.0
-10.8 83.8 5.0 1.0
-10.6 83.8 5.0 1.0
-10.4 83.8 5.0 1.0
-10.2 83.8 5.0 1.0
-10.0 83.8 5.0 1.0
-9.8 83.8 5.0 1.0
-9.6 83.8 5.0 1.0
-9.4 83.8 5.0 1.0
-9.2 83.8 5.0 1.0
-9.0 83.8 5.0 1.0
-8.8 83.8 5.0 1.0
-8.6 83.8 5.0 1.0
-8.4 83.8 5.0 1.0
-8.2 83.8 5.0 1.0
-8.0 83.8 5.0 1.0
-7.8 83.8 5.0 1.0
-7.6 83.8 5.0 1.0
-7.4 83.8 5.0 1.0
-7.2 83.8 5.0 1.0
-7.0 83.8 5.0 1.0
-6.8 83.8 5.0 1.0
-6.6 83.8 5.0 1.0
-6.4 83.8 5.0 1.0
-6.2 83.8 5.0 1.0
-6.0 83.8 5.0 1.0
-5.8 83.8 5.0 1.0
-5.6 83.8 5.0 1.0
-5.4 83.8 5.0 1.0
-5.2 83.8 5.0 1.0
-5.0 83.8 5.0 1.0
-4.8 83.8 5.0 1.0
-4.6 83.8 5.0 1.0
-4.4 83.8 5.0 1.0
-4.2 83.8 5.0 1.0
-4.0 83.8 5.0 1.0
-3.8 83.8 5.0 1.0
-3.6 83.8 5.0 1.0
-3.4 83.8 5.0 1.0
-3.2 83.8 5.0 1.0
-3.0 83.8 5.0 1.0
-2.8 83.8 5.0 1.0
-2.6 83.8 5.0 1.0
-2.4 83.8 5.0 1.0
-2.2 83.8 5.0 1.0
-2.0 83.8 5.0 1.0
-1.8 83.8 5.0 1.0
-1.6 83.8 5.0 1.0
-1.4 83.8 5.0 1.0
-1.2 83.8 5.0 1.0
-1.0 83.8 5.0 1.0
-0.8 83.8 5.0 1.0
-0.6 83.8 5.0 1.0
-0.4 83.8 5.0 1.0
-0.2 83.8 5.0 1.0
0.0 83.8 5.0 1.0
0.0 83.6 5.0 1.0
0.2 83.6 5.0 1.0
0.4 83.6 5.0 1.0
0.6 83.6 5.0 1.0
0.8 83.6 5.0 1.0
1.0 83.6 5.0 1.0
1.2 83.6 5.0 1.2
1.4 83.6 5.0 1.4
1.6 83.6 5.0 1.6
1.8 83.6 5.0 1.8
2.0 83.6 5.0 2.0
2.2 83.6 5.0 2.2
2.4 83.6 5.0 2.4
2.6 83.6 5.0 2.6
2.8 83.6 5.0 2.8
3.0 83.6 5.0 3.0
-88.0 83.6 10.3 1.0
-87.8 83.6 10.5 1.0
-87.6 83.6 10.7 1.0
-87.4 83.6 10.9 1.0
-87.2 83.6 11.0 1.0
-87.0 83.6 11.0 1.0
-86.8 83.6 11.0 1.0
-86.6 83.6 11.0 1.0
-86.4 83.6 10.9 1.0
-86.2 83.6 10.7 1.0
-86.0 83.6 10.5 1.0
-85.8 83.6 10.3 1.0
-85.6 83.6 10.0 1.1
-85.4 83.6 9.7 1.1
-85.2 83.6 9.4 1.1
-85.0 83.6 9.1 1.1
-84.8 83.6 8.7 1.2
-84.6 83.6 8.3 1.2
-84.4 83.6 8.0 1.1
-84.2 83.6 7.6 1.1
-84.0 83.6 7.3 1.1
-83.8 83.6 6.9 1.1
-83.6 83.6 6.6 1.0
-83.4 83.6 6.3 1.0
-83.2 83.6 6.0 1.0
-83.0 83.6 5.7 1.0
-82.8 83.6 5.5 1.0
-82.6 83.6 5.3 1.0
-82.4 83.6 5.1 1.0
-82.2 83.6 5.0 1.0
-82.0 83.6 5.0 1.0
-81.8 83.6 5.0 1.0
-81.6 83.6 5.0 1.0
-81.4 83.6 5.0 1.0
-81.2 83.6 5.0 1.0
-81.0 83.6 5.0 1.0
-80.8 83.6 5.0 1.0
-80.6 83.6 5.0 1.0
-80.4 83.6 5.0 1.0
-80.2 83.6 5.0 1.0
-80.0 83.6 5.0 1.0
-79.8 83.6 5.0 1.0
-79.6 83.6 5.0 1.0
-79.4 83.6 5.0 1.0
-79.2 83.6 5.0 1.0
-79.0 83.6 5.0 1.0
-78.8 83.6 5.0 1.0
-78.6 83.6 5.0 1.0
-78.4 83.6 5.0 1.0
-78.2 83.6 5.0 1.0
-78.0 83.6 5.0 1.0
-77.8 83.6 5.0 1.0
-77.6 83.6 5.0 1.0
-77.4 83.6 5.0 1.0
-77.2 83.6 5.0 1.0
-77.0 83.6 5.0 1.0
-76.8 83.6 5.0 1.0
-76.6 83.6 5.1 1.0
-76.4 83.6 5.1 1.0
-76.2 83.6 5.1 1.0
-76.0 83.6 5.2 1.0
-75.8 83.6 5.2 1.0
-75.6 83.6 5.2 1.0
-75.4 83.6 5.2 1.0
-75.2 83.6 5.3 1.0
-75.0 83.6 5.3 1.0
-74.8 83.6 5.3 1.0
-74.6 83.6 5.3 1.1
-74.4 83.6 5.3 1.2
-74.2 83.6 5.3 1.2
-74.0 83.6 5.4 1.3
-73.8 83.6 5.4 1.4
-73.6 83.6 5.4 1.4
-73.4 83.6 5.4 1.5
-73.2 83.6 5.5 1.6
-73.0 83.6 5.5 1.7
-72.8 83.6 5.5 1.8
-72.6 83.6 5.6 1.9
-72.4 83.6 5.6 2.0
-72.2 83.6 5.7 2.1
-72.0 83.6 5.8 2.2
-71.8 83.6 5.8 2.3
-71.6 83.6 5.9 2.4
-71.4 83.6 6.0 2.5
-71.2 83.6 6.1 2.7
-71.0 83.6 6.1 2.8
-70.8 83.6 6.2 2.9
-70.6 83.6 6.3 3.1
-70.4 83.6 6.5 3.2
-70.2 83.6 6.6 3.3
-70.0 83.6 6.7 3.5
-69.8 83.6 6.8 3.6
-69.6 83.6 6.9 3.8
-69.4 83.6 7.0 3.9
-69.2 83.6 7.2 4.1
-69.0 83.6 7.3 4.2
-68.8 83.6 7.4 4.3
-68.6 83.6 7.5 4.5
-68.4 83.6 7.6 4.6
-68.2 83.6 7.8 4.7
-68.0 83.6 7.9 4.9
-67.8 83.6 8.0 5.0
-67.6 83.6 8.1 5.1
-67.4 83.6 8.2 5.2
-67.2 83.6 8.3 5.3
-67.0 83.6 8.3 5.4
-66.8 83.6 8.4 5.5
-66.6 83.6 8.5 5.6
-66.4 83.6 8.5 5.6
-66.2 83.6 8.6 5.7
-66.0 83.6 8.6 5.7
-65.8 83.6 8.6 5.8
-65.6 83.6 8.6 5.8
-65.4 83.6 8.6 5.8
-65.2 83.6 8.6 5.8
-65.0 83.6 8.6 5.8
-64.8 83.6 8.6 5.7
-64.6 83.6 8.6 5.7
-64.4 83.6 8.5 5.7
-64.2 83.6 8.5 5.6
-64.0 83.6 8.4 5.6
-63.8 83.6 8.3 5.5
-63.6 83.6 8.3 5.4
-63.4 83.6 8.2 5.3
-63.2 83.6 8.1 5.2
-63.0 83.6 8.0 5.2
-62.8 83.6 7.9 5.1
-62.6 83.6 7.8 5.0
-62.4 83.6 7.7 4.9
-62.2 83.6 7.7 4.8
-62.0 83.6 7.6 4.6
-61.8 83.6 7.5 4.5
-61.6 83.6 7.4 4.4
-61.4 83.6 7.3 4.3
-61.2 83.6 7.2 4.2
-61.0 83.6 7.1 4.1
-60.8 83.6 7.0 4.0
-60.6 83.6 6.9 3.9
-60.4 83.6 6.9 3.9
-60.2 83.6 6.8 3.8
-60.0 83.6 6.7 3.7
-59.8 83.6 6.7 3.6
-59.6 83.6 6.6 3.6
-59.4 83.6 6.6 3.5
-59.2 83.6 6.5 3.4
-59.0 83.6 6.5 3.4
-58.8 83.6 6.5 3.3
-58.6 83.6 6.5 3.3
-58.4 83.6 6.5 3.3
-58.2 83.6 6.5 3.2
-58.0 83.6 6.5 3.2
-57.8 83.6 6.5 3.2
-57.6 83.6 6.5 3.2
-57.4 83.6 6.5 3.2
-57.2 83.6 6.5 3.2
-57.0 83.6 6.5 3.2
-56.8 83.6 6.6 3.2
-56.6 83.6 6.6 3.2
-56.4 83.6 6.6 3.2
-56.2 83.6 6.7 3.2
-56.0 83.6 6.7 3.2
-55.8 83.6 6.8 3.2
-55.6 83.6 6.8 3.2
-55.4 83.6 6.9 3.3
-55.2 83.6 6.9 3.3
-55.0 83.6 7.0 3.3
-54.8 83.6 7.0 3.3
-54.6 83.6 7.1 3.3
-54.4 83.6 7.2 3.3
-54.2 83.6 7.2 3.3
-54.0 83.6 7.3 3.4
-53.8 83.6 7.4 3.4
-53.6 83.6 7.4 3.4
-53.4 83.6 7.5 3.4
-53.2 83.6 7.6 3.4
-53.0 83.6 7.6 3.4
-52.8 83.6 7.7 3.4
-52.6 83.6 7.8 3.4
-52.4 83.6 7.8 3.4
-52.2 83.6 7.9 3.4
-52.0 83.6 8.0 3.5
-51.8 83.6 8.1 3.5
-51.6 83.6 8.2 3.5
-51.4 83.6 8.2 3.5
-51.2 83.6 8.3 3.5
-51.0 83.6 8.4 3.5
-50.8 83.6 8.5 3.5
-50.6 83.6 8.5 3.5
-50.4 83.6 8.6 3.5
-50.2 83.6 8.7 3.5
-50.0 83.6 8.7 3.5
-49.8 83.6 8.8 3.6
-49.6 83.6 8.9 3.6
-49.4 83.6 8.9 3.6
-49.2 83.6 9.0 3.6
-49.0 83.6 9.0 3.6
-48.8 83.6 9.1 3.6
-48.6 83.6 9.1 3.7
-48.4 83.6 9.2 3.7
-48.2 83.6 9.2 3.7
-48.0 83.6 9.2 3.8
-47.8 83.6 9.3 3.8
-47.6 83.6 9.3 3.8
-47.4 83.6 9.3 3.9
-47.2 83.6 9.4 3.9
-47.0 83.6 9.4 3.9
-46.8 83.6 9.4 4.0
-46.6 83.6 9.4 4.0
-46.4 83.6 9.4 4.1
-46.2 83.6 9.5 4.1
-46.0 83.6 9.5 4.1
-45.8 83.6 9.5 4.2
-45.6 83.6 9.5 4.2
-45.4 83.6 9.5 4.3
-45.2 83.6 9.5 4.3
-45.0 83.6 9.6 4.3
-44.8 83.6 9.6 4.4
-44.6 83.6 9.6 4.4
-44.4 83.6 9.6 4.4
-44.2 83.6 9.6 4.4
-44.0 83.6 9.6 4.4
-43.8 83.6 9.6 4.5
-43.6 83.6 9.5 4.5
-43.4 83.6 9.5 4.5
-43.2 83.6 9.5 4.4
-43.0 83.6 9.5 4.4
-42.8 83.6 9.4 4.4
-42.6 83.6 9.4 4.4
-42.4 83.6 9.3 4.3
-42.2 83.6 9.2 4.3
-42.0 83.6 9.2 4.2
-41.8 83.6 9.1 4.2
-41.6 83.6 9.0 4.1
-41.4 83.6 8.9 4.0
-41.2 83.6 8.7 4.0
-41.0 83.6 8.6 3.9
-40.8 83.6 8.5 3.8
-40.6 83.6 8.4 3.7
-40.4 83.6 8.2 3.6
-40.2 83.6 8.1 3.5
-40.0 83.6 7.9 3.4
-39.8 83.6 7.8 3.3
-39.6 83.6 7.6 3.1
-39.4 83.6 7.5 3.0
-39.2 83.6 7.3 2.9
-39.0 83.6 7.2 2.8
-38.8 83.6 7.0 2.7
-38.6 83.6 6.9 2.6
-38.4 83.6 6.8 2.5
-38.2 83.6 6.6 2.4
-38.0 83.6 6.5 2.3
-37.8 83.6 6.4 2.2
-37.6 83.6 6.3 2.1
-37.4 83.6 6.2 2.1
-37.2 83.6 6.1 2.0
-37.0 83.6 6.0 2.0
-36.8 83.6 5.9 1.9
-36.6 83.6 5.8 1.9
-36.4 83.6 5.8 1.9
-36.2 83.6 5.7 1.9
-36.0 83.6 5.7 1.9
-35.8 83.6 5.6 1.9
-35.6 83.6 5.6 1.9
-35.4 83.6 5.6 2.0
-35.2 83.6 5.6 2.0
-35.0 83.6 5.6 2.1
-34.8 83.6 5.6 2.2
-34.6 83.6 5.7 2.2
-34.4 83.6 5.7 2.3
-34.2 83.6 5.7 2.4
-34.0 83.6 5.8 2.5
-33.8 83.6 5.8 2.6
-33.6 83.6 5.9 2.7
-33.4 83.6 5.9 2.8
-33.2 83.6 6.0 2.9
-33.0 83.6 6.1 3.0
-32.8 83.6 6.1 3.1
-32.6 83.6 6.2 3.1
-32.4 83.6 6.3 3.2
-32.2 83.6 6.3 3.3
-32.0 83.6 6.4 3.4
-31.8 83.6 6.5 3.5
-31.6 83.6 6.5 3.5
-31.4 83.6 6.6 3.6
-31.2 83.6 6.6 3.6
-31.0 83.6 6.7 3.6
-30.8 83.6 6.7 3.7
-30.6 83.6 6.7 3.7
-30.4 83.6 6.8 3.7
-30.2 83.6 6.8 3.7
-30.0 83.6 6.8 3.7
-29.8 83.6 6.8 3.7
-29.6 83.6 6.8 3.6
-29.4 83.6 6.8 3.6
-29.2 83.6 6.8 3.6
-29.0 83.6 6.8 3.5
-28.8 83.6 6.8 3.5
-28.6 83.6 6.7 3.4
-28.4 83.6 6.7 3.4
-28.2 83.6 6.7 3.3
-28.0 83.6 6.6 3.3
-27.8 83.6 6.6 3.2
-27.6 83.6 6.5 3.1
-27.4 83.6 6.5 3.0
-27.2 83.6 6.4 3.0
-27.0 83.6 6.4 2.9
-26.8 83.6 6.3 2.8
-26.6 83.6 6.2 2.7
-26.4 83.6 6.2 2.7
-26.2 83.6 6.1 2.6
-26.0 83.6 6.1 2.5
-25.8 83.6 6.0 2.4
-25.6 83.6 6.0 2.4
-25.4 83.6 5.9 2.3
-25.2 83.6 5.9 2.2
-25.0 83.6 5.8 2.1
-24.8 83.6 5.8 2.1
-24.6 83.6 5.7 2.0
-24.4 83.6 5.7 1.9
-24.2 83.6 5.7 1.9
-24.0 83.6 5.6 1.8
-23.8 83.6 5.6 1.7
-23.6 83.6 5.5 1.6
-23.4 83.6 5.5 1.6
-23.2 83.6 5.5 1.5
-23.0 83.6 5.4 1.4
-22.8 83.6 5.4 1.4
-22.6 83.6 5.4 1.3
-22.4 83.6 5.3 1.2
-22.2 83.6 5.3 1.2
-22.0 83.6 5.3 1.1
-21.8 83.6 5.3 1.1
-21.6 83.6 5.2 1.0
-21.4 83.6 5.2 1.0
-21.2 83.6 5.2 1.0
-21.0 83.6 5.2 1.0
-20.8 83.6 5.2 1.0
-20.6 83.6 5.2 1.0
-20.4 83.6 5.1 1.0
-20.2 83.6 5.1 1.0
-20.0 83.6 5.1 1.0
-19.8 83.6 5.1 1.0
-19.6 83.6 5.1 1.0
-19.4 83.6 5.1 1.0
-19.2 83.6 5.1 1.0
-19.0 83.6 5.1 1.0
-18.8 83.6 5.1 1.0
-18.6 83.6 5.1 1.0
-18.4 83.6 5.1 1.0
-18.2 83.6 5.0 1.0
-18.0 83.6 5.0 1.0
-17.8 83.6 5.0 1.0
-17.6 83.6 5.0 1.0
-17.4 83.6 5.0 1.0
-17.2 83.6 5.0 1.0
-17.0 83.6 5.0 1.0
-16.8 83.6 5.0 1.0
-16.6 83.6 5.0 1.0
-16.4 83.6 5.0 1.0
-16.2 83.6 5.0 1.0
-16.0 83.6 5.0 1.0
-15.8 83.6 5.0 1.0
-15.6 83.6 5.0 1.0
-15.4 83.6 5.0 1.0
-15.2 83.6 5.0 1.0
-15.0 83.6 5.0 1.0
-14.8 83.6 5.0 1.0
-14.6 83.6 5.0 1.0
-14.4 83.6 5.0 1.0
-14.2 83.6 5.0 1.0
-14.0 83.6 5.0 1.0
-13.8 83.6 5.0 1.0
-13.6 83.6 5.0 1.0
-13.4 83.6 5.0 1.0
-13.2 83.6 5.0 1.0
-13.0 83.6 5.0 1.0
-12.8 83.6 5.0 1.0
-12.6 83.6 5.0 1.0
-12.4 83.6 5.0 1.0
-12.2 83.6 5.0 1.0
-12.0 83.6 5.0 1.0
-11.8 83.6 5.0 1.0
-11.6 83.6 5.0 1.0
-11.4 83.6 5.0 1.0
-11.2 83.6 5.0 1.0
-11.0 83.6 5.0 1.0
-10.8 83.6 5.0 1.0
-10.6 83.6 5.0 1.0
-10.4 83.6 5.0 1.0
-10.2 83.6 5.0 1.0
-10.0 83.6 5.0 1.0
-9.8 83.6 5.0 1.0
-9.6 83.6 5.0 1.0
-9.4 83.6 5.0 1.0
-9.2 83.6 5.0 1.0
-9.0 83.6 5.0 1.0
-8.8 83.6 5.0 1.0
-8.6 83.6 5.0 1.0
-8.4 83.6 5.0 1.0
-8.2 83.6 5.0 1.0
-8.0 83.6 5.0 1.0
-7.8 83.6 5.0 1.0
-7.6 83.6 5.0 1.0
-7.4 83.6 5.0 1.0
-7.2 83.6 5.0 1.0
-7.0 83.6 5.0 1.0
-6.8 83.6 5.0 1.0
-6.6 83.6 5.0 1.0
-6.4 83.6 5.0 1.0
-6.2 83.6 5.0 1.0
-6.0 83.6 5.0 1.0
-5.8 83.6 5.0 1.0
-5.6 83.6 5.0 1.0
-5.4 83.6 5.0 1.0
-5.2 83.6 5.0 1.0
-5.0 83.6 5.0 1.0
-4.8 83.6 5.0 1.0
-4.6 83.6 5.0 1.0
-4.4 83.6 5.0 1.0
-4.2 83.6 5.0 1.0
-4.0 83.6 5.0 1.0
-3.8 83.6 5.0 1.0
-3.6 83.6 5.0 1.0
-3.4 83.6 5.0 1.0
-3.2 83.6 5.0 1.0
-3.0 83.6 5.0 1.0
-2.8 83.6 5.0 1.0
-2.6 83.6 5.0 1.0
-2.4 83.6 5.0 1.0
-2.2 83.6 5.0 1.0
-2.0 83.6 5.0 1.0
-1.8 83.6 5.0 1.0
-1.6 83.6 5.0 1.0
-1.4 83.6 5.0 1.0
-1.2 83.6 5.0 1.0
-1.0 83.6 5.0 1.0
-0.8 83.6 5.0 1.0
-0.6 83.6 5.0 1.0
-0.4 83.6 5.0 1.0
-0.2 83.6 5.0 1.0
0.0 83.6 5.0 1.0
0.0 83.4 5.0 1.0
0.2 83.4 5.0 1.0
0.4 83.4 5.0 1.0
0.6 83.4 5.0 1.0
0.8 83.4 5.0 1.0
1.0 83.4 5.0 1.0
1.2 83.4 5.0 1.2
1.4 83.4 5.0 1.4
1.6 83.4 5.0 1.6
1.8 83.4 5.0 1.8
2.0 83.4 5.0 2.0
2.2 83.4 5.0 2.2
2.4 83.4 5.0 2.4
2.6 83.4 5.0 2.6
2.8 83.4 5.0 2.8
3.0 83.4 5.0 3.0
3.2 83.4 5.0 3.2
3.4 83.4 5.0 3.4
3.6 83.4 5.0 3.6
3.8 83.4 5.0 3.8
4.0 83.4 5.0 4.0
4.2 83.4 5.0 4.2
4.4 83.4 5.0 4.4
4.6 83.4 5.0 4.6
4.8 83.4 5.0 4.8
-89.8 83.4 7.9 1.0
-89.6 83.4 8.5 1.0
-89.4 83.4 9.1 1.0
-89.2 83.4 9.6 1.0
-89.0 83.4 10.2 1.0
-88.8 83.4 10.8 1.0
-88.6 83.4 11.3 1.0
-88.4 83.4 11.8 1.0
-88.2 83.4 12.2 1.0
-88.0 83.4 12.6 1.0
-87.8 83.4 13.0 1.0
-87.6 83.4 13.3 1.1
-87.4 83.4 13.6 1.2
-87.2 83.4 13.8 1.4
-87.0 83.4 13.9 1.5
-86.8 83.4 14.0 1.6
-86.6 83.4 14.0 1.7
-86.4 83.4 14.0 1.8
-86.2 83.4 13.9 1.9
-86.0 83.4 13.8 1.9
-85.8 83.4 13.6 2.0
-85.6 83.4 13.4 2.1
-85.4 83.4 13.2 2.1
-85.2 83.4 12.9 2.2
-85.0 83.4 12.6 2.2
-84.8 83.4 12.3 2.2
-84.6 83.4 12.0 2.2
-84.4 83.4 11.6 2.2
-84.2 83.4 11.3 2.2
-84.0 83.4 11.0 2.2
-83.8 83.4 10.6 2.2
-83.6 83.4 10.3 2.2
-83.4 83.4 9.9 2.2
-83.2 83.4 9.6 2.1
-83.0 83.4 9.3 2.1
-82.8 83.4 9.0 2.1
-82.6 83.4 8.8 2.0
-82.4 83.4 8.5 2.0
-82.2 83.4 8.3 1.9
-82.0 83.4 8.1 1.9
-81.8 83.4 7.9 1.9
-81.6 83.4 7.7 1.8
-81.4 83.4 7.5 1.8
-81.2 83.4 7.3 1.8
-81.0 83.4 7.2 1.7
-80.8 83.4 7.1 1.7
-80.6 83.4 7.0 1.7
-80.4 83.4 6.9 1.6
-80.2 83.4 6.8 1.6
-80.0 83.4 6.7 1.6
-79.8 83.4 6.6 1.6
-79.6 83.4 6.6 1.6
-79.4 83.4 6.5 1.6
-79.2 83.4 6.5 1.6
-79.0 83.4 6.4 1.6
-78.8 83.4 6.4 1.6
-78.6 83.4 6.4 1.6
-78.4 83.4 6.3 1.6
-78.2 83.4 6.3 1.6
-78.0 83.4 6.3 1.6
-77.8 83.4 6.3 1.7
-77.6 83.4 6.3 1.7
-77.4 83.4 6.3 1.7
-77.2 83.4 6.3 1.8
-77.0 83.4 6.3 1.8
-76.8 83.4 6.2 1.9
-76.6 83.4 6.2 1.9
-76.4 83.4 6.2 2.0
-76.2 83.4 6.2 2.0
-76.0 83.4 6.2 2.1
-75.8 83.4 6.2 2.2
-75.6 83.4 6.2 2.3
-75.4 83.4 6.3 2.4
-75.2 83.4 6.3 2.5
-75.0 83.4 6.3 2.6
-74.8 83.4 6.3 2.7
-74.6 83.4 6.4 2.8
-74.4 83.4 6.4 3.0
-74.2 83.4 6.4 3.1
-74.0 83.4 6.5 3.3
-73.8 83.4 6.6 3.4
-73.6 83.4 6.6 3.6
-73.4 83.4 6.7 3.7
-73.2 83.4 6.8 3.9
-73.0 83.4 6.9 4.1
-72.8 83.4 7.1 4.3
-72.6 83.4 7.2 4.5
-72.4 83.4 7.3 4.7
-72.2 83.4 7.5 4.9
-72.0 83.4 7.7 5.1
-71.8 83.4 7.9 5.4
-71.6 83.4 8.1 5.6
-71.4 83.4 8.3 5.8
-71.2 83.4 8.5 6.1
-71.0 83.4 8.8 6.3
-70.8 83.4 9.0 6.5
-70.6 83.4 9.3 6.8
-70.4 83.4 9.5 7.0
-70.2 83.4 9.8 7.3
-70.0 83.4 10.1 7.5
-69.8 83.4 10.4 7.8
-69.6 83.4 10.7 8.0
-69.4 83.4 11.0 8.3
-69.2 83.4 11.3 8.5
-69.0 83.4 11.6 8.8
-68.8 83.4 11.9 9.0
-68.6 83.4 12.2 9.2
-68.4 83.4 12.4 9.5
-68.2 83.4 12.7 9.7
-68.0 83.4 13.0 9.9
-67.8 83.4 13.2 10.1
-67.6 83.4 13.5 10.3
-67.4 83.4 13.7 10.4
-67.2 83.4 13.9 10.6
-67.0 83.4 14.1 10.7
-66.8 83.4 14.2 10.9
-66.6 83.4 14.4 11.0
-66.4 83.4 14.5 11.1
-66.2 83.4 14.6 11.2
-66.0 83.4 14.7 11.2
-65.8 83.4 14.7 11.3
-65.6 83.4 14.7 11.3
-65.4 83.4 14.7 11.3
-65.2 83.4 14.7 11.3
-65.0 83.4 14.7 11.3
-64.8 83.4 14.6 11.2
-64.6 83.4 14.5 11.1
-64.4 83.4 14.4 11.0
-64.2 83.4 14.3 10.9
-64.0 83.4 14.1 10.8
-63.8 83.4 13.9 10.7
-63.6 83.4 13.8 10.6
-63.4 83.4 13.6 10.4
-63.2 83.4 13.3 10.2
-63.0 83.4 13.1 10.0
-62.8 83.4 12.9 9.8
-62.6 83.4 12.6 9.6
-62.4 83.4 12.4 9.4
-62.2 83.4 12.1 9.2
-62.0 83.4 11.9 9.0
-61.8 83.4 11.6 8.8
-61.6 83.4 11.3 8.5
-61.4 83.4 11.0 8.3
-61.2 83.4 10.8 8.0
-61.0 83.4 10.5 7.8
-60.8 83.4 10.2 7.6
-60.6 83.4 10.0 7.3
-60.4 83.4 9.7 7.1
-60.2 83.4 9.5 6.9
-60.0 83.4 9.3 6.6
-59.8 83.4 9.1 6.4
-59.6 83.4 8.9 6.2
-59.4 83.4 8.7 6.0
-59.2 83.4 8.5 5.8
-59.0 83.4 8.3 5.6
-58.8 83.4 8.2 5.5
-58.6 83.4 8.0 5.3
-58.4 83.4 7.9 5.1
-58.2 83.4 7.8 5.0
-58.0 83.4 7.7 4.9
-57.8 83.4 7.6 4.8
-57.6 83.4 7.6 4.7
-57.4 83.4 7.5 4.6
-57.2 83.4 7.5 4.5
-57.0 83.4 7.5 4.4
-56.8 83.4 7.5 4.4
-56.6 83.4 7.5 4.3
-56.4 83.4 7.5 4.3
-56.2 83.4 7.5 4.3
-56.0 83.4 7.5 4.2
-55.8 83.4 7.6 4.2
-55.6 83.4 7.6 4.2
-55.4 83.4 7.7 4.2
-55.2 83.4 7.7 4.2
-55.0 83.4 7.8 4.2
-54.8 83.4 7.9 4.2
-54.6 83.4 7.9 4.2
-54.4 83.4 8.0 4.2
-54.2 83.4 8.1 4.2
-54.0 83.4 8.2 4.2
-53.8 83.4 8.2 4.2
-53.6 83.4 8.3 4.2
-53.4 83.4 8.4 4.2
-53.2 83.4 8.5 4.2
-53.0 83.4 8.6 4.2
-52.8 83.4 8.7 4.3
-52.6 83.4 8.8 4.3
-52.4 83.4 8.9 4.3
-52.2 83.4 9.0 4.3
-52.0 83.4 9.1 4.3
-51.8 83.4 9.2 4.3
-51.6 83.4 9.2 4.3
-51.4 83.4 9.3 4.3
-51.2 83.4 9.4 4.3
-51.0 83.4 9.5 4.3
-50.8 83.4 9.6 4.3
-50.6 83.4 9.7 4.4
-50.4 83.4 9.8 4.4
-50.2 83.4 9.9 4.4
-50.0 83.4 10.0 4.4
-49.8 83.4 10.1 4.4
-49.6 83.4 10.2 4.5
-49.4 83.4 10.2 4.5
-49.2 83.4 10.3 4.5
-49.0 83.4 10.4 4.6
-48.8 83.4 10.5 4.6
-48.6 83.4 10.5 4.6
-48.4 83.4 10.6 4.7
-48.2 83.4 10.7 4.7
-48.0 83.4 10.7 4.8
-47.8 83.4 10.8 4.8
-47.6 83.4 10.8 4.9
-47.4 83.4 10.9 4.9
-47.2 83.4 10.9 5.0
-47.0 83.4 11.0 5.1
-46.8 83.4 11.0 5.1
-46.6 83.4 11.1 5.2
-46.4 83.4 11.1 5.2
-46.2 83.4 11.2 5.3
-46.0 83.4 11.2 5.4
-45.8 83.4 11.3 5.4
-45.6 83.4 11.3 5.5
-45.4 83.4 11.4 5.5
-45.2 83.4 11.4 5.6
-45.0 83.4 11.5 5.7
-44.8 83.4 11.5 5.7
-44.6 83.4 11.5 5.7
-44.4 83.4 11.6 5.8
-44.2 83.4 11.6 5.8
-44.0 83.4 11.6 5.8
-43.8 83.4 11.6 5.8
-43.6 83.4 11.6 5.9
-43.4 83.4 11.6 5.9
-43.2 83.4 11.6 5.8
-43.0 83.4 11.5 5.8
-42.8 83.4 11.5 5.8
-42.6 83.4 11.4 5.8
-42.4 83.4 11.3 5.7
-42.2 83.4 11.3 5.7
-42.0 83.4 11.2 5.6
-41.8 83.4 11.0 5.5
-41.6 83.4 10.9 5.4
-41.4 83.4 10.8 5.3
-41.2 83.4 10.6 5.2
-41.0 83.4 10.4 5.1
-40.8 83.4 10.2 5.0
-40.6 83.4 10.1 4.9
-40.4 83.4 9.9 4.7
-40.2 83.4 9.6 4.6
-40.0 83.4 9.4 4.4
-39.8 83.4 9.2 4.3
-39.6 83.4 9.0 4.1
-39.4 83.4 8.7 3.9
-39.2 83.4 8.5 3.8
-39.0 83.4 8.3 3.6
-38.8 83.4 8.1 3.5
-38.6 83.4 7.8 3.3
-38.4 83.4 7.6 3.1
-38.2 83.4 7.4 3.0
-38.0 83.4 7.2 2.9
-37.8 83.4 7.0 2.7
-37.6 83.4 6.8 2.6
-37.4 83.4 6.7 2.5
-37.2 83.4 6.5 2.4
-37.0 83.4 6.4 2.3
-36.8 83.4 6.2 2.2
-36.6 83.4 6.1 2.2
-36.4 83.4 6.0 2.1
-36.2 83.4 5.9 2.1
-36.0 83.4 5.9 2.0
-35.8 83.4 5.8 2.0
-35.6 83.4 5.8 2.0
-35.4 83.4 5.7 2.0
-35.2 83.4 5.7 2.1
-35.0 83.4 5.7 2.1
-34.8 83.4 5.7 2.2
-34.6 83.4 5.7 2.2
-34.4 83.4 5.7 2.3
-34.2 83.4 5.8 2.4
-34.0 83.4 5.8 2.5
-33.8 83.4 5.9 2.6
-33.6 83.4 5.9 2.7
-33.4 83.4 6.0 2.8
-33.2 83.4 6.1 2.9
-33.0 83.4 6.2 3.0
-32.8 83.4 6.2 3.1
-32.6 83.4 6.3 3.2
-32.4 83.4 6.4 3.3
-32.2 83.4 6.5 3.4
-32.0 83.4 6.6 3.4
-31.8 83.4 6.6 3.5
-31.6 83.4 6.7 3.6
-31.4 83.4 6.8 3.6
-31.2 83.4 6.9 3.7
-31.0 83.4 6.9 3.7
-30.8 83.4 7.0 3.8
-30.6 83.4 7.0 3.8
-30.4 83.4 7.1 3.8
-30.2 83.4 7.1 3.8
-30.0 83.4 7.1 3.8
-29.8 83.4 7.2 3.8
-29.6 83.4 7.2 3.8
-29.4 83.4 7.2 3.8
-29.2 83.4 7.2 3.7
-29.0 83.4 7.2 3.7
-28.8 83.4 7.2 3.7
-28.6 83.4 7.1 3.6
-28.4 83.4 7.1 3.6
-28.2 83.4 7.1 3.5
-28.0 83.4 7.0 3.5
-27.8 83.4 7.0 3.4
-27.6 83.4 7.0 3.3
-27.4 83.4 6.9 3.3
-27.2 83.4 6.9 3.2
-27.0 83.4 6.8 3.1
-26.8 83.4 6.8 3.1
-26.6 83.4 6.7 3.0
-26.4 83.4 6.7 2.9
-26.2 83.4 6.6 2.9
-26.0 83.4 6.6 2.8
-25.8 83.4 6.5 2.8
-25.6 83.4 6.5 2.7
-25.4 83.4 6.4 2.6
-25.2 83.4 6.4 2.6
-25.0 83.4 6.3 2.5
-24.8 83.4 6.3 2.4
-24.6 83.4 6.2 2.4
-24.4 83.4 6.2 2.3
-24.2 83.4 6.1 2.3
-24.0 83.4 6.1 2.2
-23.8 83.4 6.1 2.2
-23.6 83.4 6.0 2.1
-23.4 83.4 6.0 2.0
-23.2 83.4 6.0 2.0
-23.0 83.4 5.9 1.9
-22.8 83.4 5.9 1.9
-22.6 83.4 5.8 1.8
-22.4 83.4 5.8 1.8
-22.2 83.4 5.8 1.7
-22.0 83.4 5.8 1.7
-21.8 83.4 5.7 1.6
-21.6 83.4 5.7 1.6
-21.4 83.4 5.7 1.5
-21.2 83.4 5.6 1.5
-21.0 83.4 5.6 1.4
-20.8 83.4 5.6 1.4
-20.6 83.4 5.6 1.3
-20.4 83.4 5.5 1.3
-20.2 83.4 5.5 1.2
-20.0 83.4 5.5 1.2
-19.8 83.4 5.5 1.2
-19.6 83.4 5.4 1.1
-19.4 83.4 5.4 1.1
-19.2 83.4 5.4 1.0
-19.0 83.4 5.4 1.0
-18.8 83.4 5.4 1.0
-18.6 83.4 5.4 1.0
-18.4 83.4 5.3 1.0
-18.2 83.4 5.3 1.0
-18.0 83.4 5.3 1.0
-17.8 83.4 5.3 1.0
-17.6 83.4 5.3 1.0
-17.4 83.4 5.3 1.0
-17.2 83.4 5.3 1.0
-17.0 83.4 5.2 1.0
-16.8 83.4 5.2 1.0
-16.6 83.4 5.2 1.0
-16.4 83.4 5.2 1.0
-16.2 83.4 5.2 1.0
-16.0 83.4 5.2 1.0
-15.8 83.4 5.2 1.0
-15.6 83.4 5.2 1.0
-15.4 83.4 5.2 1.0
-15.2 83.4 5.1 1.0
-15.0 83.4 5.1 1.0
-14.8 83.4 5.1 1.0
-14.6 83.4 5.1 1.0
-14.4 83.4 5.1 1.0
-14.2 83.4 5.1 1.0
-14.0 83.4 5.1 1.0
-13.8 83.4 5.1 1.0
-13.6 83.4 5.1 1.0
-13.4 83.4 5.1 1.0
-13.2 83.4 5.1 1.0
-13.0 83.4 5.1 1.0
-12.8 83.4 5.1 1.0
-12.6 83.4 5.0 1.0
-12.4 83.4 5.0 1.0
-12.2 83.4 5.0 1.0
-12.0 83.4 5.0 1.0
-11.8 83.4 5.0 1.0
-11.6 83.4 5.0 1.0
-11.4 83.4 5.0 1.0
-11.2 83.4 5.0 1.0
-11.0 83.4 5.0 1.0
-10.8 83.4 5.0 1.0
-10.6 83.4 5.0 1.0
-10.4 83.4 5.0 1.0
-10.2 83.4 5.0 1.0
-10.0 83.4 5.0 1.0
-9.8 83.4 5.0 1.0
-9.6 83.4 5.0 1.0
-9.4 83.4 5.0 1.0
-9.2 83.4 5.0 1.0
-9.0 83.4 5.0 1.0
-8.8 83.4 5.0 1.0
-8.6 83.4 5.0 1.0
-8.4 83.4 5.0 1.0
-8.2 83.4 5.0 1.0
-8.0 83.4 5.0 1.0
-7.8 83.4 5.0 1.0
-7.6 83.4 5.0 1.0
-7.4 83.4 5.0 1.0
-7.2 83.4 5.0 1.0
-7.0 83.4 5.0 1.0
-6.8 83.4 5.0 1.0
-6.6 83.4 5.0 1.0
-6.4 83.4 5.0 1.0
-6.2 83.4 5.0 1.0
-6.0 83.4 5.0 1.0
-5.8 83.4 5.0 1.0
-5.6 83.4 5.0 1.0
-5.4 83.4 5.0 1.0
-5.2 83.4 5.0 1.0
-5.0 83.4 5.0 1.0
-4.8 83.4 5.0 1.0
-4.6 83.4 5.0 1.0
-4.4 83.4 5.0 1.0
-4.2 83.4 5.0 1.0
-4.0 83.4 5.0 1.0
-3.8 83.4 5.0 1.0
-3.6 83.4 5.0 1.0
-3.4 83.4 5.0 1.0
-3.2 83.4 5.0 1.0
-3.0 83.4 5.0 1.0
-2.8 83.4 5.0 1.0
-2.6 83.4 5.0 1.0
-2.4 83.4 5.0 1.0
-2.2 83.4 5.0 1.0
-2.0 83.4 5.0 1.0
-1.8 83.4 5.0 1.0
-1.6 83.4 5.0 1.0
-1.4 83.4 5.0 1.0
-1.2 83.4 5.0 1.0
-1.0 83.4 5.0 1.0
-0.8 83.4 5.0 1.0
-0.6 83.4 5.0 1.0
-0.4 83.4 5.0 1.0
-0.2 83.4 5.0 1.0
0.0 83.4 5.0 1.0
0.0 83.2 5.0 1.0
0.2 83.2 5.0 1.0
0.4 83.2 5.0 1.0
0.6 83.2 5.0 1.0
0.8 83.2 5.0 1.0
1.0 83.2 5.0 1.0
1.2 83.2 5.0 1.2
1.4 83.2 5.0 1.4
1.6 83.2 5.0 1.6
1.8 83.2 5.0 1.8
2.0 83.2 5.0 2.0
2.2 83.2 5.0 2.2
2.4 83.2 5.0 2.4
2.6 83.2 5.0 2.6
2.8 83.2 5.0 2.8
3.0 83.2 5.0 3.0
3.2 83.2 5.0 3.2
3.4 83.2 5.0 3.4
3.6 83.2 5.0 3.6
3.8 83.2 5.0 3.8
4.0 83.2 5.0 4.0
4.2 83.2 5.0 4.2
4.4 83.2 5.0 4.4
4.6 83.2 5.0 4.6
4.8 83.2 5.0 4.8
5.0 83.2 5.0 5.0
5.2 83.2 5.0 5.2
5.4 83.2 5.0 5.4
5.6 83.2 5.0 5.6
5.8 83.2 5.0 5.8
6.0 83.2 5.0 6.0
6.2 83.2 5.0 6.2
6.4 83.2 5.0 6.4
-91.4 83.2 5.6 1.0
-91.2 83.2 5.9 1.0
-91.0 83.2 6.3 1.0
-90.8 83.2 6.7 1.0
-90.6 83.2 7.2 1.0
-90.4 83.2 7.7 1.0
-90.2 83.2 8.3 1.0
-90.0 83.2 8.9 1.0
-89.8 83.2 9.5 1.0
-89.6 83.2 10.2 1.0
-89.4 83.2 10.8 1.0
-89.2 83.2 11.5 1.0
-89.0 83.2 12.1 1.0
-88.8 83.2 12.8 1.1
-88.6 83.2 13.4 1.2
-88.4 83.2 14.0 1.4
-88.2 83.2 14.5 1.5
-88.0 83.2 15.0 1.6
-87.8 83.2 15.5 1.7
-87.6 83.2 15.9 1.8
-87.4 83.2 16.2 2.0
-87.2 83.2 16.5 2.1
-87.0 83.2 16.8 2.2
-86.8 83.2 17.0 2.3
-86.6 83.2 17.1 2.4
-86.4 83.2 17.1 2.5
-86.2 83.2 17.2 2.6
-86.0 83.2 17.1 2.7
-85.8 83.2 17.0 2.8
-85.6 83.2 16.9 2.8
-85.4 83.2 16.7 2.9
-85.2 83.2 16.5 3.0
-85.0 83.2 16.3 3.0
-84.8 83.2 16.0 3.0
-84.6 83.2 15.7 3.1
-84.4 83.2 15.4 3.1
-84.2 83.2 15.1 3.1
-84.0 83.2 14.8 3.1
-83.8 83.2 14.4 3.1
-83.6 83.2 14.1 3.1
-83.4 83.2 13.8 3.1
-83.2 83.2 13.4 3.1
-83.0 83.2 13.1 3.1
-82.8 83.2 12.8 3.1
-82.6 83.2 12.5 3.1
-82.4 83.2 12.1 3.0
-82.2 83.2 11.8 3.0
-82.0 83.2 11.5 3.0
-81.8 83.2 11.3 3.0
-81.6 83.2 11.0 2.9
-81.4 83.2 10.7 2.9
-81.2 83.2 10.5 2.9
-81.0 83.2 10.3 2.9
-80.8 83.2 10.0 2.9
-80.6 83.2 9.8 2.8
-80.4 83.2 9.6 2.8
-80.2 83.2 9.4 2.8
-80.0 83.2 9.3 2.8
-79.8 83.2 9.1 2.8
-79.6 83.2 8.9 2.8
-79.4 83.2 8.8 2.8
-79.2 83.2 8.6 2.8
-79.0 83.2 8.5 2.8
-78.8 83.2 8.4 2.8
-78.6 83.2 8.3 2.8
-78.4 83.2 8.2 2.8
-78.2 83.2 8.1 2.8
-78.0 83.2 8.0 2.9
-77.8 83.2 7.9 2.9
-77.6 83.2 7.8 3.0
-77.4 83.2 7.8 3.0
-77.2 83.2 7.7 3.1
-77.0 83.2 7.7 3.2
-76.8 83.2 7.7 3.3
-76.6 83.2 7.6 3.4
-76.4 83.2 7.6 3.5
-76.2 83.2 7.6 3.6
-76.0 83.2 7.6 3.8
-75.8 83.2 7.6 3.9
-75.6 83.2 7.7 4.1
-75.4 83.2 7.7 4.3
-75.2 83.2 7.8 4.5
-75.0 83.2 7.8 4.7
-74.8 83.2 7.9 4.9
-74.6 83.2 8.1 5.2
-74.4 83.2 8.2 5.4
-74.2 83.2 8.3 5.7
-74.0 83.2 8.5 6.0
-73.8 83.2 8.7 6.3
-73.6 83.2 8.9 6.6
-73.4 83.2 9.1 6.9
-73.2 83.2 9.4 7.2
-73.0 83.2 9.7 7.6
-72.8 83.2 10.0 7.9
-72.6 83.2 10.3 8.3
-72.4 83.2 10.7 8.6
-72.2 83.2 11.1 9.0
-72.0 83.2 11.5 9.4
-71.8 83.2 11.9 9.7
-71.6 83.2 12.3 10.1
-71.4 83.2 12.8 10.5
-71.2 83.2 13.3 10.9
-71.0 83.2 13.8 11.2
-70.8 83.2 14.3 11.6
-70.6 83.2 14.8 12.0
-70.4 83.2 15.4 12.4
-70.2 83.2 15.9 12.7
-70.0 83.2 16.5 13.1
-69.8 83.2 17.1 13.5
-69.6 83.2 17.6 13.8
-69.4 83.2 18.2 14.2
-69.2 83.2 18.7 14.5
-69.0 83.2 19.3 14.9
-68.8 83.2 19.8 15.2
-68.6 83.2 20.3 15.5
-68.4 83.2 20.8 15.8
-68.2 83.2 21.3 16.1
-68.0 83.2 21.8 16.4
-67.8 83.2 22.2 16.6
-67.6 83.2 22.6 16.9
-67.4 83.2 23.0 17.1
-67.2 83.2 23.3 17.3
-67.0 83.2 23.6 17.5
-66.8 83.2 23.9 17.7
-66.6 83.2 24.2 17.8
-66.4 83.2 24.3 17.9
-66.2 83.2 24.5 18.0
-66.0 83.2 24.6 18.1
-65.8 83.2 24.7 18.2
-65.6 83.2 24.7 18.2
-65.4 83.2 24.7 18.2
-65.2 83.2 24.6 18.2
-65.0 83.2 24.5 18.1
-64.8 83.2 24.4 18.0
-64.6 83.2 24.2 17.9
-64.4 83.2 24.0 17.8
-64.2 83.2 23.8 17.7
-64.0 83.2 23.5 17.5
-63.8 83.2 23.2 17.3
-63.6 83.2 22.8 17.1
-63.4 83.2 22.4 16.9
-63.2 83.2 22.0 16.6
-63.0 83.2 21.6 16.3
-62.8 83.2 21.2 16.0
-62.6 83.2 20.7 15.7
-62.4 83.2 20.2 15.4
-62.2 83.2 19.7 15.1
-62.0 83.2 19.2 14.7
-61.8 83.2 18.7 14.3
-61.6 83.2 18.1 13.9
-61.4 83.2 17.6 13.5
-61.2 83.2 17.1 13.1
-61.0 83.2 16.5 12.7
-60.8 83.2 16.0 12.3
-60.6 83.2 15.4 11.8
-60.4 83.2 14.9 11.4
-60.2 83.2 14.4 11.0
-60.0 83.2 13.8 10.5
-59.8 83.2 13.3 10.1
-59.6 83.2 12.9 9.7
-59.4 83.2 12.4 9.3
-59.2 83.2 11.9 8.9
-59.0 83.2 11.5 8.5
-58.8 83.2 11.1 8.1
-58.6 83.2 10.7 7.8
-58.4 83.2 10.4 7.4
-58.2 83.2 10.1 7.1
-58.0 83.2 9.8 6.8
-57.8 83.2 9.5 6.5
-57.6 83.2 9.3 6.3
-57.4 83.2 9.1 6.1
-57.2 83.2 8.9 5.9
-57.0 83.2 8.7 5.7
-56.8 83.2 8.6 5.5
-56.6 83.2 8.5 5.4
-56.4 83.2 8.4 5.3
-56.2 83.2 8.4 5.2
-56.0 83.2 8.3 5.1
-55.8 83.2 8.3 5.0
-55.6 83.2 8.3 4.9
-55.4 83.2 8.3 4.9
-55.2 83.2 8.4 4.9
-55.0 83.2 8.4 4.8
-54.8 83.2 8.5 4.8
-54.6 83.2 8.6 4.8
-54.4 83.2 8.7 4.8
-54.2 83.2 8.7 4.8
-54.0 83.2 8.8 4.8
-53.8 83.2 8.9 4.8
-53.6 83.2 9.0 4.8
-53.4 83.2 9.1 4.8
-53.2 83.2 9.2 4.8
-53.0 83.2 9.3 4.8
-52.8 83.2 9.4 4.8
-52.6 83.2 9.5 4.8
-52.4 83.2 9.6 4.8
-52.2 83.2 9.8 4.9
-52.0 83.2 9.9 4.9
-51.8 83.2 10.0 4.9
-51.6 83.2 10.1 4.9
-51.4 83.2 10.2 4.9
-51.2 83.2 10.3 4.9
-51.0 83.2 10.4 5.0
-50.8 83.2 10.5 5.0
-50.6 83.2 10.6 5.0
-50.4 83.2 10.8 5.0
-50.2 83.2 10.9 5.1
-50.0 83.2 11.0 5.1
-49.8 83.2 11.1 5.1
-49.6 83.2 11.2 5.2
-49.4 83.2 11.3 5.2
-49.2 83.2 11.4 5.3
-49.0 83.2 11.5 5.3
-48.8 83.2 11.6 5.4
-48.6 83.2 11.7 5.4
-48.4 83.2 11.8 5.5
-48.2 83.2 11.9 5.6
-48.0 83.2 12.0 5.6
-47.8 83.2 12.1 5.7
-47.6 83.2 12.2 5.8
-47.4 83.2 12.3 5.9
-47.2 83.2 12.4 6.0
-47.0 83.2 12.5 6.1
-46.8 83.2 12.5 6.1
-46.6 83.2 12.6 6.2
-46.4 83.2 12.7 6.3
-46.2 83.2 12.8 6.4
-46.0 83.2 12.9 6.5
-45.8 83.2 13.0 6.6
-45.6 83.2 13.1 6.7
-45.4 83.2 13.1 6.7
-45.2 83.2 13.2 6.8
-45.0 83.2 13.3 6.9
-44.8 83.2 13.4 7.0
-44.6 83.2 13.4 7.0
-44.4 83.2 13.5 7.1
-44.2 83.2 13.5 7.1
-44.0 83.2 13.6 7.1
-43.8 83.2 13.6 7.2
-43.6 83.2 13.6 7.2
-43.4 83.2 13.6 7.2
-43.2 83.2 13.6 7.2
-43.0 83.2 13.6 7.2
-42.8 83.2 13.6 7.1
-42.6 83.2 13.5 7.1
-42.4 83.2 13.4 7.1
-42.2 83.2 13.3 7.0
-42.0 83.2 13.2 6.9
-41.8 83.2 13.1 6.8
-41.6 83.2 12.9 6.7
-41.4 83.2 12.8 6.6
-41.2 83.2 12.6 6.5
-41.0 83.2 12.4 6.4
-40.8 83.2 12.1 6.2
-40.6 83.2 11.9 6.1
-40.4 83.2 11.6 5.9
-40.2 83.2 11.4 5.7
-40.0 83.2 11.1 5.5
-39.8 83.2 10.8 5.3
-39.6 83.2 10.5 5.1
-39.4 83.2 10.2 4.9
-39.2 83.2 9.9 4.7
-39.0 83.2 9.6 4.5
-38.8 83.2 9.3 4.3
-38.6 83.2 9.0 4.1
-38.4 83.2 8.7 3.9
-38.2 83.2 8.4 3.7
-38.0 83.2 8.1 3.5
-37.8 83.2 7.9 3.4
-37.6 83.2 7.6 3.2
-37.4 83.2 7.4 3.0
-37.2 83.2 7.1 2.9
-37.0 83.2 6.9 2.7
-36.8 83.2 6.7 2.6
-36.6 83.2 6.6 2.5
-36.4 83.2 6.4 2.4
-36.2 83.2 6.3 2.3
-36.0 83.2 6.2 2.3
-35.8 83.2 6.1 2.2
-35.6 83.2 6.0 2.2
-35.4 83.2 5.9 2.2
-35.2 83.2 5.9 2.2
-35.0 83.2 5.8 2.2
-34.8 83.2 5.8 2.2
-34.6 83.2 5.8 2.2
-34.4 83.2 5.8 2.3
-34.2 83.2 5.8 2.4
-34.0 83.2 5.9 2.4
-33.8 83.2 5.9 2.5
-33.6 83.2 6.0 2.6
-33.4 83.2 6.1 2.7
-33.2 83.2 6.1 2.8
-33.0 83.2 6.2 2.9
-32.8 83.2 6.3 3.0
-32.6 83.2 6.4 3.1
-32.4 83.2 6.5 3.2
-32.2 83.2 6.6 3.3
-32.0 83.2 6.7 3.4
-31.8 83.2 6.8 3.5
-31.6 83.2 6.9 3.6
-31.4 83.2 7.0 3.7
-31.2 83.2 7.1 3.7
-31.0 83.2 7.2 3.8
-30.8 83.2 7.3 3.8
-30.6 83.2 7.3 3.9
-30.4 83.2 7.4 3.9
-30.2 83.2 7.5 4.0
-30.0 83.2 7.5 4.0
-29.8 83.2 7.5 4.0
-29.6 83.2 7.6 4.0
-29.4 83.2 7.6 4.0
-29.2 83.2 7.6 4.0
-29.0 83.2 7.6 3.9
-28.8 83.2 7.6 3.9
-28.6 83.2 7.6 3.9
-28.4 83.2 7.6 3.9
-28.2 83.2 7.6 3.8
-28.0 83.2 7.6 3.8
-27.8 83.2 7.6 3.7
-27.6 83.2 7.6 3.7
-27.4 83.2 7.5 3.6
-27.2 83.2 7.5 3.6
-27.0 83.2 7.5 3.6
-26.8 83.2 7.4 3.5
-26.6 83.2 7.4 3.5
-26.4 83.2 7.3 3.4
-26.2 83.2 7.3 3.4
-26.0 83.2 7.3 3.3
-25.8 83.2 7.2 3.3
-25.6 83.2 7.2 3.2
-25.4 83.2 7.2 3.2
-25.2 83.2 7.1 3.1
-25.0 83.2 7.1 3.1
-24.8 83.2 7.0 3.0
-24.6 83.2 7.0 3.0
-24.4 83.2 7.0 3.0
-24.2 83.2 6.9 2.9
-24.0 83.2 6.9 2.9
-23.8 83.2 6.9 2.8
-23.6 83.2 6.8 2.8
-23.4 83.2 6.8 2.8
-23.2 83.2 6.7 2.7
-23.0 83.2 6.7 2.7
-22.8 83.2 6.7 2.7
-22.6 83.2 6.6 2.6
-22.4 83.2 6.6 2.6
-22.2 83.2 6.6 2.5
-22.0 83.2 6.5 2.5
-21.8 83.2 6.5 2.5
-21.6 83.2 6.5 2.4
-21.4 83.2 6.4 2.4
-21.2 83.2 6.4 2.3
-21.0 83.2 6.3 2.3
-20.8 83.2 6.3 2.3
-20.6 83.2 6.3 2.2
-20.4 83.2 6.2 2.2
-20.2 83.2 6.2 2.1
-20.0 83.2 6.2 2.1
-19.8 83.2 6.1 2.1
-19.6 83.2 6.1 2.0
-19.4 83.2 6.1 2.0
-19.2 83.2 6.0 1.9
-19.0 83.2 6.0 1.9
-18.8 83.2 6.0 1.9
-18.6 83.2 6.0 1.8
-18.4 83.2 5.9 1.8
-18.2 83.2 5.9 1.7
-18.0 83.2 5.9 1.7
-17.8 83.2 5.8 1.6
-17.6 83.2 5.8 1.6
-17.4 83.2 5.8 1.5
-17.2 83.2 5.7 1.5
-17.0 83.2 5.7 1.4
-16.8 83.2 5.7 1.4
-16.6 83.2 5.6 1.3
-16.4 83.2 5.6 1.3
-16.2 83.2 5.6 1.2
-16.0 83.2 5.6 1.2
-15.8 83.2 5.5 1.1
-15.6 83.2 5.5 1.1
-15.4 83.2 5.5 1.0
-15.2 83.2 5.5 1.0
-15.0 83.2 5.4 1.0
-14.8 83.2 5.4 1.0
-14.6 83.2 5.4 1.0
-14.4 83.2 5.4 1.0
-14.2 83.2 5.3 1.0
-14.0 83.2 5.3 1.0
-13.8 83.2 5.3 1.0
-13.6 83.2 5.3 1.0
-13.4 83.2 5.3 1.0
-13.2 83.2 5.3 1.0
-13.0 83.2 5.2 1.0
-12.8 83.2 5.2 1.0
-12.6 83.2 5.2 1.0
-12.4 83.2 5.2 1.0
-12.2 83.2 5.2 1.0
-12.0 83.2 5.2 1.0
-11.8 83.2 5.1 1.0
-11.6 83.2 5.1 1.0
-11.4 83.2 5.1 1.0
-11.2 83.2 5.1 1.0
-11.0 83.2 5.1 1.0
-10.8 83.2 5.1 1.0
-10.6 83.2 5.1 1.0
-10.4 83.2 5.1 1.0
-10.2 83.2 5.1 1.0
-10.0 83.2 5.1 1.0
-9.8 83.2 5.0 1.0
-9.6 83.2 5.0 1.0
-9.4 83.2 5.0 1.0
-9.2 83.2 5.0 1.0
-9.0 83.2 5.0 1.0
-8.8 83.2 5.0 1.0
-8.6 83.2 5.0 1.0
-8.4 83.2 5.0 1.0
-8.2 83.2 5.0 1.0
-8.0 83.2 5.0 1.0
-7.8 83.2 5.0 1.0
-7.6 83.2 5.0 1.0
-7.4 83.2 5.0 1.0
-7.2 83.2 5.0 1.0
-7.0 83.2 5.0 1.0
-6.8 83.2 5.0 1.0
-6.6 83.2 5.0 1.0
-6.4 83.2 5.0 1.0
-6.2 83.2 5.0 1.0
-6.0 83.2 5.0 1.0
-5.8 83.2 5.0 1.0
-5.6 83.2 5.0 1.0
-5.4 83.2 5.0 1.0
-5.2 83.2 5.0 1.0
-5.0 83.2 5.0 1.0
-4.8 83.2 5.0 1.0
-4.6 83.2 5.0 1.0
-4.4 83.2 5.0 1.0
-4.2 83.2 5.0 1.0
-4.0 83.2 5.0 1.0
-3.8 83.2 5.0 1.0
-3.6 83.2 5.0 1.0
-3.4 83.2 5.0 1.0
-3.2 83.2 5.0 1.0
-3.0 83.2 5.0 1.0
-2.8 83.2 5.0 1.0
-2.6 83.2 5.0 1.0
-2.4 83.2 5.0 1.0
-2.2 83.2 5.0 1.0
-2.0 83.2 5.0 1.0
-1.8 83.2 5.0 1.0
-1.6 83.2 5.0 1.0
-1.4 83.2 5.0 1.0
-1.2 83.2 5.0 1.0
-1.0 83.2 5.0 1.0
-0.8 83.2 5.0 1.0
-0.6 83.2 5.0 1.0
-0.4 83.2 5.0 1.0
-0.2 83.2 5.0 1.0
0.0 83.2 5.0 1.0
0.0 83.0 5.0 1.0
0.2 83.0 5.0 1.0
0.4 83.0 5.0 1.0
0.6 83.0 5.0 1.0
0.8 83.0 5.0 1.0
1.0 83.0 5.0 1.0
1.2 83.0 5.0 1.2
1.4 83.0 5.0 1.4
1.6 83.0 5.0 1.6
1.8 83.0 5.0 1.8
2.0 83.0 5.0 2.0
2.2 83.0 5.0 2.2
2.4 83.0 5.0 2.4
2.6 83.0 5.0 2.6
2.8 83.0 5.0 2.8
3.0 83.0 5.0 3.0
3.2 83.0 5.0 3.2
3.4 83.0 5.0 3.4
3.6 83.0 5.0 3.6
3.8 83.0 5.0 3.8
4.0 83.0 5.0 4.0
4.2 83.0 5.0 4.2
4.4 83.0 5.0 4.4
4.6 83.0 5.0 4.6
4.8 83.0 5.0 4.8
5.0 83.0 5.0 5.0
5.2 83.0 5.0 5.2
5.4 83.0 5.0 5.4
5.6 83.0 5.0 5.6
5.8 83.0 5.0 5.8
6.0 83.0 5.0 6.0
6.2 83.0 5.0 6.2
6.4 83.0 5.0 6.4
6.6 83.0 5.0 6.6
6.8 83.0 5.0 6.8
7.0 83.0 5.0 7.0
7.2 83.0 5.0 7.2
7.4 83.0 5.0 7.4
7.6 83.0 5.0 7.6
7.8 83.0 5.0 7.8
-92.8 83.0 6.7 1.0
-92.6 83.0 6.6 1.0
-92.4 83.0 6.5 1.0
-92.2 83.0 6.5 1.0
-92.0 83.0 6.6 1.0
-91.8 83.0 6.7 1.0
-91.6 83.0 6.9 1.0
-91.4 83.0 7.1 1.0
-91.2 83.0 7.5 1.0
-91.0 83.0 7.9 1.0
-90.8 83.0 8.3 1.0
-90.6 83.0 8.8 1.0
-90.4 83.0 9.4 1.1
-90.2 83.0 10.0 1.2
-90.0 83.0 10.6 1.2
-89.8 83.0 11.3 1.3
-89.6 83.0 12.0 1.4
-89.4 83.0 12.7 1.5
-89.2 83.0 13.4 1.6
-89.0 83.0 14.1 1.7
-88.8 83.0 14.8 1.8
-88.6 83.0 15.4 1.9
-88.4 83.0 16.1 2.0
-88.2 83.0 16.7 2.1
-88.0 83.0 17.3 2.2
-87.8 83.0 17.8 2.3
-87.6 83.0 18.3 2.5
-87.4 83.0 18.7 2.6
-87.2 83.0 19.0 2.7
-87.0 83.0 19.3 2.8
-86.8 83.0 19.6 2.9
-86.6 83.0 19.7 3.0
-86.4 83.0 19.9 3.1
-86.2 83.0 19.9 3.1
-86.0 83.0 19.9 3.2
-85.8 83.0 19.9 3.3
-85.6 83.0 19.8 3.4
-85.4 83.0 19.7 3.5
-85.2 83.0 19.5 3.5
-85.0 83.0 19.3 3.6
-84.8 83.0 19.1 3.6
-84.6 83.0 18.8 3.7
-84.4 83.0 18.6 3.7
-84.2 83.0 18.3 3.7
-84.0 83.0 17.9 3.8
-83.8 83.0 17.6 3.8
-83.6 83.0 17.3 3.8
-83.4 83.0 16.9 3.8
-83.2 83.0 16.6 3.8
-83.0 83.0 16.2 3.9
-82.8 83.0 15.8 3.9
-82.6 83.0 15.5 3.9
-82.4 83.0 15.1 3.9
-82.2 83.0 14.8 3.8
-82.0 83.0 14.4 3.8
-81.8 83.0 14.1 3.8
-81.6 83.0 13.8 3.8
-81.4 83.0 13.5 3.8
-81.2 83.0 13.2 3.8
-81.0 83.0 12.9 3.8
-80.8 83.0 12.6 3.8
-80.6 83.0 12.3 3.8
-80.4 83.0 12.0 3.8
-80.2 83.0 11.8 3.8
-80.0 83.0 11.5 3.8
-79.8 83.0 11.3 3.8
-79.6 83.0 11.0 3.8
-79.4 83.0 10.8 3.8
-79.2 83.0 10.6 3.8
-79.0 83.0 10.4 3.8
-78.8 83.0 10.2 3.8
-78.6 83.0 10.1 3.9
-78.4 83.0 9.9 3.9
-78.2 83.0 9.8 3.9
-78.0 83.0 9.6 4.0
-77.8 83.0 9.5 4.1
-77.6 83.0 9.4 4.2
-77.4 83.0 9.4 4.3
-77.2 83.0 9.3 4.4
-77.0 83.0 9.3 4.6
-76.8 83.0 9.2 4.8
-76.6 83.0 9.2 4.9
-76.4 83.0 9.3 5.1
-76.2 83.0 9.3 5.4
-76.0 83.0 9.4 5.6
-75.8 83.0 9.5 5.9
-75.6 83.0 9.6 6.2
-75.4 83.0 9.8 6.5
-75.2 83.0 10.0 6.8
-75.0 83.0 10.2 7.2
-74.8 83.0 10.5 7.6
-74.6 83.0 10.8 8.0
-74.4 83.0 11.1 8.4
-74.2 83.0 11.5 8.9
-74.0 83.0 11.9 9.3
-73.8 83.0 12.3 9.8
-73.6 83.0 12.8 10.3
-73.4 83.0 13.3 10.8
-73.2 83.0 13.9 11.3
-73.0 83.0 14.5 11.9
-72.8 83.0 15.1 12.4
-72.6 83.0 15.8 12.9
-72.4 83.0 16.5 13.4
-72.2 83.0 17.2 14.0
-72.0 83.0 17.9 14.5
-71.8 83.0 18.7 15.0
-71.6 83.0 19.5 15.5
-71.4 83.0 20.3 16.1
-71.2 83.0 21.2 16.6
-71.0 83.0 22.0 17.1
-70.8 83.0 22.9 17.6
-70.6 83.0 23.7 18.0
-70.4 83.0 24.6 18.5
-70.2 83.0 25.5 18.9
-70.0 83.0 26.3 19.4
-69.8 83.0 27.2 19.8
-69.6 83.0 28.0 20.2
-69.4 83.0 28.9 20.6
-69.2 83.0 29.7 21.0
-69.0 83.0 30.5 21.4
-68.8 83.0 31.3 21.8
-68.6 83.0 32.0 22.1
-68.4 83.0 32.7 22.4
-68.2 83.0 33.4 22.7
-68.0 83.0 34.0 23.0
-67.8 83.0 34.6 23.3
-67.6 83.0 35.1 23.6
-67.4 83.0 35.6 23.8
-67.2 83.0 36.1 24.0
-67.0 83.0 36.5 24.2
-66.8 83.0 36.8 24.4
-66.6 83.0 37.1 24.6
-66.4 83.0 37.3 24.7
-66.2 83.0 37.5 24.8
-66.0 83.0 37.6 24.9
-65.8 83.0 37.6 24.9
-65.6 83.0 37.6 24.9
-65.4 83.0 37.6 24.9
-65.2 83.0 37.4 24.9
-65.0 83.0 37.3 24.9
-64.8 83.0 37.0 24.8
-64.6 83.0 36.8 24.7
-64.4 83.0 36.4 24.5
-64.2 83.0 36.1 24.4
-64.0 83.0 35.6 24.2
-63.8 83.0 35.2 24.0
-63.6 83.0 34.7 23.7
-63.4 83.0 34.1 23.5
-63.2 83.0 33.6 23.2
-63.0 83.0 32.9 22.9
-62.8 83.0 32.3 22.5
-62.6 83.0 31.6 22.1
-62.4 83.0 30.9 21.7
-62.2 83.0 30.1 21.3
-62.0 83.0 29.4 20.8
-61.8 83.0 28.6 20.4
-61.6 83.0 27.7 19.8
-61.4 83.0 26.9 19.3
-61.2 83.0 26.1 18.7
-61.0 83.0 25.2 18.1
-60.8 83.0 24.3 17.5
-60.6 83.0 23.4 16.9
-60.4 83.0 22.5 16.3
-60.2 83.0 21.6 15.6
-60.0 83.0 20.7 15.0
-59.8 83.0 19.8 14.3
-59.6 83.0 18.9 13.7
-59.4 83.0 18.1 13.0
-59.2 83.0 17.2 12.4
-59.0 83.0 16.4 11.8
-58.8 83.0 15.6 11.2
-58.6 83.0 14.9 10.6
-58.4 83.0 14.2 10.0
-58.2 83.0 13.5 9.5
-58.0 83.0 12.9 9.0
-57.8 83.0 12.3 8.5
-57.6 83.0 11.7 8.1
-57.4 83.0 11.2 7.6
-57.2 83.0 10.8 7.3
-57.0 83.0 10.4 6.9
-56.8 83.0 10.0 6.6
-56.6 83.0 9.7 6.3
-56.4 83.0 9.5 6.1
-56.2 83.0 9.3 5.9
-56.0 83.0 9.1 5.7
-55.8 83.0 9.0 5.6
-55.6 83.0 8.9 5.4
-55.4 83.0 8.8 5.3
-55.2 83.0 8.8 5.2
-55.0 83.0 8.8 5.2
-54.8 83.0 8.8 5.1
-54.6 83.0 8.9 5.1
-54.4 83.0 9.0 5.0
-54.2 83.0 9.0 5.0
-54.0 83.0 9.1 5.0
-53.8 83.0 9.2 5.0
-53.6 83.0 9.3 5.0
-53.4 83.0 9.4 5.0
-53.2 83.0 9.6 5.0
-53.0 83.0 9.7 5.0
-52.8 83.0 9.8 5.1
-52.6 83.0 9.9 5.1
-52.4 83.0 10.1 5.1
-52.2 83.0 10.2 5.2
-52.0 83.0 10.3 5.2
-51.8 83.0 10.5 5.2
-51.6 83.0 10.6 5.3
-51.4 83.0 10.7 5.3
-51.2 83.0 10.9 5.3
-51.0 83.0 11.0 5.4
-50.8 83.0 11.1 5.4
-50.6 83.0 11.3 5.5
-50.4 83.0 11.4 5.5
-50.2 83.0 11.5 5.6
-50.0 83.0 11.7 5.6
-49.8 83.0 11.8 5.7
-49.6 83.0 11.9 5.8
-49.4 83.0 12.1 5.8
-49.2 83.0 12.2 5.9
-49.0 83.0 12.4 6.0
-48.8 83.0 12.5 6.1
-48.6 83.0 12.7 6.2
-48.4 83.0 12.8 6.3
-48.2 83.0 12.9 6.4
-48.0 83.0 13.1 6.5
-47.8 83.0 13.2 6.6
-47.6 83.0 13.4 6.7
-47.4 83.0 13.5 6.8
-47.2 83.0 13.6 6.9
-47.0 83.0 13.8 7.0
-46.8 83.0 13.9 7.2
-46.6 83.0 14.0 7.3
-46.4 83.0 14.2 7.4
-46.2 83.0 14.3 7.5
-46.0 83.0 14.4 7.6
-45.8 83.0 14.6 7.7
-45.6 83.0 14.7 7.8
-45.4 83.0 14.8 7.9
-45.2 83.0 14.9 8.0
-45.0 83.0 15.1 8.1
-44.8 83.0 15.2 8.2
-44.6 83.0 15.3 8.3
-44.4 83.0 15.4 8.3
-44.2 83.0 15.4 8.4
-44.0 83.0 15.5 8.4
-43.8 83.0 15.6 8.4
-43.6 83.0 15.6 8.5
-43.4 83.0 15.6 8.5
-43.2 83.0 15.6 8.5
-43.0 83.0 15.6 8.4
-42.8 83.0 15.6 8.4
-42.6 83.0 15.6 8.4
-42.4 83.0 15.5 8.3
-42.2 83.0 15.4 8.3
-42.0 83.0 15.3 8.2
-41.8 83.0 15.2 8.1
-41.6 83.0 15.0 8.0
-41.4 83.0 14.8 7.9
-41.2 83.0 14.6 7.7
-41.0 83.0 14.4 7.6
-40.8 83.0 14.1 7.4
-40.6 83.0 13.9 7.3
-40.4 83.0 13.6 7.1
-40.2 83.0 13.3 6.9
-40.0 83.0 12.9 6.7
-39.8 83.0 12.6 6.5
-39.6 83.0 12.3 6.3
-39.4 83.0 11.9 6.1
-39.2 83.0 11.5 5.9
-39.0 83.0 11.2 5.6
-38.8 83.0 10.8 5.4
-38.6 83.0 10.4 5.2
-38.4 83.0 10.1 4.9
-38.2 83.0 9.7 4.7
-38.0 83.0 9.4 4.5
-37.8 83.0 9.1 4.3
-37.6 83.0 8.7 4.0
-37.4 83.0 8.4 3.8
-37.2 83.0 8.1 3.6
-37.0 83.0 7.9 3.4
-36.8 83.0 7.6 3.3
-36.6 83.0 7.4 3.1
-36.4 83.0 7.2 3.0
-36.2 83.0 7.0 2.8
-36.0 83.0 6.8 2.7
-35.8 83.0 6.6 2.6
-35.6 83.0 6.5 2.6
-35.4 83.0 6.4 2.5
-35.2 83.0 6.3 2.4
-35.0 83.0 6.2 2.4
-34.8 83.0 6.2 2.4
-34.6 83.0 6.2 2.4
-34.4 83.0 6.1 2.4
-34.2 83.0 6.2 2.5
-34.0 83.0 6.2 2.5
-33.8 83.0 6.2 2.6
-33.6 83.0 6.3 2.7
-33.4 83.0 6.3 2.7
-33.2 83.0 6.4 2.8
-33.0 83.0 6.5 2.9
-32.8 83.0 6.6 3.0
-32.6 83.0 6.7 3.1
-32.4 83.0 6.9 3.2
-32.2 83.0 7.0 3.3
-32.0 83.0 7.1 3.4
-31.8 83.0 7.3 3.5
-31.6 83.0 7.4 3.7
-31.4 83.0 7.5 3.7
-31.2 83.0 7.6 3.8
-31.0 83.0 7.8 3.9
-30.8 83.0 7.9 4.0
-30.6 83.0 8.0 4.1
-30.4 83.0 8.1 4.1
-30.2 83.0 8.2 4.2
-30.0 83.0 8.3 4.2
-29.8 83.0 8.4 4.3
-29.6 83.0 8.4 4.3
-29.4 83.0 8.5 4.3
-29.2 83.0 8.5 4.3
-29.0 83.0 8.6 4.3
-28.8 83.0 8.6 4.3
-28.6 83.0 8.6 4.3
-28.4 83.0 8.7 4.3
-28.2 83.0 8.7 4.3
-28.0 83.0 8.7 4.3
-27.8 83.0 8.7 4.3
-27.6 83.0 8.6 4.3
-27.4 83.0 8.6 4.2
-27.2 83.0 8.6 4.2
-27.0 83.0 8.6 4.2
-26.8 83.0 8.6 4.2
-26.6 83.0 8.5 4.1
-26.4 83.0 8.5 4.1
-26.2 83.0 8.5 4.1
-26.0 83.0 8.4 4.0
-25.8 83.0 8.4 4.0
-25.6 83.0 8.4 4.0
-25.4 83.0 8.3 3.9
-25.2 83.0 8.3 3.9
-25.0 83.0 8.2 3.9
-24.8 83.0 8.2 3.8
-24.6 83.0 8.2 3.8
-24.4 83.0 8.1 3.8
-24.2 83.0 8.1 3.8
-24.0 83.0 8.0 3.7
-23.8 83.0 8.0 3.7
-23.6 83.0 8.0 3.7
-23.4 83.0 7.9 3.7
-23.2 83.0 7.9 3.6
-23.0 83.0 7.8 3.6
-22.8 83.0 7.8 3.6
-22.6 83.0 7.7 3.6
-22.4 83.0 7.7 3.6
-22.2 83.0 7.7 3.5
-22.0 83.0 7.6 3.5
-21.8 83.0 7.6 3.5
-21.6 83.0 7.5 3.5
-21.4 83.0 7.5 3.4
-21.2 83.0 7.4 3.4
-21.0 83.0 7.4 3.4
-20.8 83.0 7.4 3.4
-20.6 83.0 7.3 3.3
-20.4 83.0 7.3 3.3
-20.2 83.0 7.2 3.3
-20.0 83.0 7.2 3.2
-19.8 83.0 7.1 3.2
-19.6 83.0 7.1 3.2
-19.4 83.0 7.0 3.1
-19.2 83.0 7.0 3.1
-19.0 83.0 7.0 3.0
-18.8 83.0 6.9 3.0
-18.6 83.0 6.9 2.9
-18.4 83.0 6.8 2.9
-18.2 83.0 6.8 2.8
-18.0 83.0 6.7 2.8
-17.8 83.0 6.7 2.7
-17.6 83.0 6.6 2.6
-17.4 83.0 6.6 2.6
-17.2 83.0 6.5 2.5
-17.0 83.0 6.5 2.4
-16.8 83.0 6.4 2.4
-16.6 83.0 6.4 2.3
-16.4 83.0 6.3 2.2
-16.2 83.0 6.3 2.1
-16.0 83.0 6.2 2.0
-15.8 83.0 6.2 2.0
-15.6 83.0 6.1 1.9
-15.4 83.0 6.1 1.8
-15.2 83.0 6.0 1.7
-15.0 83.0 6.0 1.6
-14.8 83.0 6.0 1.5
-14.6 83.0 5.9 1.5
-14.4 83.0 5.9 1.4
-14.2 83.0 5.8 1.3
-14.0 83.0 5.8 1.2
-13.8 83.0 5.7 1.2
-13.6 83.0 5.7 1.1
-13.4 83.0 5.7 1.0
-13.2 83.0 5.6 1.0
-13.0 83.0 5.6 1.0
-12.8 83.0 5.6 1.0
-12.6 83.0 5.5 1.0
-12.4 83.0 5.5 1.0
-12.2 83.0 5.5 1.0
-12.0 83.0 5.4 1.0
-11.8 83.0 5.4 1.0
-11.6 83.0 5.4 1.0
-11.4 83.0 5.3 1.0
-11.2 83.0 5.3 1.0
-11.0 83.0 5.3 1.0
-10.8 83.0 5.2 1.0
-10.6 83.0 5.2 1.0
-10.4 83.0 5.2 1.0
-10.2 83.0 5.2 1.0
-10.0 83.0 5.2 1.0
-9.8 83.0 5.1 1.0
-9.6 83.0 5.1 1.0
-9.4 83.0 5.1 1.0
-9.2 83.0 5.1 1.0
-9.0 83.0 5.1 1.0
-8.8 83.0 5.1 1.0
-8.6 83.0 5.1 1.0
-8.4 83.0 5.1 1.0
-8.2 83.0 5.1 1.0
-8.0 83.0 5.0 1.0
-7.8 83.0 5.0 1.0
-7.6 83.0 5.0 1.0
-7.4 83.0 5.0 1.0
-7.2 83.0 5.0 1.0
-7.0 83.0 5.0 1.0
-6.8 83.0 5.0 1.0
-6.6 83.0 5.0 1.0
-6.4 83.0 5.0 1.0
-6.2 83.0 5.0 1.0
-6.0 83.0 5.0 1.0
-5.8 83.0 5.0 1.0
-5.6 83.0 5.0 1.0
-5.4 83.0 5.0 1.0
-5.2 83.0 5.0 1.0
-5.0 83.0 5.0 1.0
-4.8 83.0 5.0 1.0
-4.6 83.0 5.0 1.0
-4.4 83.0 5.0 1.0
-4.2 83.0 5.0 1.0
-4.0 83.0 5.0 1.0
-3.8 83.0 5.0 1.0
-3.6 83.0 5.0 1.0
-3.4 83.0 5.0 1.0
-3.2 83.0 5.0 1.0
-3.0 83.0 5.0 1.0
-2.8 83.0 5.0 1.0
-2.6 83.0 5.0 1.0
-2.4 83.0 5.0 1.0
-2.2 83.0 5.0 1.0
-2.0 83.0 5.0 1.0
-1.8 83.0 5.0 1.0
-1.6 83.0 5.0 1.0
-1.4 83.0 5.0 1.0
-1.2 83.0 5.0 1.0
-1.0 83.0 5.0 1.0
-0.8 83.0 5.0 1.0
-0.6 83.0 5.0 1.0
-0.4 83.0 5.0 1.0
-0.2 83.0 5.0 1.0
0.0 83.0 5.0 1.0
0.0 82.8 5.0 1.0
0.2 82.8 5.0 1.0
0.4 82.8 5.0 1.0
0.6 82.8 5.0 1.0
0.8 82.8 5.0 1.0
1.0 82.8 5.0 1.0
1.2 82.8 5.0 1.2
1.4 82.8 5.0 1.4
1.6 82.8 5.0 1.6
1.8 82.8 5.0 1.8
2.0 82.8 5.0 2.0
2.2 82.8 5.0 2.2
2.4 82.8 5.0 2.4
2.6 82.8 5.0 2.6
2.8 82.8 5.0 2.8
3.0 82.8 5.0 3.0
3.2 82.8 5.0 3.2
3.4 82.8 5.0 3.4
3.6 82.8 5.0 3.6
3.8 82.8 5.0 3.8
4.0 82.8 5.0 4.0
4.2 82.8 5.0 4.2
4.4 82.8 5.0 4.4
4.6 82.8 5.0 4.6
4.8 82.8 5.0 4.8
5.0 82.8 5.0 5.0
5.2 82.8 5.0 5.2
5.4 82.8 5.0 5.4
5.6 82.8 5.0 5.6
5.8 82.8 5.0 5.8
6.0 82.8 5.0 6.0
6.2 82.8 5.0 6.2
6.4 82.8 5.0 6.4
6.6 82.8 5.0 6.6
6.8 82.8 5.0 6.8
7.0 82.8 5.0 7.0
7.2 82.8 5.0 7.2
7.4 82.8 5.0 7.4
7.6 82.8 5.0 7.6
7.8 82.8 5.0 7.8
8.0 82.8 5.0 8.0
8.2 82.8 5.0 8.2
8.4 82.8 5.0 8.4
8.6 82.8 5.0 8.6
8.8 82.8 5.0 8.8
9.0 82.8 5.0 9.0
9.2 82.8 5.0 9.2
-94.2 82.8 10.3 1.0
-94.0 82.8 10.0 1.0
-93.8 82.8 9.6 1.0
-93.6 82.8 9.3 1.0
-93.4 82.8 9.1 1.0
-93.2 82.8 8.8 1.0
-93.0 82.8 8.6 1.0
-92.8 82.8 8.5 1.0
-92.6 82.8 8.4 1.0
-92.4 82.8 8.4 1.0
-92.2 82.8 8.4 1.0
-92.0 82.8 8.5 1.1
-91.8 82.8 8.6 1.3
-91.6 82.8 8.8 1.4
-91.4 82.8 9.1 1.5
-91.2 82.8 9.5 1.6
-91.0 82.8 9.9 1.7
-90.8 82.8 10.3 1.8
-90.6 82.8 10.8 1.8
-90.4 82.8 11.4 1.9
-90.2 82.8 12.0 2.0
-90.0 82.8 12.6 2.0
-89.8 82.8 13.3 2.1
-89.6 82.8 14.0 2.2
-89.4 82.8 14.7 2.2
-89.2 82.8 15.4 2.3
-89.0 82.8 16.1 2.4
-88.8 82.8 16.7 2.5
-88.6 82.8 17.4 2.5
-88.4 82.8 18.0 2.6
-88.2 82.8 18.6 2.7
-88.0 82.8 19.1 2.8
-87.8 82.8 19.6 2.9
-87.6 82.8 20.1 2.9
-87.4 82.8 20.5 3.0
-87.2 82.8 20.8 3.1
-87.0 82.8 21.1 3.2
-86.8 82.8 21.3 3.3
-86.6 82.8 21.5 3.3
-86.4 82.8 21.6 3.4
-86.2 82.8 21.7 3.5
-86.0 82.8 21.7 3.6
-85.8 82.8 21.6 3.6
-85.6 82.8 21.5 3.7
-85.4 82.8 21.4 3.8
-85.2 82.8 21.2 3.8
-85.0 82.8 21.0 3.9
-84.8 82.8 20.8 4.0
-84.6 82.8 20.5 4.0
-84.4 82.8 20.2 4.1
-84.2 82.8 19.9 4.1
-84.0 82.8 19.6 4.2
-83.8 82.8 19.2 4.2
-83.6 82.8 18.9 4.2
-83.4 82.8 18.5 4.3
-83.2 82.8 18.2 4.3
-83.0 82.8 17.8 4.3
-82.8 82.8 17.4 4.3
-82.6 82.8 17.0 4.3
-82.4 82.8 16.7 4.3
-82.2 82.8 16.3 4.4
-82.0 82.8 16.0 4.4
-81.8 82.8 15.6 4.4
-81.6 82.8 15.3 4.4
-81.4 82.8 14.9 4.4
-81.2 82.8 14.6 4.4
-81.0 82.8 14.3 4.4
-80.8 82.8 14.0 4.4
-80.6 82.8 13.7 4.4
-80.4 82.8 13.4 4.4
-80.2 82.8 13.1 4.4
-80.0 82.8 12.9 4.4
-79.8 82.8 12.6 4.5
-79.6 82.8 12.4 4.5
-79.4 82.8 12.2 4.5
-79.2 82.8 12.0 4.6
-79.0 82.8 11.8 4.6
-78.8 82.8 11.6 4.7
-78.6 82.8 11.4 4.7
-78.4 82.8 11.3 4.8
-78.2 82.8 11.2 4.9
-78.0 82.8 11.1 5.1
-77.8 82.8 11.0 5.2
-77.6 82.8 11.0 5.4
-77.4 82.8 11.0 5.6
-77.2 82.8 11.0 5.8
-77.0 82.8 11.1 6.1
-76.8 82.8 11.1 6.3
-76.6 82.8 11.3 6.6
-76.4 82.8 11.4 7.0
-76.2 82.8 11.6 7.3
-76.0 82.8 11.9 7.7
-75.8 82.8 12.2 8.1
-75.6 82.8 12.6 8.6
-75.4 82.8 13.0 9.1
-75.2 82.8 13.4 9.6
-75.0 82.8 13.9 10.2
-74.8 82.8 14.5 10.7
-74.6 82.8 15.1 11.3
-74.4 82.8 15.7 11.9
-74.2 82.8 16.5 12.6
-74.0 82.8 17.2 13.2
-73.8 82.8 18.1 13.9
-73.6 82.8 18.9 14.6
-73.4 82.8 19.9 15.2
-73.2 82.8 20.8 15.9
-73.0 82.8 21.8 16.6
-72.8 82.8 22.9 17.3
-72.6 82.8 23.9 17.9
-72.4 82.8 25.0 18.6
-72.2 82.8 26.1 19.2
-72.0 82.8 27.3 19.9
-71.8 82.8 28.4 20.5
-71.6 82.8 29.6 21.1
-71.4 82.8 30.8 21.7
-71.2 82.8 32.0 22.2
-71.0 82.8 33.1 22.8
-70.8 82.8 34.3 23.3
-70.6 82.8 35.5 23.8
-70.4 82.8 36.6 24.2
-70.2 82.8 37.7 24.7
-70.0 82.8 38.9 25.1
-69.8 82.8 39.9 25.5
-69.6 82.8 41.0 25.9
-69.4 82.8 42.0 26.3
-69.2 82.8 42.9 26.6
-69.0 82.8 43.9 27.0
-68.8 82.8 44.8 27.3
-68.6 82.8 45.6 27.6
-68.4 82.8 46.4 27.9
-68.2 82.8 47.1 28.1
-68.0 82.8 47.8 28.4
-67.8 82.8 48.4 28.6
-67.6 82.8 49.0 28.9
-67.4 82.8 49.5 29.1
-67.2 82.8 49.9 29.3
-67.0 82.8 50.3 29.4
-66.8 82.8 50.6 29.6
-66.6 82.8 50.8 29.7
-66.4 82.8 51.0 29.8
-66.2 82.8 51.1 29.9
-66.0 82.8 51.2 30.0
-65.8 82.8 51.2 30.1
-65.6 82.8 51.1 30.1
-65.4 82.8 51.0 30.1
-65.2 82.8 50.8 30.1
-65.0 82.8 50.5 30.1
-64.8 82.8 50.2 30.0
-64.6 82.8 49.9 30.0
-64.4 82.8 49.5 29.9
-64.2 82.8 49.0 29.7
-64.0 82.8 48.5 29.6
-63.8 82.8 48.0 29.4
-63.6 82.8 47.4 29.2
-63.4 82.8 46.7 28.9
-63.2 82.8 46.1 28.7
-63.0 82.8 45.3 28.4
-62.8 82.8 44.6 28.0
-62.6 82.8 43.7 27.6
-62.4 82.8 42.9 27.2
-62.2 82.8 42.0 26.8
-62.0 82.8 41.0 26.3
-61.8 82.8 40.1 25.8
-61.6 82.8 39.0 25.2
-61.4 82.8 38.0 24.6
-61.2 82.8 36.9 24.0
-61.0 82.8 35.7 23.3
-60.8 82.8 34.5 22.6
-60.6 82.8 33.3 21.9
-60.4 82.8 32.1 21.1
-60.2 82.8 30.8 20.3
-60.0 82.8 29.5 19.5
-59.8 82.8 28.2 18.7
-59.6 82.8 26.9 17.8
-59.4 82.8 25.6 17.0
-59.2 82.8 24.3 16.1
-59.0 82.8 23.0 15.3
-58.8 82.8 21.8 14.5
-58.6 82.8 20.6 13.7
-58.4 82.8 19.4 12.9
-58.2 82.8 18.2 12.1
-58.0 82.8 17.2 11.4
-57.8 82.8 16.1 10.7
-57.6 82.8 15.2 10.1
-57.4 82.8 14.3 9.5
-57.2 82.8 13.5 8.9
-57.0 82.8 12.7 8.4
-56.8 82.8 12.0 7.9
-56.6 82.8 11.4 7.5
-56.4 82.8 10.9 7.1
-56.2 82.8 10.4 6.7
-56.0 82.8 10.1 6.4
-55.8 82.8 9.7 6.2
-55.6 82.8 9.5 5.9
-55.4 82.8 9.3 5.7
-55.2 82.8 9.1 5.6
-55.0 82.8 9.0 5.4
-54.8 82.8 9.0 5.3
-54.6 82.8 9.0 5.2
-54.4 82.8 9.0 5.2
-54.2 82.8 9.0 5.1
-54.0 82.8 9.1 5.1
-53.8 82.8 9.2 5.1
-53.6 82.8 9.3 5.1
-53.4 82.8 9.4 5.1
-53.2 82.8 9.5 5.1
-53.0 82.8 9.7 5.1
-52.8 82.8 9.8 5.2
-52.6 82.8 10.0 5.2
-52.4 82.8 10.2 5.3
-52.2 82.8 10.3 5.3
-52.0 82.8 10.5 5.4
-51.8 82.8 10.7 5.4
-51.6 82.8 10.9 5.5
-51.4 82.8 11.1 5.6
-51.2 82.8 11.2 5.7
-51.0 82.8 11.4 5.8
-50.8 82.8 11.6 5.9
-50.6 82.8 11.8 5.9
-50.4 82.8 12.0 6.0
-50.2 82.8 12.2 6.1
-50.0 82.8 12.3 6.2
-49.8 82.8 12.5 6.4
-49.6 82.8 12.7 6.5
-49.4 82.8 12.9 6.6
-49.2 82.8 13.1 6.7
-49.0 82.8 13.3 6.8
-48.8 82.8 13.5 7.0
-48.6 82.8 13.7 7.1
-48.4 82.8 13.9 7.2
-48.2 82.8 14.1 7.4
-48.0 82.8 14.3 7.5
-47.8 82.8 14.5 7.7
-47.6 82.8 14.7 7.8
-47.4 82.8 14.9 7.9
-47.2 82.8 15.1 8.1
-47.0 82.8 15.2 8.2
-46.8 82.8 15.4 8.4
-46.6 82.8 15.6 8.5
-46.4 82.8 15.8 8.6
-46.2 82.8 16.0 8.8
-46.0 82.8 16.1 8.9
-45.8 82.8 16.3 9.0
-45.6 82.8 16.5 9.1
-45.4 82.8 16.6 9.2
-45.2 82.8 16.8 9.3
-45.0 82.8 16.9 9.4
-44.8 82.8 17.1 9.5
-44.6 82.8 17.2 9.6
-44.4 82.8 17.3 9.6
-44.2 82.8 17.4 9.7
-44.0 82.8 17.5 9.7
-43.8 82.8 17.6 9.7
-43.6 82.8 17.7 9.7
-43.4 82.8 17.7 9.7
-43.2 82.8 17.8 9.7
-43.0 82.8 17.8 9.7
-42.8 82.8 17.8 9.7
-42.6 82.8 17.8 9.6
-42.4 82.8 17.7 9.6
-42.2 82.8 17.6 9.5
-42.0 82.8 17.5 9.4
-41.8 82.8 17.4 9.3
-41.6 82.8 17.3 9.2
-41.4 82.8 17.1 9.1
-41.2 82.8 16.9 9.0
-41.0 82.8 16.7 8.9
-40.8 82.8 16.4 8.7
-40.6 82.8 16.1 8.5
-40.4 82.8 15.8 8.4
-40.2 82.8 15.5 8.2
-40.0 82.8 15.2 8.0
-39.8 82.8 14.8 7.8
-39.6 82.8 14.4 7.6
-39.4 82.8 14.1 7.3
-39.2 82.8 13.7 7.1
-39.0 82.8 13.3 6.9
-38.8 82.8 12.9 6.6
-38.6 82.8 12.5 6.4
-38.4 82.8 12.1 6.2
-38.2 82.8 11.7 5.9
-38.0 82.8 11.3 5.7
-37.8 82.8 10.9 5.4
-37.6 82.8 10.5 5.2
-37.4 82.8 10.1 4.9
-37.2 82.8 9.8 4.7
-37.0 82.8 9.4 4.5
-36.8 82.8 9.1 4.3
-36.6 82.8 8.8 4.1
-36.4 82.8 8.5 3.9
-36.2 82.8 8.3 3.7
-36.0 82.8 8.0 3.6
-35.8 82.8 7.8 3.4
-35.6 82.8 7.6 3.3
-35.4 82.8 7.5 3.2
-35.2 82.8 7.3 3.1
-35.0 82.8 7.2 3.0
-34.8 82.8 7.1 2.9
-34.6 82.8 7.1 2.9
-34.4 82.8 7.0 2.9
-34.2 82.8 7.0 2.9
-34.0 82.8 7.0 2.9
-33.8 82.8 7.1 2.9
-33.6 82.8 7.1 3.0
-33.4 82.8 7.2 3.0
-33.2 82.8 7.3 3.1
-33.0 82.8 7.4 3.2
-32.8 82.8 7.6 3.2
-32.6 82.8 7.7 3.3
-32.4 82.8 7.9 3.4
-32.2 82.8 8.1 3.6
-32.0 82.8 8.3 3.7
-31.8 82.8 8.4 3.8
-31.6 82.8 8.6 3.9
-31.4 82.8 8.8 4.0
-31.2 82.8 9.0 4.1
-31.0 82.8 9.2 4.2
-30.8 82.8 9.4 4.3
-30.6 82.8 9.6 4.4
-30.4 82.8 9.7 4.5
-30.2 82.8 9.9 4.6
-30.0 82.8 10.0 4.6
-29.8 82.8 10.1 4.7
-29.6 82.8 10.2 4.8
-29.4 82.8 10.3 4.8
-29.2 82.8 10.4 4.9
-29.0 82.8 10.5 4.9
-28.8 82.8 10.6 4.9
-28.6 82.8 10.6 4.9
-28.4 82.8 10.6 5.0
-28.2 82.8 10.6 5.0
-28.0 82.8 10.6 5.0
-27.8 82.8 10.6 5.0
-27.6 82.8 10.6 5.0
-27.4 82.8 10.6 5.0
-27.2 82.8 10.6 5.0
-27.0 82.8 10.5 4.9
-26.8 82.8 10.5 4.9
-26.6 82.8 10.4 4.9
-26.4 82.8 10.4 4.9
-26.2 82.8 10.3 4.9
-26.0 82.8 10.3 4.8
-25.8 82.8 10.2 4.8
-25.6 82.8 10.1 4.8
-25.4 82.8 10.0 4.8
-25.2 82.8 10.0 4.7
-25.0 82.8 9.9 4.7
-24.8 82.8 9.8 4.7
-24.6 82.8 9.8 4.7
-24.4 82.8 9.7 4.6
-24.2 82.8 9.6 4.6
-24.0 82.8 9.5 4.6
-23.8 82.8 9.5 4.6
-23.6 82.8 9.4 4.6
-23.4 82.8 9.3 4.6
-23.2 82.8 9.3 4.5
-23.0 82.8 9.2 4.5
-22.8 82.8 9.1 4.5
-22.6 82.8 9.1 4.5
-22.4 82.8 9.0 4.5
-22.2 82.8 9.0 4.5
-22.0 82.8 8.9 4.5
-21.8 82.8 8.8 4.5
-21.6 82.8 8.8 4.5
-21.4 82.8 8.7 4.4
-21.2 82.8 8.7 4.4
-21.0 82.8 8.6 4.4
-20.8 82.8 8.6 4.4
-20.6 82.8 8.5 4.4
-20.4 82.8 8.5 4.4
-20.2 82.8 8.4 4.4
-20.0 82.8 8.4 4.3
-19.8 82.8 8.3 4.3
-19.6 82.8 8.2 4.3
-19.4 82.8 8.2 4.2
-19.2 82.8 8.1 4.2
-19.0 82.8 8.1 4.2
-18.8 82.8 8.0 4.1
-18.6 82.8 8.0 4.1
-18.4 82.8 7.9 4.0
-18.2 82.8 7.9 3.9
-18.0 82.8 7.8 3.9
-17.8 82.8 7.7 3.8
-17.6 82.8 7.7 3.7
-17.4 82.8 7.6 3.7
-17.2 82.8 7.5 3.6
-17.0 82.8 7.5 3.5
-16.8 82.8 7.4 3.4
-16.6 82.8 7.4 3.3
-16.4 82.8 7.3 3.2
-16.2 82.8 7.2 3.1
-16.0 82.8 7.2 3.0
-15.8 82.8 7.1 2.8
-15.6 82.8 7.0 2.7
-15.4 82.8 6.9 2.6
-15.2 82.8 6.9 2.5
-15.0 82.8 6.8 2.4
-14.8 82.8 6.7 2.3
-14.6 82.8 6.7 2.2
-14.4 82.8 6.6 2.1
-14.2 82.8 6.5 2.0
-14.0 82.8 6.5 1.8
-13.8 82.8 6.4 1.7
-13.6 82.8 6.3 1.6
-13.4 82.8 6.3 1.6
-13.2 82.8 6.2 1.5
-13.0 82.8 6.1 1.4
-12.8 82.8 6.1 1.3
-12.6 82.8 6.0 1.2
-12.4 82.8 5.9 1.2
-12.2 82.8 5.9 1.1
-12.0 82.8 5.8 1.0
-11.8 82.8 5.7 1.0
-11.6 82.8 5.7 1.0
-11.4 82.8 5.6 1.0
-11.2 82.8 5.6 1.0
-11.0 82.8 5.5 1.0
-10.8 82.8 5.5 1.0
-10.6 82.8 5.4 1.0
-10.4 82.8 5.4 1.0
-10.2 82.8 5.3 1.0
-10.0 82.8 5.3 1.0
-9.8 82.8 5.3 1.0
-9.6 82.8 5.2 1.0
-9.4 82.8 5.2 1.0
-9.2 82.8 5.2 1.0
-9.0 82.8 5.2 1.0
-8.8 82.8 5.2 1.0
-8.6 82.8 5.1 1.0
-8.4 82.8 5.1 1.0
-8.2 82.8 5.1 1.0
-8.0 82.8 5.1 1.0
-7.8 82.8 5.1 1.0
-7.6 82.8 5.1 1.0
-7.4 82.8 5.1 1.0
-7.2 82.8 5.1 1.0
-7.0 82.8 5.1 1.0
-6.8 82.8 5.0 1.0
-6.6 82.8 5.0 1.0
-6.4 82.8 5.0 1.0
-6.2 82.8 5.0 1.0
-6.0 82.8 5.0 1.0
-5.8 82.8 5.0 1.0
-5.6 82.8 5.0 1.0
-5.4 82.8 5.0 1.0
-5.2 82.8 5.0 1.0
-5.0 82.8 5.0 1.0
-4.8 82.8 5.0 1.0
-4.6 82.8 5.0 1.0
-4.4 82.8 5.0 1.0
-4.2 82.8 5.0 1.0
-4.0 82.8 5.0 1.0
-3.8 82.8 5.0 1.0
-3.6 82.8 5.0 1.0
-3.4 82.8 5.0 1.0
-3.2 82.8 5.0 1.0
-3.0 82.8 5.0 1.0
-2.8 82.8 5.0 1.0
-2.6 82.8 5.0 1.0
-2.4 82.8 5.0 1.0
-2.2 82.8 5.0 1.0
-2.0 82.8 5.0 1.0
-1.8 82.8 5.0 1.0
-1.6 82.8 5.0 1.0
-1.4 82.8 5.0 1.0
-1.2 82.8 5.0 1.0
-1.0 82.8 5.0 1.0
-0.8 82.8 5.0 1.0
-0.6 82.8 5.0 1.0
-0.4 82.8 5.0 1.0
-0.2 82.8 5.0 1.0
0.0 82.8 5.0 1.0
0.0 82.6 5.0 1.0
0.2 82.6 5.0 1.0
0.4 82.6 5.0 1.0
0.6 82.6 5.0 1.0
0.8 82.6 5.0 1.0
1.0 82.6 5.0 1.0
1.2 82.6 5.0 1.2
1.4 82.6 5.0 1.4
1.6 82.6 5.0 1.6
1.8 82.6 5.0 1.8
2.0 82.6 5.0 2.0
2.2 82.6 5.0 2.2
2.4 82.6 5.0 2.4
2.6 82.6 5.0 2.6
2.8 82.6 5.0 2.8
3.0 82.6 5.0 3.0
3.2 82.6 5.0 3.2
3.4 82.6 5.0 3.4
3.6 82.6 5.0 3.6
3.8 82.6 5.0 3.8
4.0 82.6 5.0 4.0
4.2 82.6 5.0 4.2
4.4 82.6 5.0 4.4
4.6 82.6 5.0 4.6
4.8 82.6 5.0 4.8
5.0 82.6 5.0 5.0
5.2 82.6 5.0 5.2
5.4 82.6 5.0 5.4
5.6 82.6 5.0 5.6
5.8 82.6 5.0 5.8
6.0 82.6 5.0 6.0
6.2 82.6 5.0 6.2
6.4 82.6 5.0 6.4
6.6 82.6 5.0 6.6
6.8 82.6 5.0 6.8
7.0 82.6 5.0 7.0
7.2 82.6 5.0 7.2
7.4 82.6 5.0 7.4
7.6 82.6 5.0 7.6
7.8 82.6 5.0 7.8
8.0 82.6 5.0 8.0
8.2 82.6 5.0 8.2
8.4 82.6 5.0 8.4
8.6 82.6 5.0 8.6
8.8 82.6 5.0 8.8
9.0 82.6 5.0 9.0
9.2 82.6 5.0 9.2
9.4 82.6 5.0 9.4
9.6 82.6 5.0 9.6
9.8 82.6 5.0 9.8
10.0 82.6 5.0 10.0
10.2 82.6 5.0 10.2
10.4 82.6 5.0 10.4
-95.4 82.6 13.6 1.0
-95.2 82.6 13.4 1.0
-95.0 82.6 13.1 1.0
-94.8 82.6 12.8 1.0
-94.6 82.6 12.5 1.0
-94.4 82.6 12.2 1.0
-94.2 82.6 11.9 1.0
-94.0 82.6 11.7 1.0
-93.8 82.6 11.4 1.0
-93.6 82.6 11.2 1.0
-93.4 82.6 11.0 1.0
-93.2 82.6 10.8 1.2
-93.0 82.6 10.7 1.4
-92.8 82.6 10.6 1.6
-92.6 82.6 10.6 1.7
-92.4 82.6 10.6 1.9
-92.2 82.6 10.7 2.0
-92.0 82.6 10.8 2.1
-91.8 82.6 11.0 2.2
-91.6 82.6 11.2 2.3
-91.4 82.6 11.5 2.4
-91.2 82.6 11.9 2.5
-91.0 82.6 12.3 2.5
-90.8 82.6 12.7 2.6
-90.6 82.6 13.2 2.7
-90.4 82.6 13.7 2.7
-90.2 82.6 14.3 2.7
-90.0 82.6 14.9 2.8
-89.8 82.6 15.5 2.8
-89.6 82.6 16.1 2.8
-89.4 82.6 16.7 2.9
-89.2 82.6 17.3 2.9
-89.0 82.6 17.9 3.0
-88.8 82.6 18.5 3.0
-88.6 82.6 19.0 3.0
-88.4 82.6 19.6 3.1
-88.2 82.6 20.0 3.1
-88.0 82.6 20.5 3.2
-87.8 82.6 20.9 3.2
-87.6 82.6 21.2 3.3
-87.4 82.6 21.5 3.4
-87.2 82.6 21.8 3.4
-87.0 82.6 21.9 3.5
-86.8 82.6 22.1 3.5
-86.6 82.6 22.2 3.6
-86.4 82.6 22.2 3.6
-86.2 82.6 22.2 3.7
-86.0 82.6 22.1 3.8
-85.8 82.6 22.0 3.8
-85.6 82.6 21.8 3.9
-85.4 82.6 21.6 3.9
-85.2 82.6 21.4 4.0
-85.0 82.6 21.1 4.0
-84.8 82.6 20.8 4.1
-84.6 82.6 20.5 4.2
-84.4 82.6 20.2 4.2
-84.2 82.6 19.8 4.3
-84.0 82.6 19.5 4.3
-83.8 82.6 19.1 4.3
-83.6 82.6 18.7 4.4
-83.4 82.6 18.4 4.4
-83.2 82.6 18.0 4.5
-83.0 82.6 17.6 4.5
-82.8 82.6 17.2 4.5
-82.6 82.6 16.9 4.5
-82.4 82.6 16.5 4.6
-82.2 82.6 16.2 4.6
-82.0 82.6 15.9 4.6
-81.8 82.6 15.5 4.6
-81.6 82.6 15.2 4.7
-81.4 82.6 14.9 4.7
-81.2 82.6 14.7 4.7
-81.0 82.6 14.4 4.7
-80.8 82.6 14.2 4.8
-80.6 82.6 13.9 4.8
-80.4 82.6 13.7 4.8
-80.2 82.6 13.5 4.9
-80.0 82.6 13.3 4.9
-79.8 82.6 13.1 5.0
-79.6 82.6 13.0 5.1
-79.4 82.6 12.8 5.1
-79.2 82.6 12.7 5.2
-79.0 82.6 12.6 5.4
-78.8 82.6 12.6 5.5
-78.6 82.6 12.5 5.6
-78.4 82.6 12.5 5.8
-78.2 82.6 12.5 6.0
-78.0 82.6 12.6 6.2
-77.8 82.6 12.7 6.5
-77.6 82.6 12.8 6.8
-77.4 82.6 13.0 7.1
-77.2 82.6 13.2 7.5
-77.0 82.6 13.5 7.9
-76.8 82.6 13.8 8.3
-76.6 82.6 14.2 8.7
-76.4 82.6 14.6 9.2
-76.2 82.6 15.1 9.8
-76.0 82.6 15.7 10.3
-75.8 82.6 16.3 10.9
-75.6 82.6 17.0 11.6
-75.4 82.6 17.8 12.2
-75.2 82.6 18.6 12.9
-75.0 82.6 19.5 13.6
-74.8 82.6 20.4 14.4
-74.6 82.6 21.4 15.1
-74.4 82.6 22.5 15.9
-74.2 82.6 23.6 16.7
-74.0 82.6 24.8 17.4
-73.8 82.6 26.1 18.2
-73.6 82.6 27.3 19.0
-73.4 82.6 28.7 19.8
-73.2 82.6 30.0 20.5
-73.0 82.6 31.4 21.3
-72.8 82.6 32.8 22.0
-72.6 82.6 34.2 22.7
-72.4 82.6 35.7 23.4
-72.2 82.6 37.1 24.1
-72.0 82.6 38.5 24.7
-71.8 82.6 40.0 25.3
-71.6 82.6 41.4 25.9
-71.4 82.6 42.8 26.4
-71.2 82.6 44.2 26.9
-71.0 82.6 45.5 27.4
-70.8 82.6 46.8 27.8
-70.6 82.6 48.1 28.3
-70.4 82.6 49.4 28.7
-70.2 82.6 50.6 29.0
-70.0 82.6 51.7 29.3
-69.8 82.6 52.9 29.7
-69.6 82.6 53.9 30.0
-69.4 82.6 54.9 30.2
-69.2 82.6 55.9 30.5
-69.0 82.6 56.8 30.7
-68.8 82.6 57.6 31.0
-68.6 82.6 58.4 31.2
-68.4 82.6 59.1 31.4
-68.2 82.6 59.7 31.6
-68.0 82.6 60.3 31.7
-67.8 82.6 60.8 31.9
-67.6 82.6 61.3 32.1
-67.4 82.6 61.7 32.2
-67.2 82.6 62.0 32.4
-67.0 82.6 62.3 32.5
-66.8 82.6 62.5 32.6
-66.6 82.6 62.6 32.7
-66.4 82.6 62.7 32.8
-66.2 82.6 62.7 32.9
-66.0 82.6 62.7 33.0
-65.8 82.6 62.6 33.1
-65.6 82.6 62.5 33.2
-65.4 82.6 62.3 33.2
-65.2 82.6 62.1 33.2
-65.0 82.6 61.8 33.2
-64.8 82.6 61.5 33.2
-64.6 82.6 61.1 33.2
-64.4 82.6 60.7 33.1
-64.2 82.6 60.2 33.1
-64.0 82.6 59.7 33.0
-63.8 82.6 59.2 32.9
-63.6 82.6 58.6 32.7
-63.4 82.6 58.0 32.6
-63.2 82.6 57.4 32.4
-63.0 82.6 56.7 32.1
-62.8 82.6 56.0 31.9
-62.6 82.6 55.2 31.6
-62.4 82.6 54.3 31.2
-62.2 82.6 53.4 30.9
-62.0 82.6 52.5 30.4
-61.8 82.6 51.5 30.0
-61.6 82.6 50.4 29.4
-61.4 82.6 49.3 28.9
-61.2 82.6 48.1 28.3
-61.0 82.6 46.8 27.6
-60.8 82.6 45.4 26.9
-60.6 82.6 44.0 26.1
-60.4 82.6 42.6 25.4
-60.2 82.6 41.0 24.5
-60.0 82.6 39.5 23.7
-59.8 82.6 37.9 22.8
-59.6 82.6 36.2 21.9
-59.4 82.6 34.5 21.0
-59.2 82.6 32.8 20.0
-59.0 82.6 31.1 19.1
-58.8 82.6 29.4 18.1
-58.6 82.6 27.7 17.2
-58.4 82.6 26.1 16.2
-58.2 82.6 24.4 15.3
-58.0 82.6 22.9 14.4
-57.8 82.6 21.4 13.6
-57.6 82.6 19.9 12.7
-57.4 82.6 18.5 12.0
-57.2 82.6 17.3 11.2
-57.0 82.6 16.1 10.5
-56.8 82.6 15.0 9.8
-56.6 82.6 14.0 9.2
-56.4 82.6 13.1 8.7
-56.2 82.6 12.3 8.2
-56.0 82.6 11.6 7.7
-55.8 82.6 11.0 7.3
-55.6 82.6 10.5 6.9
-55.4 82.6 10.1 6.6
-55.2 82.6 9.8 6.3
-55.0 82.6 9.5 6.1
-54.8 82.6 9.3 5.9
-54.6 82.6 9.2 5.7
-54.4 82.6 9.1 5.6
-54.2 82.6 9.1 5.5
-54.0 82.6 9.1 5.4
-53.8 82.6 9.2 5.3
-53.6 82.6 9.3 5.3
-53.4 82.6 9.4 5.3
-53.2 82.6 9.6 5.3
-53.0 82.6 9.7 5.4
-52.8 82.6 9.9 5.4
-52.6 82.6 10.2 5.5
-52.4 82.6 10.4 5.6
-52.2 82.6 10.6 5.7
-52.0 82.6 10.9 5.8
-51.8 82.6 11.1 5.9
-51.6 82.6 11.4 6.0
-51.4 82.6 11.7 6.2
-51.2 82.6 11.9 6.3
-51.0 82.6 12.2 6.4
-50.8 82.6 12.5 6.6
-50.6 82.6 12.7 6.8
-50.4 82.6 13.0 6.9
-50.2 82.6 13.3 7.1
-50.0 82.6 13.6 7.3
-49.8 82.6 13.8 7.4
-49.6 82.6 14.1 7.6
-49.4 82.6 14.4 7.8
-49.2 82.6 14.6 8.0
-49.0 82.6 14.9 8.1
-48.8 82.6 15.2 8.3
-48.6 82.6 15.4 8.5
-48.4 82.6 15.7 8.7
-48.2 82.6 15.9 8.9
-48.0 82.6 16.2 9.0
-47.8 82.6 16.4 9.2
-47.6 82.6 16.7 9.4
-47.4 82.6 16.9 9.5
-47.2 82.6 17.1 9.7
-47.0 82.6 17.4 9.8
-46.8 82.6 17.6 10.0
-46.6 82.6 17.8 10.1
-46.4 82.6 18.0 10.3
-46.2 82.6 18.2 10.4
-46.0 82.6 18.4 10.5
-45.8 82.6 18.6 10.6
-45.6 82.6 18.8 10.7
-45.4 82.6 19.0 10.8
-45.2 82.6 19.1 10.9
-45.0 82.6 19.3 10.9
-44.8 82.6 19.4 11.0
-44.6 82.6 19.6 11.0
-44.4 82.6 19.7 11.1
-44.2 82.6 19.8 11.1
-44.0 82.6 19.9 11.1
-43.8 82.6 20.0 11.1
-43.6 82.6 20.1 11.1
-43.4 82.6 20.1 11.1
-43.2 82.6 20.2 11.1
-43.0 82.6 20.2 11.0
-42.8 82.6 20.2 11.0
-42.6 82.6 20.2 10.9
-42.4 82.6 20.2 10.8
-42.2 82.6 20.1 10.8
-42.0 82.6 20.0 10.7
-41.8 82.6 19.9 10.6
-41.6 82.6 19.8 10.5
-41.4 82.6 19.6 10.3
-41.2 82.6 19.4 10.2
-41.0 82.6 19.2 10.1
-40.8 82.6 19.0 9.9
-40.6 82.6 18.7 9.8
-40.4 82.6 18.4 9.6
-40.2 82.6 18.1 9.4
-40.0 82.6 17.8 9.2
-39.8 82.6 17.5 9.1
-39.6 82.6 17.1 8.9
-39.4 82.6 16.7 8.6
-39.2 82.6 16.3 8.4
-39.0 82.6 15.9 8.2
-38.8 82.6 15.5 8.0
-38.6 82.6 15.1 7.8
-38.4 82.6 14.7 7.5
-38.2 82.6 14.3 7.3
-38.0 82.6 13.9 7.0
-37.8 82.6 13.4 6.8
-37.6 82.6 13.0 6.6
-37.4 82.6 12.6 6.3
-37.2 82.6 12.2 6.1
-37.0 82.6 11.8 5.8
-36.8 82.6 11.4 5.6
-36.6 82.6 11.1 5.4
-36.4 82.6 10.7 5.2
-36.2 82.6 10.4 5.0
-36.0 82.6 10.1 4.8
-35.8 82.6 9.8 4.6
-35.6 82.6 9.6 4.4
-35.4 82.6 9.4 4.2
-35.2 82.6 9.2 4.1
-35.0 82.6 9.0 4.0
-34.8 82.6 8.9 3.9
-34.6 82.6 8.8 3.8
-34.4 82.6 8.7 3.7
-34.2 82.6 8.7 3.7
-34.0 82.6 8.7 3.6
-33.8 82.6 8.7 3.6
-33.6 82.6 8.8 3.6
-33.4 82.6 8.9 3.6
-33.2 82.6 9.1 3.7
-33.0 82.6 9.2 3.7
-32.8 82.6 9.4 3.8
-32.6 82.6 9.6 3.9
-32.4 82.6 9.9 4.0
-32.2 82.6 10.1 4.0
-32.0 82.6 10.4 4.2
-31.8 82.6 10.6 4.3
-31.6 82.6 10.9 4.4
-31.4 82.6 11.2 4.5
-31.2 82.6 11.5 4.6
-31.0 82.6 11.7 4.7
-30.8 82.6 12.0 4.8
-30.6 82.6 12.2 4.9
-30.4 82.6 12.5 5.0
-30.2 82.6 12.7 5.1
-30.0 82.6 12.9 5.2
-29.8 82.6 13.0 5.3
-29.6 82.6 13.2 5.4
-29.4 82.6 13.3 5.4
-29.2 82.6 13.4 5.5
-29.0 82.6 13.5 5.5
-28.8 82.6 13.6 5.6
-28.6 82.6 13.7 5.6
-28.4 82.6 13.7 5.6
-28.2 82.6 13.7 5.7
-28.0 82.6 13.7 5.7
-27.8 82.6 13.7 5.7
-27.6 82.6 13.6 5.7
-27.4 82.6 13.6 5.7
-27.2 82.6 13.5 5.7
-27.0 82.6 13.4 5.7
-26.8 82.6 13.3 5.7
-26.6 82.6 13.2 5.7
-26.4 82.6 13.1 5.6
-26.2 82.6 12.9 5.6
-26.0 82.6 12.8 5.6
-25.8 82.6 12.7 5.6
-25.6 82.6 12.5 5.5
-25.4 82.6 12.4 5.5
-25.2 82.6 12.2 5.5
-25.0 82.6 12.1 5.4
-24.8 82.6 11.9 5.4
-24.6 82.6 11.8 5.4
-24.4 82.6 11.6 5.4
-24.2 82.6 11.5 5.3
-24.0 82.6 11.3 5.3
-23.8 82.6 11.2 5.3
-23.6 82.6 11.1 5.3
-23.4 82.6 10.9 5.3
-23.2 82.6 10.8 5.2
-23.0 82.6 10.7 5.2
-22.8 82.6 10.6 5.2
-22.6 82.6 10.5 5.2
-22.4 82.6 10.4 5.2
-22.2 82.6 10.3 5.2
-22.0 82.6 10.2 5.2
-21.8 82.6 10.1 5.2
-21.6 82.6 10.1 5.2
-21.4 82.6 10.0 5.2
-21.2 82.6 9.9 5.2
-21.0 82.6 9.8 5.2
-20.8 82.6 9.8 5.2
-20.6 82.6 9.7 5.1
-20.4 82.6 9.6 5.1
-20.2 82.6 9.6 5.1
-20.0 82.6 9.5 5.1
-19.8 82.6 9.5 5.1
-19.6 82.6 9.4 5.1
-19.4 82.6 9.3 5.1
-19.2 82.6 9.3 5.0
-19.0 82.6 9.2 5.0
-18.8 82.6 9.2 5.0
-18.6 82.6 9.1 4.9
-18.4 82.6 9.0 4.9
-18.2 82.6 9.0 4.8
-18.0 82.6 8.9 4.7
-17.8 82.6 8.8 4.7
-17.6 82.6 8.8 4.6
-17.4 82.6 8.7 4.5
-17.2 82.6 8.6 4.4
-17.0 82.6 8.6 4.3
-16.8 82.6 8.5 4.2
-16.6 82.6 8.4 4.1
-16.4 82.6 8.3 4.0
-16.2 82.6 8.3 3.9
-16.0 82.6 8.2 3.7
-15.8 82.6 8.1 3.6
-15.6 82.6 8.0 3.5
-15.4 82.6 7.9 3.4
-15.2 82.6 7.8 3.2
-15.0 82.6 7.7 3.1
-14.8 82.6 7.6 2.9
-14.6 82.6 7.5 2.8
-14.4 82.6 7.4 2.7
-14.2 82.6 7.3 2.5
-14.0 82.6 7.2 2.4
-13.8 82.6 7.1 2.3
-13.6 82.6 7.0 2.2
-13.4 82.6 6.9 2.0
-13.2 82.6 6.8 1.9
-13.0 82.6 6.7 1.8
-12.8 82.6 6.6 1.7
-12.6 82.6 6.5 1.6
-12.4 82.6 6.4 1.5
-12.2 82.6 6.3 1.5
-12.0 82.6 6.2 1.4
-11.8 82.6 6.1 1.3
-11.6 82.6 6.0 1.3
-11.4 82.6 5.9 1.2
-11.2 82.6 5.8 1.1
-11.0 82.6 5.8 1.1
-10.8 82.6 5.7 1.0
-10.6 82.6 5.6 1.0
-10.4 82.6 5.6 1.0
-10.2 82.6 5.5 1.0
-10.0 82.6 5.4 1.0
-9.8 82.6 5.4 1.0
-9.6 82.6 5.4 1.0
-9.4 82.6 5.3 1.0
-9.2 82.6 5.3 1.0
-9.0 82.6 5.2 1.0
-8.8 82.6 5.2 1.0
-8.6 82.6 5.2 1.0
-8.4 82.6 5.2 1.0
-8.2 82.6 5.1 1.0
-8.0 82.6 5.1 1.0
-7.8 82.6 5.1 1.0
-7.6 82.6 5.1 1.0
-7.4 82.6 5.1 1.0
-7.2 82.6 5.1 1.0
-7.0 82.6 5.1 1.0
-6.8 82.6 5.1 1.0
-6.6 82.6 5.1 1.0
-6.4 82.6 5.0 1.0
-6.2 82.6 5.0 1.0
-6.0 82.6 5.0 1.0
-5.8 82.6 5.0 1.0
-5.6 82.6 5.0 1.0
-5.4 82.6 5.0 1.0
-5.2 82.6 5.0 1.0
-5.0 82.6 5.0 1.0
-4.8 82.6 5.0 1.0
-4.6 82.6 5.0 1.0
-4.4 82.6 5.0 1.0
-4.2 82.6 5.0 1.0
-4.0 82.6 5.0 1.0
-3.8 82.6 5.0 1.0
-3.6 82.6 5.0 1.0
-3.4 82.6 5.0 1.0
-3.2 82.6 5.0 1.0
-3.0 82.6 5.0 1.0
-2.8 82.6 5.0 1.0
-2.6 82.6 5.0 1.0
-2.4 82.6 5.0 1.0
-2.2 82.6 5.0 1.0
-2.0 82.6 5.0 1.0
-1.8 82.6 5.0 1.0
-1.6 82.6 5.0 1.0
-1.4 82.6 5.0 1.0
-1.2 82.6 5.0 1.0
-1.0 82.6 5.0 1.0
-0.8 82.6 5.0 1.0
-0.6 82.6 5.0 1.0
-0.4 82.6 5.0 1.0
-0.2 82.6 5.0 1.0
0.0 82.6 5.0 1.0
0.0 82.4 5.0 1.0
0.2 82.4 5.0 1.0
0.4 82.4 5.0 1.0
0.6 82.4 5.0 1.0
0.8 82.4 5.0 1.0
1.0 82.4 5.0 1.0
1.2 82.4 5.0 1.2
1.4 82.4 5.0 1.4
1.6 82.4 5.0 1.6
1.8 82.4 5.0 1.8
2.0 82.4 5.0 2.0
2.2 82.4 5.0 2.2
2.4 82.4 5.0 2.4
2.6 82.4 5.0 2.6
2.8 82.4 5.0 2.8
3.0 82.4 5.0 3.0
3.2 82.4 5.0 3.2
3.4 82.4 5.0 3.4
3.6 82.4 5.0 3.6
3.8 82.4 5.0 3.8
4.0 82.4 5.0 4.0
4.2 82.4 5.0 4.2
4.4 82.4 5.0 4.4
4.6 82.4 5.0 4.6
4.8 82.4 5.0 4.8
5.0 82.4 5.0 5.0
5.2 82.4 5.0 5.2
5.4 82.4 5.0 5.4
5.6 82.4 5.0 5.6
5.8 82.4 5.0 5.8
6.0 82.4 5.0 6.0
6.2 82.4 5.0 6.2
6.4 82.4 5.0 6.4
6.6 82.4 5.0 6.6
6.8 82.4 5.0 6.8
7.0 82.4 5.0 7.0
7.2 82.4 5.0 7.2
7.4 82.4 5.0 7.4
7.6 82.4 5.0 7.6
7.8 82.4 5.0 7.8
8.0 82.4 5.0 8.0
8.2 82.4 5.0 8.2
8.4 82.4 5.0 8.4
8.6 82.4 5.0 8.6
8.8 82.4 5.0 8.8
9.0 82.4 5.0 9.0
9.2 82.4 5.0 9.2
9.4 82.4 5.0 9.4
9.6 82.4 5.0 9.6
9.8 82.4 5.0 9.8
10.0 82.4 5.0 10.0
10.2 82.4 5.0 10.2
10.4 82.4 5.0 10.4
10.6 82.4 5.0 10.6
10.8 82.4 5.0 10.8
11.0 82.4 5.0 1.0
11.2 82.4 5.2 1.0
11.4 82.4 5.3 1.0
11.6 82.4 5.5 1.0
-96.6 82.4 15.6 1.0
-96.4 82.4 15.5 1.0
-96.2 82.4 15.4 1.0
-96.0 82.4 15.3 1.0
-95.8 82.4 15.1 1.0
-95.6 82.4 14.9 1.0
-95.4 82.4 14.8 1.0
-95.2 82.4 14.6 1.0
-95.0 82.4 14.4 1.0
-94.8 82.4 14.1 1.0
-94.6 82.4 13.9 1.0
-94.4 82.4 13.7 1.1
-94.2 82.4 13.5 1.3
-94.0 82.4 13.4 1.5
-93.8 82.4 13.2 1.7
-93.6 82.4 13.1 1.9
-93.4 82.4 13.0 2.1
-93.2 82.4 12.9 2.3
-93.0 82.4 12.8 2.5
-92.8 82.4 12.8 2.6
-92.6 82.4 12.9 2.7
-92.4 82.4 12.9 2.8
-92.2 82.4 13.1 2.9
-92.0 82.4 13.2 3.0
-91.8 82.4 13.4 3.1
-91.6 82.4 13.7 3.2
-91.4 82.4 14.0 3.2
-91.2 82.4 14.3 3.3
-91.0 82.4 14.7 3.3
-90.8 82.4 15.1 3.3
-90.6 82.4 15.5 3.3
-90.4 82.4 16.0 3.3
-90.2 82.4 16.4 3.4
-90.0 82.4 16.9 3.4
-89.8 82.4 17.4 3.4
-89.6 82.4 17.9 3.4
-89.4 82.4 18.4 3.4
-89.2 82.4 18.9 3.4
-89.0 82.4 19.3 3.4
-88.8 82.4 19.7 3.4
-88.6 82.4 20.1 3.4
-88.4 82.4 20.5 3.4
-88.2 82.4 20.8 3.4
-88.0 82.4 21.1 3.5
-87.8 82.4 21.3 3.5
-87.6 82.4 21.5 3.5
-87.4 82.4 21.7 3.5
-87.2 82.4 21.8 3.6
-87.0 82.4 21.8 3.6
-86.8 82.4 21.8 3.6
-86.6 82.4 21.8 3.7
-86.4 82.4 21.7 3.7
-86.2 82.4 21.6 3.7
-86.0 82.4 21.4 3.8
-85.8 82.4 21.2 3.8
-85.6 82.4 21.0 3.9
-85.4 82.4 20.7 3.9
-85.2 82.4 20.4 4.0
-85.0 82.4 20.0 4.0
-84.8 82.4 19.7 4.1
-84.6 82.4 19.3 4.1
-84.4 82.4 19.0 4.2
-84.2 82.4 18.6 4.2
-84.0 82.4 18.2 4.3
-83.8 82.4 17.8 4.3
-83.6 82.4 17.4 4.4
-83.4 82.4 17.0 4.4
-83.2 82.4 16.7 4.5
-83.0 82.4 16.3 4.5
-82.8 82.4 16.0 4.6
-82.6 82.4 15.6 4.6
-82.4 82.4 15.3 4.6
-82.2 82.4 15.0 4.7
-82.0 82.4 14.8 4.7
-81.8 82.4 14.5 4.8
-81.6 82.4 14.3 4.8
-81.4 82.4 14.1 4.9
-81.2 82.4 13.9 4.9
-81.0 82.4 13.8 5.0
-80.8 82.4 13.6 5.1
-80.6 82.4 13.5 5.2
-80.4 82.4 13.4 5.3
-80.2 82.4 13.4 5.4
-80.0 82.4 13.3 5.5
-79.8 82.4 13.3 5.6
-79.6 82.4 13.4 5.8
-79.4 82.4 13.4 6.0
-79.2 82.4 13.5 6.2
-79.0 82.4 13.6 6.4
-78.8 82.4 13.8 6.7
-78.6 82.4 14.0 6.9
-78.4 82.4 14.2 7.2
-78.2 82.4 14.5 7.6
-78.0 82.4 14.9 8.0
-77.8 82.4 15.3 8.4
-77.6 82.4 15.7 8.8
-77.4 82.4 16.2 9.3
-77.2 82.4 16.8 9.8
-77.0 82.4 17.4 10.4
-76.8 82.4 18.1 11.0
-76.6 82.4 18.9 11.6
-76.4 82.4 19.7 12.3
-76.2 82.4 20.6 13.0
-76.0 82.4 21.5 13.7
-75.8 82.4 22.6 14.5
-75.6 82.4 23.7 15.2
-75.4 82.4 24.8 16.0
-75.2 82.4 26.0 16.8
-75.0 82.4 27.3 17.7
-74.8 82.4 28.6 18.5
-74.6 82.4 30.0 19.3
-74.4 82.4 31.4 20.2
-74.2 82.4 32.9 21.0
-74.0 82.4 34.4 21.8
-73.8 82.4 35.9 22.6
-73.6 82.4 37.5 23.4
-73.4 82.4 39.0 24.1
-73.2 82.4 40.6 24.9
-73.0 82.4 42.2 25.6
-72.8 82.4 43.7 26.2
-72.6 82.4 45.3 26.9
-72.4 82.4 46.8 27.5
-72.2 82.4 48.3 28.0
-72.0 82.4 49.8 28.5
-71.8 82.4 51.3 29.0
-71.6 82.4 52.7 29.5
-71.4 82.4 54.1 29.9
-71.2 82.4 55.4 30.3
-71.0 82.4 56.7 30.6
-70.8 82.4 57.9 30.9
-70.6 82.4 59.1 31.2
-70.4 82.4 60.3 31.5
-70.2 82.4 61.3 31.7
-70.0 82.4 62.3 31.9
-69.8 82.4 63.3 32.1
-69.6 82.4 64.2 32.3
-69.4 82.4 65.0 32.5
-69.2 82.4 65.8 32.6
-69.0 82.4 66.5 32.7
-68.8 82.4 67.2 32.9
-68.6 82.4 67.8 33.0
-68.4 82.4 68.3 33.1
-68.2 82.4 68.8 33.2
-68.0 82.4 69.2 33.3
-67.8 82.4 69.6 33.4
-67.6 82.4 69.9 33.5
-67.4 82.4 70.2 33.6
-67.2 82.4 70.4 33.7
-67.0 82.4 70.5 33.8
-66.8 82.4 70.6 33.9
-66.6 82.4 70.6 34.0
-66.4 82.4 70.7 34.1
-66.2 82.4 70.6 34.2
-66.0 82.4 70.5 34.3
-65.8 82.4 70.4 34.3
-65.6 82.4 70.3 34.4
-65.4 82.4 70.1 34.5
-65.2 82.4 69.9 34.5
-65.0 82.4 69.6 34.6
-64.8 82.4 69.3 34.6
-64.6 82.4 69.0 34.6
-64.4 82.4 68.7 34.6
-64.2 82.4 68.4 34.6
-64.0 82.4 68.0 34.6
-63.8 82.4 67.6 34.6
-63.6 82.4 67.1 34.5
-63.4 82.4 66.7 34.5
-63.2 82.4 66.2 34.4
-63.0 82.4 65.6 34.2
-62.8 82.4 65.1 34.1
-62.6 82.4 64.5 33.9
-62.4 82.4 63.8 33.7
-62.2 82.4 63.0 33.4
-62.0 82.4 62.3 33.1
-61.8 82.4 61.4 32.7
-61.6 82.4 60.4 32.3
-61.4 82.4 59.4 31.9
-61.2 82.4 58.3 31.4
-61.0 82.4 57.1 30.9
-60.8 82.4 55.8 30.3
-60.6 82.4 54.4 29.7
-60.4 82.4 52.9 29.0
-60.2 82.4 51.3 28.3
-60.0 82.4 49.7 27.5
-59.8 82.4 47.9 26.7
-59.6 82.4 46.1 25.8
-59.4 82.4 44.2 25.0
-59.2 82.4 42.2 24.0
-59.0 82.4 40.3 23.1
-58.8 82.4 38.2 22.1
-58.6 82.4 36.2 21.2
-58.4 82.4 34.1 20.2
-58.2 82.4 32.1 19.2
-58.0 82.4 30.1 18.3
-57.8 82.4 28.2 17.3
-57.6 82.4 26.3 16.4
-57.4 82.4 24.5 15.4
-57.2 82.4 22.8 14.5
-57.0 82.4 21.1 13.7
-56.8 82.4 19.6 12.9
-56.6 82.4 18.2 12.1
-56.4 82.4 16.9 11.3
-56.2 82.4 15.7 10.6
-56.0 82.4 14.6 10.0
-55.8 82.4 13.7 9.4
-55.6 82.4 12.9 8.9
-55.4 82.4 12.2 8.4
-55.2 82.4 11.6 8.0
-55.0 82.4 11.1 7.6
-54.8 82.4 10.7 7.3
-54.6 82.4 10.4 7.0
-54.4 82.4 10.2 6.7
-54.2 82.4 10.1 6.6
-54.0 82.4 10.1 6.4
-53.8 82.4 10.1 6.3
-53.6 82.4 10.2 6.3
-53.4 82.4 10.3 6.2
-53.2 82.4 10.5 6.2
-53.0 82.4 10.7 6.3
-52.8 82.4 11.0 6.4
-52.6 82.4 11.3 6.5
-52.4 82.4 11.6 6.6
-52.2 82.4 11.9 6.7
-52.0 82.4 12.3 6.9
-51.8 82.4 12.7 7.1
-51.6 82.4 13.0 7.3
-51.4 82.4 13.4 7.5
-51.2 82.4 13.8 7.8
-51.0 82.4 14.2 8.0
-50.8 82.4 14.6 8.2
-50.6 82.4 15.0 8.5
-50.4 82.4 15.4 8.7
-50.2 82.4 15.8 9.0
-50.0 82.4 16.2 9.2
-49.8 82.4 16.5 9.5
-49.6 82.4 16.9 9.7
-49.4 82.4 17.3 9.9
-49.2 82.4 17.6 10.2
-49.0 82.4 18.0 10.4
-48.8 82.4 18.3 10.6
-48.6 82.4 18.6 10.9
-48.4 82.4 18.9 11.1
-48.2 82.4 19.2 11.3
-48.0 82.4 19.5 11.4
-47.8 82.4 19.7 11.6
-47.6 82.4 20.0 11.8
-47.4 82.4 20.2 11.9
-47.2 82.4 20.5 12.1
-47.0 82.4 20.7 12.2
-46.8 82.4 20.9 12.3
-46.6 82.4 21.1 12.4
-46.4 82.4 21.3 12.5
-46.2 82.4 21.5 12.6
-46.0 82.4 21.6 12.7
-45.8 82.4 21.8 12.7
-45.6 82.4 21.9 12.8
-45.4 82.4 22.1 12.8
-45.2 82.4 22.2 12.8
-45.0 82.4 22.3 12.8
-44.8 82.4 22.4 12.8
-44.6 82.4 22.5 12.8
-44.4 82.4 22.6 12.8
-44.2 82.4 22.7 12.8
-44.0 82.4 22.8 12.7
-43.8 82.4 22.8 12.7
-43.6 82.4 22.9 12.6
-43.4 82.4 22.9 12.5
-43.2 82.4 22.9 12.5
-43.0 82.4 22.9 12.4
-42.8 82.4 22.9 12.3
-42.6 82.4 22.9 12.2
-42.4 82.4 22.8 12.1
-42.2 82.4 22.7 12.0
-42.0 82.4 22.6 11.9
-41.8 82.4 22.5 11.7
-41.6 82.4 22.4 11.6
-41.4 82.4 22.3 11.5
-41.2 82.4 22.1 11.3
-41.0 82.4 21.9 11.2
-40.8 82.4 21.7 11.0
-40.6 82.4 21.4 10.9
-40.4 82.4 21.2 10.7
-40.2 82.4 20.9 10.6
-40.0 82.4 20.6 10.4
-39.8 82.4 20.3 10.2
-39.6 82.4 20.0 10.0
-39.4 82.4 19.6 9.9
-39.2 82.4 19.3 9.7
-39.0 82.4 18.9 9.5
-38.8 82.4 18.5 9.3
-38.6 82.4 18.1 9.1
-38.4 82.4 17.7 8.8
-38.2 82.4 17.3 8.6
-38.0 82.4 16.9 8.4
-37.8 82.4 16.5 8.2
-37.6 82.4 16.1 8.0
-37.4 82.4 15.7 7.8
-37.2 82.4 15.3 7.5
-37.0 82.4 14.8 7.3
-36.8 82.4 14.4 7.1
-36.6 82.4 14.0 6.8
-36.4 82.4 13.6 6.6
-36.2 82.4 13.3 6.4
-36.0 82.4 12.9 6.2
-35.8 82.4 12.6 6.0
-35.6 82.4 12.3 5.8
-35.4 82.4 12.0 5.6
-35.2 82.4 11.8 5.4
-35.0 82.4 11.5 5.3
-34.8 82.4 11.4 5.1
-34.6 82.4 11.2 5.0
-34.4 82.4 11.2 4.9
-34.2 82.4 11.1 4.8
-34.0 82.4 11.1 4.8
-33.8 82.4 11.1 4.7
-33.6 82.4 11.2 4.7
-33.4 82.4 11.4 4.7
-33.2 82.4 11.5 4.7
-33.0 82.4 11.7 4.7
-32.8 82.4 12.0 4.7
-32.6 82.4 12.3 4.7
-32.4 82.4 12.5 4.8
-32.2 82.4 12.9 4.9
-32.0 82.4 13.2 5.0
-31.8 82.4 13.6 5.0
-31.6 82.4 13.9 5.1
-31.4 82.4 14.3 5.2
-31.2 82.4 14.6 5.3
-31.0 82.4 15.0 5.4
-30.8 82.4 15.3 5.5
-30.6 82.4 15.6 5.6
-30.4 82.4 15.9 5.7
-30.2 82.4 16.2 5.8
-30.0 82.4 16.5 5.9
-29.8 82.4 16.7 6.0
-29.6 82.4 16.9 6.0
-29.4 82.4 17.0 6.1
-29.2 82.4 17.2 6.1
-29.0 82.4 17.3 6.2
-28.8 82.4 17.4 6.2
-28.6 82.4 17.4 6.3
-28.4 82.4 17.4 6.3
-28.2 82.4 17.4 6.3
-28.0 82.4 17.4 6.3
-27.8 82.4 17.3 6.3
-27.6 82.4 17.2 6.3
-27.4 82.4 17.1 6.3
-27.2 82.4 17.0 6.3
-27.0 82.4 16.8 6.3
-26.8 82.4 16.6 6.3
-26.6 82.4 16.4 6.3
-26.4 82.4 16.2 6.2
-26.2 82.4 16.0 6.2
-26.0 82.4 15.7 6.2
-25.8 82.4 15.5 6.1
-25.6 82.4 15.2 6.1
-25.4 82.4 15.0 6.0
-25.2 82.4 14.7 6.0
-25.0 82.4 14.5 6.0
-24.8 82.4 14.2 5.9
-24.6 82.4 14.0 5.9
-24.4 82.4 13.7 5.9
-24.2 82.4 13.5 5.8
-24.0 82.4 13.2 5.8
-23.8 82.4 13.0 5.8
-23.6 82.4 12.8 5.7
-23.4 82.4 12.6 5.7
-23.2 82.4 12.4 5.7
-23.0 82.4 12.2 5.7
-22.8 82.4 12.1 5.6
-22.6 82.4 11.9 5.6
-22.4 82.4 11.8 5.6
-22.2 82.4 11.6 5.6
-22.0 82.4 11.5 5.6
-21.8 82.4 11.4 5.6
-21.6 82.4 11.2 5.6
-21.4 82.4 11.1 5.6
-21.2 82.4 11.0 5.6
-21.0 82.4 10.9 5.6
-20.8 82.4 10.9 5.6
-20.6 82.4 10.8 5.6
-20.4 82.4 10.7 5.6
-20.2 82.4 10.6 5.6
-20.0 82.4 10.5 5.6
-19.8 82.4 10.5 5.6
-19.6 82.4 10.4 5.6
-19.4 82.4 10.3 5.5
-19.2 82.4 10.3 5.5
-19.0 82.4 10.2 5.5
-18.8 82.4 10.2 5.5
-18.6 82.4 10.1 5.4
-18.4 82.4 10.0 5.4
-18.2 82.4 10.0 5.3
-18.0 82.4 9.9 5.3
-17.8 82.4 9.8 5.2
-17.6 82.4 9.8 5.2
-17.4 82.4 9.7 5.1
-17.2 82.4 9.6 5.0
-17.0 82.4 9.5 4.9
-16.8 82.4 9.5 4.8
-16.6 82.4 9.4 4.7
-16.4 82.4 9.3 4.6
-16.2 82.4 9.2 4.4
-16.0 82.4 9.1 4.3
-15.8 82.4 9.0 4.2
-15.6 82.4 8.9 4.0
-15.4 82.4 8.8 3.9
-15.2 82.4 8.6 3.8
-15.0 82.4 8.5 3.6
-14.8 82.4 8.4 3.5
-14.6 82.4 8.3 3.3
-14.4 82.4 8.1 3.2
-14.2 82.4 8.0 3.0
-14.0 82.4 7.9 2.9
-13.8 82.4 7.7 2.8
-13.6 82.4 7.6 2.6
-13.4 82.4 7.5 2.5
-13.2 82.4 7.3 2.4
-13.0 82.4 7.2 2.3
-12.8 82.4 7.0 2.1
-12.6 82.4 6.9 2.0
-12.4 82.4 6.8 1.9
-12.2 82.4 6.6 1.9
-12.0 82.4 6.5 1.8
-11.8 82.4 6.4 1.7
-11.6 82.4 6.3 1.6
-11.4 82.4 6.1 1.5
-11.2 82.4 6.0 1.5
-11.0 82.4 5.9 1.4
-10.8 82.4 5.8 1.4
-10.6 82.4 5.8 1.3
-10.4 82.4 5.7 1.3
-10.2 82.4 5.6 1.2
-10.0 82.4 5.5 1.2
-9.8 82.4 5.5 1.2
-9.6 82.4 5.4 1.1
-9.4 82.4 5.4 1.1
-9.2 82.4 5.3 1.1
-9.0 82.4 5.3 1.1
-8.8 82.4 5.2 1.0
-8.6 82.4 5.2 1.0
-8.4 82.4 5.2 1.0
-8.2 82.4 5.2 1.0
-8.0 82.4 5.1 1.0
-7.8 82.4 5.1 1.0
-7.6 82.4 5.1 1.0
-7.4 82.4 5.1 1.0
-7.2 82.4 5.1 1.0
-7.0 82.4 5.1 1.0
-6.8 82.4 5.1 1.0
-6.6 82.4 5.1 1.0
-6.4 82.4 5.0 1.0
-6.2 82.4 5.0 1.0
-6.0 82.4 5.0 1.0
-5.8 82.4 5.0 1.0
-5.6 82.4 5.0 1.0
-5.4 82.4 5.0 1.0
-5.2 82.4 5.0 1.0
-5.0 82.4 5.0 1.0
-4.8 82.4 5.0 1.0
-4.6 82.4 5.0 1.0
-4.4 82.4 5.0 1.0
-4.2 82.4 5.0 1.0
-4.0 82.4 5.0 1.0
-3.8 82.4 5.0 1.0
-3.6 82.4 5.0 1.0
-3.4 82.4 5.0 1.0
-3.2 82.4 5.0 1.0
-3.0 82.4 5.0 1.0
-2.8 82.4 5.0 1.0
-2.6 82.4 5.0 1.0
-2.4 82.4 5.0 1.0
-2.2 82.4 5.0 1.0
-2.0 82.4 5.0 1.0
-1.8 82.4 5.0 1.0
-1.6 82.4 5.0 1.0
-1.4 82.4 5.0 1.0
-1.2 82.4 5.0 1.0
-1.0 82.4 5.0 1.0
-0.8 82.4 5.0 1.0
-0.6 82.4 5.0 1.0
-0.4 82.4 5.0 1.0
-0.2 82.4 5.0 1.0
0.0 82.4 5.0 1.0
0.0 82.2 5.0 1.0
0.2 82.2 5.0 1.0
0.4 82.2 5.0 1.0
0.6 82.2 5.0 1.0
0.8 82.2 5.0 1.0
1.0 82.2 5.0 1.0
1.2 82.2 5.0 1.2
1.4 82.2 5.0 1.4
1.6 82.2 5.0 1.6
1.8 82.2 5.0 1.8
2.0 82.2 5.0 2.0
2.2 82.2 5.0 2.2
2.4 82.2 5.0 2.4
2.6 82.2 5.0 2.6
2.8 82.2 5.0 2.8
3.0 82.2 5.0 3.0
3.2 82.2 5.0 3.2
3.4 82.2 5.0 3.4
3.6 82.2 5.0 3.6
3.8 82.2 5.0 3.8
4.0 82.2 5.0 4.0
4.2 82.2 5.0 4.2
4.4 82.2 5.0 4.4
4.6 82.2 5.0 4.6
4.8 82.2 5.0 4.8
5.0 82.2 5.0 5.0
5.2 82.2 5.0 5.2
5.4 82.2 5.0 5.4
5.6 82.2 5.0 5.6
5.8 82.2 5.0 5.8
6.0 82.2 5.0 6.0
6.2 82.2 5.0 6.2
6.4 82.2 5.0 6.4
6.6 82.2 5.0 6.6
6.8 82.2 5.0 6.8
7.0 82.2 5.0 7.0
7.2 82.2 5.0 7.2
7.4 82.2 5.0 7.4
7.6 82.2 5.0 7.6
7.8 82.2 5.0 7.8
8.0 82.2 5.0 8.0
8.2 82.2 5.0 8.2
8.4 82.2 5.0 8.4
8.6 82.2 5.0 8.6
8.8 82.2 5.0 8.8
9.0 82.2 5.0 9.0
9.2 82.2 5.0 9.2
9.4 82.2 5.0 9.4
9.6 82.2 5.0 9.6
9.8 82.2 5.0 9.8
10.0 82.2 5.0 10.0
10.2 82.2 5.0 10.2
10.4 82.2 5.0 10.4
10.6 82.2 5.0 10.6
10.8 82.2 5.0 10.8
11.0 82.2 5.0 1.0
11.2 82.2 5.2 1.0
11.4 82.2 5.3 1.0
11.6 82.2 5.5 1.0
11.8 82.2 5.7 1.0
12.0 82.2 5.9 1.0
12.2 82.2 6.1 1.0
12.4 82.2 6.3 1.0
12.6 82.2 6.5 1.0
12.8 82.2 6.7 1.0
-97.8 82.2 15.8 1.0
-97.6 82.2 15.9 1.0
-97.4 82.2 16.0 1.0
-97.2 82.2 16.1 1.0
-97.0 82.2 16.1 1.0
-96.8 82.2 16.2 1.0
-96.6 82.2 16.2 1.0
-96.4 82.2 16.1 1.0
-96.2 82.2 16.1 1.0
-96.0 82.2 16.0 1.0
-95.8 82.2 15.9 1.2
-95.6 82.2 15.8 1.4
-95.4 82.2 15.7 1.5
-95.2 82.2 15.5 1.7
-95.0 82.2 15.4 1.9
-94.8 82.2 15.3 2.1
-94.6 82.2 15.2 2.3
-94.4 82.2 15.0 2.5
-94.2 82.2 14.9 2.6
-94.0 82.2 14.8 2.8
-93.8 82.2 14.8 3.0
-93.6 82.2 14.7 3.1
-93.4 82.2 14.7 3.2
-93.2 82.2 14.7 3.3
-93.0 82.2 14.7 3.5
-92.8 82.2 14.7 3.5
-92.6 82.2 14.8 3.6
-92.4 82.2 15.0 3.7
-92.2 82.2 15.1 3.8
-92.0 82.2 15.3 3.8
-91.8 82.2 15.5 3.8
-91.6 82.2 15.8 3.9
-91.4 82.2 16.0 3.9
-91.2 82.2 16.3 3.9
-91.0 82.2 16.6 3.9
-90.8 82.2 16.9 3.8
-90.6 82.2 17.3 3.8
-90.4 82.2 17.6 3.8
-90.2 82.2 18.0 3.8
-90.0 82.2 18.3 3.8
-89.8 82.2 18.7 3.7
-89.6 82.2 19.0 3.7
-89.4 82.2 19.3 3.7
-89.2 82.2 19.6 3.7
-89.0 82.2 19.9 3.6
-88.8 82.2 20.1 3.6
-88.6 82.2 20.4 3.6
-88.4 82.2 20.6 3.6
-88.2 82.2 20.7 3.6
-88.0 82.2 20.8 3.6
-87.8 82.2 20.9 3.6
-87.6 82.2 21.0 3.6
-87.4 82.2 21.0 3.6
-87.2 82.2 21.0 3.6
-87.0 82.2 20.9 3.6
-86.8 82.2 20.8 3.6
-86.6 82.2 20.6 3.6
-86.4 82.2 20.5 3.7
-86.2 82.2 20.2 3.7
-86.0 82.2 20.0 3.7
-85.8 82.2 19.7 3.8
-85.6 82.2 19.4 3.8
-85.4 82.2 19.1 3.8
-85.2 82.2 18.7 3.9
-85.0 82.2 18.4 3.9
-84.8 82.2 18.0 4.0
-84.6 82.2 17.6 4.0
-84.4 82.2 17.2 4.1
-84.2 82.2 16.9 4.1
-84.0 82.2 16.5 4.2
-83.8 82.2 16.1 4.3
-83.6 82.2 15.8 4.3
-83.4 82.2 15.4 4.4
-83.2 82.2 15.1 4.5
-83.0 82.2 14.8 4.5
-82.8 82.2 14.5 4.6
-82.6 82.2 14.3 4.7
-82.4 82.2 14.1 4.8
-82.2 82.2 13.9 4.9
-82.0 82.2 13.7 5.0
-81.8 82.2 13.6 5.1
-81.6 82.2 13.5 5.2
-81.4 82.2 13.5 5.3
-81.2 82.2 13.5 5.4
-81.0 82.2 13.5 5.6
-80.8 82.2 13.5 5.8
-80.6 82.2 13.6 5.9
-80.4 82.2 13.8 6.1
-80.2 82.2 13.9 6.4
-80.0 82.2 14.1 6.6
-79.8 82.2 14.4 6.9
-79.6 82.2 14.7 7.2
-79.4 82.2 15.1 7.5
-79.2 82.2 15.5 7.8
-79.0 82.2 15.9 8.2
-78.8 82.2 16.4 8.6
-78.6 82.2 17.0 9.1
-78.4 82.2 17.6 9.6
-78.2 82.2 18.3 10.1
-78.0 82.2 19.0 10.6
-77.8 82.2 19.9 11.2
-77.6 82.2 20.7 11.8
-77.4 82.2 21.6 12.5
-77.2 82.2 22.6 13.2
-77.0 82.2 23.7 13.9
-76.8 82.2 24.8 14.6
-76.6 82.2 26.0 15.4
-76.4 82.2 27.2 16.2
-76.2 82.2 28.5 17.0
-76.0 82.2 29.9 17.8
-75.8 82.2 31.3 18.7
-75.6 82.2 32.7 19.5
-75.4 82.2 34.2 20.4
-75.2 82.2 35.7 21.2
-75.0 82.2 37.2 22.0
-74.8 82.2 38.7 22.9
-74.6 82.2 40.3 23.7
-74.4 82.2 41.9 24.4
-74.2 82.2 43.5 25.2
-74.0 82.2 45.0 25.9
-73.8 82.2 46.6 26.6
-73.6 82.2 48.2 27.3
-73.4 82.2 49.7 27.9
-73.2 82.2 51.2 28.5
-73.0 82.2 52.7 29.1
-72.8 82.2 54.1 29.6
-72.6 82.2 55.5 30.1
-72.4 82.2 56.9 30.5
-72.2 82.2 58.2 30.9
-72.0 82.2 59.5 31.3
-71.8 82.2 60.7 31.6
-71.6 82.2 61.9 31.9
-71.4 82.2 63.0 32.2
-71.2 82.2 64.1 32.4
-71.0 82.2 65.1 32.6
-70.8 82.2 66.0 32.8
-70.6 82.2 66.9 32.9
-70.4 82.2 67.8 33.1
-70.2 82.2 68.6 33.2
-70.0 82.2 69.3 33.3
-69.8 82.2 70.0 33.4
-69.6 82.2 70.6 33.5
-69.4 82.2 71.2 33.6
-69.2 82.2 71.8 33.6
-69.0 82.2 72.3 33.7
-68.8 82.2 72.7 33.7
-68.6 82.2 73.1 33.8
-68.4 82.2 73.5 33.8
-68.2 82.2 73.8 33.9
-68.0 82.2 74.1 33.9
-67.8 82.2 74.3 34.0
-67.6 82.2 74.5 34.0
-67.4 82.2 74.6 34.1
-67.2 82.2 74.8 34.1
-67.0 82.2 74.8 34.2
-66.8 82.2 74.9 34.3
-66.6 82.2 74.9 34.3
-66.4 82.2 74.9 34.4
-66.2 82.2 74.9 34.5
-66.0 82.2 74.8 34.5
-65.8 82.2 74.7 34.6
-65.6 82.2 74.6 34.7
-65.4 82.2 74.5 34.8
-65.2 82.2 74.4 34.8
-65.0 82.2 74.2 34.9
-64.8 82.2 74.1 34.9
-64.6 82.2 73.9 35.0
-64.4 82.2 73.7 35.0
-64.2 82.2 73.5 35.1
-64.0 82.2 73.3 35.1
-63.8 82.2 73.0 35.1
-63.6 82.2 72.8 35.2
-63.4 82.2 72.5 35.2
-63.2 82.2 72.2 35.1
-63.0 82.2 71.9 35.1
-62.8 82.2 71.6 35.1
-62.6 82.2 71.2 35.0
-62.4 82.2 70.8 34.9
-62.2 82.2 70.3 34.7
-62.0 82.2 69.7 34.6
-61.8 82.2 69.1 34.4
-61.6 82.2 68.4 34.2
-61.4 82.2 67.7 33.9
-61.2 82.2 66.8 33.6
-61.0 82.2 65.8 33.2
-60.8 82.2 64.7 32.9
-60.6 82.2 63.6 32.4
-60.4 82.2 62.2 31.9
-60.2 82.2 60.8 31.4
-60.0 82.2 59.3 30.8
-59.8 82.2 57.6 30.2
-59.6 82.2 55.9 29.5
-59.4 82.2 54.0 28.8
-59.2 82.2 52.1 28.0
-59.0 82.2 50.0 27.2
-58.8 82.2 47.9 26.4
-58.6 82.2 45.7 25.5
-58.4 82.2 43.5 24.6
-58.2 82.2 41.3 23.7
-58.0 82.2 39.1 22.8
-57.8 82.2 36.9 21.8
-57.6 82.2 34.7 20.8
-57.4 82.2 32.6 19.9
-57.2 82.2 30.5 18.9
-57.0 82.2 28.5 17.9
-56.8 82.2 26.6 17.0
-56.6 82.2 24.9 16.1
-56.4 82.2 23.2 15.2
-56.2 82.2 21.6 14.4
-56.0 82.2 20.2 13.6
-55.8 82.2 18.9 12.9
-55.6 82.2 17.8 12.2
-55.4 82.2 16.8 11.5
-55.2 82.2 15.9 11.0
-55.0 82.2 15.2 10.4
-54.8 82.2 14.6 10.0
-54.6 82.2 14.1 9.6
-54.4 82.2 13.7 9.3
-54.2 82.2 13.5 9.0
-54.0 82.2 13.3 8.8
-53.8 82.2 13.3 8.6
-53.6 82.2 13.3 8.5
-53.4 82.2 13.5 8.5
-53.2 82.2 13.7 8.5
-53.0 82.2 14.0 8.6
-52.8 82.2 14.3 8.7
-52.6 82.2 14.7 8.8
-52.4 82.2 15.1 9.0
-52.2 82.2 15.6 9.2
-52.0 82.2 16.1 9.5
-51.8 82.2 16.6 9.8
-51.6 82.2 17.1 10.1
-51.4 82.2 17.7 10.4
-51.2 82.2 18.2 10.7
-51.0 82.2 18.8 11.0
-50.8 82.2 19.3 11.3
-50.6 82.2 19.8 11.7
-50.4 82.2 20.3 12.0
-50.2 82.2 20.8 12.3
-50.0 82.2 21.3 12.7
-49.8 82.2 21.8 13.0
-49.6 82.2 22.2 13.3
-49.4 82.2 22.7 13.6
-49.2 82.2 23.0 13.8
-49.0 82.2 23.4 14.1
-48.8 82.2 23.8 14.3
-48.6 82.2 24.1 14.5
-48.4 82.2 24.3 14.7
-48.2 82.2 24.6 14.9
-48.0 82.2 24.8 15.0
-47.8 82.2 25.1 15.2
-47.6 82.2 25.2 15.3
-47.4 82.2 25.4 15.3
-47.2 82.2 25.6 15.4
-47.0 82.2 25.7 15.5
-46.8 82.2 25.8 15.5
-46.6 82.2 25.9 15.5
-46.4 82.2 26.0 15.5
-46.2 82.2 26.0 15.5
-46.0 82.2 26.1 15.5
-45.8 82.2 26.1 15.4
-45.6 82.2 26.2 15.3
-45.4 82.2 26.2 15.3
-45.2 82.2 26.2 15.2
-45.0 82.2 26.2 15.1
-44.8 82.2 26.2 15.0
-44.6 82.2 26.2 14.9
-44.4 82.2 26.2 14.8
-44.2 82.2 26.2 14.7
-44.0 82.2 26.1 14.6
-43.8 82.2 26.1 14.4
-43.6 82.2 26.0 14.3
-43.4 82.2 26.0 14.2
-43.2 82.2 25.9 14.0
-43.0 82.2 25.8 13.9
-42.8 82.2 25.8 13.7
-42.6 82.2 25.7 13.6
-42.4 82.2 25.6 13.4
-42.2 82.2 25.5 13.3
-42.0 82.2 25.3 13.1
-41.8 82.2 25.2 12.9
-41.6 82.2 25.0 12.8
-41.4 82.2 24.9 12.6
-41.2 82.2 24.7 12.4
-41.0 82.2 24.5 12.3
-40.8 82.2 24.3 12.1
-40.6 82.2 24.0 11.9
-40.4 82.2 23.8 11.8
-40.2 82.2 23.5 11.6
-40.0 82.2 23.3 11.4
-39.8 82.2 23.0 11.3
-39.6 82.2 22.7 11.1
-39.4 82.2 22.4 10.9
-39.2 82.2 22.1 10.7
-39.0 82.2 21.8 10.6
-38.8 82.2 21.5 10.4
-38.6 82.2 21.1 10.2
-38.4 82.2 20.8 10.0
-38.2 82.2 20.4 9.9
-38.0 82.2 20.0 9.7
-37.8 82.2 19.7 9.5
-37.6 82.2 19.3 9.3
-37.4 82.2 18.9 9.1
-37.2 82.2 18.5 8.9
-37.0 82.2 18.1 8.7
-36.8 82.2 17.7 8.5
-36.6 82.2 17.2 8.3
-36.4 82.2 16.8 8.1
-36.2 82.2 16.5 7.9
-36.0 82.2 16.1 7.7
-35.8 82.2 15.7 7.5
-35.6 82.2 15.4 7.3
-35.4 82.2 15.1 7.1
-35.2 82.2 14.8 7.0
-35.0 82.2 14.5 6.8
-34.8 82.2 14.3 6.7
-34.6 82.2 14.2 6.5
-34.4 82.2 14.1 6.4
-34.2 82.2 14.0 6.3
-34.0 82.2 14.0 6.2
-33.8 82.2 14.0 6.1
-33.6 82.2 14.1 6.0
-33.4 82.2 14.2 6.0
-33.2 82.2 14.3 6.0
-33.0 82.2 14.5 5.9
-32.8 82.2 14.8 5.9
-32.6 82.2 15.1 5.9
-32.4 82.2 15.4 6.0
-32.2 82.2 15.7 6.0
-32.0 82.2 16.1 6.0
-31.8 82.2 16.5 6.1
-31.6 82.2 16.9 6.1
-31.4 82.2 17.3 6.2
-31.2 82.2 17.7 6.3
-31.0 82.2 18.1 6.3
-30.8 82.2 18.4 6.4
-30.6 82.2 18.8 6.5
-30.4 82.2 19.1 6.5
-30.2 82.2 19.4 6.6
-30.0 82.2 19.7 6.6
-29.8 82.2 20.0 6.7
-29.6 82.2 20.2 6.7
-29.4 82.2 20.4 6.8
-29.2 82.2 20.5 6.8
-29.0 82.2 20.6 6.8
-28.8 82.2 20.7 6.9
-28.6 82.2 20.8 6.9
-28.4 82.2 20.8 6.9
-28.2 82.2 20.8 6.9
-28.0 82.2 20.7 6.9
-27.8 82.2 20.6 6.9
-27.6 82.2 20.5 6.9
-27.4 82.2 20.3 6.9
-27.2 82.2 20.1 6.8
-27.0 82.2 19.9 6.8
-26.8 82.2 19.6 6.8
-26.6 82.2 19.4 6.7
-26.4 82.2 19.1 6.7
-26.2 82.2 18.8 6.7
-26.0 82.2 18.4 6.6
-25.8 82.2 18.1 6.6
-25.6 82.2 17.8 6.5
-25.4 82.2 17.4 6.5
-25.2 82.2 17.1 6.4
-25.0 82.2 16.7 6.4
-24.8 82.2 16.3 6.3
-24.6 82.2 16.0 6.3
-24.4 82.2 15.7 6.2
-24.2 82.2 15.3 6.2
-24.0 82.2 15.0 6.1
-23.8 82.2 14.7 6.1
-23.6 82.2 14.4 6.0
-23.4 82.2 14.1 6.0
-23.2 82.2 13.9 6.0
-23.0 82.2 13.6 5.9
-22.8 82.2 13.4 5.9
-22.6 82.2 13.2 5.9
-22.4 82.2 13.0 5.9
-22.2 82.2 12.8 5.9
-22.0 82.2 12.6 5.8
-21.8 82.2 12.5 5.8
-21.6 82.2 12.3 5.8
-21.4 82.2 12.2 5.8
-21.2 82.2 12.0 5.8
-21.0 82.2 11.9 5.8
-20.8 82.2 11.8 5.8
-20.6 82.2 11.7 5.8
-20.4 82.2 11.6 5.8
-20.2 82.2 11.5 5.8
-20.0 82.2 11.4 5.8
-19.8 82.2 11.4 5.8
-19.6 82.2 11.3 5.8
-19.4 82.2 11.2 5.8
-19.2 82.2 11.2 5.8
-19.0 82.2 11.1 5.8
-18.8 82.2 11.0 5.8
-18.6 82.2 11.0 5.7
-18.4 82.2 10.9 5.7
-18.2 82.2 10.8 5.7
-18.0 82.2 10.7 5.6
-17.8 82.2 10.7 5.6
-17.6 82.2 10.6 5.5
-17.4 82.2 10.5 5.4
-17.2 82.2 10.4 5.4
-17.0 82.2 10.3 5.3
-16.8 82.2 10.2 5.2
-16.6 82.2 10.1 5.1
-16.4 82.2 10.0 5.0
-16.2 82.2 9.9 4.9
-16.0 82.2 9.8 4.7
-15.8 82.2 9.6 4.6
-15.6 82.2 9.5 4.5
-15.4 82.2 9.4 4.3
-15.2 82.2 9.2 4.2
-15.0 82.2 9.1 4.1
-14.8 82.2 8.9 3.9
-14.6 82.2 8.8 3.8
-14.4 82.2 8.6 3.6
-14.2 82.2 8.4 3.5
-14.0 82.2 8.3 3.3
-13.8 82.2 8.1 3.2
-13.6 82.2 7.9 3.0
-13.4 82.2 7.7 2.9
-13.2 82.2 7.6 2.8
-13.0 82.2 7.4 2.7
-12.8 82.2 7.2 2.5
-12.6 82.2 7.1 2.4
-12.4 82.2 6.9 2.3
-12.2 82.2 6.8 2.2
-12.0 82.2 6.6 2.1
-11.8 82.2 6.5 2.0
-11.6 82.2 6.3 2.0
-11.4 82.2 6.2 1.9
-11.2 82.2 6.1 1.8
-11.0 82.2 6.0 1.8
-10.8 82.2 5.9 1.7
-10.6 82.2 5.8 1.7
-10.4 82.2 5.7 1.6
-10.2 82.2 5.6 1.6
-10.0 82.2 5.5 1.5
-9.8 82.2 5.4 1.5
-9.6 82.2 5.4 1.5
-9.4 82.2 5.3 1.4
-9.2 82.2 5.3 1.4
-9.0 82.2 5.2 1.4
-8.8 82.2 5.2 1.3
-8.6 82.2 5.2 1.3
-8.4 82.2 5.2 1.3
-8.2 82.2 5.1 1.2
-8.0 82.2 5.1 1.2
-7.8 82.2 5.1 1.2
-7.6 82.2 5.1 1.1
-7.4 82.2 5.1 1.1
-7.2 82.2 5.1 1.1
-7.0 82.2 5.1 1.0
-6.8 82.2 5.0 1.0
-6.6 82.2 5.0 1.0
-6.4 82.2 5.0 1.0
-6.2 82.2 5.0 1.0
-6.0 82.2 5.0 1.0
-5.8 82.2 5.0 1.0
-5.6 82.2 5.0 1.0
-5.4 82.2 5.0 1.0
-5.2 82.2 5.0 1.0
-5.0 82.2 5.0 1.0
-4.8 82.2 5.0 1.0
-4.6 82.2 5.0 1.0
-4.4 82.2 5.0 1.0
-4.2 82.2 5.0 1.0
-4.0 82.2 5.0 1.0
-3.8 82.2 5.0 1.0
-3.6 82.2 5.0 1.0
-3.4 82.2 5.0 1.0
-3.2 82.2 5.0 1.0
-3.0 82.2 5.0 1.0
-2.8 82.2 5.0 1.0
-2.6 82.2 5.0 1.0
-2.4 82.2 5.0 1.0
-2.2 82.2 5.0 1.0
-2.0 82.2 5.0 1.0
-1.8 82.2 5.0 1.0
-1.6 82.2 5.0 1.0
-1.4 82.2 5.0 1.0
-1.2 82.2 5.0 1.0
-1.0 82.2 5.0 1.0
-0.8 82.2 5.0 1.0
-0.6 82.2 5.0 1.0
-0.4 82.2 5.0 1.0
-0.2 82.2 5.0 1.0
0.0 82.2 5.0 1.0
0.0 82.0 5.0 1.0
0.2 82.0 5.0 1.0
0.4 82.0 5.0 1.0
0.6 82.0 5.0 1.0
0.8 82.0 5.0 1.0
1.0 82.0 5.0 1.0
1.2 82.0 5.0 1.2
1.4 82.0 5.0 1.4
1.6 82.0 5.0 1.6
1.8 82.0 5.0 1.8
2.0 82.0 5.0 2.0
2.2 82.0 5.0 2.2
2.4 82.0 5.0 2.4
2.6 82.0 5.0 2.6
2.8 82.0 5.0 2.8
3.0 82.0 5.0 3.0
3.2 82.0 5.0 3.2
3.4 82.0 5.0 3.4
3.6 82.0 5.0 3.6
3.8 82.0 5.0 3.8
4.0 82.0 5.0 4.0
4.2 82.0 5.0 4.2
4.4 82.0 5.0 4.4
4.6 82.0 5.0 4.6
4.8 82.0 5.0 4.8
5.0 82.0 5.0 5.0
5.2 82.0 5.0 5.2
5.4 82.0 5.0 5.4
5.6 82.0 5.0 5.6
5.8 82.0 5.0 5.8
6.0 82.0 5.0 6.0
6.2 82.0 5.0 6.2
6.4 82.0 5.0 6.4
6.6 82.0 5.0 6.6
6.8 82.0 5.0 6.8
7.0 82.0 5.0 7.0
7.2 82.0 5.0 7.2
7.4 82.0 5.0 7.4
7.6 82.0 5.0 7.6
7.8 82.0 5.0 7.8
8.0 82.0 5.0 8.0
8.2 82.0 5.0 8.2
8.4 82.0 5.0 8.4
8.6 82.0 5.0 8.6
8.8 82.0 5.0 8.8
9.0 82.0 5.0 9.0
9.2 82.0 5.0 9.2
9.4 82.0 5.0 9.4
9.6 82.0 5.0 9.6
9.8 82.0 5.0 9.8
10.0 82.0 5.0 10.0
10.2 82.0 5.0 10.2
10.4 82.0 5.0 10.4
10.6 82.0 5.0 10.6
10.8 82.0 5.0 10.8
11.0 82.0 5.0 1.0
11.2 82.0 5.2 1.0
11.4 82.0 5.3 1.0
11.6 82.0 5.5 1.0
11.8 82.0 5.7 1.0
12.0 82.0 5.9 1.0
12.2 82.0 6.1 1.0
12.4 82.0 6.3 1.0
12.6 82.0 6.5 1.0
12.8 82.0 6.7 1.1
13.0 82.0 7.0 1.2
13.2 82.0 7.2 1.4
13.4 82.0 7.4 1.6
13.6 82.0 7.6 1.8
13.8 82.0 7.9 2.0
-98.8 82.0 15.0 1.0
-98.6 82.0 15.3 1.0
-98.4 82.0 15.5 1.0
-98.2 82.0 15.7 1.2
-98.0 82.0 15.9 1.4
-97.8 82.0 16.1 1.6
-97.6 82.0 16.2 1.8
-97.4 82.0 16.3 2.0
-97.2 82.0 16.4 2.2
-97.0 82.0 16.5 2.3
-96.8 82.0 16.6 2.5
-96.6 82.0 16.6 2.7
-96.4 82.0 16.6 2.8
-96.2 82.0 16.6 3.0
-96.0 82.0 16.5 3.1
-95.8 82.0 16.5 3.3
-95.6 82.0 16.4 3.4
-95.4 82.0 16.3 3.6
-95.2 82.0 16.2 3.7
-95.0 82.0 16.2 3.8
-94.8 82.0 16.1 3.9
-94.6 82.0 16.0 4.0
-94.4 82.0 16.0 4.1
-94.2 82.0 15.9 4.2
-94.0 82.0 15.9 4.3
-93.8 82.0 15.9 4.4
-93.6 82.0 15.9 4.4
-93.4 82.0 15.9 4.5
-93.2 82.0 15.9 4.5
-93.0 82.0 16.0 4.6
-92.8 82.0 16.1 4.6
-92.6 82.0 16.2 4.6
-92.4 82.0 16.3 4.6
-92.2 82.0 16.5 4.6
-92.0 82.0 16.6 4.6
-91.8 82.0 16.8 4.6
-91.6 82.0 17.0 4.5
-91.4 82.0 17.2 4.5
-91.2 82.0 17.4 4.5
-91.0 82.0 17.7 4.4
-90.8 82.0 17.9 4.3
-90.6 82.0 18.1 4.3
-90.4 82.0 18.3 4.2
-90.2 82.0 18.5 4.2
-90.0 82.0 18.7 4.1
-89.8 82.0 18.9 4.0
-89.6 82.0 19.1 4.0
-89.4 82.0 19.2 3.9
-89.2 82.0 19.4 3.9
-89.0 82.0 19.5 3.8
-88.8 82.0 19.6 3.8
-88.6 82.0 19.7 3.7
-88.4 82.0 19.7 3.7
-88.2 82.0 19.7 3.7
-88.0 82.0 19.7 3.6
-87.8 82.0 19.7 3.6
-87.6 82.0 19.6 3.6
-87.4 82.0 19.5 3.6
-87.2 82.0 19.4 3.6
-87.0 82.0 19.3 3.6
-86.8 82.0 19.1 3.6
-86.6 82.0 18.9 3.6
-86.4 82.0 18.6 3.7
-86.2 82.0 18.4 3.7
-86.0 82.0 18.1 3.7
-85.8 82.0 17.8 3.8
-85.6 82.0 17.5 3.8
-85.4 82.0 17.2 3.9
-85.2 82.0 16.9 3.9
-85.0 82.0 16.5 4.0
-84.8 82.0 16.2 4.0
-84.6 82.0 15.9 4.1
-84.4 82.0 15.5 4.2
-84.2 82.0 15.2 4.3
-84.0 82.0 14.9 4.4
-83.8 82.0 14.7 4.4
-83.6 82.0 14.4 4.5
-83.4 82.0 14.2 4.7
-83.2 82.0 14.0 4.8
-83.0 82.0 13.8 4.9
-82.8 82.0 13.7 5.0
-82.6 82.0 13.6 5.2
-82.4 82.0 13.6 5.3
-82.2 82.0 13.6 5.5
-82.0 82.0 13.7 5.7
-81.8 82.0 13.8 5.9
-81.6 82.0 13.9 6.1
-81.4 82.0 14.1 6.4
-81.2 82.0 14.4 6.6
-81.0 82.0 14.7 6.9
-80.8 82.0 15.1 7.2
-80.6 82.0 15.5 7.5
-80.4 82.0 16.0 7.9
-80.2 82.0 16.5 8.3
-80.0 82.0 17.1 8.7
-79.8 82.0 17.7 9.1
-79.6 82.0 18.4 9.6
-79.4 82.0 19.1 10.1
-79.2 82.0 20.0 10.6
-79.0 82.0 20.8 11.2
-78.8 82.0 21.8 11.7
-78.6 82.0 22.7 12.4
-78.4 82.0 23.8 13.0
-78.2 82.0 24.9 13.7
-78.0 82.0 26.0 14.4
-77.8 82.0 27.3 15.1
-77.6 82.0 28.5 15.8
-77.4 82.0 29.9 16.6
-77.2 82.0 31.2 17.4
-77.0 82.0 32.6 18.2
-76.8 82.0 34.1 19.0
-76.6 82.0 35.6 19.9
-76.4 82.0 37.1 20.7
-76.2 82.0 38.6 21.5
-76.0 82.0 40.2 22.3
-75.8 82.0 41.8 23.2
-75.6 82.0 43.3 24.0
-75.4 82.0 44.9 24.7
-75.2 82.0 46.5 25.5
-75.0 82.0 48.0 26.2
-74.8 82.0 49.5 26.9
-74.6 82.0 51.0 27.6
-74.4 82.0 52.5 28.3
-74.2 82.0 53.9 28.9
-74.0 82.0 55.3 29.4
-73.8 82.0 56.7 29.9
-73.6 82.0 58.0 30.4
-73.4 82.0 59.3 30.9
-73.2 82.0 60.5 31.3
-73.0 82.0 61.6 31.7
-72.8 82.0 62.8 32.0
-72.6 82.0 63.8 32.3
-72.4 82.0 64.8 32.6
-72.2 82.0 65.8 32.8
-72.0 82.0 66.7 33.0
-71.8 82.0 67.5 33.2
-71.6 82.0 68.3 33.3
-71.4 82.0 69.1 33.5
-71.2 82.0 69.8 33.6
-71.0 82.0 70.5 33.7
-70.8 82.0 71.1 33.8
-70.6 82.0 71.6 33.8
-70.4 82.0 72.2 33.9
-70.2 82.0 72.7 33.9
-70.0 82.0 73.1 34.0
-69.8 82.0 73.5 34.0
-69.6 82.0 73.9 34.0
-69.4 82.0 74.3 34.0
-69.2 82.0 74.6 34.1
-69.0 82.0 74.9 34.1
-68.8 82.0 75.2 34.1
-68.6 82.0 75.4 34.1
-68.4 82.0 75.6 34.1
-68.2 82.0 75.8 34.1
-68.0 82.0 76.0 34.2
-67.8 82.0 76.2 34.2
-67.6 82.0 76.3 34.2
-67.4 82.0 76.4 34.2
-67.2 82.0 76.5 34.3
-67.0 82.0 76.6 34.3
-66.8 82.0 76.7 34.3
-66.6 82.0 76.7 34.4
-66.4 82.0 76.8 34.4
-66.2 82.0 76.8 34.5
-66.0 82.0 76.8 34.5
-65.8 82.0 76.8 34.5
-65.6 82.0 76.8 34.6
-65.4 82.0 76.7 34.7
-65.2 82.0 76.7 34.7
-65.0 82.0 76.7 34.8
-64.8 82.0 76.6 34.8
-64.6 82.0 76.6 34.9
-64.4 82.0 76.5 34.9
-64.2 82.0 76.5 35.0
-64.0 82.0 76.4 35.1
-63.8 82.0 76.3 35.1
-63.6 82.0 76.2 35.2
-63.4 82.0 76.1 35.2
-63.2 82.0 76.0 35.3
-63.0 82.0 75.9 35.3
-62.8 82.0 75.8 35.3
-62.6 82.0 75.6 35.3
-62.4 82.0 75.4 35.3
-62.2 82.0 75.2 35.3
-62.0 82.0 74.9 35.3
-61.8 82.0 74.6 35.2
-61.6 82.0 74.2 35.1
-61.4 82.0 73.7 35.0
-61.2 82.0 73.2 34.9
-61.0 82.0 72.5 34.8
-60.8 82.0 71.8 34.6
-60.6 82.0 70.9 34.3
-60.4 82.0 69.9 34.1
-60.2 82.0 68.8 33.8
-60.0 82.0 67.6 33.4
-59.8 82.0 66.3 33.0
-59.6 82.0 64.8 32.6
-59.4 82.0 63.2 32.1
-59.2 82.0 61.5 31.6
-59.0 82.0 59.7 31.0
-58.8 82.0 57.8 30.4
-58.6 82.0 55.8 29.7
-58.4 82.0 53.8 28.9
-58.2 82.0 51.6 28.2
-58.0 82.0 49.5 27.3
-57.8 82.0 47.3 26.5
-57.6 82.0 45.0 25.6
-57.4 82.0 42.8 24.7
-57.2 82.0 40.7 23.8
-57.0 82.0 38.5 22.9
-56.8 82.0 36.4 21.9
-56.6 82.0 34.4 21.0
-56.4 82.0 32.5 20.1
-56.2 82.0 30.8 19.2
-56.0 82.0 29.1 18.3
-55.8 82.0 27.5 17.5
-55.6 82.0 26.2 16.7
-55.4 82.0 24.9 16.0
-55.2 82.0 23.8 15.4
-55.0 82.0 22.9 14.8
-54.8 82.0 22.1 14.2
-54.6 82.0 21.4 13.8
-54.4 82.0 20.9 13.4
-54.2 82.0 20.5 13.1
-54.0 82.0 20.3 12.8
-53.8 82.0 20.2 12.6
-53.6 82.0 20.2 12.5
-53.4 82.0 20.4 12.5
-53.2 82.0 20.6 12.5
-53.0 82.0 21.0 12.6
-52.8 82.0 21.4 12.8
-52.6 82.0 21.9 13.0
-52.4 82.0 22.4 13.2
-52.2 82.0 23.0 13.5
-52.0 82.0 23.6 13.8
-51.8 82.0 24.3 14.2
-51.6 82.0 24.9 14.6
-51.4 82.0 25.6 15.0
-51.2 82.0 26.3 15.3
-51.0 82.0 26.9 15.8
-50.8 82.0 27.6 16.1
-50.6 82.0 28.2 16.5
-50.4 82.0 28.8 16.9
-50.2 82.0 29.3 17.3
-50.0 82.0 29.9 17.7
-49.8 82.0 30.4 18.0
-49.6 82.0 30.8 18.3
-49.4 82.0 31.2 18.6
-49.2 82.0 31.6 18.8
-49.0 82.0 31.9 19.0
-48.8 82.0 32.1 19.2
-48.6 82.0 32.3 19.4
-48.4 82.0 32.5 19.5
-48.2 82.0 32.6 19.6
-48.0 82.0 32.7 19.6
-47.8 82.0 32.7 19.7
-47.6 82.0 32.7 19.7
-47.4 82.0 32.7 19.6
-47.2 82.0 32.7 19.6
-47.0 82.0 32.6 19.5
-46.8 82.0 32.5 19.4
-46.6 82.0 32.3 19.3
-46.4 82.0 32.2 19.1
-46.2 82.0 32.0 19.0
-46.0 82.0 31.8 18.8
-45.8 82.0 31.7 18.6
-45.6 82.0 31.5 18.4
-45.4 82.0 31.3 18.2
-45.2 82.0 31.1 18.0
-45.0 82.0 30.9 17.8
-44.8 82.0 30.7 17.6
-44.6 82.0 30.5 17.4
-44.4 82.0 30.3 17.2
-44.2 82.0 30.1 16.9
-44.0 82.0 29.9 16.7
-43.8 82.0 29.7 16.5
-43.6 82.0 29.5 16.3
-43.4 82.0 29.3 16.0
-43.2 82.0 29.1 15.8
-43.0 82.0 29.0 15.6
-42.8 82.0 28.8 15.3
-42.6 82.0 28.6 15.1
-42.4 82.0 28.4 14.9
-42.2 82.0 28.2 14.7
-42.0 82.0 28.0 14.5
-41.8 82.0 27.8 14.2
-41.6 82.0 27.6 14.0
-41.4 82.0 27.4 13.8
-41.2 82.0 27.1 13.6
-41.0 82.0 26.9 13.4
-40.8 82.0 26.7 13.2
-40.6 82.0 26.4 13.0
-40.4 82.0 26.2 12.8
-40.2 82.0 25.9 12.6
-40.0 82.0 25.7 12.4
-39.8 82.0 25.4 12.3
-39.6 82.0 25.2 12.1
-39.4 82.0 24.9 11.9
-39.2 82.0 24.6 11.8
-39.0 82.0 24.3 11.6
-38.8 82.0 24.1 11.4
-38.6 82.0 23.8 11.3
-38.4 82.0 23.5 11.1
-38.2 82.0 23.1 11.0
-38.0 82.0 22.8 10.8
-37.8 82.0 22.5 10.7
-37.6 82.0 22.2 10.5
-37.4 82.0 21.8 10.3
-37.2 82.0 21.4 10.2
-37.0 82.0 21.1 10.0
-36.8 82.0 20.7 9.9
-36.6 82.0 20.3 9.7
-36.4 82.0 19.9 9.5
-36.2 82.0 19.6 9.4
-36.0 82.0 19.2 9.2
-35.8 82.0 18.8 9.0
-35.6 82.0 18.5 8.8
-35.4 82.0 18.2 8.7
-35.2 82.0 17.9 8.5
-35.0 82.0 17.6 8.4
-34.8 82.0 17.4 8.2
-34.6 82.0 17.2 8.1
-34.4 82.0 17.0 8.0
-34.2 82.0 16.9 7.8
-34.0 82.0 16.8 7.7
-33.8 82.0 16.8 7.7
-33.6 82.0 16.8 7.6
-33.4 82.0 16.9 7.5
-33.2 82.0 17.0 7.4
-33.0 82.0 17.2 7.4
-32.8 82.0 17.3 7.4
-32.6 82.0 17.6 7.3
-32.4 82.0 17.8 7.3
-32.2 82.0 18.1 7.3
-32.0 82.0 18.4 7.3
-31.8 82.0 18.7 7.3
-31.6 82.0 19.1 7.3
-31.4 82.0 19.4 7.3
-31.2 82.0 19.8 7.3
-31.0 82.0 20.1 7.4
-30.8 82.0 20.4 7.4
-30.6 82.0 20.7 7.4
-30.4 82.0 21.1 7.4
-30.2 82.0 21.3 7.4
-30.0 82.0 21.6 7.4
-29.8 82.0 21.8 7.5
-29.6 82.0 22.1 7.5
-29.4 82.0 22.2 7.5
-29.2 82.0 22.4 7.5
-29.0 82.0 22.5 7.5
-28.8 82.0 22.6 7.5
-28.6 82.0 22.7 7.5
-28.4 82.0 22.7 7.5
-28.2 82.0 22.7 7.5
-28.0 82.0 22.6 7.4
-27.8 82.0 22.5 7.4
-27.6 82.0 22.4 7.4
-27.4 82.0 22.2 7.4
-27.2 82.0 22.0 7.3
-27.0 82.0 21.8 7.3
-26.8 82.0 21.5 7.2
-26.6 82.0 21.3 7.2
-26.4 82.0 20.9 7.1
-26.2 82.0 20.6 7.1
-26.0 82.0 20.2 7.0
-25.8 82.0 19.9 7.0
-25.6 82.0 19.5 6.9
-25.4 82.0 19.1 6.9
-25.2 82.0 18.7 6.8
-25.0 82.0 18.3 6.7
-24.8 82.0 17.9 6.7
-24.6 82.0 17.5 6.6
-24.4 82.0 17.1 6.6
-24.2 82.0 16.7 6.5
-24.0 82.0 16.4 6.5
-23.8 82.0 16.0 6.4
-23.6 82.0 15.7 6.4
-23.4 82.0 15.4 6.3
-23.2 82.0 15.1 6.3
-23.0 82.0 14.8 6.2
-22.8 82.0 14.5 6.2
-22.6 82.0 14.3 6.2
-22.4 82.0 14.0 6.1
-22.2 82.0 13.8 6.1
-22.0 82.0 13.6 6.1
-21.8 82.0 13.4 6.1
-21.6 82.0 13.3 6.1
-21.4 82.0 13.1 6.1
-21.2 82.0 12.9 6.1
-21.0 82.0 12.8 6.1
-20.8 82.0 12.7 6.1
-20.6 82.0 12.6 6.1
-20.4 82.0 12.5 6.1
-20.2 82.0 12.4 6.1
-20.0 82.0 12.3 6.1
-19.8 82.0 12.2 6.1
-19.6 82.0 12.1 6.1
-19.4 82.0 12.0 6.1
-19.2 82.0 11.9 6.1
-19.0 82.0 11.9 6.1
-18.8 82.0 11.8 6.0
-18.6 82.0 11.7 6.0
-18.4 82.0 11.6 6.0
-18.2 82.0 11.5 6.0
-18.0 82.0 11.5 5.9
-17.8 82.0 11.4 5.9
-17.6 82.0 11.3 5.8
-17.4 82.0 11.2 5.7
-17.2 82.0 11.1 5.7
-17.0 82.0 10.9 5.6
-16.8 82.0 10.8 5.5
-16.6 82.0 10.7 5.4
-16.4 82.0 10.5 5.3
-16.2 82.0 10.4 5.2
-16.0 82.0 10.2 5.1
-15.8 82.0 10.1 5.0
-15.6 82.0 9.9 4.8
-15.4 82.0 9.7 4.7
-15.2 82.0 9.5 4.5
-15.0 82.0 9.4 4.4
-14.8 82.0 9.2 4.3
-14.6 82.0 9.0 4.1
-14.4 82.0 8.8 4.0
-14.2 82.0 8.6 3.8
-14.0 82.0 8.4 3.7
-13.8 82.0 8.2 3.5
-13.6 82.0 8.0 3.4
-13.4 82.0 7.8 3.2
-13.2 82.0 7.6 3.1
-13.0 82.0 7.4 3.0
-12.8 82.0 7.2 2.8
-12.6 82.0 7.0 2.7
-12.4 82.0 6.9 2.6
-12.2 82.0 6.7 2.5
-12.0 82.0 6.5 2.4
-11.8 82.0 6.4 2.3
-11.6 82.0 6.2 2.2
-11.4 82.0 6.1 2.1
-11.2 82.0 6.0 2.1
-11.0 82.0 5.9 2.0
-10.8 82.0 5.8 1.9
-10.6 82.0 5.7 1.9
-10.4 82.0 5.6 1.8
-10.2 82.0 5.5 1.8
-10.0 82.0 5.4 1.8
-9.8 82.0 5.4 1.7
-9.6 82.0 5.3 1.7
-9.4 82.0 5.3 1.7
-9.2 82.0 5.2 1.6
-9.0 82.0 5.2 1.6
-8.8 82.0 5.2 1.6
-8.6 82.0 5.1 1.6
-8.4 82.0 5.1 1.6
-8.2 82.0 5.1 1.5
-8.0 82.0 5.1 1.5
-7.8 82.0 5.1 1.5
-7.6 82.0 5.1 1.4
-7.4 82.0 5.0 1.4
-7.2 82.0 5.0 1.4
-7.0 82.0 5.0 1.3
-6.8 82.0 5.0 1.3
-6.6 82.0 5.0 1.2
-6.4 82.0 5.0 1.2
-6.2 82.0 5.0 1.1
-6.0 82.0 5.0 1.1
-5.8 82.0 5.0 1.0
-5.6 82.0 5.0 1.0
-5.4 82.0 5.0 1.0
-5.2 82.0 5.0 1.0
-5.0 82.0 5.0 1.0
-4.8 82.0 5.0 1.0
-4.6 82.0 5.0 1.0
-4.4 82.0 5.0 1.0
-4.2 82.0 5.0 1.0
-4.0 82.0 5.0 1.0
-3.8 82.0 5.0 1.0
-3.6 82.0 5.0 1.0
-3.4 82.0 5.0 1.0
-3.2 82.0 5.0 1.0
-3.0 82.0 5.0 1.0
-2.8 82.0 5.0 1.0
-2.6 82.0 5.0 1.0
-2.4 82.0 5.0 1.0
-2.2 82.0 5.0 1.0
-2.0 82.0 5.0 1.0
-1.8 82.0 5.0 1.0
-1.6 82.0 5.0 1.0
-1.4 82.0 5.0 1.0
-1.2 82.0 5.0 1.0
-1.0 82.0 5.0 1.0
-0.8 82.0 5.0 1.0
-0.6 82.0 5.0 1.0
-0.4 82.0 5.0 1.0
-0.2 82.0 5.0 1.0
0.0 82.0 5.0 1.0
0.0 81.8 5.0 1.0
0.2 81.8 5.0 1.0
0.4 81.8 5.0 1.0
0.6 81.8 5.0 1.0
0.8 81.8 5.0 1.0
1.0 81.8 5.0 1.0
1.2 81.8 5.0 1.0
1.4 81.8 5.0 1.0
1.6 81.8 5.0 1.0
1.8 81.8 5.0 1.0
2.0 81.8 5.0 1.0
2.2 81.8 5.0 1.0
2.4 81.8 5.0 1.0
2.6 81.8 5.0 1.0
2.8 81.8 5.0 1.0
3.0 81.8 5.0 3.0
3.2 81.8 5.0 3.2
3.4 81.8 5.0 3.4
3.6 81.8 5.0 3.6
3.8 81.8 5.0 3.8
4.0 81.8 5.0 4.0
4.2 81.8 5.0 4.2
4.4 81.8 5.0 4.4
4.6 81.8 5.0 4.6
4.8 81.8 5.0 4.8
5.0 81.8 5.0 5.0
5.2 81.8 5.0 5.2
5.4 81.8 5.0 5.4
5.6 81.8 5.0 5.6
5.8 81.8 5.0 5.8
6.0 81.8 5.0 6.0
6.2 81.8 5.0 6.2
6.4 81.8 5.0 6.4
6.6 81.8 5.0 6.6
6.8 81.8 5.0 6.8
7.0 81.8 5.0 7.0
7.2 81.8 5.0 7.2
7.4 81.8 5.0 7.4
7.6 81.8 5.0 7.6
7.8 81.8 5.0 7.8
8.0 81.8 5.0 8.0
8.2 81.8 5.0 8.2
8.4 81.8 5.0 8.4
8.6 81.8 5.0 8.6
8.8 81.8 5.0 8.8
9.0 81.8 5.0 9.0
9.2 81.8 5.0 9.2
9.4 81.8 5.0 9.4
9.6 81.8 5.0 9.6
9.8 81.8 5.0 9.8
10.0 81.8 5.0 10.0
10.2 81.8 5.0 10.2
10.4 81.8 5.0 10.4
10.6 81.8 5.0 10.6
10.8 81.8 5.0 10.8
11.0 81.8 5.0 1.0
11.2 81.8 5.2 1.0
11.4 81.8 5.3 1.0
11.6 81.8 5.5 1.0
11.8 81.8 5.7 1.0
12.0 81.8 5.9 1.0
12.2 81.8 6.1 1.0
12.4 81.8 6.3 1.0
12.6 81.8 6.5 1.1
12.8 81.8 6.8 1.3
13.0 81.8 7.0 1.5
13.2 81.8 7.2 1.7
13.4 81.8 7.5 1.8
13.6 81.8 7.7 2.0
13.8 81.8 7.9 2.2
14.0 81.8 8.1 2.3
14.2 81.8 8.4 2.5
14.4 81.8 8.6 2.7
14.6 81.8 8.8 2.8
14.8 81.8 9.0 3.0
-99.8 81.8 14.1 2.1
-99.6 81.8 14.2 2.2
-99.4 81.8 14.4 2.3
-99.2 81.8 14.7 2.5
-99.0 81.8 14.9 2.8
-98.8 81.8 15.1 3.0
-98.6 81.8 15.4 3.2
-98.4 81.8 15.6 3.5
-98.2 81.8 15.8 3.8
-98.0 81.8 16.0 4.0
-97.8 81.8 16.2 4.3
-97.6 81.8 16.4 4.5
-97.4 81.8 16.5 4.8
-97.2 81.8 16.6 5.0
-97.0 81.8 16.7 5.2
-96.8 81.8 16.8 5.4
-96.6 81.8 16.8 5.5
-96.4 81.8 16.8 5.7
-96.2 81.8 16.8 5.8
-96.0 81.8 16.8 5.9
-95.8 81.8 16.7 6.0
-95.6 81.8 16.7 6.1
-95.4 81.8 16.6 6.1
-95.2 81.8 16.6 6.2
-95.0 81.8 16.5 6.3
-94.8 81.8 16.5 6.3
-94.6 81.8 16.4 6.3
-94.4 81.8 16.4 6.3
-94.2 81.8 16.4 6.4
-94.0 81.8 16.4 6.4
-93.8 81.8 16.4 6.4
-93.6 81.8 16.4 6.3
-93.4 81.8 16.5 6.3
-93.2 81.8 16.5 6.3
-93.0 81.8 16.6 6.3
-92.8 81.8 16.7 6.2
-92.6 81.8 16.8 6.2
-92.4 81.8 17.0 6.1
-92.2 81.8 17.1 6.0
-92.0 81.8 17.2 6.0
-91.8 81.8 17.4 5.9
-91.6 81.8 17.5 5.8
-91.4 81.8 17.7 5.7
-91.2 81.8 17.8 5.6
-91.0 81.8 18.0 5.5
-90.8 81.8 18.1 5.4
-90.6 81.8 18.2 5.3
-90.4 81.8 18.3 5.2
-90.2 81.8 18.4 5.1
-90.0 81.8 18.5 5.0
-89.8 81.8 18.5 4.9
-89.6 81.8 18.6 4.7
-89.4 81.8 18.6 4.6
-89.2 81.8 18.6 4.5
-89.0 81.8 18.6 4.5
-88.8 81.8 18.6 4.4
-88.6 81.8 18.5 4.3
-88.4 81.8 18.5 4.2
-88.2 81.8 18.4 4.2
-88.0 81.8 18.3 4.1
-87.8 81.8 18.2 4.1
-87.6 81.8 18.0 4.1
-87.4 81.8 17.9 4.1
-87.2 81.8 17.7 4.1
-87.0 81.8 17.5 4.1
-86.8 81.8 17.3 4.1
-86.6 81.8 17.1 4.1
-86.4 81.8 16.8 4.1
-86.2 81.8 16.6 4.2
-86.0 81.8 16.3 4.2
-85.8 81.8 16.0 4.3
-85.6 81.8 15.8 4.3
-85.4 81.8 15.5 4.4
-85.2 81.8 15.2 4.5
-85.0 81.8 15.0 4.6
-84.8 81.8 14.7 4.7
-84.6 81.8 14.5 4.8
-84.4 81.8 14.3 4.9
-84.2 81.8 14.1 5.0
-84.0 81.8 13.9 5.1
-83.8 81.8 13.8 5.3
-83.6 81.8 13.8 5.4
-83.4 81.8 13.8 5.6
-83.2 81.8 13.8 5.8
-83.0 81.8 13.9 6.0
-82.8 81.8 14.0 6.2
-82.6 81.8 14.2 6.4
-82.4 81.8 14.5 6.7
-82.2 81.8 14.8 7.0
-82.0 81.8 15.2 7.3
-81.8 81.8 15.7 7.7
-81.6 81.8 16.2 8.0
-81.4 81.8 16.8 8.4
-81.2 81.8 17.5 8.9
-81.0 81.8 18.2 9.3
-80.8 81.8 19.0 9.8
-80.6 81.8 19.9 10.3
-80.4 81.8 20.8 10.8
-80.2 81.8 21.8 11.4
-80.0 81.8 22.8 12.0
-79.8 81.8 23.9 12.6
-79.6 81.8 25.1 13.2
-79.4 81.8 26.3 13.8
-79.2 81.8 27.5 14.5
-79.0 81.8 28.8 15.2
-78.8 81.8 30.1 15.9
-78.6 81.8 31.5 16.6
-78.4 81.8 32.9 17.4
-78.2 81.8 34.3 18.1
-78.0 81.8 35.8 18.9
-77.8 81.8 37.3 19.7
-77.6 81.8 38.8 20.5
-77.4 81.8 40.3 21.2
-77.2 81.8 41.8 22.0
-77.0 81.8 43.4 22.8
-76.8 81.8 44.9 23.6
-76.6 81.8 46.5 24.4
-76.4 81.8 48.0 25.1
-76.2 81.8 49.5 25.8
-76.0 81.8 51.0 26.6
-75.8 81.8 52.5 27.2
-75.6 81.8 53.9 27.9
-75.4 81.8 55.4 28.5
-75.2 81.8 56.7 29.1
-75.0 81.8 58.0 29.7
-74.8 81.8 59.3 30.2
-74.6 81.8 60.5 30.7
-74.4 81.8 61.7 31.2
-74.2 81.8 62.8 31.6
-74.0 81.8 63.9 31.9
-73.8 81.8 64.9 32.3
-73.6 81.8 65.8 32.6
-73.4 81.8 66.7 32.9
-73.2 81.8 67.6 33.1
-73.0 81.8 68.4 33.3
-72.8 81.8 69.1 33.5
-72.6 81.8 69.8 33.6
-72.4 81.8 70.5 33.7
-72.2 81.8 71.1 33.8
-72.0 81.8 71.7 33.9
-71.8 81.8 72.2 34.0
-71.6 81.8 72.7 34.0
-71.4 81.8 73.1 34.1
-71.2 81.8 73.6 34.1
-71.0 81.8 73.9 34.1
-70.8 81.8 74.3 34.1
-70.6 81.8 74.6 34.2
-70.4 81.8 74.9 34.2
-70.2 81.8 75.2 34.2
-70.0 81.8 75.4 34.2
-69.8 81.8 75.6 34.2
-69.6 81.8 75.8 34.2
-69.4 81.8 76.0 34.2
-69.2 81.8 76.2 34.2
-69.0 81.8 76.3 34.2
-68.8 81.8 76.5 34.2
-68.6 81.8 76.6 34.2
-68.4 81.8 76.7 34.2
-68.2 81.8 76.9 34.2
-68.0 81.8 77.0 34.3
-67.8 81.8 77.1 34.3
-67.6 81.8 77.2 34.3
-67.4 81.8 77.3 34.3
-67.2 81.8 77.4 34.3
-67.0 81.8 77.5 34.4
-66.8 81.8 77.6 34.4
-66.6 81.8 77.7 34.4
-66.4 81.8 77.8 34.4
-66.2 81.8 77.9 34.4
-66.0 81.8 78.0 34.5
-65.8 81.8 78.1 34.5
-65.6 81.8 78.1 34.5
-65.4 81.8 78.2 34.6
-65.2 81.8 78.2 34.6
-65.0 81.8 78.3 34.7
-64.8 81.8 78.3 34.7
-64.6 81.8 78.4 34.8
-64.4 81.8 78.4 34.8
-64.2 81.8 78.4 34.9
-64.0 81.8 78.4 34.9
-63.8 81.8 78.4 35.0
-63.6 81.8 78.4 35.0
-63.4 81.8 78.5 35.1
-63.2 81.8 78.5 35.2
-63.0 81.8 78.5 35.2
-62.8 81.8 78.5 35.3
-62.6 81.8 78.5 35.4
-62.4 81.8 78.4 35.4
-62.2 81.8 78.4 35.5
-62.0 81.8 78.3 35.5
-61.8 81.8 78.2 35.6
-61.6 81.8 78.0 35.6
-61.4 81.8 77.8 35.6
-61.2 81.8 77.5 35.6
-61.0 81.8 77.2 35.6
-60.8 81.8 76.8 35.6
-60.6 81.8 76.3 35.5
-60.4 81.8 75.7 35.4
-60.2 81.8 75.0 35.3
-60.0 81.8 74.2 35.2
-59.8 81.8 73.3 35.0
-59.6 81.8 72.3 34.8
-59.4 81.8 71.1 34.5
-59.2 81.8 69.9 34.2
-59.0 81.8 68.5 33.8
-58.8 81.8 67.0 33.4
-58.6 81.8 65.4 33.0
-58.4 81.8 63.8 32.5
-58.2 81.8 62.0 31.9
-58.0 81.8 60.1 31.3
-57.8 81.8 58.2 30.6
-57.6 81.8 56.3 29.9
-57.4 81.8 54.3 29.2
-57.2 81.8 52.3 28.4
-57.0 81.8 50.2 27.6
-56.8 81.8 48.3 26.8
-56.6 81.8 46.3 26.0
-56.4 81.8 44.4 25.2
-56.2 81.8 42.6 24.4
-56.0 81.8 40.9 23.6
-55.8 81.8 39.3 22.8
-55.6 81.8 37.8 22.1
-55.4 81.8 36.5 21.4
-55.2 81.8 35.3 20.8
-55.0 81.8 34.3 20.2
-54.8 81.8 33.4 19.6
-54.6 81.8 32.7 19.2
-54.4 81.8 32.1 18.8
-54.2 81.8 31.7 18.5
-54.0 81.8 31.5 18.3
-53.8 81.8 31.4 18.1
-53.6 81.8 31.4 18.0
-53.4 81.8 31.6 18.0
-53.2 81.8 31.9 18.1
-53.0 81.8 32.2 18.2
-52.8 81.8 32.7 18.4
-52.6 81.8 33.3 18.6
-52.4 81.8 33.9 18.9
-52.2 81.8 34.6 19.2
-52.0 81.8 35.3 19.6
-51.8 81.8 36.0 20.0
-51.6 81.8 36.8 20.4
-51.4 81.8 37.5 20.8
-51.2 81.8 38.2 21.2
-51.0 81.8 38.9 21.6
-50.8 81.8 39.6 22.0
-50.6 81.8 40.2 22.4
-50.4 81.8 40.8 22.8
-50.2 81.8 41.3 23.2
-50.0 81.8 41.8 23.5
-49.8 81.8 42.2 23.8
-49.6 81.8 42.5 24.0
-49.4 81.8 42.8 24.3
-49.2 81.8 43.0 24.4
-49.0 81.8 43.1 24.6
-48.8 81.8 43.1 24.7
-48.6 81.8 43.1 24.7
-48.4 81.8 43.0 24.7
-48.2 81.8 42.9 24.7
-48.0 81.8 42.7 24.6
-47.8 81.8 42.5 24.6
-47.6 81.8 42.2 24.4
-47.4 81.8 41.8 24.3
-47.2 81.8 41.5 24.1
-47.0 81.8 41.1 23.9
-46.8 81.8 40.6 23.6
-46.6 81.8 40.2 23.4
-46.4 81.8 39.7 23.1
-46.2 81.8 39.2 22.8
-46.0 81.8 38.7 22.5
-45.8 81.8 38.2 22.2
-45.6 81.8 37.7 21.9
-45.4 81.8 37.2 21.6
-45.2 81.8 36.7 21.2
-45.0 81.8 36.2 20.9
-44.8 81.8 35.8 20.6
-44.6 81.8 35.3 20.2
-44.4 81.8 34.9 19.9
-44.2 81.8 34.5 19.6
-44.0 81.8 34.1 19.2
-43.8 81.8 33.7 18.9
-43.6 81.8 33.3 18.6
-43.4 81.8 32.9 18.3
-43.2 81.8 32.6 18.0
-43.0 81.8 32.2 17.6
-42.8 81.8 31.9 17.3
-42.6 81.8 31.6 17.0
-42.4 81.8 31.2 16.7
-42.2 81.8 30.9 16.4
-42.0 81.8 30.6 16.1
-41.8 81.8 30.3 15.9
-41.6 81.8 30.0 15.6
-41.4 81.8 29.7 15.3
-41.2 81.8 29.5 15.0
-41.0 81.8 29.2 14.8
-40.8 81.8 28.9 14.5
-40.6 81.8 28.6 14.3
-40.4 81.8 28.3 14.1
-40.2 81.8 28.1 13.9
-40.0 81.8 27.8 13.6
-39.8 81.8 27.5 13.4
-39.6 81.8 27.3 13.2
-39.4 81.8 27.0 13.1
-39.2 81.8 26.7 12.9
-39.0 81.8 26.5 12.7
-38.8 81.8 26.2 12.5
-38.6 81.8 26.0 12.4
-38.4 81.8 25.7 12.2
-38.2 81.8 25.4 12.1
-38.0 81.8 25.2 11.9
-37.8 81.8 24.9 11.8
-37.6 81.8 24.6 11.7
-37.4 81.8 24.3 11.5
-37.2 81.8 24.0 11.4
-37.0 81.8 23.6 11.3
-36.8 81.8 23.3 11.1
-36.6 81.8 23.0 11.0
-36.4 81.8 22.7 10.8
-36.2 81.8 22.3 10.7
-36.0 81.8 22.0 10.5
-35.8 81.8 21.6 10.4
-35.6 81.8 21.3 10.3
-35.4 81.8 21.0 10.1
-35.2 81.8 20.7 10.0
-35.0 81.8 20.4 9.9
-34.8 81.8 20.2 9.7
-34.6 81.8 20.0 9.6
-34.4 81.8 19.8 9.5
-34.2 81.8 19.6 9.4
-34.0 81.8 19.5 9.3
-33.8 81.8 19.4 9.2
-33.6 81.8 19.3 9.1
-33.4 81.8 19.3 9.0
-33.2 81.8 19.3 8.9
-33.0 81.8 19.3 8.9
-32.8 81.8 19.4 8.8
-32.6 81.8 19.5 8.7
-32.4 81.8 19.6 8.7
-32.2 81.8 19.8 8.6
-32.0 81.8 19.9 8.6
-31.8 81.8 20.1 8.6
-31.6 81.8 20.3 8.5
-31.4 81.8 20.5 8.5
-31.2 81.8 20.7 8.5
-31.0 81.8 20.9 8.4
-30.8 81.8 21.1 8.4
-30.6 81.8 21.4 8.4
-30.4 81.8 21.6 8.3
-30.2 81.8 21.8 8.3
-30.0 81.8 22.0 8.3
-29.8 81.8 22.1 8.3
-29.6 81.8 22.3 8.2
-29.4 81.8 22.5 8.2
-29.2 81.8 22.6 8.2
-29.0 81.8 22.7 8.2
-28.8 81.8 22.8 8.1
-28.6 81.8 22.9 8.1
-28.4 81.8 22.9 8.1
-28.2 81.8 22.9 8.0
-28.0 81.8 22.9 8.0
-27.8 81.8 22.8 7.9
-27.6 81.8 22.7 7.9
-27.4 81.8 22.6 7.8
-27.2 81.8 22.5 7.8
-27.0 81.8 22.3 7.7
-26.8 81.8 22.1 7.7
-26.6 81.8 21.8 7.6
-26.4 81.8 21.5 7.6
-26.2 81.8 21.2 7.5
-26.0 81.8 20.9 7.5
-25.8 81.8 20.6 7.4
-25.6 81.8 20.2 7.3
-25.4 81.8 19.9 7.3
-25.2 81.8 19.5 7.2
-25.0 81.8 19.1 7.2
-24.8 81.8 18.7 7.1
-24.6 81.8 18.4 7.0
-24.4 81.8 18.0 7.0
-24.2 81.8 17.6 6.9
-24.0 81.8 17.3 6.9
-23.8 81.8 16.9 6.8
-23.6 81.8 16.6 6.8
-23.4 81.8 16.3 6.7
-23.2 81.8 16.0 6.7
-23.0 81.8 15.7 6.6
-22.8 81.8 15.4 6.6
-22.6 81.8 15.1 6.5
-22.4 81.8 14.9 6.5
-22.2 81.8 14.7 6.5
-22.0 81.8 14.5 6.4
-21.8 81.8 14.3 6.4
-21.6 81.8 14.1 6.4
-21.4 81.8 13.9 6.4
-21.2 81.8 13.8 6.4
-21.0 81.8 13.6 6.4
-20.8 81.8 13.5 6.4
-20.6 81.8 13.4 6.4
-20.4 81.8 13.3 6.4
-20.2 81.8 13.2 6.4
-20.0 81.8 13.0 6.4
-19.8 81.8 13.0 6.4
-19.6 81.8 12.9 6.4
-19.4 81.8 12.8 6.4
-19.2 81.8 12.7 6.4
-19.0 81.8 12.6 6.3
-18.8 81.8 12.5 6.3
-18.6 81.8 12.4 6.3
-18.4 81.8 12.3 6.3
-18.2 81.8 12.2 6.2
-18.0 81.8 12.1 6.2
-17.8 81.8 12.0 6.1
-17.6 81.8 11.9 6.1
-17.4 81.8 11.7 6.0
-17.2 81.8 11.6 5.9
-17.0 81.8 11.5 5.9
-16.8 81.8 11.3 5.8
-16.6 81.8 11.1 5.7
-16.4 81.8 10.9 5.6
-16.2 81.8 10.8 5.4
-16.0 81.8 10.6 5.3
-15.8 81.8 10.4 5.2
-15.6 81.8 10.1 5.0
-15.4 81.8 9.9 4.9
-15.2 81.8 9.7 4.8
-15.0 81.8 9.5 4.6
-14.8 81.8 9.2 4.4
-14.6 81.8 9.0 4.3
-14.4 81.8 8.8 4.1
-14.2 81.8 8.5 4.0
-14.0 81.8 8.3 3.8
-13.8 81.8 8.1 3.6
-13.6 81.8 7.9 3.5
-13.4 81.8 7.6 3.3
-13.2 81.8 7.4 3.2
-13.0 81.8 7.2 3.1
-12.8 81.8 7.0 2.9
-12.6 81.8 6.8 2.8
-12.4 81.8 6.6 2.7
-12.2 81.8 6.5 2.6
-12.0 81.8 6.3 2.5
-11.8 81.8 6.2 2.4
-11.6 81.8 6.0 2.3
-11.4 81.8 5.9 2.2
-11.2 81.8 5.8 2.1
-11.0 81.8 5.7 2.1
-10.8 81.8 5.6 2.0
-10.6 81.8 5.5 2.0
-10.4 81.8 5.4 1.9
-10.2 81.8 5.4 1.9
-10.0 81.8 5.3 1.9
-9.8 81.8 5.3 1.9
-9.6 81.8 5.2 1.9
-9.4 81.8 5.2 1.8
-9.2 81.8 5.2 1.8
-9.0 81.8 5.1 1.8
-8.8 81.8 5.1 1.8
-8.6 81.8 5.1 1.8
-8.4 81.8 5.1 1.8
-8.2 81.8 5.1 1.8
-8.0 81.8 5.1 1.8
-7.8 81.8 5.1 1.8
-7.6 81.8 5.1 1.7
-7.4 81.8 5.1 1.7
-7.2 81.8 5.1 1.7
-7.0 81.8 5.1 1.6
-6.8 81.8 5.1 1.6
-6.6 81.8 5.1 1.5
-6.4 81.8 5.1 1.5
-6.2 81.8 5.0 1.4
-6.0 81.8 5.0 1.3
-5.8 81.8 5.0 1.3
-5.6 81.8 5.0 1.2
-5.4 81.8 5.0 1.1
-5.2 81.8 5.0 1.1
-5.0 81.8 5.0 1.0
-4.8 81.8 5.0 1.0
-4.6 81.8 5.0 1.0
-4.4 81.8 5.0 1.0
-4.2 81.8 5.0 1.0
-4.0 81.8 5.0 1.0
-3.8 81.8 5.0 1.0
-3.6 81.8 5.0 1.0
-3.4 81.8 5.0 1.0
-3.2 81.8 5.0 1.0
-3.0 81.8 5.0 1.0
-2.8 81.8 5.0 1.0
-2.6 81.8 5.0 1.0
-2.4 81.8 5.0 1.0
-2.2 81.8 5.0 1.0
-2.0 81.8 5.0 1.0
-1.8 81.8 5.0 1.0
-1.6 81.8 5.0 1.0
-1.4 81.8 5.0 1.0
-1.2 81.8 5.0 1.0
-1.0 81.8 5.0 1.0
-0.8 81.8 5.0 1.0
-0.6 81.8 5.0 1.0
-0.4 81.8 5.0 1.0
-0.2 81.8 5.0 1.0
0.0 81.8 5.0 1.0
0.0 81.6 5.1 1.0
0.2 81.6 5.1 1.0
0.4 81.6 5.1 1.0
0.6 81.6 5.1 1.0
0.8 81.6 5.1 1.0
1.0 81.6 5.1 1.0
1.2 81.6 5.1 1.0
1.4 81.6 5.1 1.0
1.6 81.6 5.1 1.0
1.8 81.6 5.1 1.0
2.0 81.6 5.1 1.0
2.2 81.6 5.1 1.0
2.4 81.6 5.1 1.0
2.6 81.6 5.1 1.0
2.8 81.6 5.0 1.0
3.0 81.6 5.0 1.0
3.2 81.6 5.0 1.0
3.4 81.6 5.0 1.0
3.6 81.6 5.0 1.0
3.8 81.6 5.0 1.0
4.0 81.6 5.0 1.0
4.2 81.6 5.0 1.0
4.4 81.6 5.0 4.4
4.6 81.6 5.0 4.6
4.8 81.6 5.0 4.8
5.0 81.6 5.0 5.0
5.2 81.6 5.0 5.2
5.4 81.6 5.0 5.4
5.6 81.6 5.0 5.6
5.8 81.6 5.0 5.8
6.0 81.6 5.0 6.0
6.2 81.6 5.0 6.2
6.4 81.6 5.0 6.4
6.6 81.6 5.0 6.6
6.8 81.6 5.0 6.8
7.0 81.6 5.0 7.0
7.2 81.6 5.0 7.2
7.4 81.6 5.0 7.4
7.6 81.6 5.0 7.6
7.8 81.6 5.0 7.8
8.0 81.6 5.0 8.0
8.2 81.6 5.0 8.2
8.4 81.6 5.0 8.4
8.6 81.6 5.0 8.6
8.8 81.6 5.0 8.8
9.0 81.6 5.0 9.0
9.2 81.6 5.0 9.2
9.4 81.6 5.0 9.4
9.6 81.6 5.0 9.6
9.8 81.6 5.0 9.8
10.0 81.6 5.0 10.0
10.2 81.6 5.0 10.2
10.4 81.6 5.0 10.4
10.6 81.6 5.0 10.6
10.8 81.6 5.0 10.8
11.0 81.6 5.1 1.0
11.2 81.6 5.2 1.0
11.4 81.6 5.4 1.0
11.6 81.6 5.6 1.0
11.8 81.6 5.8 1.0
12.0 81.6 5.9 1.0
12.2 81.6 6.2 1.1
12.4 81.6 6.4 1.3
12.6 81.6 6.6 1.4
12.8 81.6 6.8 1.6
13.0 81.6 7.1 1.8
13.2 81.6 7.3 1.9
13.4 81.6 7.5 2.1
13.6 81.6 7.8 2.2
13.8 81.6 8.0 2.4
14.0 81.6 8.2 2.6
14.2 81.6 8.4 2.7
14.4 81.6 8.7 2.9
14.6 81.6 8.9 3.0
14.8 81.6 9.1 3.1
15.0 81.6 9.3 3.3
15.2 81.6 9.4 3.4
15.4 81.6 9.6 3.5
15.6 81.6 9.8 3.7
-100.6 81.6 14.1 3.9
-100.4 81.6 14.0 3.9
-100.2 81.6 14.0 4.0
-100.0 81.6 14.1 4.1
-99.8 81.6 14.2 4.3
-99.6 81.6 14.3 4.5
-99.4 81.6 14.5 4.8
-99.2 81.6 14.7 5.1
-99.0 81.6 14.9 5.4
-98.8 81.6 15.2 5.8
-98.6 81.6 15.4 6.2
-98.4 81.6 15.6 6.5
-98.2 81.6 15.8 6.9
-98.0 81.6 16.0 7.3
-97.8 81.6 16.2 7.6
-97.6 81.6 16.4 7.9
-97.4 81.6 16.5 8.2
-97.2 81.6 16.6 8.5
-97.0 81.6 16.7 8.8
-96.8 81.6 16.7 9.0
-96.6 81.6 16.8 9.1
-96.4 81.6 16.8 9.3
-96.2 81.6 16.8 9.4
-96.0 81.6 16.7 9.5
-95.8 81.6 16.7 9.6
-95.6 81.6 16.7 9.6
-95.4 81.6 16.6 9.7
-95.2 81.6 16.6 9.7
-95.0 81.6 16.5 9.7
-94.8 81.6 16.5 9.7
-94.6 81.6 16.5 9.7
-94.4 81.6 16.5 9.7
-94.2 81.6 16.5 9.6
-94.0 81.6 16.5 9.6
-93.8 81.6 16.6 9.5
-93.6 81.6 16.7 9.5
-93.4 81.6 16.7 9.4
-93.2 81.6 16.8 9.3
-93.0 81.6 16.9 9.2
-92.8 81.6 17.1 9.2
-92.6 81.6 17.2 9.1
-92.4 81.6 17.3 9.0
-92.2 81.6 17.5 8.9
-92.0 81.6 17.6 8.8
-91.8 81.6 17.8 8.7
-91.6 81.6 17.9 8.5
-91.4 81.6 18.1 8.4
-91.2 81.6 18.2 8.2
-91.0 81.6 18.3 8.1
-90.8 81.6 18.4 7.9
-90.6 81.6 18.5 7.8
-90.4 81.6 18.5 7.6
-90.2 81.6 18.6 7.5
-90.0 81.6 18.6 7.3
-89.8 81.6 18.6 7.1
-89.6 81.6 18.6 7.0
-89.4 81.6 18.6 6.8
-89.2 81.6 18.5 6.6
-89.0 81.6 18.4 6.5
-88.8 81.6 18.3 6.4
-88.6 81.6 18.2 6.2
-88.4 81.6 18.1 6.1
-88.2 81.6 18.0 6.0
-88.0 81.6 17.8 5.9
-87.8 81.6 17.6 5.9
-87.6 81.6 17.4 5.8
-87.4 81.6 17.2 5.8
-87.2 81.6 17.0 5.8
-87.0 81.6 16.8 5.8
-86.8 81.6 16.6 5.8
-86.6 81.6 16.3 5.8
-86.4 81.6 16.1 5.8
-86.2 81.6 15.8 5.9
-86.0 81.6 15.6 6.0
-85.8 81.6 15.3 6.0
-85.6 81.6 15.1 6.1
-85.4 81.6 14.9 6.2
-85.2 81.6 14.7 6.3
-85.0 81.6 14.5 6.4
-84.8 81.6 14.4 6.6
-84.6 81.6 14.3 6.7
-84.4 81.6 14.2 6.8
-84.2 81.6 14.2 7.0
-84.0 81.6 14.2 7.2
-83.8 81.6 14.3 7.4
-83.6 81.6 14.5 7.6
-83.4 81.6 14.8 7.8
-83.2 81.6 15.1 8.0
-83.0 81.6 15.5 8.3
-82.8 81.6 16.0 8.6
-82.6 81.6 16.5 9.0
-82.4 81.6 17.2 9.3
-82.2 81.6 17.9 9.7
-82.0 81.6 18.8 10.2
-81.8 81.6 19.7 10.6
-81.6 81.6 20.7 11.1
-81.4 81.6 21.8 11.7
-81.2 81.6 23.0 12.3
-81.0 81.6 24.2 12.9
-80.8 81.6 25.5 13.5
-80.6 81.6 26.9 14.1
-80.4 81.6 28.3 14.8
-80.2 81.6 29.8 15.5
-80.0 81.6 31.3 16.2
-79.8 81.6 32.8 16.9
-79.6 81.6 34.4 17.7
-79.4 81.6 36.0 18.4
-79.2 81.6 37.6 19.1
-79.0 81.6 39.1 19.9
-78.8 81.6 40.7 20.6
-78.6 81.6 42.3 21.4
-78.4 81.6 43.9 22.1
-78.2 81.6 45.4 22.8
-78.0 81.6 47.0 23.5
-77.8 81.6 48.5 24.2
-77.6 81.6 50.0 24.9
-77.4 81.6 51.4 25.6
-77.2 81.6 52.9 26.3
-77.0 81.6 54.3 26.9
-76.8 81.6 55.6 27.6
-76.6 81.6 57.0 28.2
-76.4 81.6 58.3 28.8
-76.2 81.6 59.5 29.3
-76.0 81.6 60.7 29.9
-75.8 81.6 61.9 30.4
-75.6 81.6 63.0 30.9
-75.4 81.6 64.0 31.3
-75.2 81.6 65.1 31.7
-75.0 81.6 66.0 32.1
-74.8 81.6 66.9 32.4
-74.6 81.6 67.8 32.7
-74.4 81.6 68.6 33.0
-74.2 81.6 69.3 33.3
-74.0 81.6 70.0 33.5
-73.8 81.6 70.7 33.7
-73.6 81.6 71.3 33.8
-73.4 81.6 71.9 33.9
-73.2 81.6 72.5 34.0
-73.0 81.6 73.0 34.1
-72.8 81.6 73.5 34.2
-72.6 81.6 74.0 34.2
-72.4 81.6 74.4 34.2
-72.2 81.6 74.8 34.3
-72.0 81.6 75.1 34.3
-71.8 81.6 75.5 34.2
-71.6 81.6 75.8 34.2
-71.4 81.6 76.1 34.2
-71.2 81.6 76.4 34.2
-71.0 81.6 76.6 34.2
-70.8 81.6 76.8 34.2
-70.6 81.6 77.0 34.1
-70.4 81.6 77.2 34.1
-70.2 81.6 77.4 34.1
-70.0 81.6 77.5 34.1
-69.8 81.6 77.6 34.1
-69.6 81.6 77.7 34.1
-69.4 81.6 77.8 34.1
-69.2 81.6 77.8 34.2
-69.0 81.6 77.9 34.2
-68.8 81.6 78.0 34.2
-68.6 81.6 78.0 34.2
-68.4 81.6 78.1 34.2
-68.2 81.6 78.2 34.3
-68.0 81.6 78.2 34.3
-67.8 81.6 78.3 34.3
-67.6 81.6 78.4 34.4
-67.4 81.6 78.5 34.4
-67.2 81.6 78.6 34.4
-67.0 81.6 78.7 34.5
-66.8 81.6 78.9 34.5
-66.6 81.6 79.0 34.5
-66.4 81.6 79.1 34.5
-66.2 81.6 79.2 34.6
-66.0 81.6 79.4 34.6
-65.8 81.6 79.5 34.6
-65.6 81.6 79.6 34.6
-65.4 81.6 79.7 34.7
-65.2 81.6 79.8 34.7
-65.0 81.6 79.8 34.7
-64.8 81.6 79.9 34.8
-64.6 81.6 80.0 34.8
-64.4 81.6 80.1 34.9
-64.2 81.6 80.1 34.9
-64.0 81.6 80.2 35.0
-63.8 81.6 80.2 35.0
-63.6 81.6 80.3 35.1
-63.4 81.6 80.3 35.2
-63.2 81.6 80.3 35.2
-63.0 81.6 80.4 35.3
-62.8 81.6 80.4 35.4
-62.6 81.6 80.5 35.5
-62.4 81.6 80.5 35.5
-62.2 81.6 80.6 35.6
-62.0 81.6 80.6 35.7
-61.8 81.6 80.6 35.8
-61.6 81.6 80.6 35.8
-61.4 81.6 80.5 35.9
-61.2 81.6 80.5 36.0
-61.0 81.6 80.4 36.0
-60.8 81.6 80.2 36.1
-60.6 81.6 80.0 36.1
-60.4 81.6 79.7 36.1
-60.2 81.6 79.4 36.1
-60.0 81.6 78.9 36.1
-59.8 81.6 78.4 36.1
-59.6 81.6 77.9 36.0
-59.4 81.6 77.2 35.9
-59.2 81.6 76.4 35.8
-59.0 81.6 75.5 35.6
-58.8 81.6 74.6 35.4
-58.6 81.6 73.5 35.2
-58.4 81.6 72.3 34.9
-58.2 81.6 71.1 34.5
-58.0 81.6 69.7 34.2
-57.8 81.6 68.3 33.7
-57.6 81.6 66.8 33.3
-57.4 81.6 65.2 32.8
-57.2 81.6 63.7 32.2
-57.0 81.6 62.0 31.7
-56.8 81.6 60.4 31.1
-56.6 81.6 58.8 30.5
-56.4 81.6 57.2 29.9
-56.2 81.6 55.6 29.2
-56.0 81.6 54.1 28.6
-55.8 81.6 52.7 28.0
-55.6 81.6 51.4 27.4
-55.4 81.6 50.2 26.9
-55.2 81.6 49.1 26.4
-55.0 81.6 48.2 25.9
-54.8 81.6 47.4 25.5
-54.6 81.6 46.7 25.1
-54.4 81.6 46.2 24.8
-54.2 81.6 45.9 24.5
-54.0 81.6 45.7 24.3
-53.8 81.6 45.6 24.2
-53.6 81.6 45.7 24.1
-53.4 81.6 45.9 24.1
-53.2 81.6 46.2 24.2
-53.0 81.6 46.6 24.3
-52.8 81.6 47.1 24.5
-52.6 81.6 47.7 24.7
-52.4 81.6 48.3 25.0
-52.2 81.6 49.0 25.3
-52.0 81.6 49.6 25.6
-51.8 81.6 50.4 26.0
-51.6 81.6 51.1 26.4
-51.4 81.6 51.8 26.7
-51.2 81.6 52.4 27.1
-51.0 81.6 53.0 27.5
-50.8 81.6 53.6 27.8
-50.6 81.6 54.1 28.1
-50.4 81.6 54.5 28.4
-50.2 81.6 54.9 28.7
-50.0 81.6 55.2 29.0
-49.8 81.6 55.4 29.2
-49.6 81.6 55.6 29.3
-49.4 81.6 55.6 29.5
-49.2 81.6 55.6 29.6
-49.0 81.6 55.5 29.6
-48.8 81.6 55.3 29.6
-48.6 81.6 55.0 29.6
-48.4 81.6 54.6 29.5
-48.2 81.6 54.2 29.4
-48.0 81.6 53.7 29.2
-47.8 81.6 53.1 29.1
-47.6 81.6 52.5 28.8
-47.4 81.6 51.8 28.6
-47.2 81.6 51.1 28.3
-47.0 81.6 50.3 28.0
-46.8 81.6 49.5 27.7
-46.6 81.6 48.7 27.4
-46.4 81.6 47.9 27.0
-46.2 81.6 47.0 26.6
-46.0 81.6 46.2 26.3
-45.8 81.6 45.4 25.9
-45.6 81.6 44.5 25.5
-45.4 81.6 43.7 25.1
-45.2 81.6 42.9 24.7
-45.0 81.6 42.1 24.3
-44.8 81.6 41.4 23.8
-44.6 81.6 40.7 23.4
-44.4 81.6 40.0 23.0
-44.2 81.6 39.3 22.6
-44.0 81.6 38.7 22.2
-43.8 81.6 38.0 21.8
-43.6 81.6 37.5 21.4
-43.4 81.6 36.9 21.0
-43.2 81.6 36.3 20.6
-43.0 81.6 35.8 20.2
-42.8 81.6 35.3 19.8
-42.6 81.6 34.8 19.4
-42.4 81.6 34.4 19.0
-42.2 81.6 33.9 18.7
-42.0 81.6 33.5 18.3
-41.8 81.6 33.1 17.9
-41.6 81.6 32.7 17.6
-41.4 81.6 32.3 17.3
-41.2 81.6 31.9 16.9
-41.0 81.6 31.5 16.6
-40.8 81.6 31.1 16.3
-40.6 81.6 30.8 16.0
-40.4 81.6 30.4 15.8
-40.2 81.6 30.1 15.5
-40.0 81.6 29.8 15.2
-39.8 81.6 29.5 15.0
-39.6 81.6 29.2 14.8
-39.4 81.6 29.0 14.6
-39.2 81.6 28.7 14.3
-39.0 81.6 28.4 14.1
-38.8 81.6 28.2 13.9
-38.6 81.6 27.9 13.8
-38.4 81.6 27.6 13.6
-38.2 81.6 27.4 13.4
-38.0 81.6 27.1 13.3
-37.8 81.6 26.9 13.1
-37.6 81.6 26.6 13.0
-37.4 81.6 26.4 12.8
-37.2 81.6 26.1 12.7
-37.0 81.6 25.8 12.5
-36.8 81.6 25.5 12.4
-36.6 81.6 25.2 12.3
-36.4 81.6 24.9 12.1
-36.2 81.6 24.6 12.0
-36.0 81.6 24.3 11.9
-35.8 81.6 24.0 11.7
-35.6 81.6 23.7 11.6
-35.4 81.6 23.4 11.5
-35.2 81.6 23.2 11.4
-35.0 81.6 22.9 11.3
-34.8 81.6 22.6 11.1
-34.6 81.6 22.4 11.0
-34.4 81.6 22.2 10.9
-34.2 81.6 22.0 10.8
-34.0 81.6 21.8 10.7
-33.8 81.6 21.6 10.6
-33.6 81.6 21.4 10.6
-33.4 81.6 21.3 10.5
-33.2 81.6 21.2 10.4
-33.0 81.6 21.1 10.3
-32.8 81.6 21.0 10.2
-32.6 81.6 21.0 10.1
-32.4 81.6 20.9 10.0
-32.2 81.6 20.9 10.0
-32.0 81.6 20.9 9.9
-31.8 81.6 20.9 9.8
-31.6 81.6 20.9 9.7
-31.4 81.6 20.9 9.7
-31.2 81.6 21.0 9.6
-31.0 81.6 21.0 9.5
-30.8 81.6 21.1 9.5
-30.6 81.6 21.1 9.4
-30.4 81.6 21.2 9.3
-30.2 81.6 21.3 9.3
-30.0 81.6 21.4 9.2
-29.8 81.6 21.5 9.1
-29.6 81.6 21.6 9.1
-29.4 81.6 21.6 9.0
-29.2 81.6 21.7 9.0
-29.0 81.6 21.8 8.9
-28.8 81.6 21.9 8.8
-28.6 81.6 22.0 8.8
-28.4 81.6 22.0 8.7
-28.2 81.6 22.0 8.7
-28.0 81.6 22.0 8.6
-27.8 81.6 22.0 8.5
-27.6 81.6 22.0 8.5
-27.4 81.6 21.9 8.4
-27.2 81.6 21.9 8.3
-27.0 81.6 21.7 8.3
-26.8 81.6 21.6 8.2
-26.6 81.6 21.4 8.1
-26.4 81.6 21.2 8.1
-26.2 81.6 21.0 8.0
-26.0 81.6 20.8 7.9
-25.8 81.6 20.5 7.9
-25.6 81.6 20.3 7.8
-25.4 81.6 20.0 7.7
-25.2 81.6 19.7 7.7
-25.0 81.6 19.4 7.6
-24.8 81.6 19.1 7.5
-24.6 81.6 18.8 7.5
-24.4 81.6 18.5 7.4
-24.2 81.6 18.2 7.4
-24.0 81.6 17.8 7.3
-23.8 81.6 17.5 7.3
-23.6 81.6 17.3 7.2
-23.4 81.6 17.0 7.1
-23.2 81.6 16.7 7.1
-23.0 81.6 16.4 7.0
-22.8 81.6 16.2 7.0
-22.6 81.6 15.9 7.0
-22.4 81.6 15.7 6.9
-22.2 81.6 15.5 6.9
-22.0 81.6 15.3 6.9
-21.8 81.6 15.1 6.8
-21.6 81.6 14.9 6.8
-21.4 81.6 14.8 6.8
-21.2 81.6 14.6 6.8
-21.0 81.6 14.5 6.8
-20.8 81.6 14.3 6.7
-20.6 81.6 14.2 6.7
-20.4 81.6 14.1 6.7
-20.2 81.6 14.0 6.7
-20.0 81.6 13.9 6.7
-19.8 81.6 13.8 6.7
-19.6 81.6 13.7 6.7
-19.4 81.6 13.6 6.7
-19.2 81.6 13.5 6.7
-19.0 81.6 13.4 6.6
-18.8 81.6 13.3 6.6
-18.6 81.6 13.2 6.6
-18.4 81.6 13.0 6.5
-18.2 81.6 12.9 6.5
-18.0 81.6 12.8 6.4
-17.8 81.6 12.6 6.4
-17.6 81.6 12.5 6.3
-17.4 81.6 12.3 6.2
-17.2 81.6 12.1 6.1
-17.0 81.6 11.9 6.0
-16.8 81.6 11.7 5.9
-16.6 81.6 11.5 5.8
-16.4 81.6 11.3 5.7
-16.2 81.6 11.1 5.5
-16.0 81.6 10.8 5.4
-15.8 81.6 10.6 5.3
-15.6 81.6 10.3 5.1
-15.4 81.6 10.0 4.9
-15.2 81.6 9.8 4.8
-15.0 81.6 9.5 4.6
-14.8 81.6 9.2 4.4
-14.6 81.6 9.0 4.3
-14.4 81.6 8.7 4.1
-14.2 81.6 8.4 3.9
-14.0 81.6 8.2 3.7
-13.8 81.6 7.9 3.6
-13.6 81.6 7.7 3.4
-13.4 81.6 7.4 3.2
-13.2 81.6 7.2 3.1
-13.0 81.6 7.0 2.9
-12.8 81.6 6.8 2.8
-12.6 81.6 6.6 2.7
-12.4 81.6 6.4 2.5
-12.2 81.6 6.2 2.4
-12.0 81.6 6.1 2.3
-11.8 81.6 6.0 2.2
-11.6 81.6 5.8 2.2
-11.4 81.6 5.7 2.1
-11.2 81.6 5.6 2.0
-11.0 81.6 5.5 2.0
-10.8 81.6 5.5 2.0
-10.6 81.6 5.4 2.0
-10.4 81.6 5.3 1.9
-10.2 81.6 5.3 1.9
-10.0 81.6 5.3 1.9
-9.8 81.6 5.2 2.0
-9.6 81.6 5.2 2.0
-9.4 81.6 5.2 2.0
-9.2 81.6 5.2 2.0
-9.0 81.6 5.2 2.0
-8.8 81.6 5.2 2.0
-8.6 81.6 5.2 2.1
-8.4 81.6 5.2 2.1
-8.2 81.6 5.2 2.1
-8.0 81.6 5.2 2.1
-7.8 81.6 5.2 2.1
-7.6 81.6 5.2 2.0
-7.4 81.6 5.2 2.0
-7.2 81.6 5.2 2.0
-7.0 81.6 5.2 2.0
-6.8 81.6 5.2 1.9
-6.6 81.6 5.2 1.9
-6.4 81.6 5.2 1.8
-6.2 81.6 5.2 1.8
-6.0 81.6 5.2 1.7
-5.8 81.6 5.2 1.6
-5.6 81.6 5.2 1.6
-5.4 81.6 5.1 1.5
-5.2 81.6 5.1 1.4
-5.0 81.6 5.1 1.4
-4.8 81.6 5.1 1.3
-4.6 81.6 5.1 1.2
-4.4 81.6 5.1 1.1
-4.2 81.6 5.1 1.1
-4.0 81.6 5.1 1.0
-3.8 81.6 5.1 1.0
-3.6 81.6 5.1 1.0
-3.4 81.6 5.1 1.0
-3.2 81.6 5.1 1.0
-3.0 81.6 5.1 1.0
-2.8 81.6 5.1 1.0
-2.6 81.6 5.1 1.0
-2.4 81.6 5.1 1.0
-2.2 81.6 5.1 1.0
-2.0 81.6 5.1 1.0
-1.8 81.6 5.1 1.0
-1.6 81.6 5.1 1.0
-1.4 81.6 5.1 1.0
-1.2 81.6 5.1 1.0
-1.0 81.6 5.1 1.0
-0.8 81.6 5.1 1.0
-0.6 81.6 5.1 1.0
-0.4 81.6 5.1 1.0
-0.2 81.6 5.1 1.0
0.0 81.6 5.1 1.0
0.0 81.4 5.2 1.0
0.2 81.4 5.2 1.0
0.4 81.4 5.2 1.0
0.6 81.4 5.2 1.0
0.8 81.4 5.2 1.0
1.0 81.4 5.2 1.0
1.2 81.4 5.2 1.0
1.4 81.4 5.2 1.0
1.6 81.4 5.2 1.0
1.8 81.4 5.2 1.0
2.0 81.4 5.2 1.0
2.2 81.4 5.2 1.0
2.4 81.4 5.1 1.0
2.6 81.4 5.1 1.0
2.8 81.4 5.1 1.0
3.0 81.4 5.1 1.0
3.2 81.4 5.1 1.0
3.4 81.4 5.1 1.0
3.6 81.4 5.1 1.0
3.8 81.4 5.1 1.0
4.0 81.4 5.1 1.0
4.2 81.4 5.1 1.0
4.4 81.4 5.0 1.0
4.6 81.4 5.0 1.0
4.8 81.4 5.0 1.0
5.0 81.4 5.0 1.0
5.2 81.4 5.0 5.2
5.4 81.4 5.0 5.4
5.6 81.4 5.0 5.6
5.8 81.4 5.0 5.8
6.0 81.4 5.0 6.0
6.2 81.4 5.0 6.2
6.4 81.4 5.0 6.4
6.6 81.4 5.0 6.6
6.8 81.4 5.0 6.8
7.0 81.4 5.0 7.0
7.2 81.4 5.0 7.2
7.4 81.4 5.0 7.4
7.6 81.4 5.0 7.6
7.8 81.4 5.0 7.8
8.0 81.4 5.0 8.0
8.2 81.4 5.0 8.2
8.4 81.4 5.0 8.4
8.6 81.4 5.0 8.6
8.8 81.4 5.0 8.8
9.0 81.4 5.0 9.0
9.2 81.4 5.0 9.2
9.4 81.4 5.0 9.4
9.6 81.4 5.0 9.6
9.8 81.4 5.0 9.8
10.0 81.4 5.0 10.0
10.2 81.4 5.0 10.2
10.4 81.4 5.0 10.4
10.6 81.4 5.0 10.6
10.8 81.4 5.1 1.0
11.0 81.4 5.2 1.0
11.2 81.4 5.3 1.0
11.4 81.4 5.5 1.0
11.6 81.4 5.7 1.0
11.8 81.4 5.9 1.1
12.0 81.4 6.1 1.3
12.2 81.4 6.3 1.4
12.4 81.4 6.5 1.6
12.6 81.4 6.7 1.7
12.8 81.4 6.9 1.9
13.0 81.4 7.2 2.1
13.2 81.4 7.4 2.2
13.4 81.4 7.6 2.4
13.6 81.4 7.9 2.5
13.8 81.4 8.1 2.7
14.0 81.4 8.3 2.8
14.2 81.4 8.5 2.9
14.4 81.4 8.7 3.1
14.6 81.4 8.9 3.2
14.8 81.4 9.1 3.3
15.0 81.4 9.3 3.4
15.2 81.4 9.5 3.6
15.4 81.4 9.7 3.7
15.6 81.4 9.8 3.8
15.8 81.4 10.0 3.9
16.0 81.4 10.1 4.0
16.2 81.4 10.3 4.1
16.4 81.4 10.4 4.2
16.6 81.4 10.5 4.3
-101.6 81.4 15.9 6.9
-101.4 81.4 15.5 6.6
-101.2 81.4 15.2 6.4
-101.0 81.4 14.9 6.2
-100.8 81.4 14.6 6.1
-100.6 81.4 14.4 6.1
-100.4 81.4 14.3 6.2
-100.2 81.4 14.3 6.3
-100.0 81.4 14.3 6.6
-99.8 81.4 14.3 6.8
-99.6 81.4 14.4 7.2
-99.4 81.4 14.5 7.6
-99.2 81.4 14.7 8.0
-99.0 81.4 14.9 8.5
-98.8 81.4 15.1 9.0
-98.6 81.4 15.3 9.5
-98.4 81.4 15.5 10.0
-98.2 81.4 15.7 10.5
-98.0 81.4 15.8 11.0
-97.8 81.4 16.0 11.5
-97.6 81.4 16.1 11.9
-97.4 81.4 16.2 12.3
-97.2 81.4 16.3 12.6
-97.0 81.4 16.4 13.0
-96.8 81.4 16.4 13.2
-96.6 81.4 16.4 13.5
-96.4 81.4 16.4 13.7
-96.2 81.4 16.4 13.8
-96.0 81.4 16.4 14.0
-95.8 81.4 16.3 14.1
-95.6 81.4 16.3 14.1
-95.4 81.4 16.3 14.2
-95.2 81.4 16.3 14.2
-95.0 81.4 16.3 14.2
-94.8 81.4 16.3 14.2
-94.6 81.4 16.3 14.2
-94.4 81.4 16.4 14.2
-94.2 81.4 16.5 14.2
-94.0 81.4 16.6 14.2
-93.8 81.4 16.7 14.1
-93.6 81.4 16.9 14.1
-93.4 81.4 17.1 14.0
-93.2 81.4 17.3 14.0
-93.0 81.4 17.5 13.9
-92.8 81.4 17.7 13.9
-92.6 81.4 18.0 13.8
-92.4 81.4 18.3 13.8
-92.2 81.4 18.6 13.7
-92.0 81.4 18.8 13.6
-91.8 81.4 19.1 13.5
-91.6 81.4 19.4 13.3
-91.4 81.4 19.6 13.2
-91.2 81.4 19.8 13.0
-91.0 81.4 20.0 12.8
-90.8 81.4 20.2 12.7
-90.6 81.4 20.4 12.5
-90.4 81.4 20.5 12.3
-90.2 81.4 20.6 12.0
-90.0 81.4 20.7 11.8
-89.8 81.4 20.7 11.6
-89.6 81.4 20.7 11.4
-89.4 81.4 20.7 11.1
-89.2 81.4 20.7 10.9
-89.0 81.4 20.6 10.7
-88.8 81.4 20.5 10.5
-88.6 81.4 20.4 10.3
-88.4 81.4 20.2 10.1
-88.2 81.4 20.1 10.0
-88.0 81.4 19.9 9.9
-87.8 81.4 19.7 9.7
-87.6 81.4 19.5 9.7
-87.4 81.4 19.3 9.6
-87.2 81.4 19.0 9.5
-87.0 81.4 18.8 9.5
-86.8 81.4 18.5 9.5
-86.6 81.4 18.2 9.5
-86.4 81.4 18.0 9.5
-86.2 81.4 17.7 9.6
-86.0 81.4 17.5 9.6
-85.8 81.4 17.3 9.7
-85.6 81.4 17.1 9.8
-85.4 81.4 16.9 9.9
-85.2 81.4 16.7 10.0
-85.0 81.4 16.6 10.1
-84.8 81.4 16.6 10.2
-84.6 81.4 16.6 10.4
-84.4 81.4 16.7 10.5
-84.2 81.4 16.8 10.7
-84.0 81.4 17.0 10.9
-83.8 81.4 17.3 11.1
-83.6 81.4 17.7 11.3
-83.4 81.4 18.2 11.6
-83.2 81.4 18.8 11.9
-83.0 81.4 19.5 12.2
-82.8 81.4 20.3 12.5
-82.6 81.4 21.2 12.9
-82.4 81.4 22.2 13.3
-82.2 81.4 23.4 13.8
-82.0 81.4 24.6 14.3
-81.8 81.4 25.9 14.8
-81.6 81.4 27.4 15.4
-81.4 81.4 28.9 16.0
-81.2 81.4 30.5 16.6
-81.0 81.4 32.1 17.3
-80.8 81.4 33.9 17.9
-80.6 81.4 35.6 18.6
-80.4 81.4 37.4 19.3
-80.2 81.4 39.2 20.0
-80.0 81.4 41.0 20.8
-79.8 81.4 42.8 21.5
-79.6 81.4 44.6 22.2
-79.4 81.4 46.4 22.9
-79.2 81.4 48.1 23.6
-79.0 81.4 49.8 24.2
-78.8 81.4 51.4 24.9
-78.6 81.4 52.9 25.5
-78.4 81.4 54.5 26.2
-78.2 81.4 55.9 26.8
-78.0 81.4 57.3 27.3
-77.8 81.4 58.6 27.9
-77.6 81.4 59.9 28.4
-77.4 81.4 61.1 29.0
-77.2 81.4 62.2 29.5
-77.0 81.4 63.3 29.9
-76.8 81.4 64.4 30.4
-76.6 81.4 65.3 30.8
-76.4 81.4 66.3 31.2
-76.2 81.4 67.1 31.6
-76.0 81.4 68.0 31.9
-75.8 81.4 68.8 32.3
-75.6 81.4 69.5 32.6
-75.4 81.4 70.2 32.9
-75.2 81.4 70.8 33.1
-75.0 81.4 71.5 33.3
-74.8 81.4 72.0 33.5
-74.6 81.4 72.6 33.7
-74.4 81.4 73.1 33.8
-74.2 81.4 73.6 34.0
-74.0 81.4 74.0 34.1
-73.8 81.4 74.5 34.1
-73.6 81.4 74.9 34.2
-73.4 81.4 75.3 34.2
-73.2 81.4 75.7 34.2
-73.0 81.4 76.1 34.2
-72.8 81.4 76.4 34.2
-72.6 81.4 76.8 34.2
-72.4 81.4 77.1 34.2
-72.2 81.4 77.4 34.2
-72.0 81.4 77.7 34.1
-71.8 81.4 78.0 34.1
-71.6 81.4 78.2 34.0
-71.4 81.4 78.5 34.0
-71.2 81.4 78.7 34.0
-71.0 81.4 78.9 33.9
-70.8 81.4 79.1 33.9
-70.6 81.4 79.3 33.9
-70.4 81.4 79.4 33.9
-70.2 81.4 79.5 33.9
-70.0 81.4 79.6 34.0
-69.8 81.4 79.7 34.0
-69.6 81.4 79.7 34.0
-69.4 81.4 79.7 34.1
-69.2 81.4 79.8 34.1
-69.0 81.4 79.8 34.2
-68.8 81.4 79.8 34.2
-68.6 81.4 79.8 34.3
-68.4 81.4 79.8 34.4
-68.2 81.4 79.9 34.4
-68.0 81.4 79.9 34.5
-67.8 81.4 79.9 34.5
-67.6 81.4 80.0 34.6
-67.4 81.4 80.1 34.6
-67.2 81.4 80.2 34.7
-67.0 81.4 80.3 34.7
-66.8 81.4 80.4 34.8
-66.6 81.4 80.5 34.8
-66.4 81.4 80.6 34.8
-66.2 81.4 80.8 34.9
-66.0 81.4 80.9 34.9
-65.8 81.4 81.0 34.9
-65.6 81.4 81.1 35.0
-65.4 81.4 81.3 35.0
-65.2 81.4 81.4 35.0
-65.0 81.4 81.5 35.1
-64.8 81.4 81.6 35.1
-64.6 81.4 81.6 35.2
-64.4 81.4 81.7 35.2
-64.2 81.4 81.8 35.3
-64.0 81.4 81.8 35.3
-63.8 81.4 81.9 35.4
-63.6 81.4 81.9 35.4
-63.4 81.4 82.0 35.5
-63.2 81.4 82.0 35.5
-63.0 81.4 82.1 35.6
-62.8 81.4 82.1 35.7
-62.6 81.4 82.2 35.7
-62.4 81.4 82.2 35.8
-62.2 81.4 82.3 35.9
-62.0 81.4 82.3 35.9
-61.8 81.4 82.4 36.0
-61.6 81.4 82.4 36.1
-61.4 81.4 82.4 36.1
-61.2 81.4 82.4 36.2
-61.0 81.4 82.4 36.3
-60.8 81.4 82.4 36.3
-60.6 81.4 82.4 36.4
-60.4 81.4 82.3 36.4
-60.2 81.4 82.1 36.5
-60.0 81.4 82.0 36.5
-59.8 81.4 81.8 36.6
-59.6 81.4 81.5 36.6
-59.4 81.4 81.2 36.6
-59.2 81.4 80.8 36.5
-59.0 81.4 80.3 36.5
-58.8 81.4 79.8 36.4
-58.6 81.4 79.2 36.3
-58.4 81.4 78.6 36.2
-58.2 81.4 77.8 36.1
-58.0 81.4 77.0 35.9
-57.8 81.4 76.1 35.7
-57.6 81.4 75.2 35.5
-57.4 81.4 74.2 35.2
-57.2 81.4 73.1 34.9
-57.0 81.4 72.0 34.6
-56.8 81.4 70.9 34.3
-56.6 81.4 69.8 33.9
-56.4 81.4 68.6 33.5
-56.2 81.4 67.5 33.1
-56.0 81.4 66.4 32.7
-55.8 81.4 65.4 32.3
-55.6 81.4 64.4 32.0
-55.4 81.4 63.5 31.6
-55.2 81.4 62.7 31.2
-55.0 81.4 61.9 30.9
-54.8 81.4 61.3 30.6
-54.6 81.4 60.8 30.3
-54.4 81.4 60.4 30.1
-54.2 81.4 60.2 29.9
-54.0 81.4 60.0 29.8
-53.8 81.4 60.0 29.7
-53.6 81.4 60.1 29.6
-53.4 81.4 60.3 29.6
-53.2 81.4 60.6 29.7
-53.0 81.4 60.9 29.8
-52.8 81.4 61.3 29.9
-52.6 81.4 61.8 30.1
-52.4 81.4 62.3 30.3
-52.2 81.4 62.9 30.5
-52.0 81.4 63.5 30.7
-51.8 81.4 64.0 31.0
-51.6 81.4 64.6 31.3
-51.4 81.4 65.1 31.5
-51.2 81.4 65.6 31.8
-51.0 81.4 66.0 32.1
-50.8 81.4 66.4 32.3
-50.6 81.4 66.8 32.5
-50.4 81.4 67.0 32.7
-50.2 81.4 67.2 32.9
-50.0 81.4 67.3 33.1
-49.8 81.4 67.3 33.2
-49.6 81.4 67.3 33.3
-49.4 81.4 67.1 33.3
-49.2 81.4 66.9 33.4
-49.0 81.4 66.5 33.4
-48.8 81.4 66.1 33.3
-48.6 81.4 65.6 33.2
-48.4 81.4 65.1 33.1
-48.2 81.4 64.4 33.0
-48.0 81.4 63.7 32.8
-47.8 81.4 62.9 32.6
-47.6 81.4 62.1 32.4
-47.4 81.4 61.2 32.1
-47.2 81.4 60.2 31.8
-47.0 81.4 59.2 31.5
-46.8 81.4 58.2 31.2
-46.6 81.4 57.1 30.8
-46.4 81.4 56.1 30.5
-46.2 81.4 55.0 30.1
-46.0 81.4 53.9 29.7
-45.8 81.4 52.8 29.3
-45.6 81.4 51.7 28.8
-45.4 81.4 50.7 28.4
-45.2 81.4 49.6 28.0
-45.0 81.4 48.6 27.5
-44.8 81.4 47.6 27.1
-44.6 81.4 46.6 26.6
-44.4 81.4 45.7 26.1
-44.2 81.4 44.8 25.7
-44.0 81.4 43.9 25.2
-43.8 81.4 43.1 24.8
-43.6 81.4 42.3 24.3
-43.4 81.4 41.5 23.9
-43.2 81.4 40.7 23.4
-43.0 81.4 40.0 23.0
-42.8 81.4 39.3 22.6
-42.6 81.4 38.7 22.1
-42.4 81.4 38.0 21.7
-42.2 81.4 37.4 21.3
-42.0 81.4 36.9 20.9
-41.8 81.4 36.3 20.5
-41.6 81.4 35.7 20.1
-41.4 81.4 35.2 19.7
-41.2 81.4 34.7 19.4
-41.0 81.4 34.2 19.0
-40.8 81.4 33.8 18.7
-40.6 81.4 33.3 18.3
-40.4 81.4 32.9 18.0
-40.2 81.4 32.5 17.7
-40.0 81.4 32.1 17.4
-39.8 81.4 31.7 17.1
-39.6 81.4 31.4 16.9
-39.4 81.4 31.0 16.6
-39.2 81.4 30.7 16.3
-39.0 81.4 30.4 16.1
-38.8 81.4 30.1 15.8
-38.6 81.4 29.8 15.6
-38.4 81.4 29.6 15.4
-38.2 81.4 29.3 15.2
-38.0 81.4 29.1 15.0
-37.8 81.4 28.8 14.8
-37.6 81.4 28.5 14.6
-37.4 81.4 28.3 14.4
-37.2 81.4 28.0 14.2
-37.0 81.4 27.7 14.1
-36.8 81.4 27.5 13.9
-36.6 81.4 27.2 13.7
-36.4 81.4 26.9 13.6
-36.2 81.4 26.6 13.4
-36.0 81.4 26.3 13.3
-35.8 81.4 26.1 13.2
-35.6 81.4 25.8 13.0
-35.4 81.4 25.5 12.9
-35.2 81.4 25.2 12.8
-35.0 81.4 24.9 12.7
-34.8 81.4 24.7 12.6
-34.6 81.4 24.4 12.5
-34.4 81.4 24.1 12.4
-34.2 81.4 23.9 12.3
-34.0 81.4 23.6 12.2
-33.8 81.4 23.4 12.1
-33.6 81.4 23.2 12.0
-33.4 81.4 22.9 11.9
-33.2 81.4 22.7 11.8
-33.0 81.4 22.5 11.7
-32.8 81.4 22.3 11.6
-32.6 81.4 22.1 11.5
-32.4 81.4 21.9 11.4
-32.2 81.4 21.7 11.3
-32.0 81.4 21.5 11.2
-31.8 81.4 21.4 11.1
-31.6 81.4 21.2 11.0
-31.4 81.4 21.0 10.9
-31.2 81.4 20.9 10.8
-31.0 81.4 20.8 10.7
-30.8 81.4 20.7 10.6
-30.6 81.4 20.6 10.5
-30.4 81.4 20.5 10.4
-30.2 81.4 20.5 10.4
-30.0 81.4 20.4 10.3
-29.8 81.4 20.4 10.2
-29.6 81.4 20.4 10.1
-29.4 81.4 20.4 10.0
-29.2 81.4 20.5 9.9
-29.0 81.4 20.5 9.8
-28.8 81.4 20.5 9.7
-28.6 81.4 20.6 9.6
-28.4 81.4 20.6 9.5
-28.2 81.4 20.7 9.4
-28.0 81.4 20.7 9.3
-27.8 81.4 20.7 9.3
-27.6 81.4 20.8 9.2
-27.4 81.4 20.8 9.1
-27.2 81.4 20.8 9.0
-27.0 81.4 20.7 8.9
-26.8 81.4 20.7 8.8
-26.6 81.4 20.6 8.7
-26.4 81.4 20.5 8.6
-26.2 81.4 20.4 8.6
-26.0 81.4 20.3 8.5
-25.8 81.4 20.2 8.4
-25.6 81.4 20.0 8.3
-25.4 81.4 19.9 8.2
-25.2 81.4 19.7 8.2
-25.0 81.4 19.5 8.1
-24.8 81.4 19.3 8.0
-24.6 81.4 19.1 8.0
-24.4 81.4 18.8 7.9
-24.2 81.4 18.6 7.8
-24.0 81.4 18.4 7.8
-23.8 81.4 18.1 7.7
-23.6 81.4 17.9 7.7
-23.4 81.4 17.7 7.6
-23.2 81.4 17.4 7.5
-23.0 81.4 17.2 7.5
-22.8 81.4 17.0 7.4
-22.6 81.4 16.8 7.4
-22.4 81.4 16.5 7.3
-22.2 81.4 16.3 7.3
-22.0 81.4 16.1 7.3
-21.8 81.4 16.0 7.2
-21.6 81.4 15.8 7.2
-21.4 81.4 15.6 7.2
-21.2 81.4 15.5 7.2
-21.0 81.4 15.3 7.1
-20.8 81.4 15.2 7.1
-20.6 81.4 15.1 7.1
-20.4 81.4 14.9 7.1
-20.2 81.4 14.8 7.0
-20.0 81.4 14.7 7.0
-19.8 81.4 14.6 7.0
-19.6 81.4 14.5 7.0
-19.4 81.4 14.4 6.9
-19.2 81.4 14.3 6.9
-19.0 81.4 14.2 6.9
-18.8 81.4 14.0 6.8
-18.6 81.4 13.9 6.8
-18.4 81.4 13.8 6.7
-18.2 81.4 13.6 6.7
-18.0 81.4 13.4 6.6
-17.8 81.4 13.3 6.5
-17.6 81.4 13.1 6.4
-17.4 81.4 12.8 6.3
-17.2 81.4 12.6 6.2
-17.0 81.4 12.4 6.1
-16.8 81.4 12.2 6.0
-16.6 81.4 11.9 5.8
-16.4 81.4 11.6 5.7
-16.2 81.4 11.4 5.6
-16.0 81.4 11.1 5.4
-15.8 81.4 10.8 5.2
-15.6 81.4 10.5 5.1
-15.4 81.4 10.2 4.9
-15.2 81.4 9.9 4.7
-15.0 81.4 9.6 4.5
-14.8 81.4 9.3 4.3
-14.6 81.4 9.0 4.1
-14.4 81.4 8.7 4.0
-14.2 81.4 8.4 3.8
-14.0 81.4 8.1 3.6
-13.8 81.4 7.9 3.4
-13.6 81.4 7.6 3.3
-13.4 81.4 7.4 3.1
-13.2 81.4 7.1 2.9
-13.0 81.4 6.9 2.8
-12.8 81.4 6.7 2.7
-12.6 81.4 6.5 2.5
-12.4 81.4 6.3 2.4
-12.2 81.4 6.2 2.3
-12.0 81.4 6.0 2.2
-11.8 81.4 5.9 2.2
-11.6 81.4 5.8 2.1
-11.4 81.4 5.7 2.1
-11.2 81.4 5.6 2.0
-11.0 81.4 5.5 2.0
-10.8 81.4 5.5 2.0
-10.6 81.4 5.4 2.0
-10.4 81.4 5.4 2.0
-10.2 81.4 5.3 2.0
-10.0 81.4 5.3 2.1
-9.8 81.4 5.3 2.1
-9.6 81.4 5.3 2.2
-9.4 81.4 5.3 2.2
-9.2 81.4 5.3 2.2
-9.0 81.4 5.3 2.3
-8.8 81.4 5.3 2.3
-8.6 81.4 5.3 2.3
-8.4 81.4 5.4 2.4
-8.2 81.4 5.4 2.4
-8.0 81.4 5.4 2.4
-7.8 81.4 5.4 2.4
-7.6 81.4 5.4 2.4
-7.4 81.4 5.4 2.4
-7.2 81.4 5.4 2.4
-7.0 81.4 5.4 2.4
-6.8 81.4 5.4 2.3
-6.6 81.4 5.4 2.3
-6.4 81.4 5.4 2.2
-6.2 81.4 5.4 2.2
-6.0 81.4 5.4 2.1
-5.8 81.4 5.4 2.1
-5.6 81.4 5.4 2.0
-5.4 81.4 5.4 2.0
-5.2 81.4 5.4 1.9
-5.0 81.4 5.4 1.8
-4.8 81.4 5.4 1.7
-4.6 81.4 5.3 1.7
-4.4 81.4 5.3 1.6
-4.2 81.4 5.3 1.5
-4.0 81.4 5.3 1.5
-3.8 81.4 5.3 1.4
-3.6 81.4 5.3 1.4
-3.4 81.4 5.3 1.3
-3.2 81.4 5.3 1.3
-3.0 81.4 5.3 1.2
-2.8 81.4 5.3 1.2
-2.6 81.4 5.2 1.1
-2.4 81.4 5.2 1.1
-2.2 81.4 5.2 1.0
-2.0 81.4 5.2 1.0
-1.8 81.4 5.2 1.0
-1.6 81.4 5.2 1.0
-1.4 81.4 5.2 1.0
-1.2 81.4 5.2 1.0
-1.0 81.4 5.2 1.0
-0.8 81.4 5.2 1.0
-0.6 81.4 5.2 1.0
-0.4 81.4 5.2 1.0
-0.2 81.4 5.2 1.0
0.0 81.4 5.2 1.0
0.0 81.2 5.4 1.4
0.2 81.2 5.4 1.4
0.4 81.2 5.4 1.4
0.6 81.2 5.4 1.4
0.8 81.2 5.4 1.5
1.0 81.2 5.4 1.5
1.2 81.2 5.4 1.5
1.4 81.2 5.3 1.5
1.6 81.2 5.3 1.5
1.8 81.2 5.3 1.5
2.0 81.2 5.3 1.4
2.2 81.2 5.3 1.4
2.4 81.2 5.3 1.4
2.6 81.2 5.3 1.4
2.8 81.2 5.3 1.4
3.0 81.2 5.2 1.3
3.2 81.2 5.2 1.3
3.4 81.2 5.2 1.3
3.6 81.2 5.2 1.2
3.8 81.2 5.2 1.2
4.0 81.2 5.2 1.1
4.2 81.2 5.1 1.1
4.4 81.2 5.1 1.0
4.6 81.2 5.1 1.0
4.8 81.2 5.1 1.0
5.0 81.2 5.1 1.0
5.2 81.2 5.1 1.0
5.4 81.2 5.0 1.0
5.6 81.2 5.0 1.0
5.8 81.2 5.0 1.0
6.0 81.2 5.0 6.0
6.2 81.2 5.0 6.2
6.4 81.2 5.0 6.4
6.6 81.2 5.0 6.6
6.8 81.2 5.0 6.8
7.0 81.2 5.0 7.0
7.2 81.2 5.0 7.2
7.4 81.2 5.0 7.4
7.6 81.2 5.0 7.6
7.8 81.2 5.0 7.8
8.0 81.2 5.0 8.0
8.2 81.2 5.0 8.2
8.4 81.2 5.0 8.4
8.6 81.2 5.0 8.6
8.8 81.2 5.0 8.8
9.0 81.2 5.0 9.0
9.2 81.2 5.0 9.2
9.4 81.2 5.0 9.4
9.6 81.2 5.0 9.6
9.8 81.2 5.0 9.8
10.0 81.2 5.0 10.0
10.2 81.2 5.0 10.2
10.4 81.2 5.1 1.0
10.6 81.2 5.2 1.0
10.8 81.2 5.3 1.0
11.0 81.2 5.4 1.1
11.2 81.2 5.5 1.2
11.4 81.2 5.7 1.3
11.6 81.2 5.9 1.4
11.8 81.2 6.0 1.6
12.0 81.2 6.2 1.7
12.2 81.2 6.4 1.8
12.4 81.2 6.6 2.0
12.6 81.2 6.9 2.1
12.8 81.2 7.1 2.3
13.0 81.2 7.3 2.4
13.2 81.2 7.5 2.5
13.4 81.2 7.8 2.7
13.6 81.2 8.0 2.8
13.8 81.2 8.2 2.9
14.0 81.2 8.4 3.1
14.2 81.2 8.6 3.2
14.4 81.2 8.8 3.3
14.6 81.2 9.0 3.4
14.8 81.2 9.2 3.5
15.0 81.2 9.4 3.6
15.2 81.2 9.6 3.7
15.4 81.2 9.7 3.8
15.6 81.2 9.9 3.9
15.8 81.2 10.0 4.0
16.0 81.2 10.2 4.1
16.2 81.2 10.3 4.2
16.4 81.2 10.4 4.3
16.6 81.2 10.5 4.4
16.8 81.2 10.6 4.5
17.0 81.2 10.7 4.6
17.2 81.2 10.8 4.6
17.4 81.2 10.9 4.7
-102.4 81.2 19.2 10.6
-102.2 81.2 18.6 10.2
-102.0 81.2 18.0 9.8
-101.8 81.2 17.5 9.5
-101.6 81.2 17.0 9.2
-101.4 81.2 16.5 8.9
-101.2 81.2 16.0 8.7
-101.0 81.2 15.7 8.6
-100.8 81.2 15.3 8.6
-100.6 81.2 15.1 8.6
-100.4 81.2 14.9 8.8
-100.2 81.2 14.7 9.0
-100.0 81.2 14.6 9.3
-99.8 81.2 14.6 9.7
-99.6 81.2 14.6 10.1
-99.4 81.2 14.6 10.6
-99.2 81.2 14.7 11.2
-99.0 81.2 14.8 11.7
-98.8 81.2 14.9 12.3
-98.6 81.2 15.0 13.0
-98.4 81.2 15.2 13.6
-98.2 81.2 15.3 14.2
-98.0 81.2 15.4 14.8
-97.8 81.2 15.5 15.4
-97.6 81.2 15.6 15.9
-97.4 81.2 15.6 16.4
-97.2 81.2 15.7 16.9
-97.0 81.2 15.7 17.3
-96.8 81.2 15.7 17.6
-96.6 81.2 15.7 17.9
-96.4 81.2 15.7 18.2
-96.2 81.2 15.7 18.4
-96.0 81.2 15.6 18.6
-95.8 81.2 15.6 18.7
-95.6 81.2 15.6 18.8
-95.4 81.2 15.6 18.9
-95.2 81.2 15.7 19.0
-95.0 81.2 15.8 19.1
-94.8 81.2 15.9 19.1
-94.6 81.2 16.0 19.2
-94.4 81.2 16.2 19.2
-94.2 81.2 16.4 19.3
-94.0 81.2 16.7 19.4
-93.8 81.2 17.0 19.4
-93.6 81.2 17.4 19.5
-93.4 81.2 17.8 19.5
-93.2 81.2 18.2 19.6
-93.0 81.2 18.7 19.6
-92.8 81.2 19.2 19.7
-92.6 81.2 19.8 19.7
-92.4 81.2 20.3 19.7
-92.2 81.2 20.9 19.7
-92.0 81.2 21.5 19.6
-91.8 81.2 22.1 19.6
-91.6 81.2 22.6 19.5
-91.4 81.2 23.2 19.4
-91.2 81.2 23.7 19.3
-91.0 81.2 24.1 19.1
-90.8 81.2 24.6 18.9
-90.6 81.2 24.9 18.7
-90.4 81.2 25.3 18.5
-90.2 81.2 25.6 18.3
-90.0 81.2 25.8 18.0
-89.8 81.2 26.0 17.7
-89.6 81.2 26.1 17.5
-89.4 81.2 26.2 17.2
-89.2 81.2 26.3 16.9
-89.0 81.2 26.3 16.7
-88.8 81.2 26.2 16.4
-88.6 81.2 26.1 16.2
-88.4 81.2 26.0 15.9
-88.2 81.2 25.8 15.7
-88.0 81.2 25.6 15.6
-87.8 81.2 25.4 15.4
-87.6 81.2 25.2 15.3
-87.4 81.2 25.0 15.2
-87.2 81.2 24.7 15.1
-87.0 81.2 24.4 15.0
-86.8 81.2 24.1 15.0
-86.6 81.2 23.9 15.0
-86.4 81.2 23.6 15.0
-86.2 81.2 23.3 15.0
-86.0 81.2 23.1 15.0
-85.8 81.2 22.9 15.1
-85.6 81.2 22.7 15.1
-85.4 81.2 22.6 15.2
-85.2 81.2 22.5 15.3
-85.0 81.2 22.5 15.4
-84.8 81.2 22.5 15.5
-84.6 81.2 22.6 15.6
-84.4 81.2 22.8 15.8
-84.2 81.2 23.0 15.9
-84.0 81.2 23.4 16.1
-83.8 81.2 23.8 16.3
-83.6 81.2 24.3 16.5
-83.4 81.2 25.0 16.7
-83.2 81.2 25.7 17.0
-83.0 81.2 26.6 17.3
-82.8 81.2 27.6 17.6
-82.6 81.2 28.7 18.0
-82.4 81.2 29.9 18.4
-82.2 81.2 31.2 18.8
-82.0 81.2 32.7 19.2
-81.8 81.2 34.2 19.7
-81.6 81.2 35.8 20.2
-81.4 81.2 37.5 20.7
-81.2 81.2 39.3 21.3
-81.0 81.2 41.1 21.9
-80.8 81.2 42.9 22.4
-80.6 81.2 44.8 23.0
-80.4 81.2 46.6 23.6
-80.2 81.2 48.5 24.2
-80.0 81.2 50.3 24.8
-79.8 81.2 52.1 25.4
-79.6 81.2 53.8 25.9
-79.4 81.2 55.5 26.5
-79.2 81.2 57.1 27.0
-79.0 81.2 58.6 27.5
-78.8 81.2 60.0 28.0
-78.6 81.2 61.4 28.5
-78.4 81.2 62.7 28.9
-78.2 81.2 63.9 29.4
-78.0 81.2 65.0 29.8
-77.8 81.2 66.0 30.1
-77.6 81.2 67.0 30.5
-77.4 81.2 67.9 30.9
-77.2 81.2 68.7 31.2
-77.0 81.2 69.4 31.5
-76.8 81.2 70.1 31.8
-76.6 81.2 70.8 32.1
-76.4 81.2 71.4 32.3
-76.2 81.2 71.9 32.6
-76.0 81.2 72.5 32.8
-75.8 81.2 73.0 33.0
-75.6 81.2 73.4 33.2
-75.4 81.2 73.9 33.3
-75.2 81.2 74.3 33.5
-75.0 81.2 74.7 33.6
-74.8 81.2 75.0 33.7
-74.6 81.2 75.4 33.8
-74.4 81.2 75.7 33.8
-74.2 81.2 76.1 33.9
-74.0 81.2 76.4 33.9
-73.8 81.2 76.7 33.9
-73.6 81.2 77.1 33.9
-73.4 81.2 77.4 33.9
-73.2 81.2 77.7 33.8
-73.0 81.2 78.0 33.8
-72.8 81.2 78.3 33.8
-72.6 81.2 78.6 33.7
-72.4 81.2 78.9 33.7
-72.2 81.2 79.2 33.6
-72.0 81.2 79.5 33.6
-71.8 81.2 79.7 33.5
-71.6 81.2 80.0 33.5
-71.4 81.2 80.2 33.5
-71.2 81.2 80.4 33.5
-71.0 81.2 80.6 33.5
-70.8 81.2 80.8 33.6
-70.6 81.2 80.9 33.6
-70.4 81.2 81.0 33.7
-70.2 81.2 81.1 33.8
-70.0 81.2 81.2 33.8
-69.8 81.2 81.3 33.9
-69.6 81.2 81.3 34.0
-69.4 81.2 81.3 34.1
-69.2 81.2 81.3 34.3
-69.0 81.2 81.3 34.4
-68.8 81.2 81.3 34.5
-68.6 81.2 81.3 34.6
-68.4 81.2 81.3 34.7
-68.2 81.2 81.3 34.8
-68.0 81.2 81.4 34.9
-67.8 81.2 81.4 34.9
-67.6 81.2 81.4 35.0
-67.4 81.2 81.5 35.1
-67.2 81.2 81.6 35.1
-67.0 81.2 81.6 35.2
-66.8 81.2 81.7 35.3
-66.6 81.2 81.8 35.3
-66.4 81.2 81.9 35.3
-66.2 81.2 82.1 35.4
-66.0 81.2 82.2 35.4
-65.8 81.2 82.3 35.5
-65.6 81.2 82.4 35.5
-65.4 81.2 82.5 35.5
-65.2 81.2 82.7 35.6
-65.0 81.2 82.8 35.6
-64.8 81.2 82.9 35.7
-64.6 81.2 82.9 35.7
-64.4 81.2 83.0 35.8
-64.2 81.2 83.1 35.8
-64.0 81.2 83.1 35.8
-63.8 81.2 83.2 35.9
-63.6 81.2 83.3 35.9
-63.4 81.2 83.3 36.0
-63.2 81.2 83.4 36.0
-63.0 81.2 83.4 36.0
-62.8 81.2 83.4 36.1
-62.6 81.2 83.5 36.1
-62.4 81.2 83.5 36.2
-62.2 81.2 83.6 36.2
-62.0 81.2 83.6 36.2
-61.8 81.2 83.6 36.3
-61.6 81.2 83.7 36.3
-61.4 81.2 83.7 36.4
-61.2 81.2 83.7 36.4
-61.0 81.2 83.7 36.5
-60.8 81.2 83.8 36.5
-60.6 81.2 83.8 36.5
-60.4 81.2 83.7 36.6
-60.2 81.2 83.7 36.6
-60.0 81.2 83.7 36.7
-59.8 81.2 83.6 36.7
-59.6 81.2 83.5 36.8
-59.4 81.2 83.4 36.8
-59.2 81.2 83.2 36.8
-59.0 81.2 83.1 36.8
-58.8 81.2 82.9 36.8
-58.6 81.2 82.6 36.8
-58.4 81.2 82.3 36.8
-58.2 81.2 82.0 36.8
-58.0 81.2 81.6 36.8
-57.8 81.2 81.1 36.7
-57.6 81.2 80.7 36.7
-57.4 81.2 80.1 36.6
-57.2 81.2 79.6 36.5
-57.0 81.2 79.0 36.4
-56.8 81.2 78.4 36.2
-56.6 81.2 77.7 36.1
-56.4 81.2 77.1 35.9
-56.2 81.2 76.4 35.7
-56.0 81.2 75.8 35.5
-55.8 81.2 75.2 35.3
-55.6 81.2 74.6 35.1
-55.4 81.2 74.0 34.9
-55.2 81.2 73.5 34.7
-55.0 81.2 73.0 34.5
-54.8 81.2 72.6 34.3
-54.6 81.2 72.3 34.2
-54.4 81.2 72.1 34.0
-54.2 81.2 71.9 33.9
-54.0 81.2 71.8 33.8
-53.8 81.2 71.8 33.7
-53.6 81.2 71.8 33.6
-53.4 81.2 71.9 33.6
-53.2 81.2 72.1 33.6
-53.0 81.2 72.4 33.6
-52.8 81.2 72.6 33.7
-52.6 81.2 72.9 33.8
-52.4 81.2 73.3 33.9
-52.2 81.2 73.6 34.0
-52.0 81.2 74.0 34.1
-51.8 81.2 74.3 34.3
-51.6 81.2 74.7 34.4
-51.4 81.2 75.0 34.6
-51.2 81.2 75.3 34.8
-51.0 81.2 75.5 34.9
-50.8 81.2 75.7 35.1
-50.6 81.2 75.9 35.2
-50.4 81.2 75.9 35.3
-50.2 81.2 76.0 35.4
-50.0 81.2 75.9 35.5
-49.8 81.2 75.8 35.6
-49.6 81.2 75.6 35.7
-49.4 81.2 75.4 35.7
-49.2 81.2 75.1 35.7
-49.0 81.2 74.7 35.7
-48.8 81.2 74.2 35.7
-48.6 81.2 73.7 35.6
-48.4 81.2 73.1 35.5
-48.2 81.2 72.4 35.4
-48.0 81.2 71.7 35.2
-47.8 81.2 70.9 35.1
-47.6 81.2 70.0 34.9
-47.4 81.2 69.1 34.6
-47.2 81.2 68.1 34.4
-47.0 81.2 67.1 34.1
-46.8 81.2 66.0 33.8
-46.6 81.2 65.0 33.5
-46.4 81.2 63.8 33.2
-46.2 81.2 62.7 32.8
-46.0 81.2 61.5 32.4
-45.8 81.2 60.3 32.1
-45.6 81.2 59.1 31.7
-45.4 81.2 57.9 31.2
-45.2 81.2 56.8 30.8
-45.0 81.2 55.6 30.4
-44.8 81.2 54.4 29.9
-44.6 81.2 53.3 29.5
-44.4 81.2 52.2 29.0
-44.2 81.2 51.1 28.6
-44.0 81.2 50.0 28.1
-43.8 81.2 49.0 27.7
-43.6 81.2 48.0 27.2
-43.4 81.2 47.0 26.8
-43.2 81.2 46.1 26.3
-43.0 81.2 45.2 25.9
-42.8 81.2 44.3 25.5
-42.6 81.2 43.5 25.0
-42.4 81.2 42.7 24.6
-42.2 81.2 41.9 24.2
-42.0 81.2 41.1 23.8
-41.8 81.2 40.4 23.4
-41.6 81.2 39.7 23.0
-41.4 81.2 39.1 22.6
-41.2 81.2 38.4 22.3
-41.0 81.2 37.8 21.9
-40.8 81.2 37.2 21.6
-40.6 81.2 36.6 21.2
-40.4 81.2 36.1 20.9
-40.2 81.2 35.6 20.5
-40.0 81.2 35.1 20.2
-39.8 81.2 34.7 19.9
-39.6 81.2 34.2 19.6
-39.4 81.2 33.8 19.3
-39.2 81.2 33.4 19.0
-39.0 81.2 33.0 18.7
-38.8 81.2 32.7 18.4
-38.6 81.2 32.3 18.1
-38.4 81.2 32.0 17.8
-38.2 81.2 31.6 17.6
-38.0 81.2 31.3 17.3
-37.8 81.2 31.0 17.0
-37.6 81.2 30.7 16.8
-37.4 81.2 30.4 16.5
-37.2 81.2 30.1 16.3
-37.0 81.2 29.8 16.1
-36.8 81.2 29.5 15.9
-36.6 81.2 29.2 15.6
-36.4 81.2 28.9 15.4
-36.2 81.2 28.6 15.3
-36.0 81.2 28.3 15.1
-35.8 81.2 28.0 14.9
-35.6 81.2 27.7 14.8
-35.4 81.2 27.4 14.6
-35.2 81.2 27.1 14.5
-35.0 81.2 26.8 14.3
-34.8 81.2 26.5 14.2
-34.6 81.2 26.2 14.1
-34.4 81.2 25.9 14.0
-34.2 81.2 25.6 13.9
-34.0 81.2 25.3 13.8
-33.8 81.2 25.0 13.7
-33.6 81.2 24.6 13.6
-33.4 81.2 24.3 13.4
-33.2 81.2 24.0 13.3
-33.0 81.2 23.7 13.2
-32.8 81.2 23.4 13.1
-32.6 81.2 23.0 13.0
-32.4 81.2 22.7 12.9
-32.2 81.2 22.4 12.8
-32.0 81.2 22.0 12.6
-31.8 81.2 21.7 12.5
-31.6 81.2 21.4 12.4
-31.4 81.2 21.1 12.3
-31.2 81.2 20.8 12.2
-31.0 81.2 20.5 12.1
-30.8 81.2 20.2 11.9
-30.6 81.2 20.0 11.8
-30.4 81.2 19.8 11.7
-30.2 81.2 19.6 11.6
-30.0 81.2 19.4 11.5
-29.8 81.2 19.3 11.4
-29.6 81.2 19.2 11.2
-29.4 81.2 19.1 11.1
-29.2 81.2 19.1 11.0
-29.0 81.2 19.1 10.9
-28.8 81.2 19.1 10.8
-28.6 81.2 19.1 10.6
-28.4 81.2 19.1 10.5
-28.2 81.2 19.2 10.4
-28.0 81.2 19.2 10.3
-27.8 81.2 19.3 10.1
-27.6 81.2 19.3 10.0
-27.4 81.2 19.4 9.9
-27.2 81.2 19.5 9.8
-27.0 81.2 19.5 9.7
-26.8 81.2 19.6 9.6
-26.6 81.2 19.6 9.4
-26.4 81.2 19.6 9.3
-26.2 81.2 19.7 9.2
-26.0 81.2 19.7 9.1
-25.8 81.2 19.6 9.0
-25.6 81.2 19.6 8.9
-25.4 81.2 19.6 8.8
-25.2 81.2 19.5 8.8
-25.0 81.2 19.4 8.7
-24.8 81.2 19.3 8.6
-24.6 81.2 19.2 8.5
-24.4 81.2 19.1 8.4
-24.2 81.2 19.0 8.3
-24.0 81.2 18.9 8.3
-23.8 81.2 18.7 8.2
-23.6 81.2 18.5 8.1
-23.4 81.2 18.3 8.1
-23.2 81.2 18.2 8.0
-23.0 81.2 18.0 7.9
-22.8 81.2 17.8 7.9
-22.6 81.2 17.6 7.8
-22.4 81.2 17.4 7.8
-22.2 81.2 17.2 7.7
-22.0 81.2 17.0 7.7
-21.8 81.2 16.8 7.6
-21.6 81.2 16.7 7.6
-21.4 81.2 16.5 7.5
-21.2 81.2 16.3 7.5
-21.0 81.2 16.2 7.5
-20.8 81.2 16.1 7.4
-20.6 81.2 15.9 7.4
-20.4 81.2 15.8 7.4
-20.2 81.2 15.7 7.3
-20.0 81.2 15.5 7.3
-19.8 81.2 15.4 7.3
-19.6 81.2 15.3 7.2
-19.4 81.2 15.2 7.2
-19.2 81.2 15.0 7.1
-19.0 81.2 14.9 7.1
-18.8 81.2 14.7 7.0
-18.6 81.2 14.6 7.0
-18.4 81.2 14.4 6.9
-18.2 81.2 14.2 6.8
-18.0 81.2 14.0 6.7
-17.8 81.2 13.8 6.6
-17.6 81.2 13.6 6.5
-17.4 81.2 13.4 6.4
-17.2 81.2 13.1 6.3
-17.0 81.2 12.9 6.2
-16.8 81.2 12.6 6.1
-16.6 81.2 12.3 5.9
-16.4 81.2 12.0 5.8
-16.2 81.2 11.7 5.6
-16.0 81.2 11.4 5.5
-15.8 81.2 11.1 5.3
-15.6 81.2 10.8 5.1
-15.4 81.2 10.5 4.9
-15.2 81.2 10.2 4.8
-15.0 81.2 9.9 4.6
-14.8 81.2 9.6 4.4
-14.6 81.2 9.3 4.2
-14.4 81.2 9.0 4.0
-14.2 81.2 8.7 3.9
-14.0 81.2 8.4 3.7
-13.8 81.2 8.1 3.5
-13.6 81.2 7.8 3.4
-13.4 81.2 7.6 3.2
-13.2 81.2 7.4 3.1
-13.0 81.2 7.1 2.9
-12.8 81.2 6.9 2.8
-12.6 81.2 6.7 2.7
-12.4 81.2 6.5 2.6
-12.2 81.2 6.4 2.5
-12.0 81.2 6.2 2.4
-11.8 81.2 6.1 2.4
-11.6 81.2 6.0 2.3
-11.4 81.2 5.9 2.3
-11.2 81.2 5.8 2.3
-11.0 81.2 5.7 2.3
-10.8 81.2 5.7 2.3
-10.6 81.2 5.6 2.3
-10.4 81.2 5.6 2.3
-10.2 81.2 5.6 2.4
-10.0 81.2 5.6 2.4
-9.8 81.2 5.6 2.5
-9.6 81.2 5.6 2.5
-9.4 81.2 5.6 2.6
-9.2 81.2 5.6 2.6
-9.0 81.2 5.6 2.6
-8.8 81.2 5.6 2.7
-8.6 81.2 5.7 2.7
-8.4 81.2 5.7 2.8
-8.2 81.2 5.7 2.8
-8.0 81.2 5.7 2.8
-7.8 81.2 5.8 2.8
-7.6 81.2 5.8 2.8
-7.4 81.2 5.8 2.8
-7.2 81.2 5.8 2.8
-7.0 81.2 5.8 2.8
-6.8 81.2 5.8 2.8
-6.6 81.2 5.8 2.8
-6.4 81.2 5.8 2.7
-6.2 81.2 5.8 2.7
-6.0 81.2 5.8 2.7
-5.8 81.2 5.8 2.6
-5.6 81.2 5.8 2.6
-5.4 81.2 5.8 2.5
-5.2 81.2 5.8 2.4
-5.0 81.2 5.8 2.4
-4.8 81.2 5.7 2.3
-4.6 81.2 5.7 2.3
-4.4 81.2 5.7 2.2
-4.2 81.2 5.7 2.2
-4.0 81.2 5.7 2.1
-3.8 81.2 5.6 2.0
-3.6 81.2 5.6 2.0
-3.4 81.2 5.6 1.9
-3.2 81.2 5.6 1.9
-3.0 81.2 5.6 1.8
-2.8 81.2 5.5 1.8
-2.6 81.2 5.5 1.7
-2.4 81.2 5.5 1.7
-2.2 81.2 5.5 1.7
-2.0 81.2 5.5 1.6
-1.8 81.2 5.5 1.6
-1.6 81.2 5.4 1.6
-1.4 81.2 5.4 1.5
-1.2 81.2 5.4 1.5
-1.0 81.2 5.4 1.5
-0.8 81.2 5.4 1.5
-0.6 81.2 5.4 1.5
-0.4 81.2 5.4 1.4
-0.2 81.2 5.4 1.4
0.0 81.2 5.4 1.4
0.0 81.0 5.6 2.0
0.2 81.0 5.6 2.0
0.4 81.0 5.6 2.0
0.6 81.0 5.6 2.0
0.8 81.0 5.6 2.0
1.0 81.0 5.6 2.0
1.2 81.0 5.6 2.0
1.4 81.0 5.6 2.0
1.6 81.0 5.5 2.0
1.8 81.0 5.5 2.0
2.0 81.0 5.5 2.0
2.2 81.0 5.5 2.0
2.4 81.0 5.5 2.0
2.6 81.0 5.4 1.9
2.8 81.0 5.4 1.9
3.0 81.0 5.4 1.9
3.2 81.0 5.4 1.8
3.4 81.0 5.4 1.8
3.6 81.0 5.3 1.7
3.8 81.0 5.3 1.7
4.0 81.0 5.3 1.6
4.2 81.0 5.3 1.6
4.4 81.0 5.3 1.5
4.6 81.0 5.2 1.4
4.8 81.0 5.2 1.4
5.0 81.0 5.2 1.3
5.2 81.0 5.2 1.2
5.4 81.0 5.2 1.2
5.6 81.0 5.2 1.1
5.8 81.0 5.1 1.1
6.0 81.0 5.1 1.0
6.2 81.0 5.1 1.0
6.4 81.0 5.1 1.0
6.6 81.0 5.1 1.0
6.8 81.0 5.1 1.0
7.0 81.0 5.1 1.0
7.2 81.0 5.1 1.0
7.4 81.0 5.1 1.0
7.6 81.0 5.1 1.0
7.8 81.0 5.0 1.0
8.0 81.0 5.0 1.0
8.2 81.0 5.0 1.0
8.4 81.0 5.0 1.0
8.6 81.0 5.0 1.0
8.8 81.0 5.1 1.0
9.0 81.0 5.1 1.0
9.2 81.0 5.1 1.0
9.4 81.0 5.1 1.0
9.6 81.0 5.1 1.1
9.8 81.0 5.2 1.1
10.0 81.0 5.2 1.2
10.2 81.0 5.3 1.3
10.4 81.0 5.4 1.4
10.6 81.0 5.5 1.5
10.8 81.0 5.6 1.6
11.0 81.0 5.7 1.7
11.2 81.0 5.8 1.8
11.4 81.0 6.0 1.9
11.6 81.0 6.2 2.0
11.8 81.0 6.3 2.1
12.0 81.0 6.5 2.2
12.2 81.0 6.7 2.3
12.4 81.0 6.9 2.4
12.6 81.0 7.1 2.6
12.8 81.0 7.3 2.7
13.0 81.0 7.5 2.8
13.2 81.0 7.8 2.9
13.4 81.0 8.0 3.0
13.6 81.0 8.2 3.1
13.8 81.0 8.4 3.2
14.0 81.0 8.6 3.3
14.2 81.0 8.8 3.4
14.4 81.0 9.0 3.5
14.6 81.0 9.1 3.6
14.8 81.0 9.3 3.7
15.0 81.0 9.5 3.8
15.2 81.0 9.6 3.9
15.4 81.0 9.8 4.0
15.6 81.0 9.9 4.1
15.8 81.0 10.0 4.1
16.0 81.0 10.2 4.2
16.2 81.0 10.3 4.3
16.4 81.0 10.4 4.4
16.6 81.0 10.5 4.5
16.8 81.0 10.6 4.5
17.0 81.0 10.7 4.6
17.2 81.0 10.8 4.7
17.4 81.0 10.9 4.8
17.6 81.0 11.0 4.9
17.8 81.0 11.1 4.9
18.0 81.0 11.2 5.0
18.2 81.0 11.2 5.1
-103.2 81.0 23.0 14.4
-103.0 81.0 22.5 14.1
-102.8 81.0 21.9 13.8
-102.6 81.0 21.4 13.5
-102.4 81.0 20.8 13.1
-102.2 81.0 20.2 12.8
-102.0 81.0 19.6 12.5
-101.8 81.0 19.1 12.2
-101.6 81.0 18.5 11.9
-101.4 81.0 18.0 11.7
-101.2 81.0 17.4 11.6
-101.0 81.0 17.0 11.5
-100.8 81.0 16.5 11.5
-100.6 81.0 16.2 11.6
-100.4 81.0 15.8 11.7
-100.2 81.0 15.6 12.0
-100.0 81.0 15.3 12.3
-99.8 81.0 15.2 12.7
-99.6 81.0 15.0 13.1
-99.4 81.0 14.9 13.7
-99.2 81.0 14.9 14.2
-99.0 81.0 14.9 14.8
-98.8 81.0 14.9 15.5
-98.6 81.0 14.9 16.1
-98.4 81.0 14.9 16.8
-98.2 81.0 14.9 17.4
-98.0 81.0 14.9 18.0
-97.8 81.0 14.9 18.6
-97.6 81.0 14.9 19.2
-97.4 81.0 14.8 19.7
-97.2 81.0 14.8 20.1
-97.0 81.0 14.8 20.5
-96.8 81.0 14.7 20.9
-96.6 81.0 14.7 21.2
-96.4 81.0 14.6 21.4
-96.2 81.0 14.6 21.7
-96.0 81.0 14.6 21.8
-95.8 81.0 14.6 22.0
-95.6 81.0 14.6 22.2
-95.4 81.0 14.7 22.3
-95.2 81.0 14.8 22.4
-95.0 81.0 15.0 22.6
-94.8 81.0 15.2 22.7
-94.6 81.0 15.5 22.8
-94.4 81.0 15.8 23.0
-94.2 81.0 16.2 23.2
-94.0 81.0 16.7 23.3
-93.8 81.0 17.3 23.5
-93.6 81.0 18.0 23.7
-93.4 81.0 18.7 23.9
-93.2 81.0 19.5 24.1
-93.0 81.0 20.4 24.3
-92.8 81.0 21.3 24.5
-92.6 81.0 22.2 24.7
-92.4 81.0 23.2 24.8
-92.2 81.0 24.3 24.9
-92.0 81.0 25.3 25.0
-91.8 81.0 26.3 25.1
-91.6 81.0 27.3 25.1
-91.4 81.0 28.3 25.0
-91.2 81.0 29.2 24.9
-91.0 81.0 30.1 24.8
-90.8 81.0 30.9 24.7
-90.6 81.0 31.6 24.5
-90.4 81.0 32.3 24.3
-90.2 81.0 32.9 24.0
-90.0 81.0 33.3 23.8
-89.8 81.0 33.7 23.5
-89.6 81.0 34.1 23.2
-89.4 81.0 34.3 22.9
-89.2 81.0 34.4 22.7
-89.0 81.0 34.5 22.4
-88.8 81.0 34.5 22.1
-88.6 81.0 34.5 21.9
-88.4 81.0 34.4 21.6
-88.2 81.0 34.2 21.4
-88.0 81.0 34.1 21.2
-87.8 81.0 33.9 21.1
-87.6 81.0 33.6 21.0
-87.4 81.0 33.4 20.8
-87.2 81.0 33.1 20.8
-87.0 81.0 32.9 20.7
-86.8 81.0 32.6 20.7
-86.6 81.0 32.4 20.6
-86.4 81.0 32.2 20.6
-86.2 81.0 32.0 20.6
-86.0 81.0 31.8 20.7
-85.8 81.0 31.7 20.7
-85.6 81.0 31.6 20.7
-85.4 81.0 31.6 20.8
-85.2 81.0 31.6 20.9
-85.0 81.0 31.7 20.9
-84.8 81.0 31.9 21.0
-84.6 81.0 32.1 21.1
-84.4 81.0 32.3 21.2
-84.2 81.0 32.7 21.4
-84.0 81.0 33.1 21.5
-83.8 81.0 33.6 21.7
-83.6 81.0 34.2 21.8
-83.4 81.0 34.9 22.0
-83.2 81.0 35.7 22.2
-83.0 81.0 36.6 22.5
-82.8 81.0 37.5 22.7
-82.6 81.0 38.6 23.0
-82.4 81.0 39.8 23.3
-82.2 81.0 41.0 23.6
-82.0 81.0 42.4 24.0
-81.8 81.0 43.8 24.3
-81.6 81.0 45.3 24.7
-81.4 81.0 46.8 25.1
-81.2 81.0 48.4 25.4
-81.0 81.0 50.0 25.8
-80.8 81.0 51.6 26.2
-80.6 81.0 53.2 26.6
-80.4 81.0 54.8 27.0
-80.2 81.0 56.4 27.4
-80.0 81.0 57.9 27.7
-79.8 81.0 59.4 28.1
-79.6 81.0 60.8 28.5
-79.4 81.0 62.2 28.8
-79.2 81.0 63.5 29.1
-79.0 81.0 64.7 29.5
-78.8 81.0 65.8 29.8
-78.6 81.0 66.8 30.0
-78.4 81.0 67.8 30.3
-78.2 81.0 68.7 30.6
-78.0 81.0 69.5 30.8
-77.8 81.0 70.2 31.1
-77.6 81.0 70.9 31.3
-77.4 81.0 71.5 31.5
-77.2 81.0 72.1 31.7
-77.0 81.0 72.6 31.9
-76.8 81.0 73.0 32.1
-76.6 81.0 73.5 32.3
-76.4 81.0 73.9 32.5
-76.2 81.0 74.3 32.6
-76.0 81.0 74.7 32.8
-75.8 81.0 75.0 32.9
-75.6 81.0 75.3 33.0
-75.4 81.0 75.6 33.1
-75.2 81.0 76.0 33.2
-75.0 81.0 76.3 33.2
-74.8 81.0 76.5 33.3
-74.6 81.0 76.8 33.3
-74.4 81.0 77.1 33.3
-74.2 81.0 77.4 33.3
-74.0 81.0 77.7 33.3
-73.8 81.0 78.0 33.2
-73.6 81.0 78.3 33.2
-73.4 81.0 78.6 33.1
-73.2 81.0 78.8 33.0
-73.0 81.0 79.1 33.0
-72.8 81.0 79.4 32.9
-72.6 81.0 79.7 32.9
-72.4 81.0 79.9 32.8
-72.2 81.0 80.2 32.8
-72.0 81.0 80.4 32.8
-71.8 81.0 80.6 32.8
-71.6 81.0 80.9 32.8
-71.4 81.0 81.1 32.9
-71.2 81.0 81.2 33.0
-71.0 81.0 81.4 33.1
-70.8 81.0 81.5 33.2
-70.6 81.0 81.7 33.3
-70.4 81.0 81.8 33.5
-70.2 81.0 81.9 33.6
-70.0 81.0 81.9 33.8
-69.8 81.0 82.0 34.0
-69.6 81.0 82.0 34.2
-69.4 81.0 82.1 34.4
-69.2 81.0 82.1 34.5
-69.0 81.0 82.1 34.7
-68.8 81.0 82.1 34.9
-68.6 81.0 82.1 35.1
-68.4 81.0 82.1 35.2
-68.2 81.0 82.2 35.3
-68.0 81.0 82.2 35.5
-67.8 81.0 82.2 35.6
-67.6 81.0 82.3 35.7
-67.4 81.0 82.3 35.7
-67.2 81.0 82.4 35.8
-67.0 81.0 82.4 35.9
-66.8 81.0 82.5 35.9
-66.6 81.0 82.6 36.0
-66.4 81.0 82.7 36.0
-66.2 81.0 82.8 36.0
-66.0 81.0 82.9 36.1
-65.8 81.0 83.0 36.1
-65.6 81.0 83.1 36.1
-65.4 81.0 83.2 36.2
-65.2 81.0 83.3 36.2
-65.0 81.0 83.3 36.2
-64.8 81.0 83.4 36.3
-64.6 81.0 83.5 36.3
-64.4 81.0 83.6 36.3
-64.2 81.0 83.6 36.4
-64.0 81.0 83.7 36.4
-63.8 81.0 83.8 36.4
-63.6 81.0 83.8 36.4
-63.4 81.0 83.9 36.4
-63.2 81.0 83.9 36.5
-63.0 81.0 84.0 36.5
-62.8 81.0 84.0 36.5
-62.6 81.0 84.0 36.5
-62.4 81.0 84.1 36.5
-62.2 81.0 84.1 36.5
-62.0 81.0 84.1 36.5
-61.8 81.0 84.2 36.5
-61.6 81.0 84.2 36.6
-61.4 81.0 84.2 36.6
-61.2 81.0 84.2 36.6
-61.0 81.0 84.3 36.6
-60.8 81.0 84.3 36.6
-60.6 81.0 84.3 36.6
-60.4 81.0 84.3 36.7
-60.2 81.0 84.3 36.7
-60.0 81.0 84.3 36.7
-59.8 81.0 84.3 36.7
-59.6 81.0 84.3 36.8
-59.4 81.0 84.3 36.8
-59.2 81.0 84.2 36.8
-59.0 81.0 84.2 36.9
-58.8 81.0 84.2 36.9
-58.6 81.0 84.1 37.0
-58.4 81.0 84.0 37.0
-58.2 81.0 83.9 37.1
-58.0 81.0 83.8 37.1
-57.8 81.0 83.7 37.1
-57.6 81.0 83.5 37.2
-57.4 81.0 83.4 37.2
-57.2 81.0 83.2 37.2
-57.0 81.0 82.9 37.2
-56.8 81.0 82.7 37.2
-56.6 81.0 82.5 37.2
-56.4 81.0 82.2 37.2
-56.2 81.0 81.9 37.1
-56.0 81.0 81.6 37.1
-55.8 81.0 81.4 37.0
-55.6 81.0 81.1 36.9
-55.4 81.0 80.8 36.8
-55.2 81.0 80.6 36.7
-55.0 81.0 80.4 36.6
-54.8 81.0 80.2 36.5
-54.6 81.0 80.0 36.4
-54.4 81.0 79.8 36.3
-54.2 81.0 79.7 36.2
-54.0 81.0 79.6 36.1
-53.8 81.0 79.6 36.0
-53.6 81.0 79.6 35.9
-53.4 81.0 79.6 35.9
-53.2 81.0 79.7 35.8
-53.0 81.0 79.8 35.8
-52.8 81.0 79.9 35.8
-52.6 81.0 80.0 35.8
-52.4 81.0 80.1 35.8
-52.2 81.0 80.3 35.8
-52.0 81.0 80.4 35.9
-51.8 81.0 80.6 35.9
-51.6 81.0 80.7 36.0
-51.4 81.0 80.8 36.1
-51.2 81.0 80.9 36.2
-51.0 81.0 81.0 36.2
-50.8 81.0 81.0 36.3
-50.6 81.0 81.0 36.4
-50.4 81.0 81.0 36.5
-50.2 81.0 81.0 36.6
-50.0 81.0 80.9 36.6
-49.8 81.0 80.7 36.7
-49.6 81.0 80.6 36.8
-49.4 81.0 80.3 36.8
-49.2 81.0 80.1 36.8
-49.0 81.0 79.8 36.8
-48.8 81.0 79.4 36.8
-48.6 81.0 79.0 36.8
-48.4 81.0 78.5 36.8
-48.2 81.0 78.0 36.7
-48.0 81.0 77.4 36.6
-47.8 81.0 76.8 36.5
-47.6 81.0 76.1 36.4
-47.4 81.0 75.4 36.2
-47.2 81.0 74.6 36.0
-47.0 81.0 73.7 35.8
-46.8 81.0 72.8 35.6
-46.6 81.0 71.9 35.4
-46.4 81.0 70.9 35.1
-46.2 81.0 69.9 34.8
-46.0 81.0 68.8 34.4
-45.8 81.0 67.7 34.1
-45.6 81.0 66.5 33.8
-45.4 81.0 65.3 33.4
-45.2 81.0 64.2 33.0
-45.0 81.0 62.9 32.6
-44.8 81.0 61.7 32.2
-44.6 81.0 60.5 31.8
-44.4 81.0 59.3 31.4
-44.2 81.0 58.1 31.0
-44.0 81.0 57.0 30.6
-43.8 81.0 55.8 30.2
-43.6 81.0 54.7 29.8
-43.4 81.0 53.6 29.4
-43.2 81.0 52.5 29.0
-43.0 81.0 51.5 28.6
-42.8 81.0 50.5 28.3
-42.6 81.0 49.5 27.9
-42.4 81.0 48.5 27.5
-42.2 81.0 47.6 27.2
-42.0 81.0 46.7 26.8
-41.8 81.0 45.9 26.5
-41.6 81.0 45.1 26.1
-41.4 81.0 44.3 25.8
-41.2 81.0 43.5 25.4
-41.0 81.0 42.8 25.1
-40.8 81.0 42.1 24.8
-40.6 81.0 41.4 24.5
-40.4 81.0 40.7 24.1
-40.2 81.0 40.1 23.8
-40.0 81.0 39.5 23.5
-39.8 81.0 38.9 23.2
-39.6 81.0 38.4 22.8
-39.4 81.0 37.8 22.5
-39.2 81.0 37.3 22.2
-39.0 81.0 36.8 21.9
-38.8 81.0 36.3 21.5
-38.6 81.0 35.9 21.2
-38.4 81.0 35.4 20.9
-38.2 81.0 35.0 20.6
-38.0 81.0 34.5 20.3
-37.8 81.0 34.1 19.9
-37.6 81.0 33.7 19.6
-37.4 81.0 33.3 19.3
-37.2 81.0 32.9 19.0
-37.0 81.0 32.5 18.7
-36.8 81.0 32.2 18.4
-36.6 81.0 31.8 18.2
-36.4 81.0 31.4 17.9
-36.2 81.0 31.0 17.7
-36.0 81.0 30.7 17.4
-35.8 81.0 30.3 17.2
-35.6 81.0 29.9 17.0
-35.4 81.0 29.6 16.8
-35.2 81.0 29.2 16.6
-35.0 81.0 28.9 16.4
-34.8 81.0 28.5 16.3
-34.6 81.0 28.2 16.1
-34.4 81.0 27.8 15.9
-34.2 81.0 27.4 15.8
-34.0 81.0 27.1 15.6
-33.8 81.0 26.7 15.5
-33.6 81.0 26.3 15.3
-33.4 81.0 25.9 15.2
-33.2 81.0 25.5 15.0
-33.0 81.0 25.1 14.9
-32.8 81.0 24.7 14.7
-32.6 81.0 24.2 14.6
-32.4 81.0 23.8 14.4
-32.2 81.0 23.3 14.3
-32.0 81.0 22.9 14.1
-31.8 81.0 22.4 14.0
-31.6 81.0 22.0 13.8
-31.4 81.0 21.5 13.7
-31.2 81.0 21.1 13.5
-31.0 81.0 20.7 13.4
-30.8 81.0 20.3 13.3
-30.6 81.0 19.9 13.1
-30.4 81.0 19.5 13.0
-30.2 81.0 19.2 12.9
-30.0 81.0 18.9 12.7
-29.8 81.0 18.7 12.6
-29.6 81.0 18.5 12.5
-29.4 81.0 18.3 12.3
-29.2 81.0 18.2 12.2
-29.0 81.0 18.0 12.0
-28.8 81.0 18.0 11.9
-28.6 81.0 17.9 11.8
-28.4 81.0 17.9 11.6
-28.2 81.0 18.0 11.5
-28.0 81.0 18.0 11.3
-27.8 81.0 18.1 11.2
-27.6 81.0 18.1 11.0
-27.4 81.0 18.2 10.9
-27.2 81.0 18.3 10.7
-27.0 81.0 18.4 10.6
-26.8 81.0 18.6 10.4
-26.6 81.0 18.7 10.3
-26.4 81.0 18.8 10.2
-26.2 81.0 18.9 10.0
-26.0 81.0 19.0 9.9
-25.8 81.0 19.1 9.8
-25.6 81.0 19.2 9.7
-25.4 81.0 19.2 9.5
-25.2 81.0 19.3 9.4
-25.0 81.0 19.3 9.3
-24.8 81.0 19.3 9.2
-24.6 81.0 19.3 9.1
-24.4 81.0 19.3 9.0
-24.2 81.0 19.2 8.9
-24.0 81.0 19.2 8.8
-23.8 81.0 19.1 8.7
-23.6 81.0 19.0 8.6
-23.4 81.0 18.9 8.6
-23.2 81.0 18.7 8.5
-23.0 81.0 18.6 8.4
-22.8 81.0 18.4 8.3
-22.6 81.0 18.3 8.3
-22.4 81.0 18.1 8.2
-22.2 81.0 17.9 8.1
-22.0 81.0 17.8 8.1
-21.8 81.0 17.6 8.0
-21.6 81.0 17.4 8.0
-21.4 81.0 17.3 7.9
-21.2 81.0 17.1 7.8
-21.0 81.0 16.9 7.8
-20.8 81.0 16.8 7.7
-20.6 81.0 16.6 7.7
-20.4 81.0 16.5 7.6
-20.2 81.0 16.3 7.6
-20.0 81.0 16.2 7.5
-19.8 81.0 16.0 7.5
-19.6 81.0 15.9 7.4
-19.4 81.0 15.8 7.4
-19.2 81.0 15.6 7.3
-19.0 81.0 15.4 7.3
-18.8 81.0 15.3 7.2
-18.6 81.0 15.1 7.1
-18.4 81.0 14.9 7.0
-18.2 81.0 14.7 7.0
-18.0 81.0 14.5 6.9
-17.8 81.0 14.2 6.8
-17.6 81.0 14.0 6.7
-17.4 81.0 13.8 6.6
-17.2 81.0 13.5 6.5
-17.0 81.0 13.3 6.4
-16.8 81.0 13.0 6.2
-16.6 81.0 12.7 6.1
-16.4 81.0 12.4 6.0
-16.2 81.0 12.2 5.8
-16.0 81.0 11.9 5.7
-15.8 81.0 11.6 5.5
-15.6 81.0 11.3 5.4
-15.4 81.0 11.0 5.2
-15.2 81.0 10.7 5.1
-15.0 81.0 10.4 4.9
-14.8 81.0 10.1 4.8
-14.6 81.0 9.8 4.6
-14.4 81.0 9.5 4.4
-14.2 81.0 9.2 4.3
-14.0 81.0 9.0 4.1
-13.8 81.0 8.7 4.0
-13.6 81.0 8.4 3.9
-13.4 81.0 8.2 3.7
-13.2 81.0 7.9 3.6
-13.0 81.0 7.7 3.5
-12.8 81.0 7.5 3.4
-12.6 81.0 7.3 3.3
-12.4 81.0 7.1 3.2
-12.2 81.0 7.0 3.1
-12.0 81.0 6.8 3.1
-11.8 81.0 6.7 3.0
-11.6 81.0 6.5 3.0
-11.4 81.0 6.4 2.9
-11.2 81.0 6.4 2.9
-11.0 81.0 6.3 2.9
-10.8 81.0 6.2 2.9
-10.6 81.0 6.2 2.9
-10.4 81.0 6.1 2.9
-10.2 81.0 6.1 3.0
-10.0 81.0 6.1 3.0
-9.8 81.0 6.1 3.0
-9.6 81.0 6.1 3.0
-9.4 81.0 6.1 3.1
-9.2 81.0 6.1 3.1
-9.0 81.0 6.1 3.2
-8.8 81.0 6.1 3.2
-8.6 81.0 6.2 3.2
-8.4 81.0 6.2 3.3
-8.2 81.0 6.2 3.3
-8.0 81.0 6.2 3.3
-7.8 81.0 6.3 3.3
-7.6 81.0 6.3 3.3
-7.4 81.0 6.3 3.3
-7.2 81.0 6.3 3.3
-7.0 81.0 6.4 3.3
-6.8 81.0 6.4 3.3
-6.6 81.0 6.4 3.3
-6.4 81.0 6.4 3.3
-6.2 81.0 6.4 3.2
-6.0 81.0 6.4 3.2
-5.8 81.0 6.4 3.2
-5.6 81.0 6.4 3.1
-5.4 81.0 6.3 3.1
-5.2 81.0 6.3 3.1
-5.0 81.0 6.3 3.0
-4.8 81.0 6.3 3.0
-4.6 81.0 6.3 2.9
-4.4 81.0 6.2 2.9
-4.2 81.0 6.2 2.8
-4.0 81.0 6.2 2.8
-3.8 81.0 6.1 2.7
-3.6 81.0 6.1 2.7
-3.4 81.0 6.1 2.6
-3.2 81.0 6.0 2.6
-3.0 81.0 6.0 2.5
-2.8 81.0 6.0 2.5
-2.6 81.0 5.9 2.4
-2.4 81.0 5.9 2.4
-2.2 81.0 5.9 2.3
-2.0 81.0 5.8 2.3
-1.8 81.0 5.8 2.2
-1.6 81.0 5.8 2.2
-1.4 81.0 5.7 2.2
-1.2 81.0 5.7 2.1
-1.0 81.0 5.7 2.1
-0.8 81.0 5.7 2.1
-0.6 81.0 5.7 2.0
-0.4 81.0 5.7 2.0
-0.2 81.0 5.6 2.0
0.0 81.0 5.6 2.0
0.0 80.8 5.9 2.5
0.2 80.8 5.9 2.5
0.4 80.8 5.9 2.5
0.6 80.8 5.9 2.5
0.8 80.8 5.8 2.5
1.0 80.8 5.8 2.6
1.2 80.8 5.8 2.6
1.4 80.8 5.8 2.6
1.6 80.8 5.8 2.6
1.8 80.8 5.7 2.6
2.0 80.8 5.7 2.6
2.2 80.8 5.7 2.6
2.4 80.8 5.7 2.6
2.6 80.8 5.7 2.6
2.8 80.8 5.6 2.6
3.0 80.8 5.6 2.5
3.2 80.8 5.6 2.5
3.4 80.8 5.6 2.4
3.6 80.8 5.6 2.4
3.8 80.8 5.5 2.4
4.0 80.8 5.5 2.3
4.2 80.8 5.5 2.2
4.4 80.8 5.5 2.2
4.6 80.8 5.5 2.1
4.8 80.8 5.5 2.1
5.0 80.8 5.5 2.0
5.2 80.8 5.5 1.9
5.4 80.8 5.5 1.9
5.6 80.8 5.4 1.8
5.8 80.8 5.4 1.8
6.0 80.8 5.4 1.7
6.2 80.8 5.4 1.7
6.4 80.8 5.4 1.6
6.6 80.8 5.4 1.6
6.8 80.8 5.4 1.6
7.0 80.8 5.4 1.6
7.2 80.8 5.4 1.6
7.4 80.8 5.4 1.6
7.6 80.8 5.4 1.6
7.8 80.8 5.5 1.6
8.0 80.8 5.5 1.6
8.2 80.8 5.5 1.6
8.4 80.8 5.5 1.6
8.6 80.8 5.5 1.7
8.8 80.8 5.5 1.7
9.0 80.8 5.6 1.7
9.2 80.8 5.6 1.8
9.4 80.8 5.6 1.8
9.6 80.8 5.7 1.9
9.8 80.8 5.7 1.9
10.0 80.8 5.8 2.0
10.2 80.8 5.8 2.0
10.4 80.8 5.9 2.1
10.6 80.8 6.0 2.2
10.8 80.8 6.1 2.3
11.0 80.8 6.2 2.3
11.2 80.8 6.3 2.4
11.4 80.8 6.5 2.5
11.6 80.8 6.6 2.6
11.8 80.8 6.8 2.7
12.0 80.8 6.9 2.7
12.2 80.8 7.1 2.8
12.4 80.8 7.3 2.9
12.6 80.8 7.5 3.0
12.8 80.8 7.7 3.1
13.0 80.8 7.9 3.2
13.2 80.8 8.0 3.3
13.4 80.8 8.2 3.3
13.6 80.8 8.4 3.4
13.8 80.8 8.6 3.5
14.0 80.8 8.8 3.6
14.2 80.8 8.9 3.7
14.4 80.8 9.1 3.7
14.6 80.8 9.3 3.8
14.8 80.8 9.4 3.9
15.0 80.8 9.6 4.0
15.2 80.8 9.7 4.0
15.4 80.8 9.8 4.1
15.6 80.8 9.9 4.2
15.8 80.8 10.1 4.2
16.0 80.8 10.2 4.3
16.2 80.8 10.3 4.4
16.4 80.8 10.4 4.5
16.6 80.8 10.5 4.5
16.8 80.8 10.6 4.6
17.0 80.8 10.7 4.7
17.2 80.8 10.7 4.8
17.4 80.8 10.8 4.8
17.6 80.8 10.9 4.9
17.8 80.8 11.0 5.0
18.0 80.8 11.1 5.0
18.2 80.8 11.2 5.1
18.4 80.8 11.2 5.2
18.6 80.8 11.3 5.2
18.8 80.8 11.4 5.3
-103.8 80.8 25.8 17.2
-103.6 80.8 25.5 17.1
-103.4 80.8 25.1 17.0
-103.2 80.8 24.8 16.9
-103.0 80.8 24.3 16.7
-102.8 80.8 23.9 16.5
-102.6 80.8 23.4 16.3
-102.4 80.8 22.9 16.0
-102.2 80.8 22.3 15.8
-102.0 80.8 21.7 15.5
-101.8 80.8 21.2 15.3
-101.6 80.8 20.6 15.1
-101.4 80.8 20.0 15.0
-101.2 80.8 19.4 14.8
-101.0 80.8 18.9 14.8
-100.8 80.8 18.4 14.8
-100.6 80.8 17.9 14.8
-100.4 80.8 17.4 15.0
-100.2 80.8 17.0 15.1
-100.0 80.8 16.6 15.4
-99.8 80.8 16.3 15.7
-99.6 80.8 16.0 16.1
-99.4 80.8 15.7 16.5
-99.2 80.8 15.5 17.0
-99.0 80.8 15.3 17.5
-98.8 80.8 15.1 18.0
-98.6 80.8 14.9 18.5
-98.4 80.8 14.8 19.0
-98.2 80.8 14.6 19.5
-98.0 80.8 14.5 19.9
-97.8 80.8 14.3 20.4
-97.6 80.8 14.2 20.8
-97.4 80.8 14.1 21.1
-97.2 80.8 13.9 21.4
-97.0 80.8 13.8 21.7
-96.8 80.8 13.7 21.9
-96.6 80.8 13.6 22.1
-96.4 80.8 13.5 22.2
-96.2 80.8 13.4 22.4
-96.0 80.8 13.3 22.5
-95.8 80.8 13.3 22.6
-95.6 80.8 13.4 22.7
-95.4 80.8 13.5 22.8
-95.2 80.8 13.6 23.0
-95.0 80.8 13.9 23.2
-94.8 80.8 14.2 23.4
-94.6 80.8 14.6 23.6
-94.4 80.8 15.1 23.9
-94.2 80.8 15.7 24.2
-94.0 80.8 16.4 24.5
-93.8 80.8 17.2 24.9
-93.6 80.8 18.1 25.2
-93.4 80.8 19.2 25.6
-93.2 80.8 20.3 26.0
-93.0 80.8 21.6 26.4
-92.8 80.8 22.9 26.8
-92.6 80.8 24.3 27.1
-92.4 80.8 25.7 27.4
-92.2 80.8 27.2 27.7
-92.0 80.8 28.7 27.9
-91.8 80.8 30.2 28.1
-91.6 80.8 31.7 28.2
-91.4 80.8 33.2 28.3
-91.2 80.8 34.5 28.3
-91.0 80.8 35.8 28.2
-90.8 80.8 37.1 28.1
-90.6 80.8 38.2 28.0
-90.4 80.8 39.1 27.8
-90.2 80.8 40.0 27.6
-90.0 80.8 40.7 27.3
-89.8 80.8 41.3 27.1
-89.6 80.8 41.8 26.8
-89.4 80.8 42.2 26.5
-89.2 80.8 42.5 26.2
-89.0 80.8 42.6 26.0
-88.8 80.8 42.7 25.7
-88.6 80.8 42.6 25.5
-88.4 80.8 42.5 25.3
-88.2 80.8 42.4 25.1
-88.0 80.8 42.2 24.9
-87.8 80.8 42.0 24.8
-87.6 80.8 41.7 24.7
-87.4 80.8 41.5 24.6
-87.2 80.8 41.3 24.6
-87.0 80.8 41.1 24.6
-86.8 80.8 40.9 24.6
-86.6 80.8 40.8 24.6
-86.4 80.8 40.7 24.6
-86.2 80.8 40.7 24.6
-86.0 80.8 40.7 24.7
-85.8 80.8 40.8 24.8
-85.6 80.8 40.9 24.8
-85.4 80.8 41.1 24.9
-85.2 80.8 41.4 25.0
-85.0 80.8 41.7 25.1
-84.8 80.8 42.0 25.2
-84.6 80.8 42.4 25.3
-84.4 80.8 42.9 25.4
-84.2 80.8 43.4 25.5
-84.0 80.8 43.9 25.6
-83.8 80.8 44.5 25.7
-83.6 80.8 45.1 25.9
-83.4 80.8 45.8 26.0
-83.2 80.8 46.5 26.2
-83.0 80.8 47.3 26.4
-82.8 80.8 48.1 26.5
-82.6 80.8 49.0 26.7
-82.4 80.8 49.9 26.9
-82.2 80.8 50.9 27.1
-82.0 80.8 51.9 27.4
-81.8 80.8 53.0 27.6
-81.6 80.8 54.1 27.8
-81.4 80.8 55.2 28.0
-81.2 80.8 56.4 28.2
-81.0 80.8 57.5 28.4
-80.8 80.8 58.7 28.7
-80.6 80.8 59.9 28.9
-80.4 80.8 61.1 29.1
-80.2 80.8 62.2 29.3
-80.0 80.8 63.3 29.4
-79.8 80.8 64.4 29.6
-79.6 80.8 65.4 29.8
-79.4 80.8 66.4 30.0
-79.2 80.8 67.3 30.2
-79.0 80.8 68.1 30.3
-78.8 80.8 68.9 30.5
-78.6 80.8 69.6 30.7
-78.4 80.8 70.3 30.8
-78.2 80.8 70.9 31.0
-78.0 80.8 71.4 31.1
-77.8 80.8 72.0 31.3
-77.6 80.8 72.4 31.4
-77.4 80.8 72.9 31.6
-77.2 80.8 73.3 31.7
-77.0 80.8 73.7 31.9
-76.8 80.8 74.0 32.0
-76.6 80.8 74.4 32.1
-76.4 80.8 74.7 32.3
-76.2 80.8 75.0 32.4
-76.0 80.8 75.3 32.5
-75.8 80.8 75.6 32.6
-75.6 80.8 75.9 32.6
-75.4 80.8 76.2 32.7
-75.2 80.8 76.5 32.7
-75.0 80.8 76.8 32.7
-74.8 80.8 77.1 32.7
-74.6 80.8 77.4 32.7
-74.4 80.8 77.7 32.7
-74.2 80.8 78.0 32.6
-74.0 80.8 78.2 32.6
-73.8 80.8 78.5 32.5
-73.6 80.8 78.8 32.4
-73.4 80.8 79.0 32.3
-73.2 80.8 79.3 32.2
-73.0 80.8 79.5 32.2
-72.8 80.8 79.7 32.1
-72.6 80.8 79.9 32.1
-72.4 80.8 80.1 32.0
-72.2 80.8 80.3 32.0
-72.0 80.8 80.5 32.1
-71.8 80.8 80.7 32.1
-71.6 80.8 80.9 32.2
-71.4 80.8 81.0 32.3
-71.2 80.8 81.2 32.4
-71.0 80.8 81.3 32.6
-70.8 80.8 81.4 32.8
-70.6 80.8 81.5 33.0
-70.4 80.8 81.6 33.2
-70.2 80.8 81.7 33.5
-70.0 80.8 81.8 33.7
-69.8 80.8 81.8 34.0
-69.6 80.8 81.9 34.3
-69.4 80.8 82.0 34.5
-69.2 80.8 82.0 34.8
-69.0 80.8 82.1 35.0
-68.8 80.8 82.1 35.2
-68.6 80.8 82.2 35.5
-68.4 80.8 82.2 35.6
-68.2 80.8 82.3 35.8
-68.0 80.8 82.3 36.0
-67.8 80.8 82.4 36.1
-67.6 80.8 82.5 36.2
-67.4 80.8 82.5 36.3
-67.2 80.8 82.6 36.4
-67.0 80.8 82.7 36.5
-66.8 80.8 82.8 36.5
-66.6 80.8 82.8 36.6
-66.4 80.8 82.9 36.6
-66.2 80.8 83.0 36.6
-66.0 80.8 83.0 36.7
-65.8 80.8 83.1 36.7
-65.6 80.8 83.2 36.7
-65.4 80.8 83.2 36.7
-65.2 80.8 83.2 36.7
-65.0 80.8 83.3 36.7
-64.8 80.8 83.3 36.8
-64.6 80.8 83.3 36.8
-64.4 80.8 83.4 36.8
-64.2 80.8 83.4 36.8
-64.0 80.8 83.4 36.8
-63.8 80.8 83.5 36.8
-63.6 80.8 83.5 36.8
-63.4 80.8 83.5 36.8
-63.2 80.8 83.6 36.8
-63.0 80.8 83.6 36.8
-62.8 80.8 83.7 36.7
-62.6 80.8 83.7 36.7
-62.4 80.8 83.7 36.7
-62.2 80.8 83.8 36.7
-62.0 80.8 83.8 36.7
-61.8 80.8 83.9 36.7
-61.6 80.8 83.9 36.7
-61.4 80.8 83.9 36.7
-61.2 80.8 83.9 36.7
-61.0 80.8 84.0 36.7
-60.8 80.8 84.0 36.7
-60.6 80.8 84.0 36.7
-60.4 80.8 84.0 36.7
-60.2 80.8 84.1 36.7
-60.0 80.8 84.1 36.7
-59.8 80.8 84.1 36.7
-59.6 80.8 84.1 36.7
-59.4 80.8 84.2 36.8
-59.2 80.8 84.2 36.8
-59.0 80.8 84.3 36.8
-58.8 80.8 84.3 36.9
-58.6 80.8 84.3 36.9
-58.4 80.8 84.4 37.0
-58.2 80.8 84.4 37.1
-58.0 80.8 84.4 37.1
-57.8 80.8 84.5 37.2
-57.6 80.8 84.5 37.3
-57.4 80.8 84.5 37.3
-57.2 80.8 84.6 37.4
-57.0 80.8 84.6 37.5
-56.8 80.8 84.6 37.5
-56.6 80.8 84.6 37.6
-56.4 80.8 84.6 37.6
-56.2 80.8 84.6 37.7
-56.0 80.8 84.6 37.7
-55.8 80.8 84.5 37.7
-55.6 80.8 84.5 37.6
-55.4 80.8 84.4 37.6
-55.2 80.8 84.4 37.6
-55.0 80.8 84.3 37.5
-54.8 80.8 84.2 37.5
-54.6 80.8 84.2 37.4
-54.4 80.8 84.1 37.3
-54.2 80.8 84.0 37.2
-54.0 80.8 84.0 37.2
-53.8 80.8 83.9 37.1
-53.6 80.8 83.8 37.0
-53.4 80.8 83.8 37.0
-53.2 80.8 83.8 36.9
-53.0 80.8 83.7 36.8
-52.8 80.8 83.7 36.8
-52.6 80.8 83.7 36.7
-52.4 80.8 83.6 36.7
-52.2 80.8 83.6 36.7
-52.0 80.8 83.6 36.7
-51.8 80.8 83.6 36.7
-51.6 80.8 83.6 36.7
-51.4 80.8 83.6 36.7
-51.2 80.8 83.6 36.7
-51.0 80.8 83.6 36.7
-50.8 80.8 83.5 36.8
-50.6 80.8 83.5 36.8
-50.4 80.8 83.5 36.9
-50.2 80.8 83.4 36.9
-50.0 80.8 83.3 37.0
-49.8 80.8 83.2 37.1
-49.6 80.8 83.1 37.1
-49.4 80.8 83.0 37.2
-49.2 80.8 82.9 37.2
-49.0 80.8 82.7 37.3
-48.8 80.8 82.5 37.3
-48.6 80.8 82.2 37.3
-48.4 80.8 82.0 37.3
-48.2 80.8 81.7 37.3
-48.0 80.8 81.3 37.3
-47.8 80.8 80.9 37.2
-47.6 80.8 80.5 37.2
-47.4 80.8 80.0 37.1
-47.2 80.8 79.5 37.0
-47.0 80.8 78.9 36.8
-46.8 80.8 78.2 36.6
-46.6 80.8 77.5 36.5
-46.4 80.8 76.7 36.2
-46.2 80.8 75.9 36.0
-46.0 80.8 75.0 35.7
-45.8 80.8 74.1 35.5
-45.6 80.8 73.1 35.2
-45.4 80.8 72.1 34.9
-45.2 80.8 71.0 34.6
-45.0 80.8 69.9 34.3
-44.8 80.8 68.8 33.9
-44.6 80.8 67.7 33.6
-44.4 80.8 66.5 33.3
-44.2 80.8 65.4 33.0
-44.0 80.8 64.3 32.6
-43.8 80.8 63.1 32.3
-43.6 80.8 62.0 32.0
-43.4 80.8 60.9 31.7
-43.2 80.8 59.8 31.4
-43.0 80.8 58.7 31.1
-42.8 80.8 57.7 30.8
-42.6 80.8 56.7 30.5
-42.4 80.8 55.7 30.2
-42.2 80.8 54.7 30.0
-42.0 80.8 53.8 29.7
-41.8 80.8 52.9 29.4
-41.6 80.8 52.0 29.2
-41.4 80.8 51.2 28.9
-41.2 80.8 50.3 28.6
-41.0 80.8 49.5 28.3
-40.8 80.8 48.7 28.1
-40.6 80.8 47.9 27.8
-40.4 80.8 47.2 27.5
-40.2 80.8 46.4 27.2
-40.0 80.8 45.7 26.9
-39.8 80.8 45.0 26.6
-39.6 80.8 44.3 26.3
-39.4 80.8 43.7 26.0
-39.2 80.8 43.0 25.7
-39.0 80.8 42.4 25.4
-38.8 80.8 41.7 25.0
-38.6 80.8 41.1 24.7
-38.4 80.8 40.5 24.4
-38.2 80.8 39.9 24.0
-38.0 80.8 39.3 23.7
-37.8 80.8 38.7 23.3
-37.6 80.8 38.1 22.9
-37.4 80.8 37.6 22.6
-37.2 80.8 37.0 22.2
-37.0 80.8 36.5 21.9
-36.8 80.8 36.0 21.6
-36.6 80.8 35.5 21.2
-36.4 80.8 35.0 20.9
-36.2 80.8 34.5 20.6
-36.0 80.8 34.0 20.3
-35.8 80.8 33.5 20.0
-35.6 80.8 33.1 19.7
-35.4 80.8 32.6 19.5
-35.2 80.8 32.2 19.2
-35.0 80.8 31.7 19.0
-34.8 80.8 31.3 18.7
-34.6 80.8 30.9 18.5
-34.4 80.8 30.4 18.3
-34.2 80.8 30.0 18.0
-34.0 80.8 29.6 17.8
-33.8 80.8 29.1 17.6
-33.6 80.8 28.7 17.4
-33.4 80.8 28.2 17.2
-33.2 80.8 27.8 16.9
-33.0 80.8 27.3 16.7
-32.8 80.8 26.8 16.5
-32.6 80.8 26.3 16.3
-32.4 80.8 25.8 16.1
-32.2 80.8 25.3 15.9
-32.0 80.8 24.7 15.7
-31.8 80.8 24.2 15.5
-31.6 80.8 23.7 15.3
-31.4 80.8 23.1 15.1
-31.2 80.8 22.6 14.9
-31.0 80.8 22.1 14.7
-30.8 80.8 21.6 14.6
-30.6 80.8 21.1 14.4
-30.4 80.8 20.6 14.2
-30.2 80.8 20.2 14.1
-30.0 80.8 19.8 13.9
-29.8 80.8 19.4 13.8
-29.6 80.8 19.1 13.6
-29.4 80.8 18.8 13.5
-29.2 80.8 18.5 13.3
-29.0 80.8 18.3 13.1
-28.8 80.8 18.2 13.0
-28.6 80.8 18.0 12.8
-28.4 80.8 18.0 12.7
-28.2 80.8 17.9 12.5
-28.0 80.8 17.9 12.3
-27.8 80.8 17.9 12.2
-27.6 80.8 17.9 12.0
-27.4 80.8 18.0 11.8
-27.2 80.8 18.1 11.7
-27.0 80.8 18.2 11.5
-26.8 80.8 18.3 11.4
-26.6 80.8 18.4 11.2
-26.4 80.8 18.5 11.0
-26.2 80.8 18.6 10.9
-26.0 80.8 18.7 10.7
-25.8 80.8 18.9 10.6
-25.6 80.8 19.0 10.4
-25.4 80.8 19.1 10.3
-25.2 80.8 19.1 10.2
-25.0 80.8 19.2 10.0
-24.8 80.8 19.3 9.9
-24.6 80.8 19.3 9.8
-24.4 80.8 19.3 9.6
-24.2 80.8 19.3 9.5
-24.0 80.8 19.3 9.4
-23.8 80.8 19.2 9.3
-23.6 80.8 19.2 9.2
-23.4 80.8 19.1 9.1
-23.2 80.8 19.0 9.0
-23.0 80.8 18.9 8.9
-22.8 80.8 18.8 8.8
-22.6 80.8 18.7 8.7
-22.4 80.8 18.5 8.6
-22.2 80.8 18.4 8.5
-22.0 80.8 18.2 8.5
-21.8 80.8 18.1 8.4
-21.6 80.8 17.9 8.3
-21.4 80.8 17.8 8.2
-21.2 80.8 17.6 8.2
-21.0 80.8 17.4 8.1
-20.8 80.8 17.2 8.0
-20.6 80.8 17.1 7.9
-20.4 80.8 16.9 7.9
-20.2 80.8 16.7 7.8
-20.0 80.8 16.6 7.7
-19.8 80.8 16.4 7.7
-19.6 80.8 16.2 7.6
-19.4 80.8 16.0 7.5
-19.2 80.8 15.9 7.5
-19.0 80.8 15.7 7.4
-18.8 80.8 15.5 7.3
-18.6 80.8 15.3 7.2
-18.4 80.8 15.1 7.2
-18.2 80.8 14.9 7.1
-18.0 80.8 14.7 7.0
-17.8 80.8 14.4 6.9
-17.6 80.8 14.2 6.8
-17.4 80.8 14.0 6.7
-17.2 80.8 13.7 6.6
-17.0 80.8 13.5 6.5
-16.8 80.8 13.2 6.4
-16.6 80.8 13.0 6.3
-16.4 80.8 12.7 6.2
-16.2 80.8 12.5 6.1
-16.0 80.8 12.2 6.0
-15.8 80.8 12.0 5.8
-15.6 80.8 11.7 5.7
-15.4 80.8 11.5 5.6
-15.2 80.8 11.2 5.5
-15.0 80.8 10.9 5.4
-14.8 80.8 10.7 5.2
-14.6 80.8 10.4 5.1
-14.4 80.8 10.2 5.0
-14.2 80.8 9.9 4.9
-14.0 80.8 9.7 4.8
-13.8 80.8 9.4 4.7
-13.6 80.8 9.2 4.6
-13.4 80.8 9.0 4.5
-13.2 80.8 8.8 4.4
-13.0 80.8 8.6 4.3
-12.8 80.8 8.3 4.2
-12.6 80.8 8.2 4.1
-12.4 80.8 8.0 4.0
-12.2 80.8 7.8 4.0
-12.0 80.8 7.7 3.9
-11.8 80.8 7.5 3.9
-11.6 80.8 7.4 3.8
-11.4 80.8 7.3 3.8
-11.2 80.8 7.2 3.7
-11.0 80.8 7.1 3.7
-10.8 80.8 7.0 3.7
-10.6 80.8 6.9 3.7
-10.4 80.8 6.9 3.7
-10.2 80.8 6.8 3.7
-10.0 80.8 6.8 3.7
-9.8 80.8 6.8 3.7
-9.6 80.8 6.8 3.7
-9.4 80.8 6.7 3.7
-9.2 80.8 6.7 3.7
-9.0 80.8 6.8 3.8
-8.8 80.8 6.8 3.8
-8.6 80.8 6.8 3.8
-8.4 80.8 6.8 3.8
-8.2 80.8 6.8 3.8
-8.0 80.8 6.9 3.8
-7.8 80.8 6.9 3.8
-7.6 80.8 6.9 3.8
-7.4 80.8 6.9 3.8
-7.2 80.8 7.0 3.8
-7.0 80.8 7.0 3.8
-6.8 80.8 7.0 3.8
-6.6 80.8 7.0 3.8
-6.4 80.8 7.0 3.8
-6.2 80.8 7.0 3.8
-6.0 80.8 7.0 3.8
-5.8 80.8 7.0 3.7
-5.6 80.8 7.0 3.7
-5.4 80.8 7.0 3.7
-5.2 80.8 7.0 3.7
-5.0 80.8 7.0 3.6
-4.8 80.8 6.9 3.6
-4.6 80.8 6.9 3.6
-4.4 80.8 6.9 3.5
-4.2 80.8 6.8 3.5
-4.0 80.8 6.8 3.5
-3.8 80.8 6.8 3.4
-3.6 80.8 6.7 3.4
-3.4 80.8 6.7 3.3
-3.2 80.8 6.6 3.3
-3.0 80.8 6.6 3.2
-2.8 80.8 6.5 3.2
-2.6 80.8 6.4 3.1
-2.4 80.8 6.4 3.0
-2.2 80.8 6.3 3.0
-2.0 80.8 6.3 2.9
-1.8 80.8 6.2 2.9
-1.6 80.8 6.2 2.8
-1.4 80.8 6.2 2.7
-1.2 80.8 6.1 2.7
-1.0 80.8 6.1 2.6
-0.8 80.8 6.0 2.6
-0.6 80.8 6.0 2.6
-0.4 80.8 6.0 2.6
-0.2 80.8 5.9 2.5
0.0 80.8 5.9 2.5
0.0 80.6 6.3 3.0
0.2 80.6 6.2 3.0
0.4 80.6 6.2 3.0
0.6 80.6 6.2 3.0
0.8 80.6 6.1 3.0
1.0 80.6 6.1 3.1
1.2 80.6 6.1 3.1
1.4 80.6 6.1 3.1
1.6 80.6 6.0 3.1
1.8 80.6 6.0 3.2
2.0 80.6 6.0 3.2
2.2 80.6 6.0 3.2
2.4 80.6 6.0 3.2
2.6 80.6 6.0 3.2
2.8 80.6 5.9 3.2
3.0 80.6 5.9 3.2
3.2 80.6 5.9 3.2
3.4 80.6 5.9 3.1
3.6 80.6 5.9 3.1
3.8 80.6 5.9 3.1
4.0 80.6 5.9 3.0
4.2 80.6 6.0 3.0
4.4 80.6 6.0 2.9
4.6 80.6 6.0 2.9
4.8 80.6 6.0 2.8
5.0 80.6 6.0 2.8
5.2 80.6 6.0 2.7
5.4 80.6 6.0 2.7
5.6 80.6 6.0 2.6
5.8 80.6 6.0 2.6
6.0 80.6 6.0 2.6
6.2 80.6 6.0 2.5
6.4 80.6 6.0 2.5
6.6 80.6 6.0 2.5
6.8 80.6 6.0 2.5
7.0 80.6 6.1 2.4
7.2 80.6 6.1 2.4
7.4 80.6 6.1 2.4
7.6 80.6 6.1 2.4
7.8 80.6 6.1 2.5
8.0 80.6 6.1 2.5
8.2 80.6 6.1 2.5
8.4 80.6 6.2 2.5
8.6 80.6 6.2 2.5
8.8 80.6 6.2 2.6
9.0 80.6 6.3 2.6
9.2 80.6 6.3 2.6
9.4 80.6 6.3 2.7
9.6 80.6 6.4 2.7
9.8 80.6 6.4 2.7
10.0 80.6 6.5 2.8
10.2 80.6 6.5 2.8
10.4 80.6 6.6 2.9
10.6 80.6 6.7 2.9
10.8 80.6 6.8 3.0
11.0 80.6 6.9 3.0
11.2 80.6 7.0 3.1
11.4 80.6 7.1 3.1
11.6 80.6 7.2 3.2
11.8 80.6 7.3 3.2
12.0 80.6 7.5 3.3
12.2 80.6 7.6 3.3
12.4 80.6 7.7 3.4
12.6 80.6 7.9 3.4
12.8 80.6 8.0 3.5
13.0 80.6 8.2 3.5
13.2 80.6 8.4 3.6
13.4 80.6 8.5 3.6
13.6 80.6 8.7 3.7
13.8 80.6 8.8 3.7
14.0 80.6 9.0 3.8
14.2 80.6 9.1 3.9
14.4 80.6 9.2 3.9
14.6 80.6 9.4 4.0
14.8 80.6 9.5 4.0
15.0 80.6 9.6 4.1
15.2 80.6 9.7 4.1
15.4 80.6 9.9 4.2
15.6 80.6 10.0 4.3
15.8 80.6 10.1 4.3
16.0 80.6 10.2 4.4
16.2 80.6 10.3 4.5
16.4 80.6 10.3 4.5
16.6 80.6 10.4 4.6
16.8 80.6 10.5 4.7
17.0 80.6 10.6 4.7
17.2 80.6 10.7 4.8
17.4 80.6 10.8 4.9
17.6 80.6 10.8 4.9
17.8 80.6 10.9 5.0
18.0 80.6 11.0 5.1
18.2 80.6 11.1 5.1
18.4 80.6 11.1 5.2
18.6 80.6 11.2 5.3
18.8 80.6 11.3 5.3
19.0 80.6 11.4 5.4
19.2 80.6 11.4 5.5
19.4 80.6 11.5 5.5
19.6 80.6 11.6 5.6
-104.6 80.6 27.7 18.7
-104.4 80.6 27.6 18.9
-104.2 80.6 27.6 19.0
-104.0 80.6 27.5 19.2
-103.8 80.6 27.3 19.3
-103.6 80.6 27.2 19.3
-103.4 80.6 26.9 19.4
-103.2 80.6 26.7 19.4
-103.0 80.6 26.3 19.3
-102.8 80.6 26.0 19.3
-102.6 80.6 25.6 19.2
-102.4 80.6 25.1 19.1
-102.2 80.6 24.7 19.0
-102.0 80.6 24.1 18.8
-101.8 80.6 23.6 18.7
-101.6 80.6 23.0 18.6
-101.4 80.6 22.5 18.5
-101.2 80.6 21.9 18.4
-101.0 80.6 21.3 18.3
-100.8 80.6 20.7 18.3
-100.6 80.6 20.1 18.3
-100.4 80.6 19.5 18.3
-100.2 80.6 19.0 18.3
-100.0 80.6 18.4 18.4
-99.8 80.6 17.9 18.6
-99.6 80.6 17.4 18.7
-99.4 80.6 17.0 18.9
-99.2 80.6 16.5 19.1
-99.0 80.6 16.1 19.3
-98.8 80.6 15.8 19.5
-98.6 80.6 15.4 19.7
-98.4 80.6 15.0 19.9
-98.2 80.6 14.7 20.0
-98.0 80.6 14.4 20.2
-97.8 80.6 14.1 20.3
-97.6 80.6 13.8 20.4
-97.4 80.6 13.5 20.4
-97.2 80.6 13.2 20.4
-97.0 80.6 13.0 20.4
-96.8 80.6 12.8 20.4
-96.6 80.6 12.6 20.3
-96.4 80.6 12.4 20.3
-96.2 80.6 12.3 20.3
-96.0 80.6 12.2 20.2
-95.8 80.6 12.1 20.2
-95.6 80.6 12.1 20.3
-95.4 80.6 12.2 20.4
-95.2 80.6 12.4 20.5
-95.0 80.6 12.6 20.8
-94.8 80.6 12.9 21.0
-94.6 80.6 13.4 21.4
-94.4 80.6 14.0 21.8
-94.2 80.6 14.6 22.2
-94.0 80.6 15.5 22.8
-93.8 80.6 16.4 23.3
-93.6 80.6 17.5 23.9
-93.4 80.6 18.8 24.5
-93.2 80.6 20.1 25.2
-93.0 80.6 21.6 25.8
-92.8 80.6 23.2 26.4
-92.6 80.6 24.9 26.9
-92.4 80.6 26.7 27.5
-92.2 80.6 28.5 27.9
-92.0 80.6 30.4 28.3
-91.8 80.6 32.3 28.6
-91.6 80.6 34.1 28.9
-91.4 80.6 36.0 29.1
-91.2 80.6 37.7 29.2
-91.0 80.6 39.4 29.2
-90.8 80.6 40.9 29.2
-90.6 80.6 42.3 29.1
-90.4 80.6 43.6 28.9
-90.2 80.6 44.7 28.7
-90.0 80.6 45.6 28.5
-89.8 80.6 46.4 28.2
-89.6 80.6 47.0 28.0
-89.4 80.6 47.5 27.7
-89.2 80.6 47.8 27.4
-89.0 80.6 48.0 27.2
-88.8 80.6 48.0 26.9
-88.6 80.6 47.9 26.7
-88.4 80.6 47.8 26.5
-88.2 80.6 47.6 26.4
-88.0 80.6 47.4 26.2
-87.8 80.6 47.1 26.1
-87.6 80.6 46.8 26.1
-87.4 80.6 46.6 26.0
-87.2 80.6 46.4 26.0
-87.0 80.6 46.3 26.0
-86.8 80.6 46.2 26.1
-86.6 80.6 46.3 26.2
-86.4 80.6 46.4 26.2
-86.2 80.6 46.6 26.3
-86.0 80.6 46.8 26.4
-85.8 80.6 47.2 26.5
-85.6 80.6 47.6 26.7
-85.4 80.6 48.2 26.8
-85.2 80.6 48.7 26.9
-85.0 80.6 49.3 27.0
-84.8 80.6 50.0 27.1
-84.6 80.6 50.7 27.2
-84.4 80.6 51.4 27.3
-84.2 80.6 52.1 27.5
-84.0 80.6 52.8 27.6
-83.8 80.6 53.4 27.7
-83.6 80.6 54.1 27.8
-83.4 80.6 54.8 27.9
-83.2 80.6 55.4 28.1
-83.0 80.6 56.0 28.2
-82.8 80.6 56.7 28.3
-82.6 80.6 57.3 28.4
-82.4 80.6 57.9 28.6
-82.2 80.6 58.6 28.7
-82.0 80.6 59.2 28.8
-81.8 80.6 59.9 29.0
-81.6 80.6 60.6 29.1
-81.4 80.6 61.3 29.3
-81.2 80.6 62.0 29.4
-81.0 80.6 62.7 29.5
-80.8 80.6 63.4 29.6
-80.6 80.6 64.2 29.7
-80.4 80.6 64.9 29.9
-80.2 80.6 65.6 30.0
-80.0 80.6 66.3 30.1
-79.8 80.6 67.0 30.2
-79.6 80.6 67.7 30.3
-79.4 80.6 68.3 30.4
-79.2 80.6 68.9 30.5
-79.0 80.6 69.4 30.7
-78.8 80.6 69.9 30.8
-78.6 80.6 70.4 30.9
-78.4 80.6 70.9 31.0
-78.2 80.6 71.3 31.1
-78.0 80.6 71.7 31.2
-77.8 80.6 72.1 31.3
-77.6 80.6 72.4 31.5
-77.4 80.6 72.8 31.6
-77.2 80.6 73.1 31.7
-77.0 80.6 73.4 31.8
-76.8 80.6 73.8 31.9
-76.6 80.6 74.1 32.0
-76.4 80.6 74.4 32.1
-76.2 80.6 74.7 32.2
-76.0 80.6 75.0 32.3
-75.8 80.6 75.4 32.3
-75.6 80.6 75.7 32.4
-75.4 80.6 76.0 32.4
-75.2 80.6 76.3 32.4
-75.0 80.6 76.6 32.4
-74.8 80.6 76.9 32.4
-74.6 80.6 77.2 32.3
-74.4 80.6 77.5 32.3
-74.2 80.6 77.8 32.2
-74.0 80.6 78.0 32.1
-73.8 80.6 78.3 32.0
-73.6 80.6 78.5 31.9
-73.4 80.6 78.7 31.8
-73.2 80.6 78.9 31.7
-73.0 80.6 79.1 31.6
-72.8 80.6 79.3 31.6
-72.6 80.6 79.4 31.5
-72.4 80.6 79.6 31.5
-72.2 80.6 79.7 31.5
-72.0 80.6 79.8 31.6
-71.8 80.6 80.0 31.7
-71.6 80.6 80.1 31.8
-71.4 80.6 80.2 31.9
-71.2 80.6 80.3 32.1
-71.0 80.6 80.4 32.3
-70.8 80.6 80.5 32.5
-70.6 80.6 80.6 32.8
-70.4 80.6 80.7 33.0
-70.2 80.6 80.8 33.3
-70.0 80.6 80.9 33.6
-69.8 80.6 81.0 33.9
-69.6 80.6 81.1 34.2
-69.4 80.6 81.2 34.5
-69.2 80.6 81.3 34.8
-69.0 80.6 81.4 35.1
-68.8 80.6 81.5 35.3
-68.6 80.6 81.6 35.6
-68.4 80.6 81.7 35.8
-68.2 80.6 81.8 36.0
-68.0 80.6 81.9 36.2
-67.8 80.6 82.1 36.3
-67.6 80.6 82.2 36.5
-67.4 80.6 82.3 36.6
-67.2 80.6 82.4 36.7
-67.0 80.6 82.5 36.8
-66.8 80.6 82.6 36.8
-66.6 80.6 82.7 36.9
-66.4 80.6 82.8 36.9
-66.2 80.6 82.8 37.0
-66.0 80.6 82.9 37.0
-65.8 80.6 82.9 37.0
-65.6 80.6 82.9 37.1
-65.4 80.6 82.9 37.1
-65.2 80.6 82.9 37.1
-65.0 80.6 82.9 37.1
-64.8 80.6 82.8 37.1
-64.6 80.6 82.8 37.1
-64.4 80.6 82.8 37.0
-64.2 80.6 82.8 37.0
-64.0 80.6 82.7 37.0
-63.8 80.6 82.7 37.0
-63.6 80.6 82.7 36.9
-63.4 80.6 82.7 36.9
-63.2 80.6 82.7 36.9
-63.0 80.6 82.7 36.8
-62.8 80.6 82.8 36.8
-62.6 80.6 82.8 36.8
-62.4 80.6 82.8 36.7
-62.2 80.6 82.9 36.7
-62.0 80.6 82.9 36.7
-61.8 80.6 82.9 36.7
-61.6 80.6 83.0 36.6
-61.4 80.6 83.0 36.6
-61.2 80.6 83.1 36.6
-61.0 80.6 83.1 36.6
-60.8 80.6 83.2 36.6
-60.6 80.6 83.2 36.6
-60.4 80.6 83.3 36.6
-60.2 80.6 83.3 36.6
-60.0 80.6 83.4 36.6
-59.8 80.6 83.4 36.6
-59.6 80.6 83.5 36.6
-59.4 80.6 83.5 36.7
-59.2 80.6 83.6 36.7
-59.0 80.6 83.7 36.7
-58.8 80.6 83.8 36.8
-58.6 80.6 83.9 36.8
-58.4 80.6 84.0 36.9
-58.2 80.6 84.1 37.0
-58.0 80.6 84.2 37.0
-57.8 80.6 84.3 37.1
-57.6 80.6 84.5 37.2
-57.4 80.6 84.6 37.3
-57.2 80.6 84.8 37.4
-57.0 80.6 84.9 37.5
-56.8 80.6 85.1 37.5
-56.6 80.6 85.2 37.6
-56.4 80.6 85.4 37.7
-56.2 80.6 85.5 37.7
-56.0 80.6 85.6 37.7
-55.8 80.6 85.7 37.8
-55.6 80.6 85.8 37.8
-55.4 80.6 85.9 37.8
-55.2 80.6 85.9 37.8
-55.0 80.6 86.0 37.8
-54.8 80.6 86.0 37.8
-54.6 80.6 86.0 37.7
-54.4 80.6 86.0 37.7
-54.2 80.6 85.9 37.6
-54.0 80.6 85.9 37.6
-53.8 80.6 85.8 37.5
-53.6 80.6 85.7 37.5
-53.4 80.6 85.6 37.4
-53.2 80.6 85.6 37.4
-53.0 80.6 85.5 37.3
-52.8 80.6 85.4 37.3
-52.6 80.6 85.2 37.2
-52.4 80.6 85.1 37.1
-52.2 80.6 85.0 37.1
-52.0 80.6 85.0 37.1
-51.8 80.6 84.9 37.0
-51.6 80.6 84.8 37.0
-51.4 80.6 84.7 37.0
-51.2 80.6 84.7 37.0
-51.0 80.6 84.6 37.0
-50.8 80.6 84.6 37.0
-50.6 80.6 84.5 37.0
-50.4 80.6 84.5 37.0
-50.2 80.6 84.5 37.0
-50.0 80.6 84.5 37.1
-49.8 80.6 84.4 37.1
-49.6 80.6 84.4 37.2
-49.4 80.6 84.4 37.2
-49.2 80.6 84.3 37.3
-49.0 80.6 84.3 37.3
-48.8 80.6 84.2 37.4
-48.6 80.6 84.1 37.4
-48.4 80.6 84.0 37.5
-48.2 80.6 83.9 37.5
-48.0 80.6 83.7 37.5
-47.8 80.6 83.5 37.5
-47.6 80.6 83.2 37.4
-47.4 80.6 82.9 37.4
-47.2 80.6 82.6 37.3
-47.0 80.6 82.2 37.2
-46.8 80.6 81.8 37.1
-46.6 80.6 81.3 37.0
-46.4 80.6 80.8 36.8
-46.2 80.6 80.2 36.7
-46.0 80.6 79.5 36.5
-45.8 80.6 78.8 36.3
-45.6 80.6 78.0 36.1
-45.4 80.6 77.2 35.8
-45.2 80.6 76.4 35.6
-45.0 80.6 75.5 35.4
-44.8 80.6 74.6 35.2
-44.6 80.6 73.7 34.9
-44.4 80.6 72.8 34.7
-44.2 80.6 71.9 34.5
-44.0 80.6 70.9 34.3
-43.8 80.6 69.9 34.0
-43.6 80.6 69.0 33.8
-43.4 80.6 68.1 33.6
-43.2 80.6 67.1 33.4
-43.0 80.6 66.2 33.2
-42.8 80.6 65.3 33.0
-42.6 80.6 64.4 32.8
-42.4 80.6 63.5 32.6
-42.2 80.6 62.6 32.4
-42.0 80.6 61.7 32.2
-41.8 80.6 60.9 32.0
-41.6 80.6 60.0 31.8
-41.4 80.6 59.2 31.6
-41.2 80.6 58.4 31.4
-41.0 80.6 57.5 31.2
-40.8 80.6 56.7 31.0
-40.6 80.6 55.9 30.8
-40.4 80.6 55.1 30.6
-40.2 80.6 54.3 30.3
-40.0 80.6 53.5 30.1
-39.8 80.6 52.7 29.8
-39.6 80.6 51.9 29.6
-39.4 80.6 51.1 29.3
-39.2 80.6 50.4 29.0
-39.0 80.6 49.6 28.7
-38.8 80.6 48.8 28.4
-38.6 80.6 48.0 28.1
-38.4 80.6 47.3 27.7
-38.2 80.6 46.5 27.4
-38.0 80.6 45.7 27.0
-37.8 80.6 45.0 26.7
-37.6 80.6 44.2 26.3
-37.4 80.6 43.5 26.0
-37.2 80.6 42.7 25.6
-37.0 80.6 42.0 25.2
-36.8 80.6 41.3 24.9
-36.6 80.6 40.6 24.5
-36.4 80.6 40.0 24.1
-36.2 80.6 39.3 23.8
-36.0 80.6 38.7 23.4
-35.8 80.6 38.0 23.1
-35.6 80.6 37.4 22.7
-35.4 80.6 36.9 22.4
-35.2 80.6 36.3 22.1
-35.0 80.6 35.7 21.8
-34.8 80.6 35.2 21.4
-34.6 80.6 34.7 21.1
-34.4 80.6 34.2 20.8
-34.2 80.6 33.6 20.5
-34.0 80.6 33.1 20.2
-33.8 80.6 32.6 19.9
-33.6 80.6 32.1 19.6
-33.4 80.6 31.6 19.3
-33.2 80.6 31.1 19.0
-33.0 80.6 30.6 18.7
-32.8 80.6 30.1 18.4
-32.6 80.6 29.6 18.1
-32.4 80.6 29.0 17.9
-32.2 80.6 28.5 17.6
-32.0 80.6 27.9 17.3
-31.8 80.6 27.4 17.0
-31.6 80.6 26.8 16.8
-31.4 80.6 26.2 16.6
-31.2 80.6 25.7 16.3
-31.0 80.6 25.1 16.1
-30.8 80.6 24.5 15.9
-30.6 80.6 24.0 15.7
-30.4 80.6 23.5 15.5
-30.2 80.6 23.0 15.3
-30.0 80.6 22.5 15.1
-29.8 80.6 22.1 14.9
-29.6 80.6 21.7 14.7
-29.4 80.6 21.3 14.6
-29.2 80.6 20.9 14.4
-29.0 80.6 20.6 14.2
-28.8 80.6 20.4 14.0
-28.6 80.6 20.1 13.8
-28.4 80.6 20.0 13.7
-28.2 80.6 19.8 13.5
-28.0 80.6 19.7 13.3
-27.8 80.6 19.6 13.1
-27.6 80.6 19.5 13.0
-27.4 80.6 19.5 12.8
-27.2 80.6 19.5 12.6
-27.0 80.6 19.5 12.4
-26.8 80.6 19.5 12.3
-26.6 80.6 19.5 12.1
-26.4 80.6 19.5 11.9
-26.2 80.6 19.5 11.8
-26.0 80.6 19.5 11.6
-25.8 80.6 19.6 11.4
-25.6 80.6 19.6 11.3
-25.4 80.6 19.6 11.1
-25.2 80.6 19.6 11.0
-25.0 80.6 19.6 10.8
-24.8 80.6 19.6 10.7
-24.6 80.6 19.6 10.5
-24.4 80.6 19.6 10.4
-24.2 80.6 19.5 10.2
-24.0 80.6 19.5 10.1
-23.8 80.6 19.4 9.9
-23.6 80.6 19.4 9.8
-23.4 80.6 19.3 9.7
-23.2 80.6 19.2 9.6
-23.0 80.6 19.1 9.4
-22.8 80.6 19.0 9.3
-22.6 80.6 18.9 9.2
-22.4 80.6 18.8 9.1
-22.2 80.6 18.7 9.0
-22.0 80.6 18.5 8.9
-21.8 80.6 18.4 8.8
-21.6 80.6 18.2 8.7
-21.4 80.6 18.0 8.6
-21.2 80.6 17.9 8.5
-21.0 80.6 17.7 8.4
-20.8 80.6 17.5 8.3
-20.6 80.6 17.3 8.2
-20.4 80.6 17.1 8.1
-20.2 80.6 16.9 8.0
-20.0 80.6 16.7 7.9
-19.8 80.6 16.5 7.8
-19.6 80.6 16.3 7.8
-19.4 80.6 16.1 7.7
-19.2 80.6 15.9 7.6
-19.0 80.6 15.7 7.5
-18.8 80.6 15.5 7.4
-18.6 80.6 15.3 7.3
-18.4 80.6 15.1 7.2
-18.2 80.6 14.9 7.1
-18.0 80.6 14.7 7.0
-17.8 80.6 14.4 6.9
-17.6 80.6 14.2 6.9
-17.4 80.6 14.0 6.8
-17.2 80.6 13.8 6.7
-17.0 80.6 13.6 6.6
-16.8 80.6 13.4 6.5
-16.6 80.6 13.2 6.4
-16.4 80.6 13.0 6.3
-16.2 80.6 12.7 6.2
-16.0 80.6 12.5 6.1
-15.8 80.6 12.3 6.1
-15.6 80.6 12.1 6.0
-15.4 80.6 11.9 5.9
-15.2 80.6 11.7 5.8
-15.0 80.6 11.4 5.7
-14.8 80.6 11.2 5.6
-14.6 80.6 11.0 5.6
-14.4 80.6 10.8 5.5
-14.2 80.6 10.6 5.4
-14.0 80.6 10.4 5.3
-13.8 80.6 10.2 5.3
-13.6 80.6 10.0 5.2
-13.4 80.6 9.8 5.1
-13.2 80.6 9.6 5.1
-13.0 80.6 9.4 5.0
-12.8 80.6 9.3 5.0
-12.6 80.6 9.1 4.9
-12.4 80.6 8.9 4.8
-12.2 80.6 8.7 4.8
-12.0 80.6 8.6 4.7
-11.8 80.6 8.5 4.7
-11.6 80.6 8.3 4.7
-11.4 80.6 8.2 4.6
-11.2 80.6 8.1 4.6
-11.0 80.6 8.0 4.5
-10.8 80.6 7.9 4.5
-10.6 80.6 7.8 4.5
-10.4 80.6 7.7 4.5
-10.2 80.6 7.7 4.5
-10.0 80.6 7.6 4.4
-9.8 80.6 7.6 4.4
-9.6 80.6 7.5 4.4
-9.4 80.6 7.5 4.4
-9.2 80.6 7.5 4.4
-9.0 80.6 7.5 4.4
-8.8 80.6 7.5 4.4
-8.6 80.6 7.5 4.4
-8.4 80.6 7.5 4.4
-8.2 80.6 7.5 4.4
-8.0 80.6 7.5 4.4
-7.8 80.6 7.6 4.4
-7.6 80.6 7.6 4.4
-7.4 80.6 7.6 4.4
-7.2 80.6 7.6 4.3
-7.0 80.6 7.7 4.3
-6.8 80.6 7.7 4.3
-6.6 80.6 7.7 4.3
-6.4 80.6 7.7 4.3
-6.2 80.6 7.7 4.3
-6.0 80.6 7.7 4.3
-5.8 80.6 7.7 4.3
-5.6 80.6 7.7 4.2
-5.4 80.6 7.7 4.2
-5.2 80.6 7.7 4.2
-5.0 80.6 7.7 4.2
-4.8 80.6 7.7 4.1
-4.6 80.6 7.6 4.1
-4.4 80.6 7.6 4.1
-4.2 80.6 7.6 4.1
-4.0 80.6 7.5 4.0
-3.8 80.6 7.5 4.0
-3.6 80.6 7.4 3.9
-3.4 80.6 7.3 3.9
-3.2 80.6 7.3 3.8
-3.0 80.6 7.2 3.8
-2.8 80.6 7.1 3.7
-2.6 80.6 7.1 3.6
-2.4 80.6 7.0 3.6
-2.2 80.6 6.9 3.5
-2.0 80.6 6.9 3.4
-1.8 80.6 6.8 3.4
-1.6 80.6 6.7 3.3
-1.4 80.6 6.6 3.2
-1.2 80.6 6.6 3.2
-1.0 80.6 6.5 3.1
-0.8 80.6 6.5 3.1
-0.6 80.6 6.4 3.0
-0.4 80.6 6.4 3.0
-0.2 80.6 6.3 3.0
0.0 80.6 6.3 3.0
0.0 80.4 6.7 3.4
0.2 80.4 6.6 3.4
0.4 80.4 6.6 3.4
0.6 80.4 6.5 3.4
0.8 80.4 6.5 3.5
1.0 80.4 6.4 3.5
1.2 80.4 6.4 3.5
1.4 80.4 6.4 3.5
1.6 80.4 6.4 3.6
1.8 80.4 6.4 3.6
2.0 80.4 6.4 3.6
2.2 80.4 6.4 3.7
2.4 80.4 6.4 3.7
2.6 80.4 6.4 3.7
2.8 80.4 6.4 3.7
3.0 80.4 6.4 3.7
3.2 80.4 6.4 3.7
3.4 80.4 6.4 3.7
3.6 80.4 6.5 3.7
3.8 80.4 6.5 3.7
4.0 80.4 6.5 3.7
4.2 80.4 6.6 3.6
4.4 80.4 6.6 3.6
4.6 80.4 6.7 3.6
4.8 80.4 6.7 3.5
5.0 80.4 6.7 3.5
5.2 80.4 6.8 3.5
5.4 80.4 6.8 3.4
5.6 80.4 6.8 3.4
5.8 80.4 6.8 3.4
6.0 80.4 6.8 3.3
6.2 80.4 6.9 3.3
6.4 80.4 6.9 3.3
6.6 80.4 6.9 3.3
6.8 80.4 6.9 3.3
7.0 80.4 6.9 3.3
7.2 80.4 6.9 3.2
7.4 80.4 6.9 3.2
7.6 80.4 6.9 3.2
7.8 80.4 6.9 3.2
8.0 80.4 6.9 3.3
8.2 80.4 6.9 3.3
8.4 80.4 7.0 3.3
8.6 80.4 7.0 3.3
8.8 80.4 7.0 3.3
9.0 80.4 7.0 3.3
9.2 80.4 7.1 3.3
9.4 80.4 7.1 3.4
9.6 80.4 7.1 3.4
9.8 80.4 7.2 3.4
10.0 80.4 7.2 3.4
10.2 80.4 7.3 3.4
10.4 80.4 7.3 3.5
10.6 80.4 7.4 3.5
10.8 80.4 7.4 3.5
11.0 80.4 7.5 3.5
11.2 80.4 7.6 3.5
11.4 80.4 7.7 3.6
11.6 80.4 7.8 3.6
11.8 80.4 7.9 3.6
12.0 80.4 8.0 3.6
12.2 80.4 8.1 3.7
12.4 80.4 8.2 3.7
12.6 80.4 8.3 3.7
12.8 80.4 8.4 3.8
13.0 80.4 8.5 3.8
13.2 80.4 8.6 3.8
13.4 80.4 8.7 3.9
13.6 80.4 8.9 3.9
13.8 80.4 9.0 3.9
14.0 80.4 9.1 4.0
14.2 80.4 9.2 4.0
14.4 80.4 9.3 4.0
14.6 80.4 9.4 4.1
14.8 80.4 9.5 4.1
15.0 80.4 9.6 4.2
15.2 80.4 9.8 4.2
15.4 80.4 9.8 4.3
15.6 80.4 9.9 4.3
15.8 80.4 10.0 4.4
16.0 80.4 10.1 4.5
16.2 80.4 10.2 4.5
16.4 80.4 10.3 4.6
16.6 80.4 10.4 4.6
16.8 80.4 10.5 4.7
17.0 80.4 10.5 4.8
17.2 80.4 10.6 4.8
17.4 80.4 10.7 4.9
17.6 80.4 10.8 5.0
17.8 80.4 10.8 5.0
18.0 80.4 10.9 5.1
18.2 80.4 11.0 5.2
18.4 80.4 11.0 5.2
18.6 80.4 11.1 5.3
18.8 80.4 11.2 5.4
19.0 80.4 11.3 5.4
19.2 80.4 11.3 5.5
19.4 80.4 11.4 5.5
19.6 80.4 11.5 5.6
19.8 80.4 11.5 5.7
20.0 80.4 11.6 5.7
20.2 80.4 11.7 5.8
-105.2 80.4 28.5 19.1
-105.0 80.4 28.6 19.5
-104.8 80.4 28.7 19.8
-104.6 80.4 28.8 20.1
-104.4 80.4 28.8 20.4
-104.2 80.4 28.9 20.7
-104.0 80.4 28.9 21.0
-103.8 80.4 28.8 21.2
-103.6 80.4 28.8 21.4
-103.4 80.4 28.7 21.6
-103.2 80.4 28.5 21.8
-103.0 80.4 28.3 21.9
-102.8 80.4 28.1 22.0
-102.6 80.4 27.8 22.1
-102.4 80.4 27.4 22.1
-102.2 80.4 27.0 22.1
-102.0 80.4 26.6 22.1
-101.8 80.4 26.1 22.0
-101.6 80.4 25.6 22.0
-101.4 80.4 25.0 21.9
-101.2 80.4 24.4 21.8
-101.0 80.4 23.8 21.7
-100.8 80.4 23.1 21.6
-100.6 80.4 22.5 21.5
-100.4 80.4 21.8 21.3
-100.2 80.4 21.2 21.2
-100.0 80.4 20.5 21.1
-99.8 80.4 19.8 20.9
-99.6 80.4 19.2 20.8
-99.4 80.4 18.5 20.6
-99.2 80.4 17.9 20.5
-99.0 80.4 17.3 20.3
-98.8 80.4 16.7 20.1
-98.6 80.4 16.2 19.9
-98.4 80.4 15.6 19.6
-98.2 80.4 15.1 19.3
-98.0 80.4 14.6 19.1
-97.8 80.4 14.2 18.8
-97.6 80.4 13.7 18.4
-97.4 80.4 13.3 18.1
-97.2 80.4 12.9 17.8
-97.0 80.4 12.6 17.4
-96.8 80.4 12.2 17.1
-96.6 80.4 11.9 16.9
-96.4 80.4 11.7 16.6
-96.2 80.4 11.5 16.4
-96.0 80.4 11.3 16.3
-95.8 80.4 11.2 16.2
-95.6 80.4 11.2 16.2
-95.4 80.4 11.3 16.3
-95.2 80.4 11.4 16.5
-95.0 80.4 11.6 16.7
-94.8 80.4 11.9 17.1
-94.6 80.4 12.4 17.6
-94.4 80.4 13.0 18.2
-94.2 80.4 13.7 18.8
-94.0 80.4 14.5 19.6
-93.8 80.4 15.5 20.4
-93.6 80.4 16.7 21.2
-93.4 80.4 18.0 22.1
-93.2 80.4 19.5 22.9
-93.0 80.4 21.1 23.8
-92.8 80.4 22.8 24.7
-92.6 80.4 24.7 25.5
-92.4 80.4 26.6 26.2
-92.2 80.4 28.7 26.9
-92.0 80.4 30.7 27.5
-91.8 80.4 32.8 27.9
-91.6 80.4 34.9 28.3
-91.4 80.4 36.9 28.6
-91.2 80.4 38.9 28.8
-91.0 80.4 40.8 28.9
-90.8 80.4 42.5 29.0
-90.6 80.4 44.2 28.9
-90.4 80.4 45.6 28.8
-90.2 80.4 46.9 28.6
-90.0 80.4 48.0 28.4
-89.8 80.4 48.9 28.2
-89.6 80.4 49.5 27.9
-89.4 80.4 50.1 27.6
-89.2 80.4 50.4 27.4
-89.0 80.4 50.6 27.1
-88.8 80.4 50.6 26.8
-88.6 80.4 50.5 26.6
-88.4 80.4 50.3 26.4
-88.2 80.4 50.1 26.2
-88.0 80.4 49.8 26.1
-87.8 80.4 49.5 26.0
-87.6 80.4 49.2 25.9
-87.4 80.4 48.9 25.9
-87.2 80.4 48.8 25.9
-87.0 80.4 48.7 25.9
-86.8 80.4 48.7 26.0
-86.6 80.4 48.8 26.1
-86.4 80.4 49.1 26.2
-86.2 80.4 49.5 26.3
-86.0 80.4 50.0 26.5
-85.8 80.4 50.6 26.6
-85.6 80.4 51.3 26.8
-85.4 80.4 52.1 26.9
-85.2 80.4 53.0 27.1
-85.0 80.4 53.9 27.2
-84.8 80.4 54.8 27.3
-84.6 80.4 55.7 27.5
-84.4 80.4 56.6 27.6
-84.2 80.4 57.5 27.7
-84.0 80.4 58.3 27.8
-83.8 80.4 59.1 27.9
-83.6 80.4 59.8 28.0
-83.4 80.4 60.5 28.1
-83.2 80.4 61.0 28.2
-83.0 80.4 61.5 28.3
-82.8 80.4 62.0 28.4
-82.6 80.4 62.4 28.5
-82.4 80.4 62.8 28.6
-82.2 80.4 63.2 28.8
-82.0 80.4 63.5 28.9
-81.8 80.4 63.9 29.0
-81.6 80.4 64.2 29.1
-81.4 80.4 64.5 29.2
-81.2 80.4 64.9 29.4
-81.0 80.4 65.3 29.5
-80.8 80.4 65.7 29.6
-80.6 80.4 66.1 29.7
-80.4 80.4 66.5 29.9
-80.2 80.4 66.9 30.0
-80.0 80.4 67.3 30.1
-79.8 80.4 67.7 30.2
-79.6 80.4 68.1 30.4
-79.4 80.4 68.5 30.5
-79.2 80.4 68.9 30.6
-79.0 80.4 69.3 30.7
-78.8 80.4 69.6 30.9
-78.6 80.4 70.0 31.0
-78.4 80.4 70.3 31.1
-78.2 80.4 70.6 31.2
-78.0 80.4 70.9 31.3
-77.8 80.4 71.2 31.4
-77.6 80.4 71.5 31.6
-77.4 80.4 71.8 31.7
-77.2 80.4 72.1 31.8
-77.0 80.4 72.4 31.9
-76.8 80.4 72.7 32.0
-76.6 80.4 73.0 32.1
-76.4 80.4 73.4 32.1
-76.2 80.4 73.7 32.2
-76.0 80.4 74.0 32.2
-75.8 80.4 74.4 32.3
-75.6 80.4 74.7 32.3
-75.4 80.4 75.0 32.3
-75.2 80.4 75.4 32.3
-75.0 80.4 75.7 32.3
-74.8 80.4 76.0 32.2
-74.6 80.4 76.3 32.1
-74.4 80.4 76.6 32.1
-74.2 80.4 76.8 32.0
-74.0 80.4 77.1 31.9
-73.8 80.4 77.3 31.8
-73.6 80.4 77.5 31.7
-73.4 80.4 77.7 31.6
-73.2 80.4 77.8 31.5
-73.0 80.4 78.0 31.4
-72.8 80.4 78.1 31.4
-72.6 80.4 78.2 31.3
-72.4 80.4 78.3 31.3
-72.2 80.4 78.4 31.4
-72.0 80.4 78.5 31.4
-71.8 80.4 78.6 31.5
-71.6 80.4 78.7 31.6
-71.4 80.4 78.8 31.8
-71.2 80.4 78.9 31.9
-71.0 80.4 78.9 32.1
-70.8 80.4 79.0 32.4
-70.6 80.4 79.1 32.6
-70.4 80.4 79.2 32.9
-70.2 80.4 79.3 33.1
-70.0 80.4 79.4 33.4
-69.8 80.4 79.5 33.7
-69.6 80.4 79.6 34.0
-69.4 80.4 79.7 34.3
-69.2 80.4 79.8 34.6
-69.0 80.4 80.0 34.9
-68.8 80.4 80.2 35.1
-68.6 80.4 80.3 35.4
-68.4 80.4 80.5 35.6
-68.2 80.4 80.7 35.8
-68.0 80.4 80.9 36.0
-67.8 80.4 81.1 36.2
-67.6 80.4 81.3 36.3
-67.4 80.4 81.5 36.5
-67.2 80.4 81.6 36.6
-67.0 80.4 81.8 36.7
-66.8 80.4 81.9 36.8
-66.6 80.4 82.1 36.9
-66.4 80.4 82.2 36.9
-66.2 80.4 82.3 37.0
-66.0 80.4 82.3 37.1
-65.8 80.4 82.4 37.1
-65.6 80.4 82.4 37.1
-65.4 80.4 82.4 37.1
-65.2 80.4 82.4 37.2
-65.0 80.4 82.3 37.1
-64.8 80.4 82.3 37.1
-64.6 80.4 82.2 37.1
-64.4 80.4 82.2 37.1
-64.2 80.4 82.1 37.1
-64.0 80.4 82.1 37.0
-63.8 80.4 82.0 37.0
-63.6 80.4 82.0 36.9
-63.4 80.4 82.0 36.9
-63.2 80.4 81.9 36.8
-63.0 80.4 81.9 36.8
-62.8 80.4 81.9 36.7
-62.6 80.4 81.9 36.7
-62.4 80.4 81.9 36.7
-62.2 80.4 82.0 36.6
-62.0 80.4 82.0 36.6
-61.8 80.4 82.0 36.6
-61.6 80.4 82.1 36.6
-61.4 80.4 82.1 36.5
-61.2 80.4 82.2 36.5
-61.0 80.4 82.2 36.5
-60.8 80.4 82.3 36.5
-60.6 80.4 82.3 36.5
-60.4 80.4 82.4 36.5
-60.2 80.4 82.5 36.5
-60.0 80.4 82.6 36.5
-59.8 80.4 82.6 36.5
-59.6 80.4 82.7 36.6
-59.4 80.4 82.8 36.6
-59.2 80.4 82.9 36.6
-59.0 80.4 83.0 36.7
-58.8 80.4 83.2 36.7
-58.6 80.4 83.3 36.8
-58.4 80.4 83.4 36.8
-58.2 80.4 83.6 36.9
-58.0 80.4 83.8 37.0
-57.8 80.4 84.0 37.0
-57.6 80.4 84.2 37.1
-57.4 80.4 84.4 37.2
-57.2 80.4 84.6 37.3
-57.0 80.4 84.8 37.4
-56.8 80.4 85.0 37.4
-56.6 80.4 85.2 37.5
-56.4 80.4 85.4 37.5
-56.2 80.4 85.6 37.6
-56.0 80.4 85.8 37.6
-55.8 80.4 85.9 37.7
-55.6 80.4 86.1 37.7
-55.4 80.4 86.2 37.7
-55.2 80.4 86.3 37.7
-55.0 80.4 86.4 37.8
-54.8 80.4 86.4 37.8
-54.6 80.4 86.5 37.8
-54.4 80.4 86.5 37.7
-54.2 80.4 86.5 37.7
-54.0 80.4 86.4 37.7
-53.8 80.4 86.4 37.7
-53.6 80.4 86.3 37.7
-53.4 80.4 86.2 37.6
-53.2 80.4 86.1 37.6
-53.0 80.4 86.0 37.6
-52.8 80.4 85.9 37.5
-52.6 80.4 85.8 37.5
-52.4 80.4 85.6 37.5
-52.2 80.4 85.5 37.4
-52.0 80.4 85.4 37.4
-51.8 80.4 85.3 37.3
-51.6 80.4 85.2 37.3
-51.4 80.4 85.2 37.3
-51.2 80.4 85.1 37.2
-51.0 80.4 85.1 37.2
-50.8 80.4 85.0 37.2
-50.6 80.4 85.0 37.2
-50.4 80.4 85.0 37.1
-50.2 80.4 85.0 37.1
-50.0 80.4 85.0 37.2
-49.8 80.4 85.0 37.2
-49.6 80.4 85.1 37.2
-49.4 80.4 85.1 37.2
-49.2 80.4 85.1 37.2
-49.0 80.4 85.1 37.3
-48.8 80.4 85.1 37.3
-48.6 80.4 85.1 37.3
-48.4 80.4 85.0 37.3
-48.2 80.4 85.0 37.3
-48.0 80.4 84.9 37.3
-47.8 80.4 84.8 37.3
-47.6 80.4 84.6 37.3
-47.4 80.4 84.4 37.3
-47.2 80.4 84.2 37.2
-47.0 80.4 83.9 37.2
-46.8 80.4 83.6 37.1
-46.6 80.4 83.3 37.0
-46.4 80.4 82.9 36.9
-46.2 80.4 82.5 36.8
-46.0 80.4 82.1 36.7
-45.8 80.4 81.6 36.6
-45.6 80.4 81.0 36.4
-45.4 80.4 80.5 36.3
-45.2 80.4 79.9 36.2
-45.0 80.4 79.3 36.1
-44.8 80.4 78.7 35.9
-44.6 80.4 78.0 35.8
-44.4 80.4 77.4 35.7
-44.2 80.4 76.7 35.5
-44.0 80.4 76.1 35.4
-43.8 80.4 75.4 35.3
-43.6 80.4 74.7 35.2
-43.4 80.4 74.0 35.0
-43.2 80.4 73.4 34.9
-43.0 80.4 72.7 34.8
-42.8 80.4 72.0 34.7
-42.6 80.4 71.3 34.5
-42.4 80.4 70.6 34.4
-42.2 80.4 69.9 34.3
-42.0 80.4 69.2 34.1
-41.8 80.4 68.5 34.0
-41.6 80.4 67.8 33.9
-41.4 80.4 67.1 33.7
-41.2 80.4 66.4 33.5
-41.0 80.4 65.6 33.4
-40.8 80.4 64.9 33.2
-40.6 80.4 64.1 33.0
-40.4 80.4 63.3 32.8
-40.2 80.4 62.5 32.6
-40.0 80.4 61.8 32.4
-39.8 80.4 60.9 32.2
-39.6 80.4 60.1 32.0
-39.4 80.4 59.3 31.7
-39.2 80.4 58.4 31.5
-39.0 80.4 57.6 31.3
-38.8 80.4 56.7 31.0
-38.6 80.4 55.9 30.7
-38.4 80.4 55.0 30.4
-38.2 80.4 54.1 30.1
-38.0 80.4 53.2 29.8
-37.8 80.4 52.3 29.5
-37.6 80.4 51.4 29.2
-37.4 80.4 50.5 28.9
-37.2 80.4 49.7 28.5
-37.0 80.4 48.8 28.2
-36.8 80.4 47.9 27.8
-36.6 80.4 47.1 27.4
-36.4 80.4 46.3 27.1
-36.2 80.4 45.5 26.7
-36.0 80.4 44.7 26.3
-35.8 80.4 43.9 26.0
-35.6 80.4 43.2 25.6
-35.4 80.4 42.4 25.2
-35.2 80.4 41.7 24.9
-35.0 80.4 41.1 24.5
-34.8 80.4 40.4 24.1
-34.6 80.4 39.8 23.8
-34.4 80.4 39.1 23.4
-34.2 80.4 38.5 23.0
-34.0 80.4 37.9 22.7
-33.8 80.4 37.3 22.3
-33.6 80.4 36.8 21.9
-33.4 80.4 36.2 21.6
-33.2 80.4 35.6 21.2
-33.0 80.4 35.1 20.9
-32.8 80.4 34.5 20.5
-32.6 80.4 34.0 20.1
-32.4 80.4 33.4 19.8
-32.2 80.4 32.8 19.5
-32.0 80.4 32.2 19.1
-31.8 80.4 31.7 18.8
-31.6 80.4 31.1 18.5
-31.4 80.4 30.5 18.2
-31.2 80.4 30.0 17.9
-31.0 80.4 29.4 17.7
-30.8 80.4 28.8 17.4
-30.6 80.4 28.3 17.1
-30.4 80.4 27.8 16.9
-30.2 80.4 27.2 16.6
-30.0 80.4 26.8 16.4
-29.8 80.4 26.3 16.2
-29.6 80.4 25.8 16.0
-29.4 80.4 25.4 15.8
-29.2 80.4 25.0 15.6
-29.0 80.4 24.6 15.3
-28.8 80.4 24.3 15.1
-28.6 80.4 24.0 14.9
-28.4 80.4 23.7 14.8
-28.2 80.4 23.4 14.6
-28.0 80.4 23.2 14.4
-27.8 80.4 23.0 14.2
-27.6 80.4 22.8 14.0
-27.4 80.4 22.6 13.8
-27.2 80.4 22.4 13.6
-27.0 80.4 22.3 13.4
-26.8 80.4 22.1 13.2
-26.6 80.4 22.0 13.1
-26.4 80.4 21.8 12.9
-26.2 80.4 21.7 12.7
-26.0 80.4 21.5 12.5
-25.8 80.4 21.4 12.4
-25.6 80.4 21.2 12.2
-25.4 80.4 21.1 12.0
-25.2 80.4 20.9 11.8
-25.0 80.4 20.8 11.7
-24.8 80.4 20.6 11.5
-24.6 80.4 20.5 11.3
-24.4 80.4 20.4 11.2
-24.2 80.4 20.2 11.0
-24.0 80.4 20.1 10.8
-23.8 80.4 20.0 10.7
-23.6 80.4 19.8 10.5
-23.4 80.4 19.7 10.3
-23.2 80.4 19.6 10.2
-23.0 80.4 19.5 10.0
-22.8 80.4 19.4 9.9
-22.6 80.4 19.2 9.7
-22.4 80.4 19.1 9.6
-22.2 80.4 19.0 9.5
-22.0 80.4 18.8 9.3
-21.8 80.4 18.7 9.2
-21.6 80.4 18.5 9.1
-21.4 80.4 18.3 8.9
-21.2 80.4 18.1 8.8
-21.0 80.4 17.9 8.7
-20.8 80.4 17.7 8.6
-20.6 80.4 17.5 8.5
-20.4 80.4 17.3 8.4
-20.2 80.4 17.0 8.3
-20.0 80.4 16.8 8.2
-19.8 80.4 16.6 8.0
-19.6 80.4 16.3 7.9
-19.4 80.4 16.1 7.8
-19.2 80.4 15.9 7.7
-19.0 80.4 15.7 7.6
-18.8 80.4 15.5 7.5
-18.6 80.4 15.3 7.4
-18.4 80.4 15.1 7.3
-18.2 80.4 14.9 7.2
-18.0 80.4 14.7 7.1
-17.8 80.4 14.5 7.0
-17.6 80.4 14.3 6.9
-17.4 80.4 14.1 6.8
-17.2 80.4 13.9 6.7
-17.0 80.4 13.7 6.6
-16.8 80.4 13.6 6.5
-16.6 80.4 13.4 6.5
-16.4 80.4 13.2 6.4
-16.2 80.4 13.0 6.3
-16.0 80.4 12.8 6.2
-15.8 80.4 12.6 6.2
-15.6 80.4 12.5 6.1
-15.4 80.4 12.3 6.1
-15.2 80.4 12.1 6.0
-15.0 80.4 11.9 6.0
-14.8 80.4 11.7 5.9
-14.6 80.4 11.6 5.9
-14.4 80.4 11.4 5.8
-14.2 80.4 11.2 5.8
-14.0 80.4 11.1 5.8
-13.8 80.4 10.9 5.7
-13.6 80.4 10.7 5.7
-13.4 80.4 10.6 5.6
-13.2 80.4 10.4 5.6
-13.0 80.4 10.3 5.6
-12.8 80.4 10.1 5.5
-12.6 80.4 9.9 5.5
-12.4 80.4 9.8 5.5
-12.2 80.4 9.6 5.4
-12.0 80.4 9.5 5.4
-11.8 80.4 9.4 5.4
-11.6 80.4 9.2 5.3
-11.4 80.4 9.1 5.3
-11.2 80.4 9.0 5.3
-11.0 80.4 8.9 5.2
-10.8 80.4 8.8 5.2
-10.6 80.4 8.7 5.2
-10.4 80.4 8.6 5.2
-10.2 80.4 8.5 5.1
-10.0 80.4 8.4 5.1
-9.8 80.4 8.4 5.1
-9.6 80.4 8.3 5.1
-9.4 80.4 8.3 5.0
-9.2 80.4 8.2 5.0
-9.0 80.4 8.2 5.0
-8.8 80.4 8.2 5.0
-8.6 80.4 8.2 5.0
-8.4 80.4 8.2 4.9
-8.2 80.4 8.2 4.9
-8.0 80.4 8.2 4.9
-7.8 80.4 8.2 4.9
-7.6 80.4 8.2 4.9
-7.4 80.4 8.2 4.8
-7.2 80.4 8.2 4.8
-7.0 80.4 8.3 4.8
-6.8 80.4 8.3 4.8
-6.6 80.4 8.3 4.8
-6.4 80.4 8.3 4.8
-6.2 80.4 8.4 4.7
-6.0 80.4 8.4 4.7
-5.8 80.4 8.4 4.7
-5.6 80.4 8.4 4.7
-5.4 80.4 8.4 4.7
-5.2 80.4 8.4 4.6
-5.0 80.4 8.4 4.6
-4.8 80.4 8.4 4.6
-4.6 80.4 8.4 4.5
-4.4 80.4 8.3 4.5
-4.2 80.4 8.3 4.5
-4.0 80.4 8.2 4.4
-3.8 80.4 8.2 4.4
-3.6 80.4 8.1 4.3
-3.4 80.4 8.1 4.3
-3.2 80.4 8.0 4.2
-3.0 80.4 7.9 4.2
-2.8 80.4 7.8 4.1
-2.6 80.4 7.7 4.0
-2.4 80.4 7.6 4.0
-2.2 80.4 7.6 3.9
-2.0 80.4 7.5 3.8
-1.8 80.4 7.4 3.8
-1.6 80.4 7.3 3.7
-1.4 80.4 7.2 3.6
-1.2 80.4 7.1 3.6
-1.0 80.4 7.0 3.5
-0.8 80.4 6.9 3.5
-0.6 80.4 6.8 3.4
-0.4 80.4 6.8 3.4
-0.2 80.4 6.7 3.4
0.0 80.4 6.7 3.4
0.0 80.2 7.1 3.7
0.2 80.2 7.0 3.7
0.4 80.2 7.0 3.7
0.6 80.2 6.9 3.7
0.8 80.2 6.9 3.7
1.0 80.2 6.9 3.8
1.2 80.2 6.8 3.8
1.4 80.2 6.8 3.8
1.6 80.2 6.8 3.9
1.8 80.2 6.8 3.9
2.0 80.2 6.8 3.9
2.2 80.2 6.8 3.9
2.4 80.2 6.8 4.0
2.6 80.2 6.9 4.0
2.8 80.2 6.9 4.0
3.0 80.2 6.9 4.0
3.2 80.2 7.0 4.0
3.4 80.2 7.0 4.0
3.6 80.2 7.1 4.0
3.8 80.2 7.1 4.0
4.0 80.2 7.2 4.0
4.2 80.2 7.3 4.0
4.4 80.2 7.3 4.0
4.6 80.2 7.4 4.0
4.8 80.2 7.5 4.0
5.0 80.2 7.5 3.9
5.2 80.2 7.6 3.9
5.4 80.2 7.6 3.9
5.6 80.2 7.6 3.9
5.8 80.2 7.7 3.8
6.0 80.2 7.7 3.8
6.2 80.2 7.7 3.8
6.4 80.2 7.7 3.8
6.6 80.2 7.7 3.8
6.8 80.2 7.7 3.8
7.0 80.2 7.7 3.8
7.2 80.2 7.7 3.7
7.4 80.2 7.6 3.7
7.6 80.2 7.6 3.7
7.8 80.2 7.6 3.7
8.0 80.2 7.6 3.7
8.2 80.2 7.6 3.7
8.4 80.2 7.6 3.7
8.6 80.2 7.6 3.7
8.8 80.2 7.6 3.7
9.0 80.2 7.6 3.7
9.2 80.2 7.6 3.7
9.4 80.2 7.6 3.7
9.6 80.2 7.6 3.7
9.8 80.2 7.7 3.7
10.0 80.2 7.7 3.7
10.2 80.2 7.8 3.7
10.4 80.2 7.8 3.7
10.6 80.2 7.9 3.7
10.8 80.2 7.9 3.7
11.0 80.2 8.0 3.8
11.2 80.2 8.0 3.8
11.4 80.2 8.1 3.8
11.6 80.2 8.2 3.8
11.8 80.2 8.2 3.8
12.0 80.2 8.3 3.8
12.2 80.2 8.4 3.8
12.4 80.2 8.4 3.9
12.6 80.2 8.5 3.9
12.8 80.2 8.6 3.9
13.0 80.2 8.7 3.9
13.2 80.2 8.8 3.9
13.4 80.2 8.9 4.0
13.6 80.2 9.0 4.0
13.8 80.2 9.0 4.0
14.0 80.2 9.1 4.0
14.2 80.2 9.2 4.1
14.4 80.2 9.3 4.1
14.6 80.2 9.4 4.2
14.8 80.2 9.5 4.2
15.0 80.2 9.6 4.2
15.2 80.2 9.7 4.3
15.4 80.2 9.8 4.3
15.6 80.2 9.9 4.4
15.8 80.2 10.0 4.4
16.0 80.2 10.1 4.5
16.2 80.2 10.1 4.6
16.4 80.2 10.2 4.6
16.6 80.2 10.3 4.7
16.8 80.2 10.4 4.7
17.0 80.2 10.4 4.8
17.2 80.2 10.5 4.9
17.4 80.2 10.6 4.9
17.6 80.2 10.7 5.0
17.8 80.2 10.7 5.1
18.0 80.2 10.8 5.1
18.2 80.2 10.9 5.2
18.4 80.2 10.9 5.3
18.6 80.2 11.0 5.3
18.8 80.2 11.1 5.4
19.0 80.2 11.1 5.4
19.2 80.2 11.2 5.5
19.4 80.2 11.3 5.5
19.6 80.2 11.3 5.6
19.8 80.2 11.4 5.7
20.0 80.2 11.5 5.7
20.2 80.2 11.5 5.8
20.4 80.2 11.6 5.8
20.6 80.2 11.7 5.9
20.8 80.2 11.7 5.9
21.0 80.2 11.8 6.0
-106.0 80.2 28.4 18.5
-105.8 80.2 28.6 18.9
-105.6 80.2 28.8 19.3
-105.4 80.2 29.0 19.7
-105.2 80.2 29.2 20.2
-105.0 80.2 29.4 20.6
-104.8 80.2 29.6 21.0
-104.6 80.2 29.8 21.4
-104.4 80.2 29.9 21.8
-104.2 80.2 30.0 22.2
-104.0 80.2 30.1 22.6
-103.8 80.2 30.2 23.0
-103.6 80.2 30.2 23.3
-103.4 80.2 30.2 23.7
-103.2 80.2 30.1 24.0
-103.0 80.2 30.1 24.2
-102.8 80.2 29.9 24.4
-102.6 80.2 29.7 24.6
-102.4 80.2 29.5 24.8
-102.2 80.2 29.2 24.9
-102.0 80.2 28.8 25.0
-101.8 80.2 28.4 25.0
-101.6 80.2 27.9 25.0
-101.4 80.2 27.4 24.9
-101.2 80.2 26.8 24.8
-101.0 80.2 26.1 24.6
-100.8 80.2 25.5 24.4
-100.6 80.2 24.8 24.2
-100.4 80.2 24.0 23.9
-100.2 80.2 23.3 23.6
-100.0 80.2 22.5 23.2
-99.8 80.2 21.7 22.8
-99.6 80.2 20.9 22.3
-99.4 80.2 20.1 21.8
-99.2 80.2 19.4 21.2
-99.0 80.2 18.6 20.6
-98.8 80.2 17.9 20.0
-98.6 80.2 17.1 19.4
-98.4 80.2 16.5 18.7
-98.2 80.2 15.8 18.0
-98.0 80.2 15.2 17.3
-97.8 80.2 14.6 16.6
-97.6 80.2 14.0 15.9
-97.4 80.2 13.5 15.3
-97.2 80.2 13.0 14.7
-97.0 80.2 12.5 14.1
-96.8 80.2 12.1 13.5
-96.6 80.2 11.8 13.1
-96.4 80.2 11.5 12.7
-96.2 80.2 11.2 12.4
-96.0 80.2 11.0 12.2
-95.8 80.2 10.9 12.1
-95.6 80.2 10.8 12.1
-95.4 80.2 10.9 12.2
-95.2 80.2 11.0 12.4
-95.0 80.2 11.2 12.8
-94.8 80.2 11.6 13.3
-94.6 80.2 12.0 13.9
-94.4 80.2 12.6 14.7
-94.2 80.2 13.4 15.5
-94.0 80.2 14.3 16.5
-93.8 80.2 15.3 17.5
-93.6 80.2 16.5 18.5
-93.4 80.2 17.9 19.6
-93.2 80.2 19.4 20.7
-93.0 80.2 21.1 21.8
-92.8 80.2 22.9 22.8
-92.6 80.2 24.8 23.8
-92.4 80.2 26.9 24.7
-92.2 80.2 29.0 25.6
-92.0 80.2 31.2 26.3
-91.8 80.2 33.4 26.9
-91.6 80.2 35.6 27.4
-91.4 80.2 37.7 27.8
-91.2 80.2 39.8 28.1
-91.0 80.2 41.8 28.3
-90.8 80.2 43.7 28.4
-90.6 80.2 45.4 28.4
-90.4 80.2 47.0 28.3
-90.2 80.2 48.3 28.1
-90.0 80.2 49.5 27.9
-89.8 80.2 50.5 27.7
-89.6 80.2 51.3 27.5
-89.4 80.2 51.8 27.2
-89.2 80.2 52.2 26.9
-89.0 80.2 52.5 26.7
-88.8 80.2 52.5 26.4
-88.6 80.2 52.5 26.2
-88.4 80.2 52.3 26.0
-88.2 80.2 52.1 25.8
-88.0 80.2 51.8 25.6
-87.8 80.2 51.5 25.5
-87.6 80.2 51.3 25.4
-87.4 80.2 51.0 25.4
-87.2 80.2 50.9 25.4
-87.0 80.2 50.8 25.4
-86.8 80.2 50.9 25.4
-86.6 80.2 51.1 25.5
-86.4 80.2 51.4 25.6
-86.2 80.2 51.9 25.7
-86.0 80.2 52.5 25.9
-85.8 80.2 53.1 26.0
-85.6 80.2 53.9 26.2
-85.4 80.2 54.8 26.4
-85.2 80.2 55.8 26.5
-85.0 80.2 56.7 26.7
-84.8 80.2 57.7 26.8
-84.6 80.2 58.7 27.0
-84.4 80.2 59.6 27.1
-84.2 80.2 60.5 27.2
-84.0 80.2 61.3 27.3
-83.8 80.2 62.1 27.4
-83.6 80.2 62.7 27.5
-83.4 80.2 63.3 27.6
-83.2 80.2 63.8 27.7
-83.0 80.2 64.2 27.8
-82.8 80.2 64.5 27.9
-82.6 80.2 64.7 28.0
-82.4 80.2 65.0 28.1
-82.2 80.2 65.1 28.2
-82.0 80.2 65.3 28.4
-81.8 80.2 65.4 28.5
-81.6 80.2 65.5 28.7
-81.4 80.2 65.6 28.8
-81.2 80.2 65.8 29.0
-81.0 80.2 65.9 29.1
-80.8 80.2 66.1 29.3
-80.6 80.2 66.3 29.4
-80.4 80.2 66.5 29.6
-80.2 80.2 66.8 29.8
-80.0 80.2 67.0 29.9
-79.8 80.2 67.3 30.1
-79.6 80.2 67.5 30.2
-79.4 80.2 67.8 30.4
-79.2 80.2 68.1 30.5
-79.0 80.2 68.3 30.7
-78.8 80.2 68.6 30.8
-78.6 80.2 68.9 31.0
-78.4 80.2 69.1 31.1
-78.2 80.2 69.4 31.2
-78.0 80.2 69.6 31.4
-77.8 80.2 69.9 31.5
-77.6 80.2 70.1 31.6
-77.4 80.2 70.4 31.7
-77.2 80.2 70.7 31.8
-77.0 80.2 71.0 31.9
-76.8 80.2 71.3 32.0
-76.6 80.2 71.6 32.1
-76.4 80.2 71.9 32.2
-76.2 80.2 72.2 32.2
-76.0 80.2 72.6 32.2
-75.8 80.2 72.9 32.3
-75.6 80.2 73.3 32.3
-75.4 80.2 73.6 32.3
-75.2 80.2 74.0 32.2
-75.0 80.2 74.3 32.2
-74.8 80.2 74.6 32.1
-74.6 80.2 74.9 32.0
-74.4 80.2 75.2 32.0
-74.2 80.2 75.5 31.9
-74.0 80.2 75.7 31.8
-73.8 80.2 75.9 31.7
-73.6 80.2 76.1 31.6
-73.4 80.2 76.3 31.5
-73.2 80.2 76.4 31.4
-73.0 80.2 76.6 31.4
-72.8 80.2 76.7 31.4
-72.6 80.2 76.7 31.3
-72.4 80.2 76.8 31.4
-72.2 80.2 76.9 31.4
-72.0 80.2 77.0 31.5
-71.8 80.2 77.0 31.6
-71.6 80.2 77.1 31.7
-71.4 80.2 77.1 31.8
-71.2 80.2 77.1 32.0
-71.0 80.2 77.2 32.2
-70.8 80.2 77.2 32.4
-70.6 80.2 77.3 32.6
-70.4 80.2 77.3 32.8
-70.2 80.2 77.4 33.1
-70.0 80.2 77.5 33.3
-69.8 80.2 77.5 33.6
-69.6 80.2 77.6 33.8
-69.4 80.2 77.8 34.1
-69.2 80.2 77.9 34.3
-69.0 80.2 78.1 34.6
-68.8 80.2 78.3 34.8
-68.6 80.2 78.5 35.0
-68.4 80.2 78.7 35.2
-68.2 80.2 78.9 35.4
-68.0 80.2 79.2 35.6
-67.8 80.2 79.4 35.8
-67.6 80.2 79.7 35.9
-67.4 80.2 80.0 36.1
-67.2 80.2 80.2 36.2
-67.0 80.2 80.4 36.4
-66.8 80.2 80.7 36.5
-66.6 80.2 80.9 36.6
-66.4 80.2 81.1 36.7
-66.2 80.2 81.2 36.8
-66.0 80.2 81.3 36.8
-65.8 80.2 81.5 36.9
-65.6 80.2 81.5 37.0
-65.4 80.2 81.6 37.0
-65.2 80.2 81.7 37.0
-65.0 80.2 81.7 37.0
-64.8 80.2 81.7 37.1
-64.6 80.2 81.7 37.0
-64.4 80.2 81.7 37.0
-64.2 80.2 81.7 37.0
-64.0 80.2 81.7 37.0
-63.8 80.2 81.6 36.9
-63.6 80.2 81.6 36.9
-63.4 80.2 81.6 36.8
-63.2 80.2 81.5 36.8
-63.0 80.2 81.5 36.8
-62.8 80.2 81.5 36.7
-62.6 80.2 81.5 36.7
-62.4 80.2 81.5 36.6
-62.2 80.2 81.5 36.6
-62.0 80.2 81.5 36.6
-61.8 80.2 81.5 36.6
-61.6 80.2 81.5 36.5
-61.4 80.2 81.5 36.5
-61.2 80.2 81.6 36.5
-61.0 80.2 81.6 36.5
-60.8 80.2 81.7 36.5
-60.6 80.2 81.7 36.5
-60.4 80.2 81.8 36.5
-60.2 80.2 81.9 36.5
-60.0 80.2 82.0 36.6
-59.8 80.2 82.1 36.6
-59.6 80.2 82.2 36.6
-59.4 80.2 82.3 36.6
-59.2 80.2 82.4 36.7
-59.0 80.2 82.6 36.7
-58.8 80.2 82.7 36.8
-58.6 80.2 82.9 36.8
-58.4 80.2 83.1 36.9
-58.2 80.2 83.2 37.0
-58.0 80.2 83.4 37.0
-57.8 80.2 83.6 37.1
-57.6 80.2 83.8 37.1
-57.4 80.2 84.0 37.2
-57.2 80.2 84.3 37.3
-57.0 80.2 84.5 37.3
-56.8 80.2 84.7 37.4
-56.6 80.2 84.9 37.4
-56.4 80.2 85.1 37.4
-56.2 80.2 85.3 37.5
-56.0 80.2 85.4 37.5
-55.8 80.2 85.6 37.5
-55.6 80.2 85.7 37.6
-55.4 80.2 85.9 37.6
-55.2 80.2 86.0 37.6
-55.0 80.2 86.0 37.6
-54.8 80.2 86.1 37.7
-54.6 80.2 86.1 37.7
-54.4 80.2 86.2 37.7
-54.2 80.2 86.2 37.7
-54.0 80.2 86.1 37.7
-53.8 80.2 86.1 37.7
-53.6 80.2 86.0 37.7
-53.4 80.2 86.0 37.7
-53.2 80.2 85.9 37.7
-53.0 80.2 85.8 37.7
-52.8 80.2 85.7 37.7
-52.6 80.2 85.6 37.7
-52.4 80.2 85.5 37.6
-52.2 80.2 85.4 37.6
-52.0 80.2 85.4 37.6
-51.8 80.2 85.3 37.5
-51.6 80.2 85.2 37.5
-51.4 80.2 85.2 37.5
-51.2 80.2 85.1 37.4
-51.0 80.2 85.1 37.4
-50.8 80.2 85.1 37.3
-50.6 80.2 85.1 37.3
-50.4 80.2 85.1 37.3
-50.2 80.2 85.1 37.2
-50.0 80.2 85.2 37.2
-49.8 80.2 85.2 37.1
-49.6 80.2 85.3 37.1
-49.4 80.2 85.3 37.1
-49.2 80.2 85.3 37.1
-49.0 80.2 85.3 37.1
-48.8 80.2 85.3 37.0
-48.6 80.2 85.3 37.0
-48.4 80.2 85.3 37.0
-48.2 80.2 85.3 37.0
-48.0 80.2 85.2 36.9
-47.8 80.2 85.1 36.9
-47.6 80.2 85.0 36.9
-47.4 80.2 84.8 36.9
-47.2 80.2 84.7 36.8
-47.0 80.2 84.5 36.8
-46.8 80.2 84.2 36.7
-46.6 80.2 84.0 36.7
-46.4 80.2 83.7 36.6
-46.2 80.2 83.4 36.5
-46.0 80.2 83.1 36.5
-45.8 80.2 82.8 36.4
-45.6 80.2 82.5 36.4
-45.4 80.2 82.1 36.3
-45.2 80.2 81.8 36.3
-45.0 80.2 81.4 36.2
-44.8 80.2 81.0 36.2
-44.6 80.2 80.6 36.1
-44.4 80.2 80.2 36.1
-44.2 80.2 79.8 36.0
-44.0 80.2 79.4 36.0
-43.8 80.2 79.0 35.9
-43.6 80.2 78.6 35.9
-43.4 80.2 78.2 35.8
-43.2 80.2 77.7 35.8
-43.0 80.2 77.3 35.7
-42.8 80.2 76.8 35.6
-42.6 80.2 76.4 35.5
-42.4 80.2 75.9 35.4
-42.2 80.2 75.4 35.3
-42.0 80.2 74.9 35.2
-41.8 80.2 74.4 35.1
-41.6 80.2 73.9 35.0
-41.4 80.2 73.3 34.9
-41.2 80.2 72.8 34.7
-41.0 80.2 72.2 34.6
-40.8 80.2 71.6 34.4
-40.6 80.2 70.9 34.2
-40.4 80.2 70.3 34.1
-40.2 80.2 69.6 33.9
-40.0 80.2 68.9 33.7
-39.8 80.2 68.2 33.5
-39.6 80.2 67.4 33.3
-39.4 80.2 66.6 33.2
-39.2 80.2 65.8 33.0
-39.0 80.2 65.0 32.8
-38.8 80.2 64.1 32.6
-38.6 80.2 63.3 32.3
-38.4 80.2 62.4 32.1
-38.2 80.2 61.5 31.9
-38.0 80.2 60.5 31.7
-37.8 80.2 59.6 31.4
-37.6 80.2 58.7 31.2
-37.4 80.2 57.7 30.9
-37.2 80.2 56.8 30.6
-37.0 80.2 55.9 30.3
-36.8 80.2 55.0 30.0
-36.6 80.2 54.1 29.7
-36.4 80.2 53.2 29.4
-36.2 80.2 52.3 29.1
-36.0 80.2 51.4 28.7
-35.8 80.2 50.6 28.4
-35.6 80.2 49.8 28.0
-35.4 80.2 49.0 27.6
-35.2 80.2 48.2 27.3
-35.0 80.2 47.4 26.9
-34.8 80.2 46.7 26.5
-34.6 80.2 46.0 26.1
-34.4 80.2 45.3 25.8
-34.2 80.2 44.6 25.4
-34.0 80.2 43.9 25.0
-33.8 80.2 43.2 24.6
-33.6 80.2 42.5 24.2
-33.4 80.2 41.8 23.8
-33.2 80.2 41.2 23.4
-33.0 80.2 40.5 23.0
-32.8 80.2 39.9 22.6
-32.6 80.2 39.3 22.2
-32.4 80.2 38.6 21.9
-32.2 80.2 38.0 21.5
-32.0 80.2 37.4 21.1
-31.8 80.2 36.7 20.8
-31.6 80.2 36.1 20.4
-31.4 80.2 35.5 20.1
-31.2 80.2 34.9 19.8
-31.0 80.2 34.3 19.5
-30.8 80.2 33.8 19.2
-30.6 80.2 33.2 18.9
-30.4 80.2 32.7 18.6
-30.2 80.2 32.1 18.3
-30.0 80.2 31.6 18.0
-29.8 80.2 31.2 17.8
-29.6 80.2 30.7 17.5
-29.4 80.2 30.2 17.3
-29.2 80.2 29.8 17.0
-29.0 80.2 29.4 16.8
-28.8 80.2 29.0 16.5
-28.6 80.2 28.6 16.3
-28.4 80.2 28.2 16.1
-28.2 80.2 27.9 15.8
-28.0 80.2 27.6 15.6
-27.8 80.2 27.2 15.4
-27.6 80.2 26.9 15.2
-27.4 80.2 26.6 15.0
-27.2 80.2 26.3 14.8
-27.0 80.2 26.0 14.6
-26.8 80.2 25.6 14.4
-26.6 80.2 25.3 14.2
-26.4 80.2 25.0 14.0
-26.2 80.2 24.7 13.8
-26.0 80.2 24.4 13.6
-25.8 80.2 24.0 13.4
-25.6 80.2 23.7 13.2
-25.4 80.2 23.4 13.1
-25.2 80.2 23.1 12.9
-25.0 80.2 22.8 12.7
-24.8 80.2 22.5 12.5
-24.6 80.2 22.2 12.3
-24.4 80.2 21.9 12.1
-24.2 80.2 21.6 11.9
-24.0 80.2 21.4 11.7
-23.8 80.2 21.2 11.5
-23.6 80.2 21.0 11.3
-23.4 80.2 20.8 11.1
-23.2 80.2 20.6 10.9
-23.0 80.2 20.4 10.8
-22.8 80.2 20.2 10.6
-22.6 80.2 20.1 10.4
-22.4 80.2 19.9 10.2
-22.2 80.2 19.7 10.0
-22.0 80.2 19.5 9.9
-21.8 80.2 19.3 9.7
-21.6 80.2 19.1 9.6
-21.4 80.2 18.9 9.4
-21.2 80.2 18.7 9.3
-21.0 80.2 18.4 9.1
-20.8 80.2 18.2 9.0
-20.6 80.2 17.9 8.9
-20.4 80.2 17.7 8.7
-20.2 80.2 17.4 8.6
-20.0 80.2 17.1 8.5
-19.8 80.2 16.9 8.4
-19.6 80.2 16.6 8.3
-19.4 80.2 16.4 8.1
-19.2 80.2 16.2 8.0
-19.0 80.2 15.9 7.9
-18.8 80.2 15.7 7.8
-18.6 80.2 15.5 7.7
-18.4 80.2 15.4 7.5
-18.2 80.2 15.2 7.4
-18.0 80.2 15.0 7.3
-17.8 80.2 14.8 7.2
-17.6 80.2 14.7 7.1
-17.4 80.2 14.5 7.0
-17.2 80.2 14.3 6.9
-17.0 80.2 14.2 6.8
-16.8 80.2 14.0 6.7
-16.6 80.2 13.8 6.6
-16.4 80.2 13.7 6.5
-16.2 80.2 13.5 6.5
-16.0 80.2 13.3 6.4
-15.8 80.2 13.2 6.3
-15.6 80.2 13.0 6.3
-15.4 80.2 12.8 6.2
-15.2 80.2 12.7 6.2
-15.0 80.2 12.5 6.2
-14.8 80.2 12.3 6.1
-14.6 80.2 12.2 6.1
-14.4 80.2 12.0 6.1
-14.2 80.2 11.9 6.1
-14.0 80.2 11.7 6.0
-13.8 80.2 11.6 6.0
-13.6 80.2 11.5 6.0
-13.4 80.2 11.3 6.0
-13.2 80.2 11.2 6.0
-13.0 80.2 11.0 5.9
-12.8 80.2 10.9 5.9
-12.6 80.2 10.8 5.9
-12.4 80.2 10.6 5.9
-12.2 80.2 10.5 5.9
-12.0 80.2 10.3 5.9
-11.8 80.2 10.2 5.8
-11.6 80.2 10.1 5.8
-11.4 80.2 9.9 5.8
-11.2 80.2 9.8 5.8
-11.0 80.2 9.7 5.7
-10.8 80.2 9.6 5.7
-10.6 80.2 9.4 5.7
-10.4 80.2 9.3 5.7
-10.2 80.2 9.2 5.6
-10.0 80.2 9.1 5.6
-9.8 80.2 9.0 5.6
-9.6 80.2 8.9 5.6
-9.4 80.2 8.9 5.5
-9.2 80.2 8.8 5.5
-9.0 80.2 8.8 5.5
-8.8 80.2 8.7 5.5
-8.6 80.2 8.7 5.4
-8.4 80.2 8.7 5.4
-8.2 80.2 8.7 5.4
-8.0 80.2 8.7 5.4
-7.8 80.2 8.7 5.3
-7.6 80.2 8.7 5.3
-7.4 80.2 8.7 5.3
-7.2 80.2 8.7 5.2
-7.0 80.2 8.8 5.2
-6.8 80.2 8.8 5.2
-6.6 80.2 8.8 5.1
-6.4 80.2 8.9 5.1
-6.2 80.2 8.9 5.1
-6.0 80.2 8.9 5.1
-5.8 80.2 8.9 5.0
-5.6 80.2 9.0 5.0
-5.4 80.2 9.0 5.0
-5.2 80.2 9.0 4.9
-5.0 80.2 9.0 4.9
-4.8 80.2 9.0 4.8
-4.6 80.2 9.0 4.8
-4.4 80.2 9.0 4.8
-4.2 80.2 8.9 4.7
-4.0 80.2 8.9 4.7
-3.8 80.2 8.8 4.6
-3.6 80.2 8.8 4.6
-3.4 80.2 8.7 4.5
-3.2 80.2 8.6 4.5
-3.0 80.2 8.5 4.4
-2.8 80.2 8.4 4.3
-2.6 80.2 8.3 4.3
-2.4 80.2 8.2 4.2
-2.2 80.2 8.1 4.1
-2.0 80.2 8.0 4.1
-1.8 80.2 7.9 4.0
-1.6 80.2 7.7 3.9
-1.4 80.2 7.6 3.9
-1.2 80.2 7.5 3.8
-1.0 80.2 7.4 3.8
-0.8 80.2 7.3 3.7
-0.6 80.2 7.2 3.7
-0.4 80.2 7.2 3.7
-0.2 80.2 7.1 3.7
0.0 80.2 7.1 3.7
0.0 80.0 7.3 3.7
0.2 80.0 7.3 3.7
0.4 80.0 7.2 3.7
0.6 80.0 7.2 3.8
0.8 80.0 7.2 3.8
1.0 80.0 7.2 3.8
1.2 80.0 7.2 3.8
1.4 80.0 7.2 3.9
1.6 80.0 7.2 3.9
1.8 80.0 7.2 3.9
2.0 80.0 7.2 3.9
2.2 80.0 7.3 4.0
2.4 80.0 7.3 4.0
2.6 80.0 7.3 4.0
2.8 80.0 7.3 4.0
3.0 80.0 7.4 4.0
3.2 80.0 7.4 4.0
3.4 80.0 7.5 4.1
3.6 80.0 7.5 4.1
3.8 80.0 7.6 4.1
4.0 80.0 7.6 4.1
4.2 80.0 7.7 4.0
4.4 80.0 7.8 4.0
4.6 80.0 7.8 4.0
4.8 80.0 7.9 4.0
5.0 80.0 8.0 4.0
5.2 80.0 8.0 4.0
5.4 80.0 8.1 4.0
5.6 80.0 8.1 4.0
5.8 80.0 8.1 4.0
6.0 80.0 8.1 3.9
6.2 80.0 8.1 3.9
6.4 80.0 8.1 3.9
6.6 80.0 8.1 3.9
6.8 80.0 8.1 3.9
7.0 80.0 8.0 3.9
7.2 80.0 8.0 3.9
7.4 80.0 8.0 3.8
7.6 80.0 7.9 3.8
7.8 80.0 7.9 3.8
8.0 80.0 7.8 3.8
8.2 80.0 7.8 3.8
8.4 80.0 7.8 3.7
8.6 80.0 7.7 3.7
8.8 80.0 7.7 3.7
9.0 80.0 7.7 3.7
9.2 80.0 7.7 3.7
9.4 80.0 7.7 3.7
9.6 80.0 7.8 3.7
9.8 80.0 7.8 3.7
10.0 80.0 7.8 3.7
10.2 80.0 7.9 3.7
10.4 80.0 7.9 3.7
10.6 80.0 8.0 3.7
10.8 80.0 8.0 3.7
11.0 80.0 8.1 3.7
11.2 80.0 8.2 3.7
11.4 80.0 8.2 3.7
11.6 80.0 8.3 3.8
11.8 80.0 8.3 3.8
12.0 80.0 8.4 3.8
12.2 80.0 8.5 3.8
12.4 80.0 8.5 3.8
12.6 80.0 8.6 3.9
12.8 80.0 8.6 3.9
13.0 80.0 8.7 3.9
13.2 80.0 8.8 3.9
13.4 80.0 8.9 4.0
13.6 80.0 8.9 4.0
13.8 80.0 9.0 4.0
14.0 80.0 9.1 4.1
14.2 80.0 9.2 4.1
14.4 80.0 9.3 4.1
14.6 80.0 9.3 4.2
14.8 80.0 9.4 4.2
15.0 80.0 9.5 4.3
15.2 80.0 9.6 4.3
15.4 80.0 9.7 4.4
15.6 80.0 9.8 4.4
15.8 80.0 9.9 4.5
16.0 80.0 10.0 4.5
16.2 80.0 10.0 4.6
16.4 80.0 10.1 4.7
16.6 80.0 10.2 4.7
16.8 80.0 10.3 4.8
17.0 80.0 10.3 4.8
17.2 80.0 10.4 4.9
17.4 80.0 10.5 5.0
17.6 80.0 10.6 5.0
17.8 80.0 10.6 5.1
18.0 80.0 10.7 5.2
18.2 80.0 10.8 5.2
18.4 80.0 10.8 5.3
18.6 80.0 10.9 5.3
18.8 80.0 11.0 5.4
19.0 80.0 11.0 5.4
19.2 80.0 11.1 5.5
19.4 80.0 11.2 5.6
19.6 80.0 11.2 5.6
19.8 80.0 11.3 5.7
20.0 80.0 11.3 5.7
20.2 80.0 11.4 5.8
20.4 80.0 11.5 5.8
20.6 80.0 11.5 5.9
-105.6 80.0 29.5 20.1
-105.4 80.0 29.7 20.6
-105.2 80.0 29.9 21.1
-105.0 80.0 30.2 21.6
-104.8 80.0 30.4 22.1
-104.6 80.0 30.6 22.6
-104.4 80.0 30.8 23.1
-104.2 80.0 31.0 23.6
-104.0 80.0 31.2 24.1
-103.8 80.0 31.3 24.5
-103.6 80.0 31.4 25.0
-103.4 80.0 31.5 25.4
-103.2 80.0 31.5 25.8
-103.0 80.0 31.5 26.2
-102.8 80.0 31.5 26.6
-102.6 80.0 31.4 26.9
-102.4 80.0 31.2 27.1
-102.2 80.0 31.0 27.3
-102.0 80.0 30.7 27.4
-101.8 80.0 30.3 27.5
-101.6 80.0 29.9 27.5
-101.4 80.0 29.4 27.5
-101.2 80.0 28.8 27.3
-101.0 80.0 28.2 27.1
-100.8 80.0 27.5 26.8
-100.6 80.0 26.8 26.5
-100.4 80.0 26.0 26.0
-100.2 80.0 25.2 25.5
-100.0 80.0 24.3 24.9
-99.8 80.0 23.4 24.2
-99.6 80.0 22.5 23.4
-99.4 80.0 21.6 22.6
-99.2 80.0 20.8 21.7
-99.0 80.0 19.9 20.7
-98.8 80.0 19.0 19.8
-98.6 80.0 18.2 18.8
-98.4 80.0 17.4 17.7
-98.2 80.0 16.6 16.7
-98.0 80.0 15.9 15.7
-97.8 80.0 15.2 14.7
-97.6 80.0 14.5 13.7
-97.4 80.0 13.9 12.8
-97.2 80.0 13.3 12.0
-97.0 80.0 12.8 11.2
-96.8 80.0 12.3 10.5
-96.6 80.0 11.9 10.0
-96.4 80.0 11.6 9.5
-96.2 80.0 11.3 9.1
-96.0 80.0 11.0 8.9
-95.8 80.0 10.9 8.8
-95.6 80.0 10.9 8.9
-95.4 80.0 10.9 9.1
-95.2 80.0 11.0 9.4
-95.0 80.0 11.3 9.8
-94.8 80.0 11.6 10.4
-94.6 80.0 12.2 11.2
-94.4 80.0 12.8 12.0
-94.2 80.0 13.6 13.0
-94.0 80.0 14.6 14.1
-93.8 80.0 15.7 15.2
-93.6 80.0 17.0 16.4
-93.4 80.0 18.4 17.6
-93.2 80.0 20.1 18.8
-93.0 80.0 21.8 20.1
-92.8 80.0 23.7 21.2
-92.6 80.0 25.8 22.3
-92.4 80.0 27.9 23.4
-92.2 80.0 30.1 24.3
-92.0 80.0 32.4 25.1
-91.8 80.0 34.7 25.8
-91.6 80.0 36.9 26.4
-91.4 80.0 39.2 26.9
-91.2 80.0 41.4 27.2
-91.0 80.0 43.4 27.4
-90.8 80.0 45.4 27.6
-90.6 80.0 47.2 27.6
-90.4 80.0 48.8 27.6
-90.2 80.0 50.3 27.5
-90.0 80.0 51.6 27.4
-89.8 80.0 52.6 27.3
-89.6 80.0 53.5 27.1
-89.4 80.0 54.2 26.9
-89.2 80.0 54.7 26.7
-89.0 80.0 55.1 26.5
-88.8 80.0 55.3 26.2
-88.6 80.0 55.3 26.1
-88.4 80.0 55.3 25.9
-88.2 80.0 55.2 25.7
-88.0 80.0 55.0 25.6
-87.8 80.0 54.8 25.5
-87.6 80.0 54.7 25.4
-87.4 80.0 54.5 25.3
-87.2 80.0 54.4 25.3
-87.0 80.0 54.4 25.3
-86.8 80.0 54.5 25.3
-86.6 80.0 54.6 25.3
-86.4 80.0 54.9 25.4
-86.2 80.0 55.3 25.5
-86.0 80.0 55.8 25.6
-85.8 80.0 56.4 25.7
-85.6 80.0 57.0 25.9
-85.4 80.0 57.8 26.0
-85.2 80.0 58.5 26.2
-85.0 80.0 59.3 26.3
-84.8 80.0 60.1 26.4
-84.6 80.0 60.9 26.5
-84.4 80.0 61.7 26.7
-84.2 80.0 62.4 26.8
-84.0 80.0 63.0 26.9
-83.8 80.0 63.5 27.0
-83.6 80.0 64.0 27.1
-83.4 80.0 64.4 27.2
-83.2 80.0 64.7 27.3
-83.0 80.0 64.9 27.4
-82.8 80.0 65.1 27.5
-82.6 80.0 65.3 27.6
-82.4 80.0 65.3 27.8
-82.2 80.0 65.4 27.9
-82.0 80.0 65.4 28.1
-81.8 80.0 65.4 28.2
-81.6 80.0 65.4 28.4
-81.4 80.0 65.4 28.6
-81.2 80.0 65.5 28.7
-81.0 80.0 65.6 28.9
-80.8 80.0 65.6 29.1
-80.6 80.0 65.8 29.2
-80.4 80.0 65.9 29.4
-80.2 80.0 66.0 29.6
-80.0 80.0 66.2 29.7
-79.8 80.0 66.4 29.9
-79.6 80.0 66.6 30.0
-79.4 80.0 66.8 30.2
-79.2 80.0 67.0 30.3
-79.0 80.0 67.2 30.5
-78.8 80.0 67.5 30.6
-78.6 80.0 67.7 30.8
-78.4 80.0 67.9 30.9
-78.2 80.0 68.1 31.0
-78.0 80.0 68.3 31.2
-77.8 80.0 68.5 31.3
-77.6 80.0 68.8 31.4
-77.4 80.0 69.0 31.5
-77.2 80.0 69.3 31.7
-77.0 80.0 69.5 31.8
-76.8 80.0 69.8 31.9
-76.6 80.0 70.1 31.9
-76.4 80.0 70.4 32.0
-76.2 80.0 70.8 32.1
-76.0 80.0 71.1 32.1
-75.8 80.0 71.5 32.1
-75.6 80.0 71.9 32.1
-75.4 80.0 72.2 32.1
-75.2 80.0 72.6 32.1
-75.0 80.0 73.0 32.0
-74.8 80.0 73.3 32.0
-74.6 80.0 73.7 31.9
-74.4 80.0 74.0 31.8
-74.2 80.0 74.3 31.7
-74.0 80.0 74.5 31.6
-73.8 80.0 74.8 31.5
-73.6 80.0 75.0 31.5
-73.4 80.0 75.2 31.4
-73.2 80.0 75.3 31.4
-73.0 80.0 75.5 31.3
-72.8 80.0 75.6 31.3
-72.6 80.0 75.6 31.4
-72.4 80.0 75.7 31.4
-72.2 80.0 75.7 31.5
-72.0 80.0 75.7 31.6
-71.8 80.0 75.7 31.7
-71.6 80.0 75.7 31.8
-71.4 80.0 75.6 32.0
-71.2 80.0 75.6 32.1
-71.0 80.0 75.6 32.3
-70.8 80.0 75.5 32.5
-70.6 80.0 75.5 32.7
-70.4 80.0 75.5 32.9
-70.2 80.0 75.5 33.1
-70.0 80.0 75.6 33.3
-69.8 80.0 75.6 33.5
-69.6 80.0 75.7 33.7
-69.4 80.0 75.8 33.9
-69.2 80.0 75.9 34.1
-69.0 80.0 76.0 34.3
-68.8 80.0 76.2 34.5
-68.6 80.0 76.4 34.7
-68.4 80.0 76.6 34.9
-68.2 80.0 76.9 35.0
-68.0 80.0 77.2 35.2
-67.8 80.0 77.5 35.3
-67.6 80.0 77.8 35.5
-67.4 80.0 78.1 35.6
-67.2 80.0 78.4 35.8
-67.0 80.0 78.7 35.9
-66.8 80.0 79.0 36.0
-66.6 80.0 79.2 36.2
-66.4 80.0 79.5 36.3
-66.2 80.0 79.8 36.4
-66.0 80.0 80.0 36.5
-65.8 80.0 80.2 36.6
-65.6 80.0 80.4 36.7
-65.4 80.0 80.6 36.7
-65.2 80.0 80.8 36.8
-65.0 80.0 80.9 36.8
-64.8 80.0 81.0 36.9
-64.6 80.0 81.2 36.9
-64.4 80.0 81.2 36.9
-64.2 80.0 81.3 36.9
-64.0 80.0 81.4 36.9
-63.8 80.0 81.4 36.9
-63.6 80.0 81.4 36.9
-63.4 80.0 81.5 36.9
-63.2 80.0 81.5 36.8
-63.0 80.0 81.5 36.8
-62.8 80.0 81.4 36.8
-62.6 80.0 81.4 36.7
-62.4 80.0 81.4 36.7
-62.2 80.0 81.4 36.7
-62.0 80.0 81.4 36.7
-61.8 80.0 81.3 36.6
-61.6 80.0 81.3 36.6
-61.4 80.0 81.3 36.6
-61.2 80.0 81.4 36.6
-61.0 80.0 81.4 36.6
-60.8 80.0 81.4 36.6
-60.6 80.0 81.5 36.6
-60.4 80.0 81.6 36.6
-60.2 80.0 81.6 36.7
-60.0 80.0 81.7 36.7
-59.8 80.0 81.8 36.7
-59.6 80.0 82.0 36.7
-59.4 80.0 82.1 36.8
-59.2 80.0 82.2 36.8
-59.0 80.0 82.4 36.9
-58.8 80.0 82.5 36.9
-58.6 80.0 82.7 37.0
-58.4 80.0 82.9 37.0
-58.2 80.0 83.0 37.1
-58.0 80.0 83.2 37.1
-57.8 80.0 83.3 37.1
-57.6 80.0 83.5 37.2
-57.4 80.0 83.7 37.2
-57.2 80.0 83.8 37.2
-57.0 80.0 84.0 37.3
-56.8 80.0 84.1 37.3
-56.6 80.0 84.3 37.3
-56.4 80.0 84.4 37.3
-56.2 80.0 84.6 37.3
-56.0 80.0 84.7 37.3
-55.8 80.0 84.8 37.3
-55.6 80.0 84.9 37.4
-55.4 80.0 85.0 37.4
-55.2 80.0 85.1 37.4
-55.0 80.0 85.1 37.4
-54.8 80.0 85.2 37.4
-54.6 80.0 85.2 37.4
-54.4 80.0 85.2 37.5
-54.2 80.0 85.3 37.5
-54.0 80.0 85.3 37.5
-53.8 80.0 85.2 37.5
-53.6 80.0 85.2 37.6
-53.4 80.0 85.2 37.6
-53.2 80.0 85.1 37.6
-53.0 80.0 85.1 37.6
-52.8 80.0 85.0 37.6
-52.6 80.0 85.0 37.6
-52.4 80.0 84.9 37.6
-52.2 80.0 84.9 37.6
-52.0 80.0 84.8 37.6
-51.8 80.0 84.8 37.6
-51.6 80.0 84.8 37.6
-51.4 80.0 84.7 37.5
-51.2 80.0 84.7 37.5
-51.0 80.0 84.7 37.4
-50.8 80.0 84.7 37.4
-50.6 80.0 84.8 37.3
-50.4 80.0 84.8 37.3
-50.2 80.0 84.8 37.2
-50.0 80.0 84.9 37.2
-49.8 80.0 84.9 37.1
-49.6 80.0 85.0 37.0
-49.4 80.0 85.0 37.0
-49.2 80.0 85.0 36.9
-49.0 80.0 85.1 36.9
-48.8 80.0 85.1 36.8
-48.6 80.0 85.1 36.7
-48.4 80.0 85.0 36.7
-48.2 80.0 85.0 36.6
-48.0 80.0 84.9 36.6
-47.8 80.0 84.9 36.5
-47.6 80.0 84.8 36.5
-47.4 80.0 84.7 36.4
-47.2 80.0 84.5 36.4
-47.0 80.0 84.4 36.3
-46.8 80.0 84.2 36.3
-46.6 80.0 84.1 36.2
-46.4 80.0 83.9 36.2
-46.2 80.0 83.7 36.1
-46.0 80.0 83.5 36.1
-45.8 80.0 83.3 36.1
-45.6 80.0 83.1 36.0
-45.4 80.0 82.9 36.0
-45.2 80.0 82.6 36.0
-45.0 80.0 82.4 36.0
-44.8 80.0 82.2 36.0
-44.6 80.0 82.0 36.0
-44.4 80.0 81.7 36.0
-44.2 80.0 81.5 36.0
-44.0 80.0 81.2 36.0
-43.8 80.0 81.0 36.0
-43.6 80.0 80.8 35.9
-43.4 80.0 80.5 35.9
-43.2 80.0 80.2 35.9
-43.0 80.0 79.9 35.9
-42.8 80.0 79.6 35.8
-42.6 80.0 79.3 35.8
-42.4 80.0 79.0 35.7
-42.2 80.0 78.7 35.6
-42.0 80.0 78.4 35.5
-41.8 80.0 78.0 35.4
-41.6 80.0 77.6 35.3
-41.4 80.0 77.3 35.2
-41.2 80.0 76.8 35.0
-41.0 80.0 76.4 34.9
-40.8 80.0 76.0 34.7
-40.6 80.0 75.5 34.6
-40.4 80.0 75.0 34.4
-40.2 80.0 74.5 34.3
-40.0 80.0 73.9 34.1
-39.8 80.0 73.4 33.9
-39.6 80.0 72.7 33.8
-39.4 80.0 72.1 33.6
-39.2 80.0 71.4 33.5
-39.0 80.0 70.7 33.3
-38.8 80.0 70.0 33.2
-38.6 80.0 69.2 33.0
-38.4 80.0 68.4 32.9
-38.2 80.0 67.5 32.7
-38.0 80.0 66.7 32.5
-37.8 80.0 65.8 32.4
-37.6 80.0 65.0 32.2
-37.4 80.0 64.1 32.0
-37.2 80.0 63.2 31.8
-37.0 80.0 62.3 31.6
-36.8 80.0 61.5 31.4
-36.6 80.0 60.6 31.1
-36.4 80.0 59.8 30.9
-36.2 80.0 59.0 30.6
-36.0 80.0 58.1 30.4
-35.8 80.0 57.3 30.1
-35.6 80.0 56.6 29.8
-35.4 80.0 55.8 29.5
-35.2 80.0 55.0 29.1
-35.0 80.0 54.3 28.8
-34.8 80.0 53.5 28.4
-34.6 80.0 52.8 28.1
-34.4 80.0 52.1 27.7
-34.2 80.0 51.3 27.3
-34.0 80.0 50.5 27.0
-33.8 80.0 49.8 26.6
-33.6 80.0 49.0 26.2
-33.4 80.0 48.3 25.8
-33.2 80.0 47.5 25.4
-33.0 80.0 46.8 25.0
-32.8 80.0 46.0 24.7
-32.6 80.0 45.2 24.3
-32.4 80.0 44.5 23.9
-32.2 80.0 43.7 23.5
-32.0 80.0 43.0 23.2
-31.8 80.0 42.3 22.8
-31.6 80.0 41.6 22.5
-31.4 80.0 40.9 22.1
-31.2 80.0 40.2 21.8
-31.0 80.0 39.6 21.4
-30.8 80.0 38.9 21.1
-30.6 80.0 38.3 20.8
-30.4 80.0 37.7 20.5
-30.2 80.0 37.2 20.2
-30.0 80.0 36.6 19.9
-29.8 80.0 36.1 19.6
-29.6 80.0 35.5 19.3
-29.4 80.0 35.0 19.0
-29.2 80.0 34.5 18.7
-29.0 80.0 34.1 18.4
-28.8 80.0 33.6 18.2
-28.6 80.0 33.2 17.9
-28.4 80.0 32.7 17.6
-28.2 80.0 32.3 17.4
-28.0 80.0 31.8 17.1
-27.8 80.0 31.4 16.9
-27.6 80.0 31.0 16.7
-27.4 80.0 30.6 16.4
-27.2 80.0 30.1 16.2
-27.0 80.0 29.7 16.0
-26.8 80.0 29.3 15.8
-26.6 80.0 28.8 15.5
-26.4 80.0 28.4 15.3
-26.2 80.0 28.0 15.1
-26.0 80.0 27.5 14.9
-25.8 80.0 27.1 14.7
-25.6 80.0 26.6 14.5
-25.4 80.0 26.2 14.3
-25.2 80.0 25.8 14.1
-25.0 80.0 25.4 13.8
-24.8 80.0 24.9 13.6
-24.6 80.0 24.6 13.4
-24.4 80.0 24.2 13.2
-24.2 80.0 23.8 13.0
-24.0 80.0 23.5 12.8
-23.8 80.0 23.2 12.5
-23.6 80.0 22.9 12.3
-23.4 80.0 22.6 12.1
-23.2 80.0 22.4 11.9
-23.0 80.0 22.1 11.6
-22.8 80.0 21.9 11.4
-22.6 80.0 21.7 11.2
-22.4 80.0 21.4 11.0
-22.2 80.0 21.2 10.8
-22.0 80.0 21.0 10.6
-21.8 80.0 20.7 10.4
-21.6 80.0 20.5 10.2
-21.4 80.0 20.2 10.1
-21.2 80.0 19.9 9.9
-21.0 80.0 19.6 9.7
-20.8 80.0 19.3 9.6
-20.6 80.0 19.0 9.4
-20.4 80.0 18.7 9.3
-20.2 80.0 18.4 9.1
-20.0 80.0 18.1 9.0
-19.8 80.0 17.8 8.9
-19.6 80.0 17.5 8.7
-19.4 80.0 17.3 8.6
-19.2 80.0 17.0 8.5
-19.0 80.0 16.8 8.3
-18.8 80.0 16.6 8.2
-18.6 80.0 16.4 8.0
-18.4 80.0 16.2 7.9
-18.2 80.0 16.0 7.8
-18.0 80.0 15.8 7.6
-17.8 80.0 15.7 7.5
-17.6 80.0 15.5 7.4
-17.4 80.0 15.4 7.3
-17.2 80.0 15.2 7.1
-17.0 80.0 15.0 7.0
-16.8 80.0 14.9 6.9
-16.6 80.0 14.7 6.9
-16.4 80.0 14.5 6.8
-16.2 80.0 14.4 6.7
-16.0 80.0 14.2 6.6
-15.8 80.0 14.0 6.6
-15.6 80.0 13.9 6.5
-15.4 80.0 13.7 6.5
-15.2 80.0 13.5 6.4
-15.0 80.0 13.4 6.4
-14.8 80.0 13.2 6.4
-14.6 80.0 13.0 6.3
-14.4 80.0 12.9 6.3
-14.2 80.0 12.7 6.3
-14.0 80.0 12.6 6.3
-13.8 80.0 12.4 6.2
-13.6 80.0 12.3 6.2
-13.4 80.0 12.1 6.2
-13.2 80.0 12.0 6.2
-13.0 80.0 11.8 6.2
-12.8 80.0 11.7 6.2
-12.6 80.0 11.5 6.2
-12.4 80.0 11.4 6.1
-12.2 80.0 11.2 6.1
-12.0 80.0 11.1 6.1
-11.8 80.0 10.9 6.1
-11.6 80.0 10.8 6.1
-11.4 80.0 10.6 6.1
-11.2 80.0 10.5 6.0
-11.0 80.0 10.3 6.0
-10.8 80.0 10.2 6.0
-10.6 80.0 10.0 6.0
-10.4 80.0 9.9 6.0
-10.2 80.0 9.8 6.0
-10.0 80.0 9.6 5.9
-9.8 80.0 9.5 5.9
-9.6 80.0 9.4 5.9
-9.4 80.0 9.3 5.9
-9.2 80.0 9.2 5.8
-9.0 80.0 9.1 5.8
-8.8 80.0 9.1 5.8
-8.6 80.0 9.0 5.8
-8.4 80.0 9.0 5.7
-8.2 80.0 9.0 5.7
-8.0 80.0 9.0 5.7
-7.8 80.0 9.0 5.6
-7.6 80.0 9.0 5.6
-7.4 80.0 9.0 5.6
-7.2 80.0 9.0 5.5
-7.0 80.0 9.1 5.5
-6.8 80.0 9.1 5.4
-6.6 80.0 9.2 5.4
-6.4 80.0 9.2 5.3
-6.2 80.0 9.3 5.3
-6.0 80.0 9.3 5.3
-5.8 80.0 9.3 5.2
-5.6 80.0 9.4 5.2
-5.4 80.0 9.4 5.1
-5.2 80.0 9.4 5.1
-5.0 80.0 9.4 5.0
-4.8 80.0 9.4 5.0
-4.6 80.0 9.4 4.9
-4.4 80.0 9.4 4.8
-4.2 80.0 9.4 4.8
-4.0 80.0 9.3 4.7
-3.8 80.0 9.3 4.7
-3.6 80.0 9.2 4.6
-3.4 80.0 9.1 4.5
-3.2 80.0 9.0 4.5
-3.0 80.0 8.9 4.4
-2.8 80.0 8.8 4.3
-2.6 80.0 8.6 4.3
-2.4 80.0 8.5 4.2
-2.2 80.0 8.4 4.1
-2.0 80.0 8.2 4.1
-1.8 80.0 8.1 4.0
-1.6 80.0 8.0 3.9
-1.4 80.0 7.9 3.9
-1.2 80.0 7.8 3.8
-1.0 80.0 7.6 3.8
-0.8 80.0 7.6 3.8
-0.6 80.0 7.5 3.7
-0.4 80.0 7.4 3.7
-0.2 80.0 7.4 3.7
0.0 80.0 7.3 3.7
0.0 79.8 7.3 3.5
0.2 79.8 7.3 3.5
0.4 79.8 7.3 3.5
0.6 79.8 7.3 3.6
0.8 79.8 7.3 3.6
1.0 79.8 7.3 3.6
1.2 79.8 7.3 3.6
1.4 79.8 7.3 3.7
1.6 79.8 7.3 3.7
1.8 79.8 7.3 3.7
2.0 79.8 7.4 3.8
2.2 79.8 7.4 3.8
2.4 79.8 7.4 3.8
2.6 79.8 7.4 3.8
2.8 79.8 7.4 3.8
3.0 79.8 7.4 3.8
3.2 79.8 7.4 3.8
3.4 79.8 7.5 3.8
3.6 79.8 7.5 3.8
3.8 79.8 7.5 3.8
4.0 79.8 7.6 3.8
4.2 79.8 7.6 3.8
4.4 79.8 7.6 3.8
4.6 79.8 7.7 3.8
4.8 79.8 7.7 3.8
5.0 79.8 7.8 3.8
5.2 79.8 7.8 3.8
5.4 79.8 7.8 3.8
5.6 79.8 7.9 3.8
5.8 79.8 7.9 3.8
6.0 79.8 7.9 3.7
6.2 79.8 7.9 3.7
6.4 79.8 7.9 3.7
6.6 79.8 7.8 3.7
6.8 79.8 7.8 3.7
7.0 79.8 7.8 3.7
7.2 79.8 7.7 3.7
7.4 79.8 7.7 3.6
7.6 79.8 7.6 3.6
7.8 79.8 7.6 3.6
8.0 79.8 7.5 3.6
8.2 79.8 7.5 3.5
8.4 79.8 7.4 3.5
8.6 79.8 7.4 3.5
8.8 79.8 7.4 3.4
9.0 79.8 7.4 3.4
9.2 79.8 7.4 3.4
9.4 79.8 7.5 3.4
9.6 79.8 7.5 3.4
9.8 79.8 7.5 3.4
10.0 79.8 7.6 3.4
10.2 79.8 7.7 3.4
10.4 79.8 7.7 3.4
10.6 79.8 7.8 3.4
10.8 79.8 7.9 3.5
11.0 79.8 8.0 3.5
11.2 79.8 8.0 3.5
11.4 79.8 8.1 3.6
11.6 79.8 8.2 3.6
11.8 79.8 8.3 3.6
12.0 79.8 8.3 3.7
12.2 79.8 8.4 3.7
12.4 79.8 8.4 3.8
12.6 79.8 8.5 3.8
12.8 79.8 8.6 3.8
13.0 79.8 8.6 3.9
13.2 79.8 8.7 3.9
13.4 79.8 8.7 3.9
13.6 79.8 8.8 4.0
13.8 79.8 8.9 4.0
14.0 79.8 9.0 4.1
14.2 79.8 9.1 4.1
14.4 79.8 9.1 4.1
14.6 79.8 9.2 4.2
14.8 79.8 9.3 4.2
15.0 79.8 9.4 4.3
15.2 79.8 9.5 4.3
15.4 79.8 9.6 4.4
15.6 79.8 9.7 4.4
15.8 79.8 9.8 4.5
16.0 79.8 9.8 4.6
16.2 79.8 9.9 4.6
16.4 79.8 10.0 4.7
16.6 79.8 10.1 4.7
16.8 79.8 10.2 4.8
17.0 79.8 10.2 4.9
17.2 79.8 10.3 4.9
17.4 79.8 10.4 5.0
17.6 79.8 10.4 5.1
17.8 79.8 10.5 5.1
18.0 79.8 10.6 5.2
18.2 79.8 10.6 5.2
18.4 79.8 10.7 5.3
-103.4 79.8 32.6 26.9
-103.2 79.8 32.7 27.4
-103.0 79.8 32.7 27.9
-102.8 79.8 32.8 28.3
-102.6 79.8 32.7 28.7
-102.4 79.8 32.6 29.0
-102.2 79.8 32.4 29.3
-102.0 79.8 32.2 29.5
-101.8 79.8 31.9 29.6
-101.6 79.8 31.5 29.7
-101.4 79.8 31.0 29.6
-101.2 79.8 30.5 29.5
-101.0 79.8 29.9 29.2
-100.8 79.8 29.2 28.8
-100.6 79.8 28.4 28.4
-100.4 79.8 27.6 27.8
-100.2 79.8 26.8 27.1
-100.0 79.8 25.9 26.3
-99.8 79.8 24.9 25.4
-99.6 79.8 24.0 24.4
-99.4 79.8 23.0 23.3
-99.2 79.8 22.0 22.1
-99.0 79.8 21.1 20.9
-98.8 79.8 20.1 19.6
-98.6 79.8 19.2 18.4
-98.4 79.8 18.3 17.1
-98.2 79.8 17.4 15.8
-98.0 79.8 16.6 14.5
-97.8 79.8 15.8 13.3
-97.6 79.8 15.1 12.1
-97.4 79.8 14.4 11.1
-97.2 79.8 13.8 10.1
-97.0 79.8 13.2 9.2
-96.8 79.8 12.7 8.4
-96.6 79.8 12.2 7.8
-96.4 79.8 11.8 7.3
-96.2 79.8 11.5 6.9
-96.0 79.8 11.3 6.7
-95.8 79.8 11.1 6.6
-95.6 79.8 11.1 6.7
-95.4 79.8 11.1 6.9
-95.2 79.8 11.2 7.3
-95.0 79.8 11.5 7.8
-94.8 79.8 11.9 8.5
-94.6 79.8 12.5 9.3
-94.4 79.8 13.2 10.2
-94.2 79.8 14.0 11.2
-94.0 79.8 15.1 12.3
-93.8 79.8 16.3 13.5
-93.6 79.8 17.6 14.7
-93.4 79.8 19.2 16.0
-93.2 79.8 20.9 17.3
-93.0 79.8 22.8 18.5
-92.8 79.8 24.8 19.7
-92.6 79.8 26.9 20.9
-92.4 79.8 29.2 22.0
-92.2 79.8 31.5 22.9
-92.0 79.8 33.8 23.8
-91.8 79.8 36.2 24.6
-91.6 79.8 38.6 25.2
-91.4 79.8 40.9 25.7
-91.2 79.8 43.1 26.1
-91.0 79.8 45.3 26.4
-90.8 79.8 47.3 26.7
-90.6 79.8 49.2 26.8
-90.4 79.8 50.9 26.9
-90.2 79.8 52.4 26.9
-90.0 79.8 53.8 26.8
-89.8 79.8 54.9 26.8
-89.6 79.8 55.9 26.7
-89.4 79.8 56.7 26.6
-89.2 79.8 57.4 26.5
-89.0 79.8 57.8 26.4
-88.8 79.8 58.2 26.3
-88.6 79.8 58.4 26.2
-88.4 79.8 58.5 26.1
-88.2 79.8 58.5 26.0
-88.0 79.8 58.5 25.9
-87.8 79.8 58.5 25.8
-87.6 79.8 58.4 25.8
-87.4 79.8 58.4 25.7
-87.2 79.8 58.3 25.7
-87.0 79.8 58.3 25.7
-86.8 79.8 58.4 25.7
-86.6 79.8 58.5 25.7
-86.4 79.8 58.7 25.8
-86.2 79.8 59.0 25.8
-86.0 79.8 59.3 25.9
-85.8 79.8 59.7 26.0
-85.6 79.8 60.2 26.1
-85.4 79.8 60.7 26.2
-85.2 79.8 61.2 26.3
-85.0 79.8 61.7 26.3
-84.8 79.8 62.2 26.4
-84.6 79.8 62.7 26.5
-84.4 79.8 63.2 26.6
-84.2 79.8 63.6 26.7
-84.0 79.8 64.0 26.8
-83.8 79.8 64.2 26.9
-83.6 79.8 64.5 27.0
-83.4 79.8 64.7 27.1
-83.2 79.8 64.8 27.2
-83.0 79.8 64.8 27.3
-82.8 79.8 64.9 27.4
-82.6 79.8 64.9 27.6
-82.4 79.8 64.8 27.7
-82.2 79.8 64.8 27.9
-82.0 79.8 64.7 28.0
-81.8 79.8 64.7 28.2
-81.6 79.8 64.6 28.3
-81.4 79.8 64.6 28.5
-81.2 79.8 64.6 28.6
-81.0 79.8 64.7 28.8
-80.8 79.8 64.7 29.0
-80.6 79.8 64.8 29.1
-80.4 79.8 65.0 29.2
-80.2 79.8 65.1 29.4
-80.0 79.8 65.2 29.5
-79.8 79.8 65.4 29.6
-79.6 79.8 65.6 29.7
-79.4 79.8 65.8 29.9
-79.2 79.8 65.9 30.0
-79.0 79.8 66.1 30.1
-78.8 79.8 66.3 30.2
-78.6 79.8 66.5 30.3
-78.4 79.8 66.7 30.5
-78.2 79.8 66.9 30.6
-78.0 79.8 67.1 30.7
-77.8 79.8 67.3 30.9
-77.6 79.8 67.6 31.0
-77.4 79.8 67.8 31.1
-77.2 79.8 68.0 31.2
-77.0 79.8 68.3 31.3
-76.8 79.8 68.6 31.4
-76.6 79.8 68.9 31.5
-76.4 79.8 69.2 31.6
-76.2 79.8 69.6 31.7
-76.0 79.8 69.9 31.7
-75.8 79.8 70.3 31.7
-75.6 79.8 70.7 31.7
-75.4 79.8 71.1 31.7
-75.2 79.8 71.5 31.7
-75.0 79.8 71.9 31.7
-74.8 79.8 72.3 31.6
-74.6 79.8 72.7 31.6
-74.4 79.8 73.1 31.5
-74.2 79.8 73.5 31.4
-74.0 79.8 73.8 31.3
-73.8 79.8 74.1 31.3
-73.6 79.8 74.4 31.2
-73.4 79.8 74.6 31.2
-73.2 79.8 74.8 31.2
-73.0 79.8 74.9 31.2
-72.8 79.8 75.0 31.2
-72.6 79.8 75.1 31.2
-72.4 79.8 75.1 31.3
-72.2 79.8 75.1 31.4
-72.0 79.8 75.0 31.5
-71.8 79.8 75.0 31.6
-71.6 79.8 74.9 31.8
-71.4 79.8 74.8 32.0
-71.2 79.8 74.6 32.2
-71.0 79.8 74.5 32.4
-70.8 79.8 74.4 32.6
-70.6 79.8 74.3 32.8
-70.4 79.8 74.2 32.9
-70.2 79.8 74.2 33.1
-70.0 79.8 74.1 33.3
-69.8 79.8 74.1 33.5
-69.6 79.8 74.1 33.7
-69.4 79.8 74.2 33.9
-69.2 79.8 74.2 34.0
-69.0 79.8 74.3 34.2
-68.8 79.8 74.5 34.3
-68.6 79.8 74.6 34.5
-68.4 79.8 74.8 34.6
-68.2 79.8 75.0 34.7
-68.0 79.8 75.3 34.9
-67.8 79.8 75.6 35.0
-67.6 79.8 75.8 35.1
-67.4 79.8 76.1 35.2
-67.2 79.8 76.4 35.3
-67.0 79.8 76.8 35.5
-66.8 79.8 77.1 35.6
-66.6 79.8 77.4 35.7
-66.4 79.8 77.7 35.8
-66.2 79.8 78.1 35.9
-66.0 79.8 78.4 36.0
-65.8 79.8 78.7 36.1
-65.6 79.8 79.0 36.2
-65.4 79.8 79.3 36.3
-65.2 79.8 79.6 36.4
-65.0 79.8 79.9 36.5
-64.8 79.8 80.1 36.6
-64.6 79.8 80.3 36.6
-64.4 79.8 80.6 36.7
-64.2 79.8 80.7 36.7
-64.0 79.8 80.9 36.7
-63.8 79.8 81.0 36.8
-63.6 79.8 81.2 36.8
-63.4 79.8 81.2 36.8
-63.2 79.8 81.3 36.8
-63.0 79.8 81.3 36.8
-62.8 79.8 81.3 36.8
-62.6 79.8 81.3 36.8
-62.4 79.8 81.3 36.7
-62.2 79.8 81.3 36.7
-62.0 79.8 81.2 36.7
-61.8 79.8 81.2 36.7
-61.6 79.8 81.2 36.7
-61.4 79.8 81.2 36.7
-61.2 79.8 81.2 36.6
-61.0 79.8 81.2 36.6
-60.8 79.8 81.2 36.7
-60.6 79.8 81.3 36.7
-60.4 79.8 81.3 36.7
-60.2 79.8 81.4 36.7
-60.0 79.8 81.5 36.7
-59.8 79.8 81.6 36.8
-59.6 79.8 81.8 36.8
-59.4 79.8 81.9 36.8
-59.2 79.8 82.0 36.9
-59.0 79.8 82.2 36.9
-58.8 79.8 82.3 36.9
-58.6 79.8 82.5 37.0
-58.4 79.8 82.6 37.0
-58.2 79.8 82.7 37.0
-58.0 79.8 82.8 37.0
-57.8 79.8 82.9 37.0
-57.6 79.8 83.0 37.0
-57.4 79.8 83.1 37.0
-57.2 79.8 83.2 37.0
-57.0 79.8 83.3 37.0
-56.8 79.8 83.4 37.0
-56.6 79.8 83.4 37.0
-56.4 79.8 83.5 37.0
-56.2 79.8 83.5 37.0
-56.0 79.8 83.6 37.0
-55.8 79.8 83.7 37.0
-55.6 79.8 83.7 37.0
-55.4 79.8 83.8 37.0
-55.2 79.8 83.8 37.0
-55.0 79.8 83.9 37.0
-54.8 79.8 83.9 37.0
-54.6 79.8 84.0 37.1
-54.4 79.8 84.0 37.1
-54.2 79.8 84.0 37.2
-54.0 79.8 84.1 37.2
-53.8 79.8 84.1 37.2
-53.6 79.8 84.1 37.3
-53.4 79.8 84.1 37.3
-53.2 79.8 84.1 37.3
-53.0 79.8 84.0 37.4
-52.8 79.8 84.0 37.4
-52.6 79.8 84.0 37.4
-52.4 79.8 84.0 37.4
-52.2 79.8 83.9 37.4
-52.0 79.8 83.9 37.4
-51.8 79.8 83.9 37.4
-51.6 79.8 83.9 37.4
-51.4 79.8 83.9 37.3
-51.2 79.8 83.9 37.3
-51.0 79.8 83.9 37.3
-50.8 79.8 83.9 37.2
-50.6 79.8 83.9 37.2
-50.4 79.8 84.0 37.1
-50.2 79.8 84.0 37.1
-50.0 79.8 84.1 37.0
-49.8 79.8 84.1 37.0
-49.6 79.8 84.2 36.9
-49.4 79.8 84.2 36.9
-49.2 79.8 84.3 36.8
-49.0 79.8 84.3 36.7
-48.8 79.8 84.4 36.7
-48.6 79.8 84.4 36.6
-48.4 79.8 84.4 36.5
-48.2 79.8 84.4 36.5
-48.0 79.8 84.4 36.4
-47.8 79.8 84.3 36.3
-47.6 79.8 84.3 36.3
-47.4 79.8 84.2 36.2
-47.2 79.8 84.2 36.2
-47.0 79.8 84.1 36.1
-46.8 79.8 84.0 36.1
-46.6 79.8 83.9 36.0
-46.4 79.8 83.8 36.0
-46.2 79.8 83.6 35.9
-46.0 79.8 83.5 35.9
-45.8 79.8 83.4 35.8
-45.6 79.8 83.3 35.8
-45.4 79.8 83.1 35.8
-45.2 79.8 83.0 35.7
-45.0 79.8 82.8 35.7
-44.8 79.8 82.7 35.7
-44.6 79.8 82.5 35.7
-44.4 79.8 82.4 35.7
-44.2 79.8 82.2 35.7
-44.0 79.8 82.0 35.7
-43.8 79.8 81.8 35.7
-43.6 79.8 81.7 35.6
-43.4 79.8 81.5 35.6
-43.2 79.8 81.3 35.6
-43.0 79.8 81.0 35.6
-42.8 79.8 80.8 35.6
-42.6 79.8 80.6 35.5
-42.4 79.8 80.3 35.5
-42.2 79.8 80.1 35.4
-42.0 79.8 79.8 35.3
-41.8 79.8 79.5 35.2
-41.6 79.8 79.3 35.1
-41.4 79.8 79.0 35.0
-41.2 79.8 78.7 34.9
-41.0 79.8 78.4 34.8
-40.8 79.8 78.2 34.7
-40.6 79.8 77.8 34.5
-40.4 79.8 77.5 34.4
-40.2 79.8 77.2 34.2
-40.0 79.8 76.8 34.1
-39.8 79.8 76.4 33.9
-39.6 79.8 76.0 33.8
-39.4 79.8 75.5 33.6
-39.2 79.8 75.0 33.5
-39.0 79.8 74.5 33.4
-38.8 79.8 73.9 33.3
-38.6 79.8 73.3 33.1
-38.4 79.8 72.6 33.0
-38.2 79.8 71.9 32.9
-38.0 79.8 71.2 32.8
-37.8 79.8 70.5 32.7
-37.6 79.8 69.8 32.5
-37.4 79.8 69.0 32.4
-37.2 79.8 68.3 32.3
-37.0 79.8 67.5 32.1
-36.8 79.8 66.8 32.0
-36.6 79.8 66.1 31.8
-36.4 79.8 65.4 31.7
-36.2 79.8 64.7 31.5
-36.0 79.8 64.0 31.3
-35.8 79.8 63.3 31.1
-35.6 79.8 62.7 30.8
-35.4 79.8 62.0 30.6
-35.2 79.8 61.4 30.3
-35.0 79.8 60.7 30.0
-34.8 79.8 60.0 29.7
-34.6 79.8 59.4 29.4
-34.4 79.8 58.7 29.1
-34.2 79.8 57.9 28.8
-34.0 79.8 57.2 28.5
-33.8 79.8 56.4 28.1
-33.6 79.8 55.6 27.8
-33.4 79.8 54.8 27.4
-33.2 79.8 54.0 27.1
-33.0 79.8 53.2 26.7
-32.8 79.8 52.3 26.4
-32.6 79.8 51.5 26.0
-32.4 79.8 50.6 25.7
-32.2 79.8 49.8 25.3
-32.0 79.8 48.9 25.0
-31.8 79.8 48.1 24.6
-31.6 79.8 47.3 24.3
-31.4 79.8 46.5 24.0
-31.2 79.8 45.8 23.6
-31.0 79.8 45.0 23.3
-30.8 79.8 44.3 23.0
-30.6 79.8 43.6 22.7
-30.4 79.8 42.9 22.3
-30.2 79.8 42.2 22.0
-30.0 79.8 41.5 21.7
-29.8 79.8 40.9 21.4
-29.6 79.8 40.3 21.1
-29.4 79.8 39.7 20.8
-29.2 79.8 39.1 20.5
-29.0 79.8 38.5 20.2
-28.8 79.8 38.0 19.9
-28.6 79.8 37.4 19.6
-28.4 79.8 36.9 19.3
-28.2 79.8 36.4 19.0
-28.0 79.8 35.8 18.7
-27.8 79.8 35.3 18.5
-27.6 79.8 34.8 18.2
-27.4 79.8 34.3 17.9
-27.2 79.8 33.8 17.7
-27.0 79.8 33.3 17.4
-26.8 79.8 32.8 17.2
-26.6 79.8 32.3 17.0
-26.4 79.8 31.8 16.7
-26.2 79.8 31.3 16.5
-26.0 79.8 30.8 16.3
-25.8 79.8 30.3 16.0
-25.6 79.8 29.8 15.8
-25.4 79.8 29.3 15.6
-25.2 79.8 28.8 15.3
-25.0 79.8 28.4 15.1
-24.8 79.8 27.9 14.9
-24.6 79.8 27.5 14.6
-24.4 79.8 27.1 14.4
-24.2 79.8 26.7 14.1
-24.0 79.8 26.3 13.9
-23.8 79.8 25.9 13.6
-23.6 79.8 25.6 13.4
-23.4 79.8 25.3 13.1
-23.2 79.8 25.0 12.9
-23.0 79.8 24.7 12.6
-22.8 79.8 24.4 12.4
-22.6 79.8 24.1 12.2
-22.4 79.8 23.8 11.9
-22.2 79.8 23.5 11.7
-22.0 79.8 23.2 11.5
-21.8 79.8 22.9 11.3
-21.6 79.8 22.6 11.0
-21.4 79.8 22.3 10.8
-21.2 79.8 22.0 10.7
-21.0 79.8 21.6 10.5
-20.8 79.8 21.3 10.3
-20.6 79.8 20.9 10.1
-20.4 79.8 20.6 9.9
-20.2 79.8 20.3 9.8
-20.0 79.8 19.9 9.6
-19.8 79.8 19.6 9.5
-19.6 79.8 19.3 9.3
-19.4 79.8 19.0 9.1
-19.2 79.8 18.7 9.0
-19.0 79.8 18.4 8.8
-18.8 79.8 18.2 8.7
-18.6 79.8 18.0 8.5
-18.4 79.8 17.7 8.4
-18.2 79.8 17.5 8.2
-18.0 79.8 17.3 8.1
-17.8 79.8 17.1 7.9
-17.6 79.8 17.0 7.8
-17.4 79.8 16.8 7.6
-17.2 79.8 16.6 7.5
-17.0 79.8 16.4 7.4
-16.8 79.8 16.2 7.3
-16.6 79.8 16.0 7.2
-16.4 79.8 15.9 7.1
-16.2 79.8 15.7 7.0
-16.0 79.8 15.5 6.9
-15.8 79.8 15.3 6.8
-15.6 79.8 15.1 6.8
-15.4 79.8 14.9 6.7
-15.2 79.8 14.7 6.7
-15.0 79.8 14.5 6.6
-14.8 79.8 14.3 6.6
-14.6 79.8 14.1 6.5
-14.4 79.8 14.0 6.5
-14.2 79.8 13.8 6.5
-14.0 79.8 13.6 6.5
-13.8 79.8 13.4 6.4
-13.6 79.8 13.2 6.4
-13.4 79.8 13.1 6.4
-13.2 79.8 12.9 6.4
-13.0 79.8 12.7 6.3
-12.8 79.8 12.5 6.3
-12.6 79.8 12.4 6.3
-12.4 79.8 12.2 6.3
-12.2 79.8 12.0 6.2
-12.0 79.8 11.8 6.2
-11.8 79.8 11.7 6.2
-11.6 79.8 11.5 6.2
-11.4 79.8 11.3 6.2
-11.2 79.8 11.1 6.2
-11.0 79.8 10.9 6.1
-10.8 79.8 10.8 6.1
-10.6 79.8 10.6 6.1
-10.4 79.8 10.4 6.1
-10.2 79.8 10.2 6.1
-10.0 79.8 10.1 6.1
-9.8 79.8 9.9 6.0
-9.6 79.8 9.8 6.0
-9.4 79.8 9.7 6.0
-9.2 79.8 9.6 6.0
-9.0 79.8 9.5 6.0
-8.8 79.8 9.4 5.9
-8.6 79.8 9.3 5.9
-8.4 79.8 9.3 5.9
-8.2 79.8 9.2 5.8
-8.0 79.8 9.2 5.8
-7.8 79.8 9.2 5.8
-7.6 79.8 9.2 5.7
-7.4 79.8 9.2 5.7
-7.2 79.8 9.2 5.6
-7.0 79.8 9.3 5.6
-6.8 79.8 9.3 5.5
-6.6 79.8 9.4 5.5
-6.4 79.8 9.4 5.4
-6.2 79.8 9.4 5.4
-6.0 79.8 9.5 5.3
-5.8 79.8 9.5 5.2
-5.6 79.8 9.6 5.2
-5.4 79.8 9.6 5.1
-5.2 79.8 9.6 5.1
-5.0 79.8 9.6 5.0
-4.8 79.8 9.6 4.9
-4.6 79.8 9.6 4.8
-4.4 79.8 9.6 4.8
-4.2 79.8 9.5 4.7
-4.0 79.8 9.5 4.6
-3.8 79.8 9.4 4.5
-3.6 79.8 9.3 4.5
-3.4 79.8 9.2 4.4
-3.2 79.8 9.0 4.3
-3.0 79.8 8.9 4.2
-2.8 79.8 8.8 4.1
-2.6 79.8 8.6 4.0
-2.4 79.8 8.5 4.0
-2.2 79.8 8.3 3.9
-2.0 79.8 8.2 3.8
-1.8 79.8 8.0 3.7
-1.6 79.8 7.9 3.7
-1.4 79.8 7.8 3.6
-1.2 79.8 7.7 3.6
-1.0 79.8 7.6 3.5
-0.8 79.8 7.5 3.5
-0.6 79.8 7.4 3.5
-0.4 79.8 7.3 3.5
-0.2 79.8 7.3 3.5
0.0 79.8 7.3 3.5
0.0 79.6 6.9 3.0
0.2 79.6 6.9 3.1
0.4 79.6 6.9 3.1
0.6 79.6 6.9 3.1
0.8 79.6 6.9 3.2
1.0 79.6 7.0 3.2
1.2 79.6 7.0 3.2
1.4 79.6 7.0 3.3
1.6 79.6 7.0 3.3
1.8 79.6 7.0 3.3
2.0 79.6 7.0 3.4
2.2 79.6 7.0 3.4
2.4 79.6 7.0 3.4
2.6 79.6 7.0 3.4
2.8 79.6 7.0 3.4
3.0 79.6 7.0 3.4
3.2 79.6 7.0 3.4
3.4 79.6 7.0 3.4
3.6 79.6 7.0 3.4
3.8 79.6 7.0 3.4
4.0 79.6 7.0 3.4
4.2 79.6 7.0 3.4
4.4 79.6 7.0 3.4
4.6 79.6 7.0 3.4
4.8 79.6 7.0 3.4
5.0 79.6 7.0 3.4
5.2 79.6 7.0 3.4
5.4 79.6 7.1 3.4
5.6 79.6 7.1 3.4
5.8 79.6 7.1 3.4
6.0 79.6 7.1 3.4
6.2 79.6 7.1 3.4
6.4 79.6 7.0 3.3
6.6 79.6 7.0 3.3
6.8 79.6 7.0 3.3
7.0 79.6 7.0 3.3
7.2 79.6 6.9 3.3
7.4 79.6 6.9 3.3
7.6 79.6 6.9 3.3
7.8 79.6 6.9 3.2
8.0 79.6 6.8 3.2
8.2 79.6 6.8 3.2
8.4 79.6 6.8 3.1
8.6 79.6 6.8 3.1
8.8 79.6 6.8 3.1
9.0 79.6 6.9 3.0
9.2 79.6 6.9 3.0
9.4 79.6 7.0 3.0
9.6 79.6 7.0 3.0
9.8 79.6 7.1 3.0
10.0 79.6 7.2 3.0
10.2 79.6 7.3 3.1
10.4 79.6 7.4 3.1
10.6 79.6 7.5 3.1
10.8 79.6 7.6 3.2
11.0 79.6 7.7 3.2
11.2 79.6 7.8 3.3
11.4 79.6 7.9 3.4
11.6 79.6 8.0 3.4
11.8 79.6 8.1 3.5
12.0 79.6 8.2 3.6
12.2 79.6 8.2 3.6
12.4 79.6 8.3 3.7
12.6 79.6 8.4 3.7
12.8 79.6 8.4 3.8
13.0 79.6 8.5 3.8
13.2 79.6 8.5 3.9
13.4 79.6 8.6 3.9
13.6 79.6 8.7 4.0
13.8 79.6 8.8 4.0
14.0 79.6 8.8 4.1
14.2 79.6 8.9 4.1
14.4 79.6 9.0 4.2
14.6 79.6 9.1 4.2
14.8 79.6 9.2 4.3
15.0 79.6 9.3 4.3
15.2 79.6 9.4 4.4
15.4 79.6 9.5 4.4
15.6 79.6 9.6 4.5
15.8 79.6 9.6 4.5
16.0 79.6 9.7 4.6
16.2 79.6 9.8 4.7
16.4 79.6 9.9 4.7
16.6 79.6 10.0 4.8
-101.6 79.6 32.8 31.4
-101.4 79.6 32.4 31.4
-101.2 79.6 31.8 31.2
-101.0 79.6 31.2 30.9
-100.8 79.6 30.6 30.5
-100.6 79.6 29.8 30.0
-100.4 79.6 29.0 29.3
-100.2 79.6 28.1 28.5
-100.0 79.6 27.2 27.5
-99.8 79.6 26.2 26.4
-99.6 79.6 25.2 25.3
-99.4 79.6 24.2 24.0
-99.2 79.6 23.2 22.6
-99.0 79.6 22.1 21.2
-98.8 79.6 21.1 19.8
-98.6 79.6 20.1 18.3
-98.4 79.6 19.2 16.8
-98.2 79.6 18.3 15.3
-98.0 79.6 17.4 13.9
-97.8 79.6 16.5 12.5
-97.6 79.6 15.7 11.2
-97.4 79.6 15.0 10.0
-97.2 79.6 14.3 8.9
-97.0 79.6 13.6 7.9
-96.8 79.6 13.1 7.1
-96.6 79.6 12.6 6.4
-96.4 79.6 12.2 5.9
-96.2 79.6 11.8 5.5
-96.0 79.6 11.6 5.3
-95.8 79.6 11.4 5.2
-95.6 79.6 11.3 5.3
-95.4 79.6 11.4 5.6
-95.2 79.6 11.5 5.9
-95.0 79.6 11.8 6.5
-94.8 79.6 12.3 7.2
-94.6 79.6 12.8 8.0
-94.4 79.6 13.6 8.9
-94.2 79.6 14.5 9.9
-94.0 79.6 15.6 11.0
-93.8 79.6 16.9 12.2
-93.6 79.6 18.4 13.4
-93.4 79.6 20.1 14.7
-93.2 79.6 21.9 16.0
-93.0 79.6 23.9 17.2
-92.8 79.6 26.0 18.4
-92.6 79.6 28.2 19.6
-92.4 79.6 30.6 20.7
-92.2 79.6 33.0 21.7
-92.0 79.6 35.4 22.6
-91.8 79.6 37.8 23.4
-91.6 79.6 40.2 24.0
-91.4 79.6 42.6 24.6
-91.2 79.6 44.8 25.1
-91.0 79.6 46.9 25.5
-90.8 79.6 49.0 25.8
-90.6 79.6 50.8 26.0
-90.4 79.6 52.5 26.1
-90.2 79.6 54.0 26.2
-90.0 79.6 55.4 26.3
-89.8 79.6 56.5 26.3
-89.6 79.6 57.5 26.4
-89.4 79.6 58.4 26.4
-89.2 79.6 59.1 26.4
-89.0 79.6 59.6 26.3
-88.8 79.6 60.0 26.3
-88.6 79.6 60.3 26.3
-88.4 79.6 60.6 26.3
-88.2 79.6 60.7 26.2
-88.0 79.6 60.8 26.2
-87.8 79.6 60.8 26.2
-87.6 79.6 60.8 26.2
-87.4 79.6 60.8 26.2
-87.2 79.6 60.8 26.2
-87.0 79.6 60.9 26.2
-86.8 79.6 60.9 26.2
-86.6 79.6 61.0 26.2
-86.4 79.6 61.2 26.3
-86.2 79.6 61.4 26.3
-86.0 79.6 61.6 26.3
-85.8 79.6 61.9 26.4
-85.6 79.6 62.2 26.4
-85.4 79.6 62.6 26.5
-85.2 79.6 62.9 26.5
-85.0 79.6 63.2 26.6
-84.8 79.6 63.6 26.6
-84.6 79.6 63.9 26.7
-84.4 79.6 64.1 26.8
-84.2 79.6 64.3 26.8
-84.0 79.6 64.5 26.9
-83.8 79.6 64.6 27.0
-83.6 79.6 64.7 27.1
-83.4 79.6 64.7 27.1
-83.2 79.6 64.6 27.2
-83.0 79.6 64.5 27.4
-82.8 79.6 64.4 27.5
-82.6 79.6 64.3 27.6
-82.4 79.6 64.2 27.7
-82.2 79.6 64.0 27.9
-82.0 79.6 63.9 28.0
-81.8 79.6 63.8 28.1
-81.6 79.6 63.7 28.3
-81.4 79.6 63.7 28.4
-81.2 79.6 63.7 28.6
-81.0 79.6 63.7 28.7
-80.8 79.6 63.7 28.8
-80.6 79.6 63.8 28.9
-80.4 79.6 63.9 29.0
-80.2 79.6 64.0 29.1
-80.0 79.6 64.2 29.2
-79.8 79.6 64.3 29.3
-79.6 79.6 64.5 29.4
-79.4 79.6 64.7 29.5
-79.2 79.6 64.8 29.6
-79.0 79.6 65.0 29.7
-78.8 79.6 65.2 29.8
-78.6 79.6 65.4 29.9
-78.4 79.6 65.6 30.0
-78.2 79.6 65.8 30.1
-78.0 79.6 66.0 30.2
-77.8 79.6 66.2 30.3
-77.6 79.6 66.5 30.4
-77.4 79.6 66.7 30.5
-77.2 79.6 67.0 30.6
-77.0 79.6 67.2 30.7
-76.8 79.6 67.5 30.8
-76.6 79.6 67.8 30.9
-76.4 79.6 68.2 31.0
-76.2 79.6 68.5 31.1
-76.0 79.6 68.9 31.1
-75.8 79.6 69.3 31.2
-75.6 79.6 69.7 31.2
-75.4 79.6 70.1 31.2
-75.2 79.6 70.5 31.2
-75.0 79.6 71.0 31.2
-74.8 79.6 71.5 31.1
-74.6 79.6 71.9 31.1
-74.4 79.6 72.4 31.0
-74.2 79.6 72.8 31.0
-74.0 79.6 73.2 30.9
-73.8 79.6 73.6 30.8
-73.6 79.6 73.9 30.8
-73.4 79.6 74.2 30.7
-73.2 79.6 74.4 30.7
-73.0 79.6 74.6 30.7
-72.8 79.6 74.8 30.7
-72.6 79.6 74.9 30.8
-72.4 79.6 74.9 30.9
-72.2 79.6 74.9 31.0
-72.0 79.6 74.8 31.1
-71.8 79.6 74.7 31.3
-71.6 79.6 74.6 31.5
-71.4 79.6 74.4 31.7
-71.2 79.6 74.3 31.9
-71.0 79.6 74.1 32.1
-70.8 79.6 73.9 32.3
-70.6 79.6 73.8 32.5
-70.4 79.6 73.6 32.7
-70.2 79.6 73.5 32.9
-70.0 79.6 73.4 33.1
-69.8 79.6 73.3 33.3
-69.6 79.6 73.2 33.4
-69.4 79.6 73.2 33.6
-69.2 79.6 73.2 33.8
-69.0 79.6 73.2 33.9
-68.8 79.6 73.3 34.0
-68.6 79.6 73.3 34.1
-68.4 79.6 73.5 34.3
-68.2 79.6 73.6 34.4
-68.0 79.6 73.8 34.5
-67.8 79.6 74.0 34.6
-67.6 79.6 74.2 34.7
-67.4 79.6 74.4 34.8
-67.2 79.6 74.7 34.9
-67.0 79.6 75.0 35.0
-66.8 79.6 75.3 35.0
-66.6 79.6 75.6 35.1
-66.4 79.6 75.9 35.2
-66.2 79.6 76.2 35.3
-66.0 79.6 76.6 35.4
-65.8 79.6 77.0 35.5
-65.6 79.6 77.3 35.6
-65.4 79.6 77.7 35.7
-65.2 79.6 78.1 35.8
-65.0 79.6 78.4 35.9
-64.8 79.6 78.8 36.0
-64.6 79.6 79.1 36.1
-64.4 79.6 79.4 36.2
-64.2 79.6 79.7 36.3
-64.0 79.6 80.0 36.3
-63.8 79.6 80.2 36.4
-63.6 79.6 80.4 36.4
-63.4 79.6 80.5 36.5
-63.2 79.6 80.6 36.5
-63.0 79.6 80.7 36.5
-62.8 79.6 80.8 36.5
-62.6 79.6 80.8 36.5
-62.4 79.6 80.8 36.5
-62.2 79.6 80.8 36.5
-62.0 79.6 80.7 36.5
-61.8 79.6 80.7 36.5
-61.6 79.6 80.7 36.4
-61.4 79.6 80.7 36.4
-61.2 79.6 80.6 36.4
-61.0 79.6 80.6 36.4
-60.8 79.6 80.7 36.4
-60.6 79.6 80.7 36.4
-60.4 79.6 80.8 36.4
-60.2 79.6 80.9 36.5
-60.0 79.6 81.0 36.5
-59.8 79.6 81.1 36.5
-59.6 79.6 81.2 36.5
-59.4 79.6 81.4 36.5
-59.2 79.6 81.5 36.5
-59.0 79.6 81.7 36.5
-58.8 79.6 81.8 36.5
-58.6 79.6 81.9 36.5
-58.4 79.6 82.0 36.5
-58.2 79.6 82.1 36.5
-58.0 79.6 82.2 36.5
-57.8 79.6 82.3 36.5
-57.6 79.6 82.3 36.4
-57.4 79.6 82.4 36.4
-57.2 79.6 82.4 36.4
-57.0 79.6 82.4 36.4
-56.8 79.6 82.4 36.3
-56.6 79.6 82.5 36.3
-56.4 79.6 82.5 36.3
-56.2 79.6 82.5 36.3
-56.0 79.6 82.5 36.3
-55.8 79.6 82.6 36.3
-55.6 79.6 82.6 36.4
-55.4 79.6 82.7 36.4
-55.2 79.6 82.7 36.4
-55.0 79.6 82.8 36.5
-54.8 79.6 82.8 36.5
-54.6 79.6 82.8 36.6
-54.4 79.6 82.9 36.7
-54.2 79.6 82.9 36.7
-54.0 79.6 82.9 36.8
-53.8 79.6 83.0 36.8
-53.6 79.6 83.0 36.9
-53.4 79.6 83.0 36.9
-53.2 79.6 83.0 36.9
-53.0 79.6 83.0 36.9
-52.8 79.6 83.0 36.9
-52.6 79.6 82.9 36.9
-52.4 79.6 82.9 36.9
-52.2 79.6 82.9 36.9
-52.0 79.6 82.9 36.9
-51.8 79.6 82.9 36.9
-51.6 79.6 82.9 36.9
-51.4 79.6 82.9 36.9
-51.2 79.6 82.9 36.9
-51.0 79.6 82.9 36.9
-50.8 79.6 82.9 36.8
-50.6 79.6 82.9 36.8
-50.4 79.6 83.0 36.8
-50.2 79.6 83.0 36.8
-50.0 79.6 83.1 36.7
-49.8 79.6 83.1 36.7
-49.6 79.6 83.2 36.7
-49.4 79.6 83.3 36.7
-49.2 79.6 83.3 36.6
-49.0 79.6 83.4 36.6
-48.8 79.6 83.5 36.6
-48.6 79.6 83.5 36.5
-48.4 79.6 83.6 36.5
-48.2 79.6 83.6 36.5
-48.0 79.6 83.6 36.4
-47.8 79.6 83.7 36.4
-47.6 79.6 83.7 36.3
-47.4 79.6 83.6 36.3
-47.2 79.6 83.6 36.2
-47.0 79.6 83.6 36.2
-46.8 79.6 83.5 36.1
-46.6 79.6 83.4 36.1
-46.4 79.6 83.4 36.0
-46.2 79.6 83.3 35.9
-46.0 79.6 83.2 35.9
-45.8 79.6 83.1 35.8
-45.6 79.6 83.0 35.7
-45.4 79.6 82.9 35.7
-45.2 79.6 82.8 35.6
-45.0 79.6 82.7 35.6
-44.8 79.6 82.6 35.5
-44.6 79.6 82.5 35.5
-44.4 79.6 82.4 35.4
-44.2 79.6 82.2 35.4
-44.0 79.6 82.1 35.4
-43.8 79.6 82.0 35.3
-43.6 79.6 81.8 35.3
-43.4 79.6 81.6 35.3
-43.2 79.6 81.4 35.3
-43.0 79.6 81.2 35.2
-42.8 79.6 81.0 35.2
-42.6 79.6 80.8 35.2
-42.4 79.6 80.6 35.2
-42.2 79.6 80.3 35.1
-42.0 79.6 80.1 35.1
-41.8 79.6 79.9 35.0
-41.6 79.6 79.6 34.9
-41.4 79.6 79.4 34.8
-41.2 79.6 79.2 34.8
-41.0 79.6 79.0 34.7
-40.8 79.6 78.8 34.6
-40.6 79.6 78.6 34.4
-40.4 79.6 78.4 34.3
-40.2 79.6 78.2 34.2
-40.0 79.6 78.0 34.1
-39.8 79.6 77.8 33.9
-39.6 79.6 77.5 33.8
-39.4 79.6 77.2 33.7
-39.2 79.6 76.9 33.5
-39.0 79.6 76.6 33.4
-38.8 79.6 76.2 33.3
-38.6 79.6 75.8 33.1
-38.4 79.6 75.3 33.0
-38.2 79.6 74.8 32.9
-38.0 79.6 74.3 32.8
-37.8 79.6 73.7 32.6
-37.6 79.6 73.1 32.5
-37.4 79.6 72.5 32.4
-37.2 79.6 71.9 32.3
-37.0 79.6 71.3 32.2
-36.8 79.6 70.7 32.1
-36.6 79.6 70.1 31.9
-36.4 79.6 69.6 31.8
-36.2 79.6 69.0 31.7
-36.0 79.6 68.5 31.5
-35.8 79.6 67.9 31.4
-35.6 79.6 67.4 31.2
-35.4 79.6 66.9 31.0
-35.2 79.6 66.3 30.8
-35.0 79.6 65.8 30.6
-34.8 79.6 65.2 30.4
-34.6 79.6 64.7 30.1
-34.4 79.6 64.1 29.9
-34.2 79.6 63.4 29.6
-34.0 79.6 62.7 29.3
-33.8 79.6 62.0 29.0
-33.6 79.6 61.3 28.7
-33.4 79.6 60.5 28.4
-33.2 79.6 59.7 28.1
-33.0 79.6 58.8 27.8
-32.8 79.6 58.0 27.5
-32.6 79.6 57.1 27.2
-32.4 79.6 56.3 26.9
-32.2 79.6 55.4 26.6
-32.0 79.6 54.5 26.3
-31.8 79.6 53.7 26.0
-31.6 79.6 52.8 25.7
-31.4 79.6 52.0 25.4
-31.2 79.6 51.2 25.1
-31.0 79.6 50.4 24.8
-30.8 79.6 49.6 24.5
-30.6 79.6 48.8 24.2
-30.4 79.6 48.0 23.9
-30.2 79.6 47.2 23.6
-30.0 79.6 46.5 23.3
-29.8 79.6 45.7 22.9
-29.6 79.6 45.0 22.6
-29.4 79.6 44.3 22.3
-29.2 79.6 43.6 22.0
-29.0 79.6 42.9 21.7
-28.8 79.6 42.2 21.4
-28.6 79.6 41.6 21.1
-28.4 79.6 40.9 20.8
-28.2 79.6 40.3 20.5
-28.0 79.6 39.7 20.2
-27.8 79.6 39.1 19.9
-27.6 79.6 38.5 19.6
-27.4 79.6 37.9 19.4
-27.2 79.6 37.3 19.1
-27.0 79.6 36.7 18.8
-26.8 79.6 36.2 18.6
-26.6 79.6 35.6 18.3
-26.4 79.6 35.1 18.0
-26.2 79.6 34.5 17.8
-26.0 79.6 34.0 17.5
-25.8 79.6 33.5 17.3
-25.6 79.6 33.0 17.0
-25.4 79.6 32.5 16.8
-25.2 79.6 32.0 16.5
-25.0 79.6 31.5 16.3
-24.8 79.6 31.1 16.0
-24.6 79.6 30.6 15.8
-24.4 79.6 30.2 15.5
-24.2 79.6 29.8 15.3
-24.0 79.6 29.4 15.0
-23.8 79.6 29.0 14.7
-23.6 79.6 28.6 14.5
-23.4 79.6 28.3 14.2
-23.2 79.6 27.9 14.0
-23.0 79.6 27.6 13.7
-22.8 79.6 27.2 13.4
-22.6 79.6 26.9 13.2
-22.4 79.6 26.6 12.9
-22.2 79.6 26.3 12.7
-22.0 79.6 25.9 12.4
-21.8 79.6 25.6 12.2
-21.6 79.6 25.3 12.0
-21.4 79.6 24.9 11.7
-21.2 79.6 24.6 11.5
-21.0 79.6 24.2 11.3
-20.8 79.6 23.8 11.1
-20.6 79.6 23.5 10.9
-20.4 79.6 23.1 10.7
-20.2 79.6 22.7 10.5
-20.0 79.6 22.4 10.3
-19.8 79.6 22.0 10.1
-19.6 79.6 21.7 9.9
-19.4 79.6 21.3 9.7
-19.2 79.6 21.0 9.6
-19.0 79.6 20.7 9.4
-18.8 79.6 20.4 9.2
-18.6 79.6 20.1 9.0
-18.4 79.6 19.8 8.9
-18.2 79.6 19.6 8.7
-18.0 79.6 19.3 8.5
-17.8 79.6 19.1 8.4
-17.6 79.6 18.8 8.2
-17.4 79.6 18.6 8.1
-17.2 79.6 18.4 7.9
-17.0 79.6 18.2 7.8
-16.8 79.6 17.9 7.7
-16.6 79.6 17.7 7.6
-16.4 79.6 17.5 7.5
-16.2 79.6 17.3 7.4
-16.0 79.6 17.0 7.3
-15.8 79.6 16.8 7.2
-15.6 79.6 16.6 7.1
-15.4 79.6 16.4 7.0
-15.2 79.6 16.1 7.0
-15.0 79.6 15.9 6.9
-14.8 79.6 15.7 6.8
-14.6 79.6 15.5 6.8
-14.4 79.6 15.3 6.7
-14.2 79.6 15.1 6.7
-14.0 79.6 14.8 6.6
-13.8 79.6 14.6 6.6
-13.6 79.6 14.4 6.6
-13.4 79.6 14.2 6.5
-13.2 79.6 14.0 6.5
-13.0 79.6 13.8 6.5
-12.8 79.6 13.5 6.4
-12.6 79.6 13.3 6.4
-12.4 79.6 13.1 6.4
-12.2 79.6 12.9 6.3
-12.0 79.6 12.6 6.3
-11.8 79.6 12.4 6.3
-11.6 79.6 12.2 6.3
-11.4 79.6 12.0 6.2
-11.2 79.6 11.8 6.2
-11.0 79.6 11.6 6.2
-10.8 79.6 11.3 6.1
-10.6 79.6 11.1 6.1
-10.4 79.6 11.0 6.1
-10.2 79.6 10.8 6.1
-10.0 79.6 10.6 6.0
-9.8 79.6 10.4 6.0
-9.6 79.6 10.3 6.0
-9.4 79.6 10.1 6.0
-9.2 79.6 10.0 5.9
-9.0 79.6 9.9 5.9
-8.8 79.6 9.8 5.9
-8.6 79.6 9.7 5.8
-8.4 79.6 9.6 5.8
-8.2 79.6 9.6 5.8
-8.0 79.6 9.5 5.7
-7.8 79.6 9.5 5.7
-7.6 79.6 9.4 5.7
-7.4 79.6 9.4 5.6
-7.2 79.6 9.4 5.6
-7.0 79.6 9.4 5.5
-6.8 79.6 9.4 5.5
-6.6 79.6 9.4 5.4
-6.4 79.6 9.5 5.4
-6.2 79.6 9.5 5.3
-6.0 79.6 9.5 5.2
-5.8 79.6 9.5 5.2
-5.6 79.6 9.5 5.1
-5.4 79.6 9.5 5.0
-5.2 79.6 9.5 4.9
-5.0 79.6 9.5 4.8
-4.8 79.6 9.4 4.8
-4.6 79.6 9.4 4.7
-4.4 79.6 9.3 4.6
-4.2 79.6 9.3 4.5
-4.0 79.6 9.2 4.4
-3.8 79.6 9.1 4.3
-3.6 79.6 9.0 4.2
-3.4 79.6 8.9 4.1
-3.2 79.6 8.7 4.0
-3.0 79.6 8.6 3.9
-2.8 79.6 8.4 3.7
-2.6 79.6 8.2 3.6
-2.4 79.6 8.1 3.5
-2.2 79.6 7.9 3.4
-2.0 79.6 7.8 3.4
-1.8 79.6 7.6 3.3
-1.6 79.6 7.5 3.2
-1.4 79.6 7.3 3.1
-1.2 79.6 7.2 3.1
-1.0 79.6 7.1 3.1
-0.8 79.6 7.1 3.0
-0.6 79.6 7.0 3.0
-0.4 79.6 6.9 3.0
-0.2 79.6 6.9 3.0
0.0 79.6 6.9 3.0
0.0 79.4 6.3 2.4
0.2 79.4 6.3 2.5
0.4 79.4 6.3 2.5
0.6 79.4 6.3 2.5
0.8 79.4 6.3 2.6
1.0 79.4 6.4 2.6
1.2 79.4 6.4 2.7
1.4 79.4 6.4 2.7
1.6 79.4 6.4 2.7
1.8 79.4 6.4 2.8
2.0 79.4 6.4 2.8
2.2 79.4 6.4 2.8
2.4 79.4 6.4 2.8
2.6 79.4 6.4 2.8
2.8 79.4 6.4 2.8
3.0 79.4 6.4 2.8
3.2 79.4 6.3 2.8
3.4 79.4 6.3 2.8
3.6 79.4 6.3 2.8
3.8 79.4 6.3 2.8
4.0 79.4 6.2 2.8
4.2 79.4 6.2 2.8
4.4 79.4 6.2 2.8
4.6 79.4 6.2 2.8
4.8 79.4 6.2 2.8
5.0 79.4 6.2 2.8
5.2 79.4 6.1 2.8
5.4 79.4 6.1 2.8
5.6 79.4 6.1 2.8
5.8 79.4 6.1 2.9
6.0 79.4 6.1 2.9
6.2 79.4 6.1 2.9
6.4 79.4 6.1 2.9
6.6 79.4 6.1 2.9
6.8 79.4 6.1 2.9
7.0 79.4 6.1 2.9
7.2 79.4 6.1 2.9
7.4 79.4 6.1 2.9
7.6 79.4 6.1 2.9
7.8 79.4 6.1 2.9
8.0 79.4 6.1 2.8
8.2 79.4 6.1 2.8
8.4 79.4 6.2 2.8
8.6 79.4 6.2 2.8
8.8 79.4 6.3 2.7
9.0 79.4 6.3 2.7
9.2 79.4 6.4 2.7
9.4 79.4 6.5 2.7
9.6 79.4 6.6 2.7
9.8 79.4 6.7 2.8
10.0 79.4 6.8 2.8
10.2 79.4 6.9 2.8
10.4 79.4 7.1 2.9
10.6 79.4 7.2 2.9
10.8 79.4 7.3 3.0
11.0 79.4 7.5 3.1
11.2 79.4 7.6 3.2
11.4 79.4 7.7 3.2
11.6 79.4 7.8 3.3
11.8 79.4 7.9 3.4
12.0 79.4 8.0 3.5
12.2 79.4 8.0 3.5
12.4 79.4 8.1 3.6
12.6 79.4 8.2 3.7
12.8 79.4 8.3 3.7
13.0 79.4 8.3 3.8
13.2 79.4 8.4 3.9
13.4 79.4 8.5 3.9
13.6 79.4 8.5 4.0
13.8 79.4 8.6 4.0
14.0 79.4 8.7 4.1
14.2 79.4 8.8 4.1
14.4 79.4 8.9 4.2
14.6 79.4 9.0 4.2
14.8 79.4 9.1 4.3
15.0 79.4 9.2 4.3
-100.0 79.4 28.3 28.6
-99.8 79.4 27.3 27.5
-99.6 79.4 26.3 26.2
-99.4 79.4 25.2 24.8
-99.2 79.4 24.2 23.3
-99.0 79.4 23.1 21.7
-98.8 79.4 22.0 20.1
-98.6 79.4 21.0 18.5
-98.4 79.4 20.0 16.8
-98.2 79.4 19.0 15.2
-98.0 79.4 18.1 13.7
-97.8 79.4 17.2 12.2
-97.6 79.4 16.4 10.8
-97.4 79.4 15.6 9.5
-97.2 79.4 14.9 8.3
-97.0 79.4 14.2 7.3
-96.8 79.4 13.6 6.4
-96.6 79.4 13.1 5.7
-96.4 79.4 12.6 5.1
-96.2 79.4 12.3 4.7
-96.0 79.4 12.0 4.5
-95.8 79.4 11.9 4.4
-95.6 79.4 11.8 4.5
-95.4 79.4 11.9 4.8
-95.2 79.4 12.1 5.2
-95.0 79.4 12.4 5.7
-94.8 79.4 12.9 6.4
-94.6 79.4 13.6 7.2
-94.4 79.4 14.4 8.1
-94.2 79.4 15.4 9.2
-94.0 79.4 16.7 10.3
-93.8 79.4 18.1 11.5
-93.6 79.4 19.6 12.7
-93.4 79.4 21.4 13.9
-93.2 79.4 23.4 15.2
-93.0 79.4 25.5 16.4
-92.8 79.4 27.7 17.6
-92.6 79.4 30.0 18.8
-92.4 79.4 32.4 19.8
-92.2 79.4 34.8 20.8
-92.0 79.4 37.2 21.7
-91.8 79.4 39.6 22.5
-91.6 79.4 41.9 23.2
-91.4 79.4 44.2 23.8
-91.2 79.4 46.3 24.4
-91.0 79.4 48.3 24.8
-90.8 79.4 50.2 25.1
-90.6 79.4 51.9 25.4
-90.4 79.4 53.5 25.6
-90.2 79.4 54.9 25.8
-90.0 79.4 56.1 25.9
-89.8 79.4 57.2 26.0
-89.6 79.4 58.1 26.0
-89.4 79.4 58.8 26.1
-89.2 79.4 59.5 26.1
-89.0 79.4 60.0 26.1
-88.8 79.4 60.4 26.1
-88.6 79.4 60.7 26.2
-88.4 79.4 60.9 26.2
-88.2 79.4 61.1 26.2
-88.0 79.4 61.2 26.2
-87.8 79.4 61.3 26.2
-87.6 79.4 61.3 26.2
-87.4 79.4 61.4 26.3
-87.2 79.4 61.4 26.3
-87.0 79.4 61.5 26.3
-86.8 79.4 61.5 26.3
-86.6 79.4 61.7 26.4
-86.4 79.4 61.8 26.4
-86.2 79.4 62.0 26.4
-86.0 79.4 62.2 26.5
-85.8 79.4 62.5 26.5
-85.6 79.4 62.8 26.5
-85.4 79.4 63.1 26.5
-85.2 79.4 63.4 26.6
-85.0 79.4 63.7 26.6
-84.8 79.4 64.0 26.6
-84.6 79.4 64.3 26.7
-84.4 79.4 64.5 26.7
-84.2 79.4 64.6 26.8
-84.0 79.4 64.7 26.8
-83.8 79.4 64.8 26.9
-83.6 79.4 64.7 27.0
-83.4 79.4 64.7 27.1
-83.2 79.4 64.5 27.2
-83.0 79.4 64.4 27.3
-82.8 79.4 64.2 27.4
-82.6 79.4 63.9 27.6
-82.4 79.4 63.7 27.7
-82.2 79.4 63.5 27.8
-82.0 79.4 63.3 28.0
-81.8 79.4 63.2 28.1
-81.6 79.4 63.0 28.2
-81.4 79.4 62.9 28.3
-81.2 79.4 62.9 28.4
-81.0 79.4 62.9 28.5
-80.8 79.4 62.9 28.6
-80.6 79.4 62.9 28.7
-80.4 79.4 63.0 28.8
-80.2 79.4 63.1 28.9
-80.0 79.4 63.2 29.0
-79.8 79.4 63.3 29.0
-79.6 79.4 63.5 29.1
-79.4 79.4 63.6 29.2
-79.2 79.4 63.8 29.2
-79.0 79.4 63.9 29.3
-78.8 79.4 64.1 29.4
-78.6 79.4 64.3 29.5
-78.4 79.4 64.5 29.6
-78.2 79.4 64.8 29.7
-78.0 79.4 65.0 29.8
-77.8 79.4 65.2 29.9
-77.6 79.4 65.5 30.0
-77.4 79.4 65.7 30.1
-77.2 79.4 66.0 30.1
-77.0 79.4 66.3 30.2
-76.8 79.4 66.6 30.3
-76.6 79.4 66.9 30.4
-76.4 79.4 67.2 30.4
-76.2 79.4 67.6 30.5
-76.0 79.4 67.9 30.5
-75.8 79.4 68.3 30.6
-75.6 79.4 68.7 30.6
-75.4 79.4 69.1 30.6
-75.2 79.4 69.5 30.6
-75.0 79.4 69.9 30.6
-74.8 79.4 70.3 30.5
-74.6 79.4 70.8 30.5
-74.4 79.4 71.2 30.4
-74.2 79.4 71.7 30.4
-74.0 79.4 72.1 30.3
-73.8 79.4 72.5 30.2
-73.6 79.4 72.9 30.2
-73.4 79.4 73.3 30.1
-73.2 79.4 73.6 30.1
-73.0 79.4 73.8 30.1
-72.8 79.4 74.0 30.1
-72.6 79.4 74.2 30.2
-72.4 79.4 74.3 30.2
-72.2 79.4 74.3 30.3
-72.0 79.4 74.3 30.5
-71.8 79.4 74.3 30.6
-71.6 79.4 74.2 30.8
-71.4 79.4 74.1 31.0
-71.2 79.4 73.9 31.2
-71.0 79.4 73.8 31.5
-70.8 79.4 73.6 31.7
-70.6 79.4 73.4 31.9
-70.4 79.4 73.3 32.2
-70.2 79.4 73.1 32.4
-70.0 79.4 73.0 32.6
-69.8 79.4 72.8 32.8
-69.6 79.4 72.7 33.0
-69.4 79.4 72.6 33.2
-69.2 79.4 72.6 33.3
-69.0 79.4 72.5 33.5
-68.8 79.4 72.5 33.6
-68.6 79.4 72.5 33.7
-68.4 79.4 72.6 33.9
-68.2 79.4 72.6 34.0
-68.0 79.4 72.7 34.0
-67.8 79.4 72.8 34.1
-67.6 79.4 72.9 34.2
-67.4 79.4 73.1 34.3
-67.2 79.4 73.3 34.3
-67.0 79.4 73.5 34.4
-66.8 79.4 73.7 34.5
-66.6 79.4 73.9 34.5
-66.4 79.4 74.2 34.6
-66.2 79.4 74.5 34.7
-66.0 79.4 74.8 34.7
-65.8 79.4 75.1 34.8
-65.6 79.4 75.5 34.9
-65.4 79.4 75.8 35.0
-65.2 79.4 76.2 35.1
-65.0 79.4 76.6 35.2
-64.8 79.4 77.0 35.3
-64.6 79.4 77.4 35.4
-64.4 79.4 77.7 35.5
-64.2 79.4 78.1 35.5
-64.0 79.4 78.4 35.6
-63.8 79.4 78.7 35.7
-63.6 79.4 79.0 35.7
-63.4 79.4 79.2 35.7
-63.2 79.4 79.4 35.8
-63.0 79.4 79.5 35.8
-62.8 79.4 79.6 35.8
-62.6 79.4 79.7 35.8
-62.4 79.4 79.7 35.8
-62.2 79.4 79.7 35.8
-62.0 79.4 79.7 35.8
-61.8 79.4 79.7 35.8
-61.6 79.4 79.6 35.8
-61.4 79.4 79.6 35.8
-61.2 79.4 79.6 35.8
-61.0 79.4 79.6 35.8
-60.8 79.4 79.6 35.8
-60.6 79.4 79.6 35.8
-60.4 79.4 79.7 35.8
-60.2 79.4 79.8 35.8
-60.0 79.4 79.9 35.8
-59.8 79.4 80.0 35.8
-59.6 79.4 80.2 35.8
-59.4 79.4 80.3 35.8
-59.2 79.4 80.5 35.8
-59.0 79.4 80.6 35.7
-58.8 79.4 80.8 35.7
-58.6 79.4 80.9 35.7
-58.4 79.4 81.0 35.6
-58.2 79.4 81.1 35.6
-58.0 79.4 81.2 35.5
-57.8 79.4 81.3 35.5
-57.6 79.4 81.4 35.5
-57.4 79.4 81.4 35.4
-57.2 79.4 81.5 35.4
-57.0 79.4 81.5 35.4
-56.8 79.4 81.6 35.4
-56.6 79.4 81.6 35.4
-56.4 79.4 81.7 35.4
-56.2 79.4 81.7 35.5
-56.0 79.4 81.8 35.5
-55.8 79.4 81.9 35.6
-55.6 79.4 81.9 35.7
-55.4 79.4 82.0 35.7
-55.2 79.4 82.0 35.8
-55.0 79.4 82.1 35.9
-54.8 79.4 82.2 36.0
-54.6 79.4 82.2 36.1
-54.4 79.4 82.2 36.2
-54.2 79.4 82.3 36.2
-54.0 79.4 82.3 36.3
-53.8 79.4 82.3 36.4
-53.6 79.4 82.3 36.4
-53.4 79.4 82.3 36.4
-53.2 79.4 82.3 36.4
-53.0 79.4 82.3 36.4
-52.8 79.4 82.2 36.4
-52.6 79.4 82.2 36.4
-52.4 79.4 82.2 36.4
-52.2 79.4 82.2 36.4
-52.0 79.4 82.1 36.4
-51.8 79.4 82.1 36.4
-51.6 79.4 82.1 36.3
-51.4 79.4 82.1 36.3
-51.2 79.4 82.1 36.3
-51.0 79.4 82.1 36.3
-50.8 79.4 82.1 36.3
-50.6 79.4 82.1 36.3
-50.4 79.4 82.2 36.3
-50.2 79.4 82.2 36.3
-50.0 79.4 82.2 36.4
-49.8 79.4 82.3 36.4
-49.6 79.4 82.4 36.4
-49.4 79.4 82.4 36.4
-49.2 79.4 82.5 36.4
-49.0 79.4 82.6 36.4
-48.8 79.4 82.6 36.4
-48.6 79.4 82.7 36.4
-48.4 79.4 82.8 36.4
-48.2 79.4 82.8 36.4
-48.0 79.4 82.9 36.4
-47.8 79.4 82.9 36.4
-47.6 79.4 82.9 36.4
-47.4 79.4 82.9 36.3
-47.2 79.4 82.8 36.3
-47.0 79.4 82.8 36.3
-46.8 79.4 82.8 36.2
-46.6 79.4 82.7 36.2
-46.4 79.4 82.7 36.1
-46.2 79.4 82.6 36.1
-46.0 79.4 82.5 36.0
-45.8 79.4 82.5 35.9
-45.6 79.4 82.4 35.8
-45.4 79.4 82.3 35.7
-45.2 79.4 82.3 35.6
-45.0 79.4 82.2 35.6
-44.8 79.4 82.2 35.5
-44.6 79.4 82.1 35.4
-44.4 79.4 82.0 35.3
-44.2 79.4 81.9 35.3
-44.0 79.4 81.9 35.2
-43.8 79.4 81.8 35.2
-43.6 79.4 81.6 35.1
-43.4 79.4 81.5 35.1
-43.2 79.4 81.3 35.1
-43.0 79.4 81.1 35.0
-42.8 79.4 80.9 35.0
-42.6 79.4 80.7 35.0
-42.4 79.4 80.5 35.0
-42.2 79.4 80.2 35.0
-42.0 79.4 80.0 34.9
-41.8 79.4 79.7 34.9
-41.6 79.4 79.5 34.9
-41.4 79.4 79.3 34.8
-41.2 79.4 79.1 34.8
-41.0 79.4 78.9 34.7
-40.8 79.4 78.7 34.7
-40.6 79.4 78.5 34.6
-40.4 79.4 78.4 34.5
-40.2 79.4 78.2 34.4
-40.0 79.4 78.1 34.3
-39.8 79.4 78.0 34.2
-39.6 79.4 77.8 34.0
-39.4 79.4 77.7 33.9
-39.2 79.4 77.5 33.8
-39.0 79.4 77.3 33.6
-38.8 79.4 77.1 33.4
-38.6 79.4 76.8 33.3
-38.4 79.4 76.5 33.1
-38.2 79.4 76.1 32.9
-38.0 79.4 75.7 32.8
-37.8 79.4 75.3 32.6
-37.6 79.4 74.9 32.4
-37.4 79.4 74.5 32.3
-37.2 79.4 74.0 32.1
-37.0 79.4 73.5 32.0
-36.8 79.4 73.0 31.9
-36.6 79.4 72.6 31.7
-36.4 79.4 72.1 31.6
-36.2 79.4 71.7 31.4
-36.0 79.4 71.3 31.3
-35.8 79.4 70.8 31.2
-35.6 79.4 70.4 31.0
-35.4 79.4 70.0 30.9
-35.2 79.4 69.5 30.7
-35.0 79.4 69.1 30.5
-34.8 79.4 68.6 30.3
-34.6 79.4 68.1 30.1
-34.4 79.4 67.6 29.9
-34.2 79.4 67.1 29.7
-34.0 79.4 66.5 29.5
-33.8 79.4 65.9 29.3
-33.6 79.4 65.2 29.0
-33.4 79.4 64.5 28.8
-33.2 79.4 63.8 28.6
-33.0 79.4 63.1 28.3
-32.8 79.4 62.3 28.1
-32.6 79.4 61.6 27.8
-32.4 79.4 60.8 27.6
-32.2 79.4 60.0 27.3
-32.0 79.4 59.2 27.1
-31.8 79.4 58.4 26.8
-31.6 79.4 57.6 26.6
-31.4 79.4 56.9 26.3
-31.2 79.4 56.1 26.1
-31.0 79.4 55.3 25.8
-30.8 79.4 54.5 25.5
-30.6 79.4 53.7 25.2
-30.4 79.4 52.9 25.0
-30.2 79.4 52.1 24.7
-30.0 79.4 51.2 24.4
-29.8 79.4 50.4 24.1
-29.6 79.4 49.6 23.8
-29.4 79.4 48.8 23.5
-29.2 79.4 48.0 23.2
-29.0 79.4 47.2 22.9
-28.8 79.4 46.4 22.6
-28.6 79.4 45.7 22.3
-28.4 79.4 44.9 22.0
-28.2 79.4 44.2 21.7
-28.0 79.4 43.5 21.4
-27.8 79.4 42.8 21.2
-27.6 79.4 42.1 20.9
-27.4 79.4 41.4 20.6
-27.2 79.4 40.8 20.3
-27.0 79.4 40.1 20.0
-26.8 79.4 39.5 19.7
-26.6 79.4 38.9 19.5
-26.4 79.4 38.3 19.2
-26.2 79.4 37.8 18.9
-26.0 79.4 37.2 18.7
-25.8 79.4 36.7 18.4
-25.6 79.4 36.2 18.2
-25.4 79.4 35.6 17.9
-25.2 79.4 35.1 17.7
-25.0 79.4 34.6 17.4
-24.8 79.4 34.2 17.1
-24.6 79.4 33.7 16.9
-24.4 79.4 33.2 16.6
-24.2 79.4 32.8 16.4
-24.0 79.4 32.4 16.1
-23.8 79.4 32.0 15.9
-23.6 79.4 31.6 15.6
-23.4 79.4 31.2 15.3
-23.2 79.4 30.8 15.1
-23.0 79.4 30.4 14.8
-22.8 79.4 30.0 14.5
-22.6 79.4 29.7 14.2
-22.4 79.4 29.3 14.0
-22.2 79.4 28.9 13.7
-22.0 79.4 28.6 13.4
-21.8 79.4 28.2 13.2
-21.6 79.4 27.9 12.9
-21.4 79.4 27.5 12.7
-21.2 79.4 27.2 12.4
-21.0 79.4 26.8 12.2
-20.8 79.4 26.4 11.9
-20.6 79.4 26.1 11.7
-20.4 79.4 25.7 11.5
-20.2 79.4 25.3 11.2
-20.0 79.4 24.9 11.0
-19.8 79.4 24.5 10.8
-19.6 79.4 24.2 10.6
-19.4 79.4 23.8 10.4
-19.2 79.4 23.4 10.2
-19.0 79.4 23.1 10.0
-18.8 79.4 22.7 9.8
-18.6 79.4 22.4 9.6
-18.4 79.4 22.1 9.4
-18.2 79.4 21.7 9.3
-18.0 79.4 21.4 9.1
-17.8 79.4 21.1 8.9
-17.6 79.4 20.8 8.8
-17.4 79.4 20.6 8.6
-17.2 79.4 20.3 8.4
-17.0 79.4 20.0 8.3
-16.8 79.4 19.7 8.2
-16.6 79.4 19.5 8.0
-16.4 79.4 19.2 7.9
-16.2 79.4 19.0 7.8
-16.0 79.4 18.7 7.7
-15.8 79.4 18.5 7.6
-15.6 79.4 18.2 7.5
-15.4 79.4 17.9 7.4
-15.2 79.4 17.7 7.3
-15.0 79.4 17.5 7.2
-14.8 79.4 17.2 7.1
-14.6 79.4 17.0 7.1
-14.4 79.4 16.7 7.0
-14.2 79.4 16.5 7.0
-14.0 79.4 16.2 6.9
-13.8 79.4 16.0 6.9
-13.6 79.4 15.7 6.8
-13.4 79.4 15.5 6.8
-13.2 79.4 15.2 6.7
-13.0 79.4 15.0 6.7
-12.8 79.4 14.7 6.6
-12.6 79.4 14.4 6.6
-12.4 79.4 14.1 6.5
-12.2 79.4 13.9 6.5
-12.0 79.4 13.6 6.4
-11.8 79.4 13.3 6.4
-11.6 79.4 13.0 6.3
-11.4 79.4 12.8 6.3
-11.2 79.4 12.5 6.2
-11.0 79.4 12.2 6.2
-10.8 79.4 12.0 6.1
-10.6 79.4 11.8 6.1
-10.4 79.4 11.6 6.0
-10.2 79.4 11.4 6.0
-10.0 79.4 11.2 5.9
-9.8 79.4 11.0 5.9
-9.6 79.4 10.8 5.8
-9.4 79.4 10.7 5.8
-9.2 79.4 10.5 5.7
-9.0 79.4 10.4 5.7
-8.8 79.4 10.3 5.7
-8.6 79.4 10.2 5.6
-8.4 79.4 10.1 5.6
-8.2 79.4 10.0 5.6
-8.0 79.4 9.9 5.5
-7.8 79.4 9.8 5.5
-7.6 79.4 9.7 5.4
-7.4 79.4 9.7 5.4
-7.2 79.4 9.6 5.3
-7.0 79.4 9.5 5.3
-6.8 79.4 9.5 5.3
-6.6 79.4 9.4 5.2
-6.4 79.4 9.4 5.1
-6.2 79.4 9.4 5.1
-6.0 79.4 9.3 5.0
-5.8 79.4 9.3 4.9
-5.6 79.4 9.2 4.9
-5.4 79.4 9.2 4.8
-5.2 79.4 9.1 4.7
-5.0 79.4 9.1 4.6
-4.8 79.4 9.0 4.5
-4.6 79.4 8.9 4.4
-4.4 79.4 8.8 4.3
-4.2 79.4 8.7 4.2
-4.0 79.4 8.6 4.1
-3.8 79.4 8.5 4.0
-3.6 79.4 8.4 3.8
-3.4 79.4 8.3 3.7
-3.2 79.4 8.1 3.6
-3.0 79.4 8.0 3.4
-2.8 79.4 7.8 3.3
-2.6 79.4 7.6 3.2
-2.4 79.4 7.5 3.0
-2.2 79.4 7.3 2.9
-2.0 79.4 7.2 2.8
-1.8 79.4 7.0 2.7
-1.6 79.4 6.9 2.6
-1.4 79.4 6.7 2.5
-1.2 79.4 6.6 2.5
-1.0 79.4 6.5 2.4
-0.8 79.4 6.5 2.4
-0.6 79.4 6.4 2.4
-0.4 79.4 6.4 2.4
-0.2 79.4 6.3 2.4
0.0 79.4 6.3 2.4
0.0 79.2 5.8 1.8
0.2 79.2 5.8 1.8
0.4 79.2 5.8 1.9
0.6 79.2 5.8 1.9
0.8 79.2 5.8 1.9
1.0 79.2 5.8 2.0
1.2 79.2 5.8 2.0
1.4 79.2 5.8 2.0
1.6 79.2 5.8 2.1
1.8 79.2 5.8 2.1
2.0 79.2 5.8 2.1
2.2 79.2 5.8 2.1
2.4 79.2 5.8 2.1
2.6 79.2 5.8 2.1
2.8 79.2 5.8 2.1
3.0 79.2 5.7 2.1
3.2 79.2 5.7 2.1
3.4 79.2 5.7 2.1
3.6 79.2 5.6 2.1
3.8 79.2 5.6 2.1
4.0 79.2 5.6 2.1
4.2 79.2 5.5 2.1
4.4 79.2 5.5 2.1
4.6 79.2 5.5 2.1
4.8 79.2 5.4 2.1
5.0 79.2 5.4 2.2
5.2 79.2 5.4 2.2
5.4 79.2 5.4 2.2
5.6 79.2 5.4 2.2
5.8 79.2 5.4 2.3
6.0 79.2 5.3 2.3
6.2 79.2 5.3 2.3
6.4 79.2 5.3 2.4
6.6 79.2 5.3 2.4
6.8 79.2 5.4 2.5
7.0 79.2 5.4 2.5
7.2 79.2 5.4 2.5
7.4 79.2 5.4 2.5
7.6 79.2 5.4 2.5
7.8 79.2 5.5 2.5
8.0 79.2 5.5 2.5
8.2 79.2 5.6 2.5
8.4 79.2 5.6 2.5
8.6 79.2 5.7 2.5
8.8 79.2 5.8 2.5
9.0 79.2 5.9 2.5
9.2 79.2 6.0 2.5
9.4 79.2 6.1 2.5
9.6 79.2 6.2 2.6
9.8 79.2 6.4 2.6
10.0 79.2 6.5 2.7
10.2 79.2 6.7 2.7
10.4 79.2 6.8 2.8
10.6 79.2 6.9 2.9
10.8 79.2 7.1 2.9
11.0 79.2 7.2 3.0
11.2 79.2 7.4 3.1
11.4 79.2 7.5 3.2
11.6 79.2 7.6 3.3
11.8 79.2 7.7 3.4
12.0 79.2 7.8 3.5
12.2 79.2 7.9 3.5
12.4 79.2 8.0 3.6
12.6 79.2 8.0 3.7
12.8 79.2 8.1 3.8
13.0 79.2 8.2 3.8
13.2 79.2 8.3 3.9
13.4 79.2 8.3 3.9
-98.4 79.2 20.8 17.2
-98.2 79.2 19.8 15.5
-98.0 79.2 18.8 13.8
-97.8 79.2 17.9 12.2
-97.6 79.2 17.1 10.8
-97.4 79.2 16.3 9.4
-97.2 79.2 15.5 8.2
-97.0 79.2 14.8 7.1
-96.8 79.2 14.2 6.2
-96.6 79.2 13.7 5.4
-96.4 79.2 13.3 4.8
-96.2 79.2 12.9 4.4
-96.0 79.2 12.7 4.2
-95.8 79.2 12.6 4.1
-95.6 79.2 12.6 4.2
-95.4 79.2 12.7 4.4
-95.2 79.2 12.9 4.8
-95.0 79.2 13.4 5.4
-94.8 79.2 14.0 6.1
-94.6 79.2 14.7 6.9
-94.4 79.2 15.7 7.8
-94.2 79.2 16.8 8.9
-94.0 79.2 18.2 10.0
-93.8 79.2 19.7 11.1
-93.6 79.2 21.4 12.4
-93.4 79.2 23.3 13.6
-93.2 79.2 25.4 14.8
-93.0 79.2 27.5 16.1
-92.8 79.2 29.8 17.2
-92.6 79.2 32.1 18.4
-92.4 79.2 34.5 19.4
-92.2 79.2 36.8 20.4
-92.0 79.2 39.2 21.3
-91.8 79.2 41.4 22.1
-91.6 79.2 43.6 22.8
-91.4 79.2 45.7 23.4
-91.2 79.2 47.6 23.9
-91.0 79.2 49.4 24.4
-90.8 79.2 51.1 24.7
-90.6 79.2 52.6 25.0
-90.4 79.2 53.9 25.3
-90.2 79.2 55.1 25.4
-90.0 79.2 56.1 25.6
-89.8 79.2 57.0 25.6
-89.6 79.2 57.8 25.7
-89.4 79.2 58.4 25.8
-89.2 79.2 59.0 25.8
-89.0 79.2 59.4 25.8
-88.8 79.2 59.8 25.8
-88.6 79.2 60.1 25.8
-88.4 79.2 60.3 25.8
-88.2 79.2 60.4 25.8
-88.0 79.2 60.5 25.8
-87.8 79.2 60.6 25.9
-87.6 79.2 60.6 25.9
-87.4 79.2 60.7 25.9
-87.2 79.2 60.7 25.9
-87.0 79.2 60.8 26.0
-86.8 79.2 60.9 26.0
-86.6 79.2 61.0 26.0
-86.4 79.2 61.2 26.1
-86.2 79.2 61.5 26.1
-86.0 79.2 61.7 26.1
-85.8 79.2 62.0 26.2
-85.6 79.2 62.4 26.2
-85.4 79.2 62.7 26.2
-85.2 79.2 63.1 26.2
-85.0 79.2 63.5 26.2
-84.8 79.2 63.8 26.3
-84.6 79.2 64.1 26.3
-84.4 79.2 64.4 26.4
-84.2 79.2 64.6 26.4
-84.0 79.2 64.7 26.5
-83.8 79.2 64.8 26.6
-83.6 79.2 64.8 26.7
-83.4 79.2 64.7 26.9
-83.2 79.2 64.6 27.0
-83.0 79.2 64.4 27.2
-82.8 79.2 64.2 27.3
-82.6 79.2 64.0 27.5
-82.4 79.2 63.7 27.6
-82.2 79.2 63.5 27.8
-82.0 79.2 63.2 28.0
-81.8 79.2 63.0 28.1
-81.6 79.2 62.8 28.2
-81.4 79.2 62.7 28.3
-81.2 79.2 62.6 28.4
-81.0 79.2 62.5 28.5
-80.8 79.2 62.4 28.6
-80.6 79.2 62.4 28.7
-80.4 79.2 62.4 28.8
-80.2 79.2 62.5 28.8
-80.0 79.2 62.5 28.9
-79.8 79.2 62.6 29.0
-79.6 79.2 62.7 29.0
-79.4 79.2 62.8 29.1
-79.2 79.2 63.0 29.2
-79.0 79.2 63.1 29.2
-78.8 79.2 63.3 29.3
-78.6 79.2 63.5 29.4
-78.4 79.2 63.7 29.5
-78.2 79.2 63.9 29.6
-78.0 79.2 64.2 29.7
-77.8 79.2 64.4 29.7
-77.6 79.2 64.7 29.8
-77.4 79.2 65.0 29.9
-77.2 79.2 65.3 29.9
-77.0 79.2 65.6 30.0
-76.8 79.2 65.8 30.1
-76.6 79.2 66.1 30.1
-76.4 79.2 66.4 30.2
-76.2 79.2 66.7 30.2
-76.0 79.2 67.0 30.2
-75.8 79.2 67.4 30.2
-75.6 79.2 67.7 30.2
-75.4 79.2 68.0 30.2
-75.2 79.2 68.3 30.2
-75.0 79.2 68.7 30.2
-74.8 79.2 69.0 30.1
-74.6 79.2 69.4 30.1
-74.4 79.2 69.8 30.0
-74.2 79.2 70.1 29.9
-74.0 79.2 70.5 29.8
-73.8 79.2 70.9 29.8
-73.6 79.2 71.2 29.7
-73.4 79.2 71.6 29.6
-73.2 79.2 71.9 29.6
-73.0 79.2 72.2 29.5
-72.8 79.2 72.4 29.6
-72.6 79.2 72.6 29.6
-72.4 79.2 72.8 29.7
-72.2 79.2 72.9 29.8
-72.0 79.2 73.0 29.9
-71.8 79.2 73.0 30.1
-71.6 79.2 73.0 30.2
-71.4 79.2 73.0 30.5
-71.2 79.2 72.9 30.7
-71.0 79.2 72.8 30.9
-70.8 79.2 72.7 31.2
-70.6 79.2 72.6 31.4
-70.4 79.2 72.5 31.7
-70.2 79.2 72.4 31.9
-70.0 79.2 72.3 32.2
-69.8 79.2 72.2 32.4
-69.6 79.2 72.2 32.6
-69.4 79.2 72.1 32.8
-69.2 79.2 72.1 33.0
-69.0 79.2 72.0 33.2
-68.8 79.2 72.0 33.3
-68.6 79.2 72.0 33.4
-68.4 79.2 72.0 33.5
-68.2 79.2 72.0 33.6
-68.0 79.2 72.1 33.7
-67.8 79.2 72.1 33.7
-67.6 79.2 72.2 33.8
-67.4 79.2 72.2 33.8
-67.2 79.2 72.3 33.8
-67.0 79.2 72.4 33.9
-66.8 79.2 72.6 33.9
-66.6 79.2 72.7 33.9
-66.4 79.2 72.9 33.9
-66.2 79.2 73.1 34.0
-66.0 79.2 73.3 34.0
-65.8 79.2 73.6 34.1
-65.6 79.2 73.8 34.1
-65.4 79.2 74.1 34.2
-65.2 79.2 74.4 34.2
-65.0 79.2 74.8 34.3
-64.8 79.2 75.1 34.4
-64.6 79.2 75.5 34.4
-64.4 79.2 75.8 34.5
-64.2 79.2 76.2 34.5
-64.0 79.2 76.5 34.6
-63.8 79.2 76.8 34.6
-63.6 79.2 77.1 34.7
-63.4 79.2 77.4 34.7
-63.2 79.2 77.7 34.7
-63.0 79.2 77.9 34.7
-62.8 79.2 78.0 34.7
-62.6 79.2 78.1 34.8
-62.4 79.2 78.2 34.8
-62.2 79.2 78.2 34.8
-62.0 79.2 78.3 34.8
-61.8 79.2 78.3 34.8
-61.6 79.2 78.2 34.9
-61.4 79.2 78.2 34.9
-61.2 79.2 78.2 34.9
-61.0 79.2 78.2 34.9
-60.8 79.2 78.2 35.0
-60.6 79.2 78.2 35.0
-60.4 79.2 78.3 35.0
-60.2 79.2 78.4 35.0
-60.0 79.2 78.5 35.0
-59.8 79.2 78.6 35.0
-59.6 79.2 78.7 34.9
-59.4 79.2 78.9 34.9
-59.2 79.2 79.1 34.8
-59.0 79.2 79.2 34.8
-58.8 79.2 79.4 34.7
-58.6 79.2 79.6 34.7
-58.4 79.2 79.7 34.6
-58.2 79.2 79.9 34.6
-58.0 79.2 80.0 34.5
-57.8 79.2 80.2 34.5
-57.6 79.2 80.3 34.5
-57.4 79.2 80.4 34.4
-57.2 79.2 80.6 34.4
-57.0 79.2 80.7 34.4
-56.8 79.2 80.9 34.5
-56.6 79.2 81.0 34.5
-56.4 79.2 81.2 34.6
-56.2 79.2 81.3 34.7
-56.0 79.2 81.4 34.8
-55.8 79.2 81.6 34.9
-55.6 79.2 81.7 35.0
-55.4 79.2 81.8 35.1
-55.2 79.2 81.9 35.2
-55.0 79.2 82.0 35.4
-54.8 79.2 82.1 35.5
-54.6 79.2 82.1 35.6
-54.4 79.2 82.1 35.7
-54.2 79.2 82.2 35.8
-54.0 79.2 82.2 35.8
-53.8 79.2 82.2 35.9
-53.6 79.2 82.1 35.9
-53.4 79.2 82.1 36.0
-53.2 79.2 82.1 36.0
-53.0 79.2 82.1 36.0
-52.8 79.2 82.0 35.9
-52.6 79.2 82.0 35.9
-52.4 79.2 82.0 35.9
-52.2 79.2 81.9 35.9
-52.0 79.2 81.9 35.9
-51.8 79.2 81.9 35.8
-51.6 79.2 81.9 35.8
-51.4 79.2 81.8 35.8
-51.2 79.2 81.8 35.8
-51.0 79.2 81.8 35.8
-50.8 79.2 81.8 35.9
-50.6 79.2 81.8 35.9
-50.4 79.2 81.8 35.9
-50.2 79.2 81.8 35.9
-50.0 79.2 81.8 36.0
-49.8 79.2 81.8 36.0
-49.6 79.2 81.9 36.0
-49.4 79.2 81.9 36.0
-49.2 79.2 81.9 36.1
-49.0 79.2 82.0 36.1
-48.8 79.2 82.0 36.1
-48.6 79.2 82.0 36.1
-48.4 79.2 82.0 36.2
-48.2 79.2 82.1 36.2
-48.0 79.2 82.0 36.2
-47.8 79.2 82.0 36.2
-47.6 79.2 82.0 36.2
-47.4 79.2 82.0 36.2
-47.2 79.2 81.9 36.2
-47.0 79.2 81.9 36.2
-46.8 79.2 81.8 36.2
-46.6 79.2 81.8 36.1
-46.4 79.2 81.7 36.1
-46.2 79.2 81.7 36.0
-46.0 79.2 81.6 35.9
-45.8 79.2 81.6 35.9
-45.6 79.2 81.6 35.8
-45.4 79.2 81.6 35.7
-45.2 79.2 81.6 35.6
-45.0 79.2 81.6 35.5
-44.8 79.2 81.6 35.4
-44.6 79.2 81.6 35.3
-44.4 79.2 81.6 35.2
-44.2 79.2 81.6 35.2
-44.0 79.2 81.6 35.1
-43.8 79.2 81.5 35.0
-43.6 79.2 81.5 35.0
-43.4 79.2 81.4 35.0
-43.2 79.2 81.2 34.9
-43.0 79.2 81.1 34.9
-42.8 79.2 80.9 34.9
-42.6 79.2 80.6 34.9
-42.4 79.2 80.4 34.9
-42.2 79.2 80.1 34.9
-42.0 79.2 79.8 34.9
-41.8 79.2 79.5 34.9
-41.6 79.2 79.2 34.9
-41.4 79.2 78.9 34.9
-41.2 79.2 78.6 34.9
-41.0 79.2 78.3 34.9
-40.8 79.2 78.1 34.8
-40.6 79.2 77.9 34.8
-40.4 79.2 77.7 34.7
-40.2 79.2 77.6 34.6
-40.0 79.2 77.4 34.6
-39.8 79.2 77.3 34.5
-39.6 79.2 77.2 34.3
-39.4 79.2 77.1 34.2
-39.2 79.2 77.0 34.0
-39.0 79.2 76.9 33.9
-38.8 79.2 76.7 33.7
-38.6 79.2 76.6 33.5
-38.4 79.2 76.4 33.3
-38.2 79.2 76.1 33.1
-38.0 79.2 75.9 32.8
-37.8 79.2 75.6 32.6
-37.6 79.2 75.3 32.4
-37.4 79.2 75.0 32.2
-37.2 79.2 74.6 32.0
-37.0 79.2 74.3 31.8
-36.8 79.2 73.9 31.6
-36.6 79.2 73.6 31.4
-36.4 79.2 73.2 31.2
-36.2 79.2 72.8 31.0
-36.0 79.2 72.5 30.9
-35.8 79.2 72.1 30.7
-35.6 79.2 71.8 30.6
-35.4 79.2 71.4 30.4
-35.2 79.2 71.1 30.3
-35.0 79.2 70.7 30.1
-34.8 79.2 70.3 29.9
-34.6 79.2 69.9 29.8
-34.4 79.2 69.5 29.6
-34.2 79.2 69.0 29.4
-34.0 79.2 68.5 29.2
-33.8 79.2 68.0 29.0
-33.6 79.2 67.5 28.9
-33.4 79.2 66.9 28.7
-33.2 79.2 66.4 28.5
-33.0 79.2 65.8 28.3
-32.8 79.2 65.2 28.1
-32.6 79.2 64.5 27.9
-32.4 79.2 63.9 27.7
-32.2 79.2 63.3 27.5
-32.0 79.2 62.6 27.3
-31.8 79.2 62.0 27.1
-31.6 79.2 61.3 26.9
-31.4 79.2 60.7 26.7
-31.2 79.2 60.0 26.5
-31.0 79.2 59.3 26.3
-30.8 79.2 58.6 26.0
-30.6 79.2 57.8 25.8
-30.4 79.2 57.1 25.6
-30.2 79.2 56.3 25.3
-30.0 79.2 55.5 25.1
-29.8 79.2 54.6 24.8
-29.6 79.2 53.8 24.6
-29.4 79.2 53.0 24.3
-29.2 79.2 52.1 24.0
-29.0 79.2 51.3 23.8
-28.8 79.2 50.4 23.5
-28.6 79.2 49.6 23.2
-28.4 79.2 48.8 23.0
-28.2 79.2 47.9 22.7
-28.0 79.2 47.2 22.4
-27.8 79.2 46.4 22.1
-27.6 79.2 45.6 21.9
-27.4 79.2 44.9 21.6
-27.2 79.2 44.2 21.3
-27.0 79.2 43.5 21.0
-26.8 79.2 42.8 20.8
-26.6 79.2 42.2 20.5
-26.4 79.2 41.5 20.3
-26.2 79.2 40.9 20.0
-26.0 79.2 40.3 19.7
-25.8 79.2 39.7 19.5
-25.6 79.2 39.2 19.3
-25.4 79.2 38.6 19.0
-25.2 79.2 38.1 18.8
-25.0 79.2 37.6 18.5
-24.8 79.2 37.0 18.3
-24.6 79.2 36.5 18.1
-24.4 79.2 36.0 17.8
-24.2 79.2 35.6 17.5
-24.0 79.2 35.1 17.3
-23.8 79.2 34.6 17.0
-23.6 79.2 34.2 16.8
-23.4 79.2 33.7 16.5
-23.2 79.2 33.3 16.2
-23.0 79.2 32.9 15.9
-22.8 79.2 32.4 15.6
-22.6 79.2 32.0 15.3
-22.4 79.2 31.6 15.1
-22.2 79.2 31.2 14.8
-22.0 79.2 30.9 14.5
-21.8 79.2 30.5 14.2
-21.6 79.2 30.1 13.9
-21.4 79.2 29.7 13.6
-21.2 79.2 29.4 13.3
-21.0 79.2 29.0 13.1
-20.8 79.2 28.6 12.8
-20.6 79.2 28.2 12.5
-20.4 79.2 27.8 12.3
-20.2 79.2 27.4 12.0
-20.0 79.2 27.0 11.8
-19.8 79.2 26.6 11.5
-19.6 79.2 26.2 11.3
-19.4 79.2 25.9 11.1
-19.2 79.2 25.5 10.9
-19.0 79.2 25.1 10.7
-18.8 79.2 24.7 10.5
-18.6 79.2 24.3 10.3
-18.4 79.2 24.0 10.1
-18.2 79.2 23.6 9.9
-18.0 79.2 23.3 9.7
-17.8 79.2 22.9 9.5
-17.6 79.2 22.6 9.3
-17.4 79.2 22.3 9.2
-17.2 79.2 22.0 9.0
-17.0 79.2 21.7 8.8
-16.8 79.2 21.4 8.7
-16.6 79.2 21.1 8.5
-16.4 79.2 20.8 8.4
-16.2 79.2 20.5 8.3
-16.0 79.2 20.2 8.1
-15.8 79.2 19.9 8.0
-15.6 79.2 19.7 7.9
-15.4 79.2 19.4 7.8
-15.2 79.2 19.1 7.7
-15.0 79.2 18.9 7.6
-14.8 79.2 18.6 7.5
-14.6 79.2 18.4 7.4
-14.4 79.2 18.1 7.3
-14.2 79.2 17.8 7.2
-14.0 79.2 17.6 7.2
-13.8 79.2 17.3 7.1
-13.6 79.2 17.0 7.1
-13.4 79.2 16.7 7.0
-13.2 79.2 16.4 6.9
-13.0 79.2 16.1 6.9
-12.8 79.2 15.8 6.8
-12.6 79.2 15.4 6.8
-12.4 79.2 15.1 6.7
-12.2 79.2 14.8 6.6
-12.0 79.2 14.4 6.5
-11.8 79.2 14.1 6.5
-11.6 79.2 13.8 6.4
-11.4 79.2 13.4 6.3
-11.2 79.2 13.1 6.2
-11.0 79.2 12.8 6.1
-10.8 79.2 12.6 6.1
-10.6 79.2 12.3 6.0
-10.4 79.2 12.1 5.9
-10.2 79.2 11.8 5.8
-10.0 79.2 11.6 5.7
-9.8 79.2 11.4 5.7
-9.6 79.2 11.2 5.6
-9.4 79.2 11.1 5.5
-9.2 79.2 10.9 5.5
-9.0 79.2 10.8 5.4
-8.8 79.2 10.6 5.4
-8.6 79.2 10.5 5.3
-8.4 79.2 10.4 5.3
-8.2 79.2 10.2 5.2
-8.0 79.2 10.1 5.2
-7.8 79.2 10.0 5.1
-7.6 79.2 9.9 5.1
-7.4 79.2 9.8 5.0
-7.2 79.2 9.7 5.0
-7.0 79.2 9.6 5.0
-6.8 79.2 9.5 4.9
-6.6 79.2 9.3 4.9
-6.4 79.2 9.2 4.8
-6.2 79.2 9.1 4.8
-6.0 79.2 9.0 4.7
-5.8 79.2 8.9 4.7
-5.6 79.2 8.8 4.6
-5.4 79.2 8.7 4.5
-5.2 79.2 8.6 4.5
-5.0 79.2 8.5 4.4
-4.8 79.2 8.4 4.3
-4.6 79.2 8.3 4.2
-4.4 79.2 8.2 4.1
-4.2 79.2 8.1 3.9
-4.0 79.2 8.0 3.8
-3.8 79.2 7.9 3.7
-3.6 79.2 7.7 3.5
-3.4 79.2 7.6 3.4
-3.2 79.2 7.4 3.2
-3.0 79.2 7.3 3.1
-2.8 79.2 7.1 2.9
-2.6 79.2 7.0 2.7
-2.4 79.2 6.8 2.6
-2.2 79.2 6.7 2.4
-2.0 79.2 6.5 2.3
-1.8 79.2 6.4 2.2
-1.6 79.2 6.3 2.1
-1.4 79.2 6.2 2.0
-1.2 79.2 6.1 1.9
-1.0 79.2 6.0 1.8
-0.8 79.2 5.9 1.8
-0.6 79.2 5.9 1.8
-0.4 79.2 5.8 1.8
-0.2 79.2 5.8 1.8
0.0 79.2 5.8 1.8
0.0 79.0 5.4 1.3
0.2 79.0 5.4 1.3
0.4 79.0 5.4 1.3
0.6 79.0 5.4 1.3
0.8 79.0 5.4 1.3
1.0 79.0 5.4 1.3
1.2 79.0 5.4 1.4
1.4 79.0 5.4 1.4
1.6 79.0 5.4 1.4
1.8 79.0 5.4 1.4
2.0 79.0 5.4 1.4
2.2 79.0 5.4 1.4
2.4 79.0 5.3 1.4
2.6 79.0 5.3 1.4
2.8 79.0 5.3 1.4
3.0 79.0 5.3 1.4
3.2 79.0 5.2 1.4
3.4 79.0 5.2 1.4
3.6 79.0 5.2 1.4
3.8 79.0 5.1 1.4
4.0 79.0 5.1 1.4
4.2 79.0 5.1 1.4
4.4 79.0 5.0 1.4
4.6 79.0 5.0 4.6
4.8 79.0 5.0 4.8
5.0 79.0 5.0 5.0
5.2 79.0 5.0 5.2
5.4 79.0 5.0 5.4
5.6 79.0 5.0 5.6
5.8 79.0 5.0 5.8
6.0 79.0 5.0 6.0
6.2 79.0 5.0 6.2
6.4 79.0 5.0 6.4
6.6 79.0 5.0 6.6
6.8 79.0 5.0 6.8
7.0 79.0 5.0 7.0
7.2 79.0 5.0 7.2
7.4 79.0 5.0 7.4
7.6 79.0 5.0 7.6
7.8 79.0 5.0 2.3
8.0 79.0 5.1 2.3
8.2 79.0 5.2 2.3
8.4 79.0 5.3 2.3
8.6 79.0 5.4 2.4
8.8 79.0 5.5 2.4
9.0 79.0 5.6 2.4
9.2 79.0 5.7 2.4
9.4 79.0 5.9 2.5
9.6 79.0 6.0 2.5
9.8 79.0 6.1 2.6
10.0 79.0 6.3 2.6
10.2 79.0 6.4 2.7
10.4 79.0 6.6 2.8
10.6 79.0 6.8 2.8
10.8 79.0 6.9 2.9
11.0 79.0 7.0 3.0
11.2 79.0 7.2 3.1
11.4 79.0 7.3 3.2
11.6 79.0 7.4 3.3
11.8 79.0 7.5 3.4
-96.8 79.0 15.0 6.3
-96.6 79.0 14.5 5.5
-96.4 79.0 14.1 4.9
-96.2 79.0 13.8 4.4
-96.0 79.0 13.6 4.2
-95.8 79.0 13.5 4.1
-95.6 79.0 13.5 4.1
-95.4 79.0 13.7 4.4
-95.2 79.0 14.1 4.7
-95.0 79.0 14.6 5.3
-94.8 79.0 15.3 6.0
-94.6 79.0 16.2 6.8
-94.4 79.0 17.2 7.7
-94.2 79.0 18.5 8.7
-94.0 79.0 20.0 9.8
-93.8 79.0 21.6 11.0
-93.6 79.0 23.4 12.2
-93.4 79.0 25.4 13.4
-93.2 79.0 27.5 14.7
-93.0 79.0 29.7 15.9
-92.8 79.0 31.9 17.0
-92.6 79.0 34.2 18.2
-92.4 79.0 36.5 19.2
-92.2 79.0 38.8 20.2
-92.0 79.0 41.0 21.1
-91.8 79.0 43.0 21.8
-91.6 79.0 45.0 22.5
-91.4 79.0 46.8 23.1
-91.2 79.0 48.5 23.7
-91.0 79.0 50.0 24.1
-90.8 79.0 51.4 24.4
-90.6 79.0 52.7 24.7
-90.4 79.0 53.8 25.0
-90.2 79.0 54.7 25.1
-90.0 79.0 55.6 25.2
-89.8 79.0 56.3 25.3
-89.6 79.0 57.0 25.4
-89.4 79.0 57.5 25.4
-89.2 79.0 58.0 25.4
-89.0 79.0 58.4 25.4
-88.8 79.0 58.7 25.4
-88.6 79.0 58.9 25.4
-88.4 79.0 59.1 25.4
-88.2 79.0 59.3 25.4
-88.0 79.0 59.4 25.4
-87.8 79.0 59.5 25.4
-87.6 79.0 59.5 25.4
-87.4 79.0 59.6 25.4
-87.2 79.0 59.7 25.4
-87.0 79.0 59.7 25.4
-86.8 79.0 59.9 25.4
-86.6 79.0 60.1 25.5
-86.4 79.0 60.3 25.5
-86.2 79.0 60.5 25.5
-86.0 79.0 60.8 25.5
-85.8 79.0 61.2 25.5
-85.6 79.0 61.6 25.6
-85.4 79.0 62.0 25.6
-85.2 79.0 62.5 25.6
-85.0 79.0 62.9 25.7
-84.8 79.0 63.3 25.7
-84.6 79.0 63.7 25.8
-84.4 79.0 64.0 25.9
-84.2 79.0 64.3 26.0
-84.0 79.0 64.6 26.1
-83.8 79.0 64.7 26.3
-83.6 79.0 64.8 26.4
-83.4 79.0 64.9 26.6
-83.2 79.0 64.8 26.8
-83.0 79.0 64.7 27.0
-82.8 79.0 64.5 27.2
-82.6 79.0 64.3 27.4
-82.4 79.0 64.1 27.6
-82.2 79.0 63.8 27.8
-82.0 79.0 63.6 28.0
-81.8 79.0 63.3 28.1
-81.6 79.0 63.1 28.3
-81.4 79.0 62.9 28.4
-81.2 79.0 62.7 28.5
-81.0 79.0 62.6 28.6
-80.8 79.0 62.5 28.7
-80.6 79.0 62.4 28.7
-80.4 79.0 62.4 28.8
-80.2 79.0 62.3 28.9
-80.0 79.0 62.3 29.0
-79.8 79.0 62.4 29.0
-79.6 79.0 62.4 29.1
-79.4 79.0 62.5 29.2
-79.2 79.0 62.6 29.3
-79.0 79.0 62.7 29.4
-78.8 79.0 62.8 29.5
-78.6 79.0 63.0 29.6
-78.4 79.0 63.2 29.7
-78.2 79.0 63.4 29.7
-78.0 79.0 63.7 29.8
-77.8 79.0 63.9 29.9
-77.6 79.0 64.2 30.0
-77.4 79.0 64.5 30.1
-77.2 79.0 64.7 30.1
-77.0 79.0 65.0 30.2
-76.8 79.0 65.3 30.2
-76.6 79.0 65.6 30.3
-76.4 79.0 65.8 30.3
-76.2 79.0 66.1 30.4
-76.0 79.0 66.4 30.4
-75.8 79.0 66.6 30.4
-75.6 79.0 66.9 30.4
-75.4 79.0 67.1 30.4
-75.2 79.0 67.3 30.3
-75.0 79.0 67.6 30.3
-74.8 79.0 67.8 30.2
-74.6 79.0 68.1 30.2
-74.4 79.0 68.3 30.1
-74.2 79.0 68.6 30.0
-74.0 79.0 68.8 29.9
-73.8 79.0 69.1 29.8
-73.6 79.0 69.3 29.7
-73.4 79.0 69.6 29.6
-73.2 79.0 69.8 29.6
-73.0 79.0 70.0 29.5
-72.8 79.0 70.2 29.5
-72.6 79.0 70.4 29.5
-72.4 79.0 70.6 29.6
-72.2 79.0 70.7 29.7
-72.0 79.0 70.8 29.8
-71.8 79.0 70.9 30.0
-71.6 79.0 71.0 30.1
-71.4 79.0 71.1 30.4
-71.2 79.0 71.1 30.6
-71.0 79.0 71.2 30.8
-70.8 79.0 71.2 31.1
-70.6 79.0 71.2 31.4
-70.4 79.0 71.3 31.6
-70.2 79.0 71.3 31.9
-70.0 79.0 71.3 32.2
-69.8 79.0 71.3 32.4
-69.6 79.0 71.3 32.6
-69.4 79.0 71.3 32.8
-69.2 79.0 71.4 33.0
-69.0 79.0 71.4 33.1
-68.8 79.0 71.4 33.3
-68.6 79.0 71.5 33.4
-68.4 79.0 71.5 33.4
-68.2 79.0 71.6 33.5
-68.0 79.0 71.6 33.5
-67.8 79.0 71.7 33.5
-67.6 79.0 71.8 33.5
-67.4 79.0 71.9 33.5
-67.2 79.0 71.9 33.4
-67.0 79.0 72.0 33.4
-66.8 79.0 72.1 33.4
-66.6 79.0 72.2 33.3
-66.4 79.0 72.3 33.3
-66.2 79.0 72.5 33.3
-66.0 79.0 72.6 33.3
-65.8 79.0 72.7 33.3
-65.6 79.0 72.9 33.3
-65.4 79.0 73.1 33.3
-65.2 79.0 73.3 33.3
-65.0 79.0 73.6 33.3
-64.8 79.0 73.8 33.4
-64.6 79.0 74.1 33.4
-64.4 79.0 74.4 33.4
-64.2 79.0 74.7 33.5
-64.0 79.0 75.0 33.5
-63.8 79.0 75.3 33.5
-63.6 79.0 75.6 33.5
-63.4 79.0 75.8 33.5
-63.2 79.0 76.1 33.5
-63.0 79.0 76.3 33.5
-62.8 79.0 76.5 33.6
-62.6 79.0 76.6 33.6
-62.4 79.0 76.7 33.6
-62.2 79.0 76.8 33.7
-62.0 79.0 76.9 33.7
-61.8 79.0 76.9 33.8
-61.6 79.0 76.9 33.9
-61.4 79.0 76.9 33.9
-61.2 79.0 76.8 34.0
-61.0 79.0 76.8 34.1
-60.8 79.0 76.8 34.1
-60.6 79.0 76.8 34.2
-60.4 79.0 76.9 34.2
-60.2 79.0 76.9 34.2
-60.0 79.0 77.0 34.2
-59.8 79.0 77.1 34.2
-59.6 79.0 77.3 34.2
-59.4 79.0 77.4 34.2
-59.2 79.0 77.6 34.1
-59.0 79.0 77.7 34.1
-58.8 79.0 77.9 34.0
-58.6 79.0 78.1 34.0
-58.4 79.0 78.3 33.9
-58.2 79.0 78.5 33.9
-58.0 79.0 78.8 33.9
-57.8 79.0 79.0 33.8
-57.6 79.0 79.2 33.8
-57.4 79.0 79.5 33.8
-57.2 79.0 79.7 33.8
-57.0 79.0 80.0 33.9
-56.8 79.0 80.2 33.9
-56.6 79.0 80.5 34.0
-56.4 79.0 80.8 34.1
-56.2 79.0 81.0 34.2
-56.0 79.0 81.2 34.3
-55.8 79.0 81.4 34.4
-55.6 79.0 81.6 34.5
-55.4 79.0 81.8 34.7
-55.2 79.0 81.9 34.8
-55.0 79.0 82.0 34.9
-54.8 79.0 82.1 35.1
-54.6 79.0 82.2 35.2
-54.4 79.0 82.2 35.3
-54.2 79.0 82.2 35.4
-54.0 79.0 82.2 35.4
-53.8 79.0 82.2 35.5
-53.6 79.0 82.2 35.5
-53.4 79.0 82.1 35.5
-53.2 79.0 82.1 35.5
-53.0 79.0 82.1 35.5
-52.8 79.0 82.0 35.5
-52.6 79.0 82.0 35.5
-52.4 79.0 82.0 35.5
-52.2 79.0 81.9 35.5
-52.0 79.0 81.9 35.5
-51.8 79.0 81.9 35.5
-51.6 79.0 81.9 35.5
-51.4 79.0 81.8 35.5
-51.2 79.0 81.8 35.5
-51.0 79.0 81.8 35.5
-50.8 79.0 81.8 35.5
-50.6 79.0 81.7 35.6
-50.4 79.0 81.7 35.6
-50.2 79.0 81.6 35.6
-50.0 79.0 81.6 35.6
-49.8 79.0 81.5 35.7
-49.6 79.0 81.5 35.7
-49.4 79.0 81.5 35.7
-49.2 79.0 81.4 35.7
-49.0 79.0 81.4 35.8
-48.8 79.0 81.3 35.8
-48.6 79.0 81.3 35.8
-48.4 79.0 81.2 35.8
-48.2 79.0 81.2 35.8
-48.0 79.0 81.1 35.8
-47.8 79.0 81.1 35.8
-47.6 79.0 81.0 35.8
-47.4 79.0 81.0 35.8
-47.2 79.0 80.9 35.8
-47.0 79.0 80.9 35.8
-46.8 79.0 80.8 35.8
-46.6 79.0 80.8 35.8
-46.4 79.0 80.8 35.7
-46.2 79.0 80.8 35.7
-46.0 79.0 80.8 35.6
-45.8 79.0 80.8 35.5
-45.6 79.0 80.9 35.5
-45.4 79.0 80.9 35.4
-45.2 79.0 81.0 35.3
-45.0 79.0 81.1 35.2
-44.8 79.0 81.2 35.1
-44.6 79.0 81.2 35.1
-44.4 79.0 81.3 35.0
-44.2 79.0 81.4 34.9
-44.0 79.0 81.4 34.8
-43.8 79.0 81.4 34.8
-43.6 79.0 81.4 34.8
-43.4 79.0 81.3 34.7
-43.2 79.0 81.1 34.7
-43.0 79.0 81.0 34.7
-42.8 79.0 80.7 34.7
-42.6 79.0 80.5 34.7
-42.4 79.0 80.2 34.7
-42.2 79.0 79.8 34.8
-42.0 79.0 79.5 34.8
-41.8 79.0 79.1 34.8
-41.6 79.0 78.7 34.8
-41.4 79.0 78.3 34.8
-41.2 79.0 77.9 34.8
-41.0 79.0 77.6 34.8
-40.8 79.0 77.3 34.8
-40.6 79.0 77.0 34.8
-40.4 79.0 76.7 34.8
-40.2 79.0 76.5 34.7
-40.0 79.0 76.4 34.6
-39.8 79.0 76.2 34.5
-39.6 79.0 76.1 34.4
-39.4 79.0 76.0 34.3
-39.2 79.0 75.9 34.1
-39.0 79.0 75.8 34.0
-38.8 79.0 75.7 33.8
-38.6 79.0 75.6 33.6
-38.4 79.0 75.5 33.3
-38.2 79.0 75.3 33.1
-38.0 79.0 75.2 32.9
-37.8 79.0 75.0 32.6
-37.6 79.0 74.8 32.3
-37.4 79.0 74.6 32.1
-37.2 79.0 74.4 31.8
-37.0 79.0 74.1 31.6
-36.8 79.0 73.9 31.3
-36.6 79.0 73.6 31.1
-36.4 79.0 73.3 30.9
-36.2 79.0 73.0 30.7
-36.0 79.0 72.7 30.5
-35.8 79.0 72.5 30.3
-35.6 79.0 72.2 30.1
-35.4 79.0 71.8 29.9
-35.2 79.0 71.5 29.8
-35.0 79.0 71.2 29.6
-34.8 79.0 70.9 29.4
-34.6 79.0 70.5 29.2
-34.4 79.0 70.2 29.1
-34.2 79.0 69.8 28.9
-34.0 79.0 69.4 28.7
-33.8 79.0 69.0 28.6
-33.6 79.0 68.6 28.4
-33.4 79.0 68.1 28.2
-33.2 79.0 67.7 28.1
-33.0 79.0 67.2 27.9
-32.8 79.0 66.8 27.8
-32.6 79.0 66.3 27.6
-32.4 79.0 65.8 27.5
-32.2 79.0 65.3 27.3
-32.0 79.0 64.8 27.2
-31.8 79.0 64.3 27.0
-31.6 79.0 63.7 26.8
-31.4 79.0 63.2 26.7
-31.2 79.0 62.6 26.5
-31.0 79.0 62.0 26.3
-30.8 79.0 61.4 26.2
-30.6 79.0 60.8 26.0
-30.4 79.0 60.1 25.8
-30.2 79.0 59.4 25.6
-30.0 79.0 58.7 25.4
-29.8 79.0 58.0 25.2
-29.6 79.0 57.2 24.9
-29.4 79.0 56.4 24.7
-29.2 79.0 55.6 24.5
-29.0 79.0 54.7 24.3
-28.8 79.0 53.9 24.0
-28.6 79.0 53.0 23.8
-28.4 79.0 52.2 23.6
-28.2 79.0 51.4 23.3
-28.0 79.0 50.6 23.1
-27.8 79.0 49.8 22.9
-27.6 79.0 49.0 22.6
-27.4 79.0 48.2 22.4
-27.2 79.0 47.5 22.2
-27.0 79.0 46.7 21.9
-26.8 79.0 46.0 21.7
-26.6 79.0 45.3 21.5
-26.4 79.0 44.6 21.2
-26.2 79.0 44.0 21.0
-26.0 79.0 43.3 20.8
-25.8 79.0 42.7 20.6
-25.6 79.0 42.1 20.4
-25.4 79.0 41.5 20.2
-25.2 79.0 40.9 19.9
-25.0 79.0 40.3 19.7
-24.8 79.0 39.7 19.5
-24.6 79.0 39.2 19.3
-24.4 79.0 38.6 19.0
-24.2 79.0 38.1 18.8
-24.0 79.0 37.6 18.5
-23.8 79.0 37.0 18.3
-23.6 79.0 36.5 18.0
-23.4 79.0 36.0 17.7
-23.2 79.0 35.5 17.4
-23.0 79.0 35.0 17.1
-22.8 79.0 34.6 16.8
-22.6 79.0 34.1 16.5
-22.4 79.0 33.7 16.2
-22.2 79.0 33.2 15.9
-22.0 79.0 32.8 15.6
-21.8 79.0 32.3 15.2
-21.6 79.0 31.9 14.9
-21.4 79.0 31.5 14.6
-21.2 79.0 31.1 14.3
-21.0 79.0 30.7 14.0
-20.8 79.0 30.3 13.7
-20.6 79.0 29.9 13.4
-20.4 79.0 29.5 13.2
-20.2 79.0 29.0 12.9
-20.0 79.0 28.6 12.6
-19.8 79.0 28.2 12.4
-19.6 79.0 27.8 12.1
-19.4 79.0 27.4 11.9
-19.2 79.0 27.0 11.6
-19.0 79.0 26.6 11.4
-18.8 79.0 26.2 11.2
-18.6 79.0 25.8 11.0
-18.4 79.0 25.4 10.8
-18.2 79.0 25.1 10.5
-18.0 79.0 24.7 10.3
-17.8 79.0 24.3 10.1
-17.6 79.0 24.0 9.9
-17.4 79.0 23.6 9.8
-17.2 79.0 23.3 9.6
-17.0 79.0 23.0 9.4
-16.8 79.0 22.7 9.2
-16.6 79.0 22.3 9.0
-16.4 79.0 22.0 8.9
-16.2 79.0 21.7 8.7
-16.0 79.0 21.4 8.5
-15.8 79.0 21.1 8.4
-15.6 79.0 20.8 8.3
-15.4 79.0 20.5 8.1
-15.2 79.0 20.2 8.0
-15.0 79.0 19.9 7.9
-14.8 79.0 19.7 7.8
-14.6 79.0 19.4 7.7
-14.4 79.0 19.1 7.6
-14.2 79.0 18.8 7.5
-14.0 79.0 18.5 7.4
-13.8 79.0 18.1 7.3
-13.6 79.0 17.8 7.2
-13.4 79.0 17.5 7.1
-13.2 79.0 17.1 7.1
-13.0 79.0 16.8 7.0
-12.8 79.0 16.4 6.9
-12.6 79.0 16.0 6.8
-12.4 79.0 15.6 6.7
-12.2 79.0 15.2 6.6
-12.0 79.0 14.8 6.5
-11.8 79.0 14.5 6.4
-11.6 79.0 14.1 6.3
-11.4 79.0 13.7 6.2
-11.2 79.0 13.4 6.1
-11.0 79.0 13.0 6.0
-10.8 79.0 12.7 5.9
-10.6 79.0 12.4 5.8
-10.4 79.0 12.2 5.7
-10.2 79.0 11.9 5.6
-10.0 79.0 11.7 5.5
-9.8 79.0 11.5 5.4
-9.6 79.0 11.3 5.3
-9.4 79.0 11.1 5.2
-9.2 79.0 10.9 5.2
-9.0 79.0 10.8 5.1
-8.8 79.0 10.6 5.0
-8.6 79.0 10.5 5.0
-8.4 79.0 10.3 4.9
-8.2 79.0 10.2 4.8
-8.0 79.0 10.1 4.8
-7.8 79.0 9.9 4.8
-7.6 79.0 9.8 4.7
-7.4 79.0 9.7 4.7
-7.2 79.0 9.5 4.6
-7.0 79.0 9.4 4.6
-6.8 79.0 9.2 4.6
-6.6 79.0 9.1 4.5
-6.4 79.0 9.0 4.5
-6.2 79.0 8.8 4.5
-6.0 79.0 8.7 4.4
-5.8 79.0 8.5 4.4
-5.6 79.0 8.4 4.3
-5.4 79.0 8.3 4.3
-5.2 79.0 8.1 4.2
-5.0 79.0 8.0 4.2
-4.8 79.0 7.9 4.1
-4.6 79.0 7.8 4.0
-4.4 79.0 7.6 3.9
-4.2 79.0 7.5 3.7
-4.0 79.0 7.4 3.6
-3.8 79.0 7.3 3.5
-3.6 79.0 7.1 3.3
-3.4 79.0 7.0 3.2
-3.2 79.0 6.9 3.0
-3.0 79.0 6.7 2.8
-2.8 79.0 6.6 2.6
-2.6 79.0 6.5 2.5
-2.4 79.0 6.3 2.3
-2.2 79.0 6.2 2.1
-2.0 79.0 6.1 2.0
-1.8 79.0 6.0 1.9
-1.6 79.0 5.9 1.7
-1.4 79.0 5.8 1.6
-1.2 79.0 5.7 1.5
-1.0 79.0 5.6 1.4
-0.8 79.0 5.6 1.4
-0.6 79.0 5.5 1.3
-0.4 79.0 5.5 1.3
-0.2 79.0 5.4 1.3
0.0 79.0 5.4 1.3
0.0 78.8 5.2 1.0
0.2 78.8 5.2 1.0
0.4 78.8 5.2 1.0
0.6 78.8 5.2 1.0
0.8 78.8 5.2 1.0
1.0 78.8 5.2 1.0
1.2 78.8 5.2 1.0
1.4 78.8 5.1 1.0
1.6 78.8 5.1 1.0
1.8 78.8 5.1 1.0
2.0 78.8 5.1 1.0
2.2 78.8 5.1 1.0
2.4 78.8 5.1 1.0
2.6 78.8 5.0 1.0
2.8 78.8 5.0 1.0
3.0 78.8 5.0 3.0
3.2 78.8 5.0 3.2
3.4 78.8 5.0 3.4
3.6 78.8 5.0 3.6
3.8 78.8 5.0 3.8
4.0 78.8 5.0 4.0
4.2 78.8 5.0 4.2
4.4 78.8 5.0 4.4
4.6 78.8 5.0 4.6
4.8 78.8 5.0 4.8
5.0 78.8 5.0 5.0
5.2 78.8 5.0 5.2
5.4 78.8 5.0 5.4
5.6 78.8 5.0 5.6
5.8 78.8 5.0 5.8
6.0 78.8 5.0 6.0
6.2 78.8 5.0 6.2
6.4 78.8 5.0 6.4
6.6 78.8 5.0 6.6
6.8 78.8 5.0 6.8
7.0 78.8 5.0 7.0
7.2 78.8 5.0 7.2
7.4 78.8 5.0 7.4
7.6 78.8 5.0 7.6
7.8 78.8 5.0 7.8
8.0 78.8 5.0 8.0
8.2 78.8 5.0 8.2
8.4 78.8 5.0 2.2
8.6 78.8 5.1 2.2
8.8 78.8 5.3 2.3
9.0 78.8 5.4 2.3
9.2 78.8 5.5 2.4
9.4 78.8 5.7 2.4
9.6 78.8 5.8 2.5
9.8 78.8 6.0 2.6
10.0 78.8 6.1 2.6
10.2 78.8 6.3 2.7
10.4 78.8 6.4 2.8
10.6 78.8 6.6 2.9
-95.6 78.8 14.7 4.3
-95.4 78.8 15.0 4.5
-95.2 78.8 15.4 4.9
-95.0 78.8 16.0 5.4
-94.8 78.8 16.8 6.0
-94.6 78.8 17.7 6.8
-94.4 78.8 18.9 7.7
-94.2 78.8 20.3 8.7
-94.0 78.8 21.8 9.7
-93.8 78.8 23.5 10.9
-93.6 78.8 25.4 12.0
-93.4 78.8 27.4 13.2
-93.2 78.8 29.5 14.4
-93.0 78.8 31.6 15.6
-92.8 78.8 33.8 16.8
-92.6 78.8 36.0 17.8
-92.4 78.8 38.2 18.9
-92.2 78.8 40.3 19.8
-92.0 78.8 42.3 20.7
-91.8 78.8 44.1 21.5
-91.6 78.8 45.9 22.1
-91.4 78.8 47.4 22.7
-91.2 78.8 48.8 23.2
-91.0 78.8 50.1 23.7
-90.8 78.8 51.2 24.0
-90.6 78.8 52.2 24.3
-90.4 78.8 53.1 24.5
-90.2 78.8 53.9 24.7
-90.0 78.8 54.6 24.8
-89.8 78.8 55.2 24.9
-89.6 78.8 55.8 25.0
-89.4 78.8 56.3 25.1
-89.2 78.8 56.7 25.1
-89.0 78.8 57.1 25.1
-88.8 78.8 57.4 25.1
-88.6 78.8 57.7 25.1
-88.4 78.8 58.0 25.1
-88.2 78.8 58.2 25.1
-88.0 78.8 58.4 25.1
-87.8 78.8 58.5 25.1
-87.6 78.8 58.6 25.1
-87.4 78.8 58.8 25.0
-87.2 78.8 58.9 25.0
-87.0 78.8 59.0 25.0
-86.8 78.8 59.2 25.0
-86.6 78.8 59.4 25.0
-86.4 78.8 59.6 25.0
-86.2 78.8 59.9 25.0
-86.0 78.8 60.2 25.0
-85.8 78.8 60.6 25.0
-85.6 78.8 61.0 25.0
-85.4 78.8 61.4 25.0
-85.2 78.8 61.8 25.1
-85.0 78.8 62.3 25.1
-84.8 78.8 62.7 25.2
-84.6 78.8 63.1 25.3
-84.4 78.8 63.6 25.4
-84.2 78.8 63.9 25.6
-84.0 78.8 64.3 25.7
-83.8 78.8 64.5 25.9
-83.6 78.8 64.7 26.1
-83.4 78.8 64.9 26.3
-83.2 78.8 65.0 26.5
-83.0 78.8 64.9 26.8
-82.8 78.8 64.9 27.0
-82.6 78.8 64.8 27.2
-82.4 78.8 64.6 27.4
-82.2 78.8 64.4 27.6
-82.0 78.8 64.1 27.8
-81.8 78.8 63.9 27.9
-81.6 78.8 63.7 28.1
-81.4 78.8 63.4 28.2
-81.2 78.8 63.2 28.3
-81.0 78.8 63.0 28.4
-80.8 78.8 62.9 28.5
-80.6 78.8 62.7 28.6
-80.4 78.8 62.6 28.7
-80.2 78.8 62.5 28.8
-80.0 78.8 62.5 28.9
-79.8 78.8 62.5 28.9
-79.6 78.8 62.5 29.0
-79.4 78.8 62.5 29.1
-79.2 78.8 62.6 29.3
-79.0 78.8 62.7 29.4
-78.8 78.8 62.8 29.5
-78.6 78.8 62.9 29.6
-78.4 78.8 63.1 29.7
-78.2 78.8 63.2 29.9
-78.0 78.8 63.4 30.0
-77.8 78.8 63.6 30.1
-77.6 78.8 63.8 30.2
-77.4 78.8 64.1 30.3
-77.2 78.8 64.3 30.4
-77.0 78.8 64.5 30.5
-76.8 78.8 64.8 30.6
-76.6 78.8 65.0 30.6
-76.4 78.8 65.3 30.7
-76.2 78.8 65.5 30.8
-76.0 78.8 65.7 30.8
-75.8 78.8 66.0 30.8
-75.6 78.8 66.2 30.9
-75.4 78.8 66.4 30.9
-75.2 78.8 66.6 30.8
-75.0 78.8 66.8 30.8
-74.8 78.8 66.9 30.8
-74.6 78.8 67.1 30.7
-74.4 78.8 67.3 30.6
-74.2 78.8 67.4 30.5
-74.0 78.8 67.6 30.4
-73.8 78.8 67.7 30.3
-73.6 78.8 67.9 30.3
-73.4 78.8 68.0 30.2
-73.2 78.8 68.1 30.1
-73.0 78.8 68.2 30.1
-72.8 78.8 68.4 30.0
-72.6 78.8 68.5 30.0
-72.4 78.8 68.6 30.1
-72.2 78.8 68.7 30.2
-72.0 78.8 68.8 30.3
-71.8 78.8 69.0 30.4
-71.6 78.8 69.1 30.6
-71.4 78.8 69.2 30.8
-71.2 78.8 69.3 31.0
-71.0 78.8 69.5 31.2
-70.8 78.8 69.6 31.5
-70.6 78.8 69.7 31.7
-70.4 78.8 69.8 32.0
-70.2 78.8 69.9 32.2
-70.0 78.8 70.1 32.5
-69.8 78.8 70.2 32.7
-69.6 78.8 70.3 32.9
-69.4 78.8 70.4 33.0
-69.2 78.8 70.5 33.1
-69.0 78.8 70.6 33.2
-68.8 78.8 70.7 33.3
-68.6 78.8 70.9 33.4
-68.4 78.8 71.0 33.4
-68.2 78.8 71.2 33.3
-68.0 78.8 71.3 33.3
-67.8 78.8 71.5 33.2
-67.6 78.8 71.6 33.1
-67.4 78.8 71.8 33.0
-67.2 78.8 71.9 32.9
-67.0 78.8 72.1 32.8
-66.8 78.8 72.2 32.7
-66.6 78.8 72.4 32.6
-66.4 78.8 72.5 32.5
-66.2 78.8 72.6 32.5
-66.0 78.8 72.7 32.4
-65.8 78.8 72.9 32.4
-65.6 78.8 73.0 32.4
-65.4 78.8 73.1 32.4
-65.2 78.8 73.3 32.4
-65.0 78.8 73.4 32.4
-64.8 78.8 73.6 32.4
-64.6 78.8 73.8 32.5
-64.4 78.8 74.0 32.5
-64.2 78.8 74.2 32.5
-64.0 78.8 74.4 32.5
-63.8 78.8 74.6 32.6
-63.6 78.8 74.8 32.6
-63.4 78.8 75.0 32.6
-63.2 78.8 75.2 32.6
-63.0 78.8 75.4 32.7
-62.8 78.8 75.5 32.7
-62.6 78.8 75.7 32.8
-62.4 78.8 75.7 32.9
-62.2 78.8 75.8 32.9
-62.0 78.8 75.8 33.0
-61.8 78.8 75.8 33.1
-61.6 78.8 75.8 33.2
-61.4 78.8 75.8 33.3
-61.2 78.8 75.8 33.4
-61.0 78.8 75.7 33.5
-60.8 78.8 75.7 33.6
-60.6 78.8 75.7 33.7
-60.4 78.8 75.8 33.7
-60.2 78.8 75.8 33.8
-60.0 78.8 75.9 33.8
-59.8 78.8 75.9 33.8
-59.6 78.8 76.1 33.8
-59.4 78.8 76.2 33.8
-59.2 78.8 76.3 33.8
-59.0 78.8 76.5 33.8
-58.8 78.8 76.7 33.7
-58.6 78.8 76.9 33.7
-58.4 78.8 77.1 33.7
-58.2 78.8 77.3 33.6
-58.0 78.8 77.6 33.6
-57.8 78.8 77.9 33.6
-57.6 78.8 78.1 33.6
-57.4 78.8 78.5 33.6
-57.2 78.8 78.8 33.7
-57.0 78.8 79.1 33.7
-56.8 78.8 79.4 33.8
-56.6 78.8 79.7 33.9
-56.4 78.8 80.0 33.9
-56.2 78.8 80.3 34.1
-56.0 78.8 80.6 34.2
-55.8 78.8 80.8 34.3
-55.6 78.8 81.0 34.4
-55.4 78.8 81.2 34.5
-55.2 78.8 81.4 34.6
-55.0 78.8 81.5 34.7
-54.8 78.8 81.6 34.8
-54.6 78.8 81.6 34.9
-54.4 78.8 81.7 35.0
-54.2 78.8 81.7 35.0
-54.0 78.8 81.7 35.1
-53.8 78.8 81.7 35.1
-53.6 78.8 81.6 35.1
-53.4 78.8 81.6 35.1
-53.2 78.8 81.6 35.1
-53.0 78.8 81.6 35.1
-52.8 78.8 81.5 35.1
-52.6 78.8 81.5 35.1
-52.4 78.8 81.5 35.1
-52.2 78.8 81.5 35.1
-52.0 78.8 81.5 35.1
-51.8 78.8 81.5 35.2
-51.6 78.8 81.4 35.2
-51.4 78.8 81.4 35.2
-51.2 78.8 81.4 35.2
-51.0 78.8 81.4 35.3
-50.8 78.8 81.3 35.3
-50.6 78.8 81.3 35.3
-50.4 78.8 81.2 35.4
-50.2 78.8 81.1 35.4
-50.0 78.8 81.0 35.4
-49.8 78.8 80.9 35.4
-49.6 78.8 80.8 35.4
-49.4 78.8 80.7 35.4
-49.2 78.8 80.5 35.4
-49.0 78.8 80.4 35.4
-48.8 78.8 80.3 35.4
-48.6 78.8 80.2 35.4
-48.4 78.8 80.2 35.4
-48.2 78.8 80.1 35.4
-48.0 78.8 80.0 35.3
-47.8 78.8 80.0 35.3
-47.6 78.8 79.9 35.3
-47.4 78.8 79.9 35.3
-47.2 78.8 79.8 35.2
-47.0 78.8 79.8 35.2
-46.8 78.8 79.9 35.2
-46.6 78.8 79.9 35.2
-46.4 78.8 79.9 35.1
-46.2 78.8 80.0 35.1
-46.0 78.8 80.1 35.1
-45.8 78.8 80.2 35.0
-45.6 78.8 80.3 35.0
-45.4 78.8 80.5 34.9
-45.2 78.8 80.6 34.9
-45.0 78.8 80.8 34.8
-44.8 78.8 80.9 34.7
-44.6 78.8 81.0 34.7
-44.4 78.8 81.1 34.6
-44.2 78.8 81.2 34.6
-44.0 78.8 81.2 34.5
-43.8 78.8 81.2 34.5
-43.6 78.8 81.2 34.5
-43.4 78.8 81.1 34.5
-43.2 78.8 80.9 34.5
-43.0 78.8 80.7 34.5
-42.8 78.8 80.4 34.5
-42.6 78.8 80.1 34.5
-42.4 78.8 79.7 34.5
-42.2 78.8 79.3 34.6
-42.0 78.8 78.9 34.6
-41.8 78.8 78.4 34.6
-41.6 78.8 78.0 34.6
-41.4 78.8 77.5 34.6
-41.2 78.8 77.1 34.6
-41.0 78.8 76.7 34.6
-40.8 78.8 76.3 34.6
-40.6 78.8 76.0 34.6
-40.4 78.8 75.7 34.5
-40.2 78.8 75.4 34.5
-40.0 78.8 75.2 34.4
-39.8 78.8 75.1 34.3
-39.6 78.8 75.0 34.2
-39.4 78.8 74.9 34.1
-39.2 78.8 74.8 33.9
-39.0 78.8 74.7 33.8
-38.8 78.8 74.7 33.6
-38.6 78.8 74.6 33.4
-38.4 78.8 74.6 33.2
-38.2 78.8 74.5 32.9
-38.0 78.8 74.4 32.7
-37.8 78.8 74.3 32.4
-37.6 78.8 74.2 32.2
-37.4 78.8 74.1 31.9
-37.2 78.8 73.9 31.7
-37.0 78.8 73.8 31.4
-36.8 78.8 73.6 31.1
-36.6 78.8 73.4 30.9
-36.4 78.8 73.2 30.6
-36.2 78.8 72.9 30.4
-36.0 78.8 72.7 30.2
-35.8 78.8 72.4 30.0
-35.6 78.8 72.1 29.7
-35.4 78.8 71.8 29.5
-35.2 78.8 71.5 29.3
-35.0 78.8 71.2 29.2
-34.8 78.8 70.8 29.0
-34.6 78.8 70.5 28.8
-34.4 78.8 70.2 28.6
-34.2 78.8 69.8 28.4
-34.0 78.8 69.5 28.2
-33.8 78.8 69.1 28.1
-33.6 78.8 68.8 27.9
-33.4 78.8 68.4 27.7
-33.2 78.8 68.0 27.6
-33.0 78.8 67.6 27.4
-32.8 78.8 67.2 27.3
-32.6 78.8 66.8 27.1
-32.4 78.8 66.4 27.0
-32.2 78.8 66.0 26.9
-32.0 78.8 65.6 26.7
-31.8 78.8 65.1 26.6
-31.6 78.8 64.7 26.5
-31.4 78.8 64.3 26.4
-31.2 78.8 63.8 26.2
-31.0 78.8 63.3 26.1
-30.8 78.8 62.8 26.0
-30.6 78.8 62.3 25.8
-30.4 78.8 61.8 25.7
-30.2 78.8 61.2 25.5
-30.0 78.8 60.6 25.4
-29.8 78.8 60.0 25.2
-29.6 78.8 59.4 25.0
-29.4 78.8 58.7 24.9
-29.2 78.8 58.0 24.7
-29.0 78.8 57.3 24.5
-28.8 78.8 56.5 24.3
-28.6 78.8 55.8 24.1
-28.4 78.8 55.0 24.0
-28.2 78.8 54.2 23.8
-28.0 78.8 53.5 23.6
-27.8 78.8 52.7 23.4
-27.6 78.8 52.0 23.2
-27.4 78.8 51.2 23.0
-27.2 78.8 50.5 22.8
-27.0 78.8 49.7 22.6
-26.8 78.8 49.0 22.5
-26.6 78.8 48.3 22.3
-26.4 78.8 47.6 22.1
-26.2 78.8 46.9 21.9
-26.0 78.8 46.3 21.8
-25.8 78.8 45.6 21.6
-25.6 78.8 44.9 21.4
-25.4 78.8 44.3 21.2
-25.2 78.8 43.6 21.0
-25.0 78.8 43.0 20.8
-24.8 78.8 42.4 20.6
-24.6 78.8 41.8 20.4
-24.4 78.8 41.2 20.2
-24.2 78.8 40.6 19.9
-24.0 78.8 40.0 19.7
-23.8 78.8 39.4 19.4
-23.6 78.8 38.8 19.1
-23.4 78.8 38.3 18.8
-23.2 78.8 37.7 18.5
-23.0 78.8 37.1 18.2
-22.8 78.8 36.6 17.9
-22.6 78.8 36.1 17.6
-22.4 78.8 35.6 17.3
-22.2 78.8 35.1 16.9
-22.0 78.8 34.6 16.6
-21.8 78.8 34.1 16.3
-21.6 78.8 33.6 16.0
-21.4 78.8 33.1 15.7
-21.2 78.8 32.7 15.4
-21.0 78.8 32.2 15.1
-20.8 78.8 31.8 14.8
-20.6 78.8 31.3 14.5
-20.4 78.8 30.9 14.2
-20.2 78.8 30.4 13.9
-20.0 78.8 30.0 13.6
-19.8 78.8 29.5 13.3
-19.6 78.8 29.1 13.1
-19.4 78.8 28.7 12.8
-19.2 78.8 28.3 12.6
-19.0 78.8 27.9 12.3
-18.8 78.8 27.4 12.0
-18.6 78.8 27.0 11.8
-18.4 78.8 26.6 11.6
-18.2 78.8 26.3 11.3
-18.0 78.8 25.9 11.1
-17.8 78.8 25.5 10.8
-17.6 78.8 25.1 10.6
-17.4 78.8 24.8 10.4
-17.2 78.8 24.4 10.1
-17.0 78.8 24.0 9.9
-16.8 78.8 23.7 9.7
-16.6 78.8 23.3 9.5
-16.4 78.8 23.0 9.3
-16.2 78.8 22.6 9.1
-16.0 78.8 22.2 8.9
-15.8 78.8 21.9 8.7
-15.6 78.8 21.5 8.6
-15.4 78.8 21.2 8.4
-15.2 78.8 20.8 8.2
-15.0 78.8 20.5 8.1
-14.8 78.8 20.1 7.9
-14.6 78.8 19.7 7.8
-14.4 78.8 19.4 7.7
-14.2 78.8 19.0 7.6
-14.0 78.8 18.6 7.4
-13.8 78.8 18.3 7.3
-13.6 78.8 17.9 7.2
-13.4 78.8 17.5 7.1
-13.2 78.8 17.1 7.0
-13.0 78.8 16.7 6.9
-12.8 78.8 16.2 6.8
-12.6 78.8 15.8 6.7
-12.4 78.8 15.4 6.6
-12.2 78.8 15.0 6.5
-12.0 78.8 14.6 6.4
-11.8 78.8 14.2 6.2
-11.6 78.8 13.8 6.1
-11.4 78.8 13.4 6.0
-11.2 78.8 13.0 5.9
-11.0 78.8 12.7 5.8
-10.8 78.8 12.4 5.6
-10.6 78.8 12.1 5.5
-10.4 78.8 11.8 5.4
-10.2 78.8 11.5 5.3
-10.0 78.8 11.3 5.2
-9.8 78.8 11.1 5.1
-9.6 78.8 10.9 5.0
-9.4 78.8 10.7 4.9
-9.2 78.8 10.5 4.8
-9.0 78.8 10.4 4.8
-8.8 78.8 10.2 4.7
-8.6 78.8 10.1 4.6
-8.4 78.8 9.9 4.6
-8.2 78.8 9.8 4.5
-8.0 78.8 9.7 4.5
-7.8 78.8 9.5 4.4
-7.6 78.8 9.4 4.4
-7.4 78.8 9.3 4.4
-7.2 78.8 9.1 4.3
-7.0 78.8 9.0 4.3
-6.8 78.8 8.8 4.3
-6.6 78.8 8.7 4.2
-6.4 78.8 8.5 4.2
-6.2 78.8 8.4 4.2
-6.0 78.8 8.2 4.2
-5.8 78.8 8.1 4.1
-5.6 78.8 8.0 4.1
-5.4 78.8 7.8 4.0
-5.2 78.8 7.7 4.0
-5.0 78.8 7.5 3.9
-4.8 78.8 7.4 3.8
-4.6 78.8 7.3 3.8
-4.4 78.8 7.2 3.7
-4.2 78.8 7.0 3.6
-4.0 78.8 6.9 3.4
-3.8 78.8 6.8 3.3
-3.6 78.8 6.7 3.2
-3.4 78.8 6.6 3.0
-3.2 78.8 6.4 2.8
-3.0 78.8 6.3 2.7
-2.8 78.8 6.2 2.5
-2.6 78.8 6.1 2.3
-2.4 78.8 6.0 2.2
-2.2 78.8 5.9 2.0
-2.0 78.8 5.8 1.9
-1.8 78.8 5.7 1.7
-1.6 78.8 5.6 1.6
-1.4 78.8 5.5 1.5
-1.2 78.8 5.5 1.3
-1.0 78.8 5.4 1.2
-0.8 78.8 5.3 1.2
-0.6 78.8 5.3 1.1
-0.4 78.8 5.3 1.0
-0.2 78.8 5.2 1.0
0.0 78.8 5.2 1.0
0.0 78.6 5.1 1.0
0.2 78.6 5.1 1.0
0.4 78.6 5.1 1.0
0.6 78.6 5.1 1.0
0.8 78.6 5.1 1.0
1.0 78.6 5.0 1.0
1.2 78.6 5.0 1.0
1.4 78.6 5.0 1.0
1.6 78.6 5.0 1.6
1.8 78.6 5.0 1.8
2.0 78.6 5.0 2.0
2.2 78.6 5.0 2.2
2.4 78.6 5.0 2.4
2.6 78.6 5.0 2.6
2.8 78.6 5.0 2.8
3.0 78.6 5.0 3.0
3.2 78.6 5.0 3.2
3.4 78.6 5.0 3.4
3.6 78.6 5.0 3.6
3.8 78.6 5.0 3.8
4.0 78.6 5.0 4.0
4.2 78.6 5.0 4.2
4.4 78.6 5.0 4.4
4.6 78.6 5.0 4.6
4.8 78.6 5.0 4.8
5.0 78.6 5.0 5.0
5.2 78.6 5.0 5.2
5.4 78.6 5.0 5.4
5.6 78.6 5.0 5.6
5.8 78.6 5.0 5.8
6.0 78.6 5.0 6.0
6.2 78.6 5.0 6.2
6.4 78.6 5.0 6.4
6.6 78.6 5.0 6.6
6.8 78.6 5.0 6.8
7.0 78.6 5.0 7.0
7.2 78.6 5.0 7.2
7.4 78.6 5.0 7.4
7.6 78.6 5.0 7.6
7.8 78.6 5.0 7.8
8.0 78.6 5.0 8.0
8.2 78.6 5.0 8.2
8.4 78.6 5.0 8.4
8.6 78.6 5.0 8.6
8.8 78.6 5.1 2.2
9.0 78.6 5.2 2.3
9.2 78.6 5.4 2.4
-94.2 78.6 22.0 8.6
-94.0 78.6 23.5 9.6
-93.8 78.6 25.3 10.7
-93.6 78.6 27.1 11.8
-93.4 78.6 29.1 13.0
-93.2 78.6 31.2 14.1
-93.0 78.6 33.3 15.2
-92.8 78.6 35.4 16.3
-92.6 78.6 37.5 17.4
-92.4 78.6 39.5 18.4
-92.2 78.6 41.4 19.3
-92.0 78.6 43.2 20.1
-91.8 78.6 44.8 20.9
-91.6 78.6 46.3 21.5
-91.4 78.6 47.7 22.1
-91.2 78.6 48.8 22.6
-91.0 78.6 49.9 23.1
-90.8 78.6 50.8 23.4
-90.6 78.6 51.6 23.8
-90.4 78.6 52.3 24.0
-90.2 78.6 52.9 24.2
-90.0 78.6 53.5 24.4
-89.8 78.6 54.1 24.5
-89.6 78.6 54.6 24.7
-89.4 78.6 55.1 24.8
-89.2 78.6 55.5 24.9
-89.0 78.6 56.0 24.9
-88.8 78.6 56.4 25.0
-88.6 78.6 56.8 25.0
-88.4 78.6 57.2 25.1
-88.2 78.6 57.5 25.1
-88.0 78.6 57.9 25.1
-87.8 78.6 58.1 25.1
-87.6 78.6 58.4 25.1
-87.4 78.6 58.6 25.0
-87.2 78.6 58.8 25.0
-87.0 78.6 59.0 25.0
-86.8 78.6 59.2 24.9
-86.6 78.6 59.4 24.9
-86.4 78.6 59.6 24.8
-86.2 78.6 59.9 24.8
-86.0 78.6 60.1 24.8
-85.8 78.6 60.4 24.8
-85.6 78.6 60.7 24.8
-85.4 78.6 61.0 24.8
-85.2 78.6 61.3 24.8
-85.0 78.6 61.7 24.8
-84.8 78.6 62.1 24.9
-84.6 78.6 62.5 25.0
-84.4 78.6 62.9 25.1
-84.2 78.6 63.3 25.2
-84.0 78.6 63.7 25.4
-83.8 78.6 64.0 25.5
-83.6 78.6 64.3 25.7
-83.4 78.6 64.6 25.9
-83.2 78.6 64.7 26.0
-83.0 78.6 64.8 26.2
-82.8 78.6 64.9 26.4
-82.6 78.6 64.9 26.6
-82.4 78.6 64.8 26.8
-82.2 78.6 64.6 26.9
-82.0 78.6 64.4 27.1
-81.8 78.6 64.2 27.2
-81.6 78.6 64.0 27.4
-81.4 78.6 63.7 27.5
-81.2 78.6 63.5 27.6
-81.0 78.6 63.3 27.7
-80.8 78.6 63.1 27.9
-80.6 78.6 62.9 28.0
-80.4 78.6 62.8 28.1
-80.2 78.6 62.7 28.2
-80.0 78.6 62.6 28.3
-79.8 78.6 62.6 28.4
-79.6 78.6 62.6 28.5
-79.4 78.6 62.6 28.6
-79.2 78.6 62.7 28.8
-79.0 78.6 62.7 28.9
-78.8 78.6 62.8 29.0
-78.6 78.6 62.9 29.2
-78.4 78.6 63.0 29.3
-78.2 78.6 63.1 29.5
-78.0 78.6 63.2 29.6
-77.8 78.6 63.3 29.8
-77.6 78.6 63.4 29.9
-77.4 78.6 63.6 30.1
-77.2 78.6 63.8 30.2
-77.0 78.6 63.9 30.3
-76.8 78.6 64.1 30.5
-76.6 78.6 64.3 30.6
-76.4 78.6 64.5 30.7
-76.2 78.6 64.7 30.8
-76.0 78.6 64.9 30.9
-75.8 78.6 65.2 30.9
-75.6 78.6 65.4 31.0
-75.4 78.6 65.6 31.1
-75.2 78.6 65.9 31.1
-75.0 78.6 66.1 31.1
-74.8 78.6 66.2 31.1
-74.6 78.6 66.4 31.1
-74.4 78.6 66.6 31.0
-74.2 78.6 66.7 31.0
-74.0 78.6 66.9 30.9
-73.8 78.6 67.0 30.9
-73.6 78.6 67.1 30.8
-73.4 78.6 67.1 30.7
-73.2 78.6 67.2 30.7
-73.0 78.6 67.3 30.6
-72.8 78.6 67.4 30.6
-72.6 78.6 67.4 30.6
-72.4 78.6 67.5 30.6
-72.2 78.6 67.6 30.7
-72.0 78.6 67.7 30.8
-71.8 78.6 67.8 30.9
-71.6 78.6 67.9 31.1
-71.4 78.6 68.0 31.2
-71.2 78.6 68.2 31.4
-71.0 78.6 68.3 31.6
-70.8 78.6 68.4 31.8
-70.6 78.6 68.6 32.1
-70.4 78.6 68.7 32.3
-70.2 78.6 68.9 32.5
-70.0 78.6 69.0 32.6
-69.8 78.6 69.2 32.8
-69.6 78.6 69.3 32.9
-69.4 78.6 69.5 33.0
-69.2 78.6 69.7 33.1
-69.0 78.6 69.8 33.1
-68.8 78.6 70.0 33.1
-68.6 78.6 70.2 33.1
-68.4 78.6 70.5 33.0
-68.2 78.6 70.7 32.9
-68.0 78.6 70.9 32.8
-67.8 78.6 71.2 32.6
-67.6 78.6 71.5 32.5
-67.4 78.6 71.8 32.4
-67.2 78.6 72.1 32.2
-67.0 78.6 72.3 32.0
-66.8 78.6 72.6 31.9
-66.6 78.6 72.9 31.8
-66.4 78.6 73.1 31.7
-66.2 78.6 73.3 31.6
-66.0 78.6 73.5 31.6
-65.8 78.6 73.7 31.5
-65.6 78.6 73.9 31.5
-65.4 78.6 74.0 31.5
-65.2 78.6 74.1 31.6
-65.0 78.6 74.3 31.6
-64.8 78.6 74.4 31.7
-64.6 78.6 74.5 31.7
-64.4 78.6 74.7 31.8
-64.2 78.6 74.8 31.9
-64.0 78.6 74.9 31.9
-63.8 78.6 75.0 32.0
-63.6 78.6 75.1 32.1
-63.4 78.6 75.2 32.2
-63.2 78.6 75.2 32.2
-63.0 78.6 75.3 32.3
-62.8 78.6 75.3 32.4
-62.6 78.6 75.3 32.5
-62.4 78.6 75.3 32.6
-62.2 78.6 75.3 32.7
-62.0 78.6 75.3 32.8
-61.8 78.6 75.2 32.9
-61.6 78.6 75.2 33.0
-61.4 78.6 75.1 33.1
-61.2 78.6 75.1 33.2
-61.0 78.6 75.1 33.3
-60.8 78.6 75.0 33.4
-60.6 78.6 75.0 33.5
-60.4 78.6 75.0 33.6
-60.2 78.6 75.1 33.6
-60.0 78.6 75.1 33.7
-59.8 78.6 75.2 33.7
-59.6 78.6 75.2 33.7
-59.4 78.6 75.3 33.7
-59.2 78.6 75.4 33.7
-59.0 78.6 75.6 33.7
-58.8 78.6 75.7 33.6
-58.6 78.6 75.9 33.6
-58.4 78.6 76.0 33.6
-58.2 78.6 76.3 33.6
-58.0 78.6 76.5 33.6
-57.8 78.6 76.7 33.6
-57.6 78.6 77.0 33.7
-57.4 78.6 77.2 33.7
-57.2 78.6 77.5 33.8
-57.0 78.6 77.8 33.8
-56.8 78.6 78.1 33.9
-56.6 78.6 78.4 34.0
-56.4 78.6 78.7 34.1
-56.2 78.6 78.9 34.2
-56.0 78.6 79.1 34.3
-55.8 78.6 79.3 34.4
-55.6 78.6 79.5 34.5
-55.4 78.6 79.7 34.6
-55.2 78.6 79.8 34.7
-55.0 78.6 79.9 34.7
-54.8 78.6 79.9 34.8
-54.6 78.6 80.0 34.8
-54.4 78.6 80.0 34.8
-54.2 78.6 80.0 34.9
-54.0 78.6 80.0 34.9
-53.8 78.6 80.0 34.9
-53.6 78.6 80.0 34.9
-53.4 78.6 80.0 34.8
-53.2 78.6 80.0 34.8
-53.0 78.6 80.0 34.8
-52.8 78.6 80.0 34.8
-52.6 78.6 80.0 34.8
-52.4 78.6 80.0 34.8
-52.2 78.6 80.0 34.9
-52.0 78.6 80.0 34.9
-51.8 78.6 80.0 34.9
-51.6 78.6 80.0 34.9
-51.4 78.6 80.1 35.0
-51.2 78.6 80.1 35.0
-51.0 78.6 80.0 35.1
-50.8 78.6 80.0 35.1
-50.6 78.6 80.0 35.2
-50.4 78.6 79.9 35.2
-50.2 78.6 79.8 35.2
-50.0 78.6 79.7 35.2
-49.8 78.6 79.6 35.2
-49.6 78.6 79.5 35.2
-49.4 78.6 79.4 35.2
-49.2 78.6 79.3 35.2
-49.0 78.6 79.2 35.1
-48.8 78.6 79.1 35.1
-48.6 78.6 79.1 35.0
-48.4 78.6 79.0 34.9
-48.2 78.6 78.9 34.9
-48.0 78.6 78.9 34.8
-47.8 78.6 78.9 34.7
-47.6 78.6 78.9 34.7
-47.4 78.6 78.9 34.6
-47.2 78.6 78.9 34.6
-47.0 78.6 79.0 34.5
-46.8 78.6 79.1 34.5
-46.6 78.6 79.2 34.5
-46.4 78.6 79.3 34.4
-46.2 78.6 79.4 34.4
-46.0 78.6 79.5 34.4
-45.8 78.6 79.7 34.4
-45.6 78.6 79.9 34.4
-45.4 78.6 80.0 34.4
-45.2 78.6 80.2 34.4
-45.0 78.6 80.3 34.3
-44.8 78.6 80.5 34.3
-44.6 78.6 80.6 34.3
-44.4 78.6 80.6 34.3
-44.2 78.6 80.7 34.3
-44.0 78.6 80.7 34.3
-43.8 78.6 80.6 34.3
-43.6 78.6 80.5 34.3
-43.4 78.6 80.3 34.3
-43.2 78.6 80.1 34.3
-43.0 78.6 79.8 34.3
-42.8 78.6 79.5 34.4
-42.6 78.6 79.1 34.4
-42.4 78.6 78.7 34.4
-42.2 78.6 78.3 34.4
-42.0 78.6 77.8 34.4
-41.8 78.6 77.4 34.4
-41.6 78.6 76.9 34.4
-41.4 78.6 76.5 34.4
-41.2 78.6 76.0 34.4
-41.0 78.6 75.6 34.3
-40.8 78.6 75.3 34.3
-40.6 78.6 74.9 34.2
-40.4 78.6 74.7 34.2
-40.2 78.6 74.5 34.1
-40.0 78.6 74.3 34.0
-39.8 78.6 74.2 33.9
-39.6 78.6 74.1 33.7
-39.4 78.6 74.0 33.6
-39.2 78.6 74.0 33.5
-39.0 78.6 73.9 33.3
-38.8 78.6 73.9 33.2
-38.6 78.6 73.9 33.0
-38.4 78.6 73.9 32.8
-38.2 78.6 73.9 32.6
-38.0 78.6 73.9 32.4
-37.8 78.6 73.9 32.1
-37.6 78.6 73.8 31.9
-37.4 78.6 73.8 31.7
-37.2 78.6 73.7 31.4
-37.0 78.6 73.6 31.1
-36.8 78.6 73.4 30.9
-36.6 78.6 73.2 30.6
-36.4 78.6 73.0 30.4
-36.2 78.6 72.8 30.1
-36.0 78.6 72.5 29.9
-35.8 78.6 72.2 29.7
-35.6 78.6 71.8 29.4
-35.4 78.6 71.5 29.2
-35.2 78.6 71.1 29.0
-35.0 78.6 70.7 28.8
-34.8 78.6 70.3 28.6
-34.6 78.6 70.0 28.4
-34.4 78.6 69.6 28.2
-34.2 78.6 69.2 28.0
-34.0 78.6 68.8 27.8
-33.8 78.6 68.4 27.6
-33.6 78.6 68.1 27.4
-33.4 78.6 67.7 27.2
-33.2 78.6 67.4 27.0
-33.0 78.6 67.0 26.9
-32.8 78.6 66.6 26.7
-32.6 78.6 66.3 26.6
-32.4 78.6 65.9 26.5
-32.2 78.6 65.5 26.3
-32.0 78.6 65.1 26.2
-31.8 78.6 64.7 26.1
-31.6 78.6 64.3 26.0
-31.4 78.6 63.9 25.9
-31.2 78.6 63.6 25.8
-31.0 78.6 63.2 25.7
-30.8 78.6 62.8 25.6
-30.6 78.6 62.4 25.5
-30.4 78.6 62.0 25.4
-30.2 78.6 61.6 25.3
-30.0 78.6 61.1 25.2
-29.8 78.6 60.7 25.1
-29.6 78.6 60.2 25.0
-29.4 78.6 59.7 24.8
-29.2 78.6 59.2 24.7
-29.0 78.6 58.7 24.6
-28.8 78.6 58.1 24.4
-28.6 78.6 57.5 24.3
-28.4 78.6 56.9 24.2
-28.2 78.6 56.3 24.0
-28.0 78.6 55.6 23.9
-27.8 78.6 55.0 23.7
-27.6 78.6 54.4 23.6
-27.4 78.6 53.7 23.5
-27.2 78.6 53.0 23.3
-27.0 78.6 52.4 23.2
-26.8 78.6 51.7 23.1
-26.6 78.6 51.0 22.9
-26.4 78.6 50.3 22.8
-26.2 78.6 49.7 22.7
-26.0 78.6 49.0 22.5
-25.8 78.6 48.3 22.4
-25.6 78.6 47.6 22.2
-25.4 78.6 47.0 22.0
-25.2 78.6 46.3 21.9
-25.0 78.6 45.6 21.7
-24.8 78.6 45.0 21.5
-24.6 78.6 44.3 21.3
-24.4 78.6 43.7 21.0
-24.2 78.6 43.0 20.8
-24.0 78.6 42.4 20.5
-23.8 78.6 41.7 20.3
-23.6 78.6 41.1 20.0
-23.4 78.6 40.5 19.7
-23.2 78.6 39.9 19.4
-23.0 78.6 39.3 19.1
-22.8 78.6 38.7 18.8
-22.6 78.6 38.1 18.5
-22.4 78.6 37.5 18.2
-22.2 78.6 37.0 17.9
-22.0 78.6 36.4 17.6
-21.8 78.6 35.9 17.3
-21.6 78.6 35.4 17.0
-21.4 78.6 34.9 16.7
-21.2 78.6 34.3 16.4
-21.0 78.6 33.8 16.1
-20.8 78.6 33.3 15.8
-20.6 78.6 32.8 15.6
-20.4 78.6 32.4 15.3
-20.2 78.6 31.9 15.0
-20.0 78.6 31.4 14.7
-19.8 78.6 30.9 14.5
-19.6 78.6 30.5 14.2
-19.4 78.6 30.0 13.9
-19.2 78.6 29.6 13.6
-19.0 78.6 29.1 13.4
-18.8 78.6 28.7 13.1
-18.6 78.6 28.3 12.8
-18.4 78.6 27.8 12.5
-18.2 78.6 27.4 12.2
-18.0 78.6 27.0 11.9
-17.8 78.6 26.6 11.6
-17.6 78.6 26.1 11.3
-17.4 78.6 25.7 11.0
-17.2 78.6 25.3 10.8
-17.0 78.6 24.9 10.5
-16.8 78.6 24.4 10.2
-16.6 78.6 24.0 10.0
-16.4 78.6 23.5 9.7
-16.2 78.6 23.1 9.5
-16.0 78.6 22.6 9.2
-15.8 78.6 22.1 9.0
-15.6 78.6 21.7 8.8
-15.4 78.6 21.2 8.6
-15.2 78.6 20.7 8.4
-15.0 78.6 20.3 8.2
-14.8 78.6 19.8 8.0
-14.6 78.6 19.4 7.8
-14.4 78.6 18.9 7.6
-14.2 78.6 18.5 7.5
-14.0 78.6 18.0 7.3
-13.8 78.6 17.6 7.2
-13.6 78.6 17.1 7.0
-13.4 78.6 16.7 6.9
-13.2 78.6 16.2 6.7
-13.0 78.6 15.8 6.6
-12.8 78.6 15.4 6.5
-12.6 78.6 14.9 6.3
-12.4 78.6 14.5 6.2
-12.2 78.6 14.1 6.1
-12.0 78.6 13.7 6.0
-11.8 78.6 13.3 5.8
-11.6 78.6 12.9 5.7
-11.4 78.6 12.5 5.6
-11.2 78.6 12.2 5.5
-11.0 78.6 11.9 5.4
-10.8 78.6 11.6 5.2
-10.6 78.6 11.3 5.1
-10.4 78.6 11.0 5.0
-10.2 78.6 10.8 4.9
-10.0 78.6 10.5 4.8
-9.8 78.6 10.3 4.7
-9.6 78.6 10.1 4.7
-9.4 78.6 10.0 4.6
-9.2 78.6 9.8 4.5
-9.0 78.6 9.6 4.5
-8.8 78.6 9.5 4.4
-8.6 78.6 9.4 4.4
-8.4 78.6 9.2 4.3
-8.2 78.6 9.1 4.3
-8.0 78.6 9.0 4.2
-7.8 78.6 8.8 4.2
-7.6 78.6 8.7 4.1
-7.4 78.6 8.6 4.1
-7.2 78.6 8.5 4.0
-7.0 78.6 8.4 4.0
-6.8 78.6 8.2 4.0
-6.6 78.6 8.1 3.9
-6.4 78.6 8.0 3.9
-6.2 78.6 7.8 3.8
-6.0 78.6 7.7 3.8
-5.8 78.6 7.5 3.8
-5.6 78.6 7.4 3.7
-5.4 78.6 7.3 3.7
-5.2 78.6 7.2 3.6
-5.0 78.6 7.0 3.5
-4.8 78.6 6.9 3.5
-4.6 78.6 6.8 3.4
-4.4 78.6 6.7 3.3
-4.2 78.6 6.6 3.2
-4.0 78.6 6.5 3.1
-3.8 78.6 6.4 3.0
-3.6 78.6 6.3 2.9
-3.4 78.6 6.2 2.7
-3.2 78.6 6.1 2.6
-3.0 78.6 6.0 2.4
-2.8 78.6 5.9 2.3
-2.6 78.6 5.8 2.2
-2.4 78.6 5.7 2.0
-2.2 78.6 5.6 1.9
-2.0 78.6 5.5 1.7
-1.8 78.6 5.5 1.6
-1.6 78.6 5.4 1.5
-1.4 78.6 5.4 1.3
-1.2 78.6 5.3 1.2
-1.0 78.6 5.3 1.1
-0.8 78.6 5.2 1.0
-0.6 78.6 5.2 1.0
-0.4 78.6 5.2 1.0
-0.2 78.6 5.1 1.0
0.0 78.6 5.1 1.0
0.0 78.4 5.0 1.0
0.2 78.4 5.0 1.0
0.4 78.4 5.0 1.0
0.6 78.4 5.0 1.0
0.8 78.4 5.0 1.0
1.0 78.4 5.0 1.0
1.2 78.4 5.0 1.2
1.4 78.4 5.0 1.4
1.6 78.4 5.0 1.6
1.8 78.4 5.0 1.8
2.0 78.4 5.0 2.0
2.2 78.4 5.0 2.2
2.4 78.4 5.0 2.4
2.6 78.4 5.0 2.6
2.8 78.4 5.0 2.8
3.0 78.4 5.0 3.0
3.2 78.4 5.0 3.2
3.4 78.4 5.0 3.4
3.6 78.4 5.0 3.6
3.8 78.4 5.0 3.8
4.0 78.4 5.0 4.0
4.2 78.4 5.0 4.2
4.4 78.4 5.0 4.4
4.6 78.4 5.0 4.6
4.8 78.4 5.0 4.8
5.0 78.4 5.0 5.0
5.2 78.4 5.0 5.2
5.4 78.4 5.0 5.4
5.6 78.4 5.0 5.6
5.8 78.4 5.0 5.8
6.0 78.4 5.0 6.0
6.2 78.4 5.0 6.2
6.4 78.4 5.0 6.4
6.6 78.4 5.0 6.6
6.8 78.4 5.0 6.8
7.0 78.4 5.0 7.0
7.2 78.4 5.0 7.2
7.4 78.4 5.0 7.4
7.6 78.4 5.0 7.6
7.8 78.4 5.0 7.8
8.0 78.4 5.0 8.0
-93.0 78.4 34.7 14.8
-92.8 78.4 36.7 15.8
-92.6 78.4 38.7 16.8
-92.4 78.4 40.6 17.8
-92.2 78.4 42.3 18.6
-92.0 78.4 43.9 19.4
-91.8 78.4 45.4 20.2
-91.6 78.4 46.7 20.8
-91.4 78.4 47.9 21.4
-91.2 78.4 48.9 22.0
-91.0 78.4 49.7 22.4
-90.8 78.4 50.5 22.8
-90.6 78.4 51.1 23.1
-90.4 78.4 51.7 23.4
-90.2 78.4 52.3 23.7
-90.0 78.4 52.8 24.0
-89.8 78.4 53.3 24.2
-89.6 78.4 53.8 24.4
-89.4 78.4 54.4 24.6
-89.2 78.4 54.9 24.7
-89.0 78.4 55.5 24.9
-88.8 78.4 56.0 25.0
-88.6 78.4 56.6 25.2
-88.4 78.4 57.1 25.3
-88.2 78.4 57.6 25.3
-88.0 78.4 58.0 25.4
-87.8 78.4 58.4 25.5
-87.6 78.4 58.8 25.5
-87.4 78.4 59.1 25.5
-87.2 78.4 59.4 25.4
-87.0 78.4 59.6 25.4
-86.8 78.4 59.8 25.3
-86.6 78.4 60.0 25.3
-86.4 78.4 60.1 25.2
-86.2 78.4 60.2 25.1
-86.0 78.4 60.3 25.1
-85.8 78.4 60.4 25.0
-85.6 78.4 60.6 25.0
-85.4 78.4 60.7 24.9
-85.2 78.4 60.9 24.9
-85.0 78.4 61.1 24.9
-84.8 78.4 61.4 25.0
-84.6 78.4 61.7 25.0
-84.4 78.4 62.0 25.0
-84.2 78.4 62.3 25.1
-84.0 78.4 62.7 25.1
-83.8 78.4 63.0 25.2
-83.6 78.4 63.4 25.3
-83.4 78.4 63.7 25.4
-83.2 78.4 63.9 25.4
-83.0 78.4 64.1 25.5
-82.8 78.4 64.2 25.6
-82.6 78.4 64.3 25.7
-82.4 78.4 64.2 25.8
-82.2 78.4 64.2 26.0
-82.0 78.4 64.0 26.1
-81.8 78.4 63.8 26.2
-81.6 78.4 63.6 26.3
-81.4 78.4 63.4 26.4
-81.2 78.4 63.2 26.5
-81.0 78.4 63.0 26.7
-80.8 78.4 62.8 26.8
-80.6 78.4 62.7 26.9
-80.4 78.4 62.5 27.0
-80.2 78.4 62.5 27.1
-80.0 78.4 62.4 27.3
-79.8 78.4 62.4 27.4
-79.6 78.4 62.4 27.5
-79.4 78.4 62.4 27.7
-79.2 78.4 62.4 27.8
-79.0 78.4 62.5 28.0
-78.8 78.4 62.5 28.1
-78.6 78.4 62.6 28.3
-78.4 78.4 62.6 28.4
-78.2 78.4 62.6 28.5
-78.0 78.4 62.7 28.7
-77.8 78.4 62.7 28.8
-77.6 78.4 62.8 29.0
-77.4 78.4 62.9 29.1
-77.2 78.4 63.0 29.3
-77.0 78.4 63.1 29.4
-76.8 78.4 63.2 29.6
-76.6 78.4 63.3 29.7
-76.4 78.4 63.5 29.8
-76.2 78.4 63.7 30.0
-76.0 78.4 63.9 30.1
-75.8 78.4 64.2 30.2
-75.6 78.4 64.4 30.4
-75.4 78.4 64.7 30.5
-75.2 78.4 64.9 30.5
-75.0 78.4 65.2 30.6
-74.8 78.4 65.4 30.7
-74.6 78.4 65.7 30.7
-74.4 78.4 65.9 30.7
-74.2 78.4 66.1 30.7
-74.0 78.4 66.3 30.7
-73.8 78.4 66.4 30.7
-73.6 78.4 66.6 30.7
-73.4 78.4 66.7 30.6
-73.2 78.4 66.8 30.6
-73.0 78.4 66.9 30.6
-72.8 78.4 66.9 30.6
-72.6 78.4 67.0 30.6
-72.4 78.4 67.1 30.6
-72.2 78.4 67.2 30.7
-72.0 78.4 67.2 30.8
-71.8 78.4 67.3 30.9
-71.6 78.4 67.4 31.0
-71.4 78.4 67.5 31.2
-71.2 78.4 67.6 31.3
-71.0 78.4 67.7 31.5
-70.8 78.4 67.8 31.7
-70.6 78.4 68.0 31.8
-70.4 78.4 68.1 31.9
-70.2 78.4 68.2 32.1
-70.0 78.4 68.4 32.2
-69.8 78.4 68.5 32.3
-69.6 78.4 68.6 32.3
-69.4 78.4 68.8 32.4
-69.2 78.4 69.0 32.4
-69.0 78.4 69.2 32.3
-68.8 78.4 69.4 32.3
-68.6 78.4 69.6 32.2
-68.4 78.4 69.9 32.1
-68.2 78.4 70.2 32.0
-68.0 78.4 70.5 31.9
-67.8 78.4 70.8 31.7
-67.6 78.4 71.2 31.6
-67.4 78.4 71.6 31.4
-67.2 78.4 72.0 31.3
-67.0 78.4 72.4 31.1
-66.8 78.4 72.7 31.0
-66.6 78.4 73.1 30.9
-66.4 78.4 73.5 30.8
-66.2 78.4 73.8 30.8
-66.0 78.4 74.1 30.8
-65.8 78.4 74.4 30.8
-65.6 78.4 74.6 30.8
-65.4 78.4 74.8 30.9
-65.2 78.4 75.0 30.9
-65.0 78.4 75.2 31.0
-64.8 78.4 75.3 31.1
-64.6 78.4 75.4 31.2
-64.4 78.4 75.5 31.4
-64.2 78.4 75.6 31.5
-64.0 78.4 75.6 31.6
-63.8 78.4 75.6 31.7
-63.6 78.4 75.6 31.8
-63.4 78.4 75.6 31.9
-63.2 78.4 75.5 32.0
-63.0 78.4 75.4 32.2
-62.8 78.4 75.3 32.3
-62.6 78.4 75.2 32.4
-62.4 78.4 75.1 32.5
-62.2 78.4 75.0 32.6
-62.0 78.4 74.9 32.7
-61.8 78.4 74.8 32.8
-61.6 78.4 74.7 32.9
-61.4 78.4 74.7 33.0
-61.2 78.4 74.6 33.1
-61.0 78.4 74.6 33.2
-60.8 78.4 74.6 33.3
-60.6 78.4 74.6 33.3
-60.4 78.4 74.6 33.4
-60.2 78.4 74.7 33.4
-60.0 78.4 74.7 33.5
-59.8 78.4 74.8 33.5
-59.6 78.4 74.8 33.5
-59.4 78.4 74.9 33.5
-59.2 78.4 74.9 33.5
-59.0 78.4 75.0 33.5
-58.8 78.4 75.0 33.5
-58.6 78.4 75.1 33.5
-58.4 78.4 75.2 33.6
-58.2 78.4 75.3 33.6
-58.0 78.4 75.4 33.6
-57.8 78.4 75.5 33.7
-57.6 78.4 75.7 33.7
-57.4 78.4 75.8 33.8
-57.2 78.4 76.0 33.9
-57.0 78.4 76.1 33.9
-56.8 78.4 76.3 34.0
-56.6 78.4 76.4 34.1
-56.4 78.4 76.6 34.2
-56.2 78.4 76.7 34.3
-56.0 78.4 76.9 34.4
-55.8 78.4 77.0 34.5
-55.6 78.4 77.1 34.6
-55.4 78.4 77.2 34.6
-55.2 78.4 77.2 34.7
-55.0 78.4 77.3 34.7
-54.8 78.4 77.3 34.8
-54.6 78.4 77.3 34.8
-54.4 78.4 77.4 34.7
-54.2 78.4 77.4 34.7
-54.0 78.4 77.4 34.7
-53.8 78.4 77.4 34.6
-53.6 78.4 77.4 34.6
-53.4 78.4 77.4 34.5
-53.2 78.4 77.4 34.5
-53.0 78.4 77.5 34.5
-52.8 78.4 77.5 34.5
-52.6 78.4 77.5 34.5
-52.4 78.4 77.6 34.5
-52.2 78.4 77.6 34.5
-52.0 78.4 77.7 34.5
-51.8 78.4 77.7 34.6
-51.6 78.4 77.8 34.6
-51.4 78.4 77.8 34.7
-51.2 78.4 77.9 34.7
-51.0 78.4 77.9 34.8
-50.8 78.4 78.0 34.8
-50.6 78.4 78.0 34.9
-50.4 78.4 78.0 34.9
-50.2 78.4 78.0 35.0
-50.0 78.4 78.0 35.0
-49.8 78.4 78.0 35.0
-49.6 78.4 78.0 34.9
-49.4 78.4 78.0 34.9
-49.2 78.4 78.0 34.8
-49.0 78.4 78.0 34.7
-48.8 78.4 78.0 34.7
-48.6 78.4 78.0 34.6
-48.4 78.4 78.0 34.4
-48.2 78.4 78.0 34.3
-48.0 78.4 78.1 34.2
-47.8 78.4 78.1 34.1
-47.6 78.4 78.1 34.0
-47.4 78.4 78.2 33.9
-47.2 78.4 78.3 33.9
-47.0 78.4 78.3 33.8
-46.8 78.4 78.4 33.8
-46.6 78.4 78.5 33.8
-46.4 78.4 78.6 33.7
-46.2 78.4 78.7 33.8
-46.0 78.4 78.8 33.8
-45.8 78.4 78.9 33.8
-45.6 78.4 79.0 33.8
-45.4 78.4 79.1 33.9
-45.2 78.4 79.2 33.9
-45.0 78.4 79.3 33.9
-44.8 78.4 79.3 33.9
-44.6 78.4 79.3 34.0
-44.4 78.4 79.3 34.0
-44.2 78.4 79.3 34.0
-44.0 78.4 79.2 34.1
-43.8 78.4 79.0 34.1
-43.6 78.4 78.9 34.1
-43.4 78.4 78.6 34.2
-43.2 78.4 78.4 34.2
-43.0 78.4 78.1 34.2
-42.8 78.4 77.7 34.2
-42.6 78.4 77.4 34.2
-42.4 78.4 77.0 34.2
-42.2 78.4 76.6 34.2
-42.0 78.4 76.2 34.2
-41.8 78.4 75.8 34.2
-41.6 78.4 75.4 34.1
-41.4 78.4 75.0 34.1
-41.2 78.4 74.7 34.0
-41.0 78.4 74.3 34.0
-40.8 78.4 74.1 33.9
-40.6 78.4 73.8 33.8
-40.4 78.4 73.6 33.7
-40.2 78.4 73.5 33.5
-40.0 78.4 73.4 33.4
-39.8 78.4 73.3 33.3
-39.6 78.4 73.3 33.2
-39.4 78.4 73.3 33.0
-39.2 78.4 73.3 32.9
-39.0 78.4 73.3 32.7
-38.8 78.4 73.3 32.6
-38.6 78.4 73.4 32.4
-38.4 78.4 73.4 32.3
-38.2 78.4 73.5 32.1
-38.0 78.4 73.5 31.9
-37.8 78.4 73.5 31.7
-37.6 78.4 73.5 31.5
-37.4 78.4 73.4 31.3
-37.2 78.4 73.3 31.1
-37.0 78.4 73.2 30.8
-36.8 78.4 73.1 30.6
-36.6 78.4 72.8 30.4
-36.4 78.4 72.6 30.1
-36.2 78.4 72.3 29.9
-36.0 78.4 72.0 29.6
-35.8 78.4 71.6 29.4
-35.6 78.4 71.2 29.2
-35.4 78.4 70.7 28.9
-35.2 78.4 70.3 28.7
-35.0 78.4 69.8 28.5
-34.8 78.4 69.3 28.3
-34.6 78.4 68.9 28.1
-34.4 78.4 68.4 27.9
-34.2 78.4 68.0 27.7
-34.0 78.4 67.5 27.4
-33.8 78.4 67.1 27.2
-33.6 78.4 66.7 27.1
-33.4 78.4 66.4 26.9
-33.2 78.4 66.0 26.7
-33.0 78.4 65.6 26.5
-32.8 78.4 65.3 26.4
-32.6 78.4 64.9 26.2
-32.4 78.4 64.6 26.1
-32.2 78.4 64.2 25.9
-32.0 78.4 63.9 25.8
-31.8 78.4 63.5 25.7
-31.6 78.4 63.2 25.6
-31.4 78.4 62.8 25.5
-31.2 78.4 62.5 25.4
-31.0 78.4 62.2 25.3
-30.8 78.4 61.9 25.2
-30.6 78.4 61.6 25.2
-30.4 78.4 61.3 25.1
-30.2 78.4 61.0 25.0
-30.0 78.4 60.7 24.9
-29.8 78.4 60.4 24.9
-29.6 78.4 60.1 24.8
-29.4 78.4 59.8 24.7
-29.2 78.4 59.4 24.6
-29.0 78.4 59.1 24.5
-28.8 78.4 58.7 24.4
-28.6 78.4 58.3 24.3
-28.4 78.4 57.9 24.2
-28.2 78.4 57.4 24.1
-28.0 78.4 57.0 24.0
-27.8 78.4 56.5 23.9
-27.6 78.4 56.0 23.8
-27.4 78.4 55.5 23.8
-27.2 78.4 54.9 23.7
-27.0 78.4 54.3 23.6
-26.8 78.4 53.8 23.5
-26.6 78.4 53.2 23.4
-26.4 78.4 52.5 23.3
-26.2 78.4 51.9 23.2
-26.0 78.4 51.2 23.1
-25.8 78.4 50.6 22.9
-25.6 78.4 49.9 22.8
-25.4 78.4 49.2 22.6
-25.2 78.4 48.6 22.5
-25.0 78.4 47.9 22.3
-24.8 78.4 47.2 22.1
-24.6 78.4 46.6 21.9
-24.4 78.4 45.9 21.6
-24.2 78.4 45.2 21.4
-24.0 78.4 44.6 21.1
-23.8 78.4 43.9 20.9
-23.6 78.4 43.3 20.6
-23.4 78.4 42.6 20.3
-23.2 78.4 42.0 20.0
-23.0 78.4 41.4 19.8
-22.8 78.4 40.7 19.5
-22.6 78.4 40.1 19.2
-22.4 78.4 39.5 18.9
-22.2 78.4 39.0 18.7
-22.0 78.4 38.4 18.4
-21.8 78.4 37.8 18.1
-21.6 78.4 37.2 17.9
-21.4 78.4 36.7 17.6
-21.2 78.4 36.1 17.4
-21.0 78.4 35.6 17.1
-20.8 78.4 35.1 16.9
-20.6 78.4 34.5 16.7
-20.4 78.4 34.0 16.4
-20.2 78.4 33.5 16.2
-20.0 78.4 33.0 15.9
-19.8 78.4 32.5 15.6
-19.6 78.4 32.0 15.4
-19.4 78.4 31.5 15.1
-19.2 78.4 31.0 14.8
-19.0 78.4 30.5 14.5
-18.8 78.4 30.0 14.2
-18.6 78.4 29.5 13.9
-18.4 78.4 29.1 13.5
-18.2 78.4 28.6 13.2
-18.0 78.4 28.1 12.9
-17.8 78.4 27.6 12.5
-17.6 78.4 27.1 12.2
-17.4 78.4 26.6 11.8
-17.2 78.4 26.0 11.4
-17.0 78.4 25.5 11.1
-16.8 78.4 24.9 10.7
-16.6 78.4 24.3 10.4
-16.4 78.4 23.7 10.1
-16.2 78.4 23.1 9.8
-16.0 78.4 22.5 9.4
-15.8 78.4 21.9 9.1
-15.6 78.4 21.2 8.9
-15.4 78.4 20.6 8.6
-15.2 78.4 20.0 8.3
-15.0 78.4 19.4 8.0
-14.8 78.4 18.8 7.8
-14.6 78.4 18.3 7.6
-14.4 78.4 17.7 7.3
-14.2 78.4 17.2 7.1
-14.0 78.4 16.7 6.9
-13.8 78.4 16.2 6.8
-13.6 78.4 15.7 6.6
-13.4 78.4 15.2 6.4
-13.2 78.4 14.8 6.2
-13.0 78.4 14.4 6.1
-12.8 78.4 13.9 5.9
-12.6 78.4 13.5 5.8
-12.4 78.4 13.1 5.7
-12.2 78.4 12.8 5.5
-12.0 78.4 12.4 5.4
-11.8 78.4 12.1 5.3
-11.6 78.4 11.7 5.2
-11.4 78.4 11.4 5.1
-11.2 78.4 11.1 5.0
-11.0 78.4 10.8 4.9
-10.8 78.4 10.6 4.8
-10.6 78.4 10.3 4.7
-10.4 78.4 10.1 4.6
-10.2 78.4 9.8 4.5
-10.0 78.4 9.6 4.5
-9.8 78.4 9.4 4.4
-9.6 78.4 9.2 4.3
-9.4 78.4 9.1 4.3
-9.2 78.4 8.9 4.2
-9.0 78.4 8.8 4.2
-8.8 78.4 8.6 4.1
-8.6 78.4 8.5 4.1
-8.4 78.4 8.4 4.0
-8.2 78.4 8.2 4.0
-8.0 78.4 8.1 3.9
-7.8 78.4 8.0 3.9
-7.6 78.4 7.9 3.8
-7.4 78.4 7.8 3.8
-7.2 78.4 7.7 3.7
-7.0 78.4 7.6 3.7
-6.8 78.4 7.5 3.6
-6.6 78.4 7.4 3.5
-6.4 78.4 7.2 3.5
-6.2 78.4 7.1 3.4
-6.0 78.4 7.0 3.3
-5.8 78.4 6.9 3.2
-5.6 78.4 6.8 3.2
-5.4 78.4 6.7 3.1
-5.2 78.4 6.6 3.0
-5.0 78.4 6.5 2.9
-4.8 78.4 6.4 2.8
-4.6 78.4 6.3 2.8
-4.4 78.4 6.2 2.7
-4.2 78.4 6.1 2.6
-4.0 78.4 6.0 2.5
-3.8 78.4 5.9 2.4
-3.6 78.4 5.8 2.3
-3.4 78.4 5.8 2.2
-3.2 78.4 5.7 2.1
-3.0 78.4 5.6 2.0
-2.8 78.4 5.6 1.9
-2.6 78.4 5.5 1.7
-2.4 78.4 5.5 1.6
-2.2 78.4 5.4 1.5
-2.0 78.4 5.3 1.4
-1.8 78.4 5.3 1.3
-1.6 78.4 5.3 1.2
-1.4 78.4 5.2 1.1
-1.2 78.4 5.2 1.0
-1.0 78.4 5.1 1.0
-0.8 78.4 5.1 1.0
-0.6 78.4 5.1 1.0
-0.4 78.4 5.1 1.0
-0.2 78.4 5.1 1.0
0.0 78.4 5.0 1.0
0.0 78.2 5.0 1.0
0.2 78.2 5.0 1.0
0.4 78.2 5.0 1.0
0.6 78.2 5.0 1.0
0.8 78.2 5.0 1.0
1.0 78.2 5.0 1.0
1.2 78.2 5.0 1.2
1.4 78.2 5.0 1.4
1.6 78.2 5.0 1.6
1.8 78.2 5.0 1.8
2.0 78.2 5.0 2.0
2.2 78.2 5.0 2.2
2.4 78.2 5.0 2.4
2.6 78.2 5.0 2.6
2.8 78.2 5.0 2.8
3.0 78.2 5.0 3.0
3.2 78.2 5.0 3.2
3.4 78.2 5.0 3.4
3.6 78.2 5.0 3.6
3.8 78.2 5.0 3.8
4.0 78.2 5.0 4.0
4.2 78.2 5.0 4.2
4.4 78.2 5.0 4.4
4.6 78.2 5.0 4.6
4.8 78.2 5.0 4.8
5.0 78.2 5.0 5.0
5.2 78.2 5.0 5.2
5.4 78.2 5.0 5.4
5.6 78.2 5.0 5.6
5.8 78.2 5.0 5.8
6.0 78.2 5.0 6.0
6.2 78.2 5.0 6.2
6.4 78.2 5.0 6.4
6.6 78.2 5.0 6.6
6.8 78.2 5.0 6.8
-91.8 78.2 46.0 19.5
-91.6 78.2 47.2 20.2
-91.4 78.2 48.2 20.8
-91.2 78.2 49.1 21.3
-91.0 78.2 49.9 21.8
-90.8 78.2 50.6 22.2
-90.6 78.2 51.2 22.6
-90.4 78.2 51.7 22.9
-90.2 78.2 52.2 23.3
-90.0 78.2 52.7 23.6
-89.8 78.2 53.2 23.9
-89.6 78.2 53.7 24.2
-89.4 78.2 54.3 24.5
-89.2 78.2 54.9 24.7
-89.0 78.2 55.5 25.0
-88.8 78.2 56.1 25.2
-88.6 78.2 56.8 25.4
-88.4 78.2 57.4 25.6
-88.2 78.2 57.9 25.8
-88.0 78.2 58.5 25.9
-87.8 78.2 58.9 26.0
-87.6 78.2 59.3 26.1
-87.4 78.2 59.7 26.2
-87.2 78.2 59.9 26.2
-87.0 78.2 60.1 26.1
-86.8 78.2 60.3 26.1
-86.6 78.2 60.3 26.0
-86.4 78.2 60.4 25.9
-86.2 78.2 60.3 25.9
-86.0 78.2 60.3 25.8
-85.8 78.2 60.3 25.7
-85.6 78.2 60.2 25.6
-85.4 78.2 60.2 25.5
-85.2 78.2 60.2 25.4
-85.0 78.2 60.3 25.3
-84.8 78.2 60.3 25.3
-84.6 78.2 60.5 25.2
-84.4 78.2 60.7 25.2
-84.2 78.2 60.9 25.1
-84.0 78.2 61.2 25.1
-83.8 78.2 61.5 25.1
-83.6 78.2 61.8 25.0
-83.4 78.2 62.1 25.0
-83.2 78.2 62.3 25.0
-83.0 78.2 62.5 25.0
-82.8 78.2 62.7 25.0
-82.6 78.2 62.8 25.1
-82.4 78.2 62.8 25.1
-82.2 78.2 62.8 25.2
-82.0 78.2 62.7 25.2
-81.8 78.2 62.6 25.3
-81.6 78.2 62.5 25.4
-81.4 78.2 62.3 25.5
-81.2 78.2 62.2 25.6
-81.0 78.2 62.0 25.7
-80.8 78.2 61.9 25.9
-80.6 78.2 61.7 26.0
-80.4 78.2 61.6 26.1
-80.2 78.2 61.6 26.3
-80.0 78.2 61.6 26.4
-79.8 78.2 61.6 26.5
-79.6 78.2 61.6 26.6
-79.4 78.2 61.6 26.8
-79.2 78.2 61.7 26.9
-79.0 78.2 61.7 27.0
-78.8 78.2 61.8 27.1
-78.6 78.2 61.8 27.2
-78.4 78.2 61.8 27.3
-78.2 78.2 61.9 27.4
-78.0 78.2 61.9 27.5
-77.8 78.2 61.9 27.6
-77.6 78.2 62.0 27.7
-77.4 78.2 62.0 27.8
-77.2 78.2 62.0 27.9
-77.0 78.2 62.1 28.0
-76.8 78.2 62.2 28.1
-76.6 78.2 62.3 28.3
-76.4 78.2 62.5 28.4
-76.2 78.2 62.7 28.6
-76.0 78.2 62.9 28.7
-75.8 78.2 63.1 28.8
-75.6 78.2 63.4 29.0
-75.4 78.2 63.6 29.1
-75.2 78.2 63.9 29.3
-75.0 78.2 64.2 29.4
-74.8 78.2 64.4 29.5
-74.6 78.2 64.7 29.6
-74.4 78.2 65.0 29.6
-74.2 78.2 65.2 29.7
-74.0 78.2 65.5 29.7
-73.8 78.2 65.7 29.8
-73.6 78.2 65.9 29.8
-73.4 78.2 66.0 29.8
-73.2 78.2 66.2 29.8
-73.0 78.2 66.3 29.8
-72.8 78.2 66.4 29.8
-72.6 78.2 66.6 29.9
-72.4 78.2 66.7 29.9
-72.2 78.2 66.8 30.0
-72.0 78.2 66.9 30.1
-71.8 78.2 66.9 30.2
-71.6 78.2 67.0 30.3
-71.4 78.2 67.1 30.4
-71.2 78.2 67.2 30.5
-71.0 78.2 67.3 30.6
-70.8 78.2 67.4 30.8
-70.6 78.2 67.5 30.9
-70.4 78.2 67.6 31.0
-70.2 78.2 67.7 31.0
-70.0 78.2 67.9 31.1
-69.8 78.2 68.0 31.1
-69.6 78.2 68.1 31.1
-69.4 78.2 68.3 31.1
-69.2 78.2 68.4 31.1
-69.0 78.2 68.6 31.1
-68.8 78.2 68.8 31.0
-68.6 78.2 69.0 30.9
-68.4 78.2 69.3 30.9
-68.2 78.2 69.6 30.8
-68.0 78.2 69.9 30.7
-67.8 78.2 70.2 30.6
-67.6 78.2 70.6 30.5
-67.4 78.2 71.0 30.4
-67.2 78.2 71.4 30.4
-67.0 78.2 71.8 30.3
-66.8 78.2 72.2 30.2
-66.6 78.2 72.6 30.2
-66.4 78.2 72.9 30.2
-66.2 78.2 73.3 30.2
-66.0 78.2 73.7 30.2
-65.8 78.2 74.0 30.2
-65.6 78.2 74.3 30.3
-65.4 78.2 74.6 30.4
-65.2 78.2 74.8 30.5
-65.0 78.2 75.0 30.6
-64.8 78.2 75.2 30.7
-64.6 78.2 75.3 30.8
-64.4 78.2 75.4 30.9
-64.2 78.2 75.4 31.0
-64.0 78.2 75.4 31.2
-63.8 78.2 75.4 31.3
-63.6 78.2 75.3 31.4
-63.4 78.2 75.2 31.5
-63.2 78.2 75.1 31.7
-63.0 78.2 74.9 31.8
-62.8 78.2 74.7 31.9
-62.6 78.2 74.6 32.0
-62.4 78.2 74.4 32.1
-62.2 78.2 74.3 32.2
-62.0 78.2 74.2 32.3
-61.8 78.2 74.1 32.4
-61.6 78.2 74.1 32.5
-61.4 78.2 74.0 32.6
-61.2 78.2 74.1 32.6
-61.0 78.2 74.1 32.7
-60.8 78.2 74.1 32.7
-60.6 78.2 74.2 32.7
-60.4 78.2 74.3 32.8
-60.2 78.2 74.3 32.8
-60.0 78.2 74.4 32.9
-59.8 78.2 74.4 32.9
-59.6 78.2 74.5 32.9
-59.4 78.2 74.5 33.0
-59.2 78.2 74.5 33.0
-59.0 78.2 74.5 33.0
-58.8 78.2 74.4 33.1
-58.6 78.2 74.4 33.1
-58.4 78.2 74.4 33.2
-58.2 78.2 74.3 33.2
-58.0 78.2 74.3 33.3
-57.8 78.2 74.3 33.4
-57.6 78.2 74.3 33.4
-57.4 78.2 74.3 33.5
-57.2 78.2 74.3 33.6
-57.0 78.2 74.3 33.7
-56.8 78.2 74.3 33.8
-56.6 78.2 74.3 33.9
-56.4 78.2 74.4 34.0
-56.2 78.2 74.4 34.1
-56.0 78.2 74.4 34.2
-55.8 78.2 74.4 34.3
-55.6 78.2 74.4 34.4
-55.4 78.2 74.4 34.4
-55.2 78.2 74.4 34.5
-55.0 78.2 74.5 34.5
-54.8 78.2 74.5 34.5
-54.6 78.2 74.5 34.5
-54.4 78.2 74.5 34.4
-54.2 78.2 74.5 34.4
-54.0 78.2 74.5 34.3
-53.8 78.2 74.5 34.2
-53.6 78.2 74.6 34.2
-53.4 78.2 74.6 34.1
-53.2 78.2 74.7 34.0
-53.0 78.2 74.7 34.0
-52.8 78.2 74.8 33.9
-52.6 78.2 74.8 33.9
-52.4 78.2 74.9 33.9
-52.2 78.2 75.0 33.9
-52.0 78.2 75.1 33.9
-51.8 78.2 75.1 34.0
-51.6 78.2 75.2 34.0
-51.4 78.2 75.3 34.1
-51.2 78.2 75.5 34.2
-51.0 78.2 75.6 34.2
-50.8 78.2 75.7 34.3
-50.6 78.2 75.8 34.3
-50.4 78.2 75.9 34.4
-50.2 78.2 76.0 34.4
-50.0 78.2 76.1 34.4
-49.8 78.2 76.2 34.4
-49.6 78.2 76.4 34.4
-49.4 78.2 76.5 34.3
-49.2 78.2 76.6 34.2
-49.0 78.2 76.7 34.2
-48.8 78.2 76.8 34.0
-48.6 78.2 76.9 33.9
-48.4 78.2 77.0 33.8
-48.2 78.2 77.1 33.7
-48.0 78.2 77.2 33.6
-47.8 78.2 77.3 33.5
-47.6 78.2 77.3 33.4
-47.4 78.2 77.4 33.3
-47.2 78.2 77.4 33.2
-47.0 78.2 77.5 33.2
-46.8 78.2 77.5 33.1
-46.6 78.2 77.5 33.1
-46.4 78.2 77.5 33.1
-46.2 78.2 77.5 33.2
-46.0 78.2 77.5 33.2
-45.8 78.2 77.5 33.3
-45.6 78.2 77.5 33.3
-45.4 78.2 77.5 33.4
-45.2 78.2 77.4 33.4
-45.0 78.2 77.4 33.5
-44.8 78.2 77.3 33.5
-44.6 78.2 77.2 33.6
-44.4 78.2 77.1 33.6
-44.2 78.2 77.0 33.7
-44.0 78.2 76.8 33.7
-43.8 78.2 76.6 33.7
-43.6 78.2 76.4 33.8
-43.4 78.2 76.2 33.8
-43.2 78.2 76.0 33.8
-43.0 78.2 75.7 33.8
-42.8 78.2 75.5 33.8
-42.6 78.2 75.2 33.8
-42.4 78.2 74.9 33.8
-42.2 78.2 74.6 33.7
-42.0 78.2 74.3 33.7
-41.8 78.2 74.0 33.6
-41.6 78.2 73.7 33.6
-41.4 78.2 73.5 33.5
-41.2 78.2 73.2 33.4
-41.0 78.2 73.0 33.3
-40.8 78.2 72.8 33.2
-40.6 78.2 72.6 33.1
-40.4 78.2 72.5 33.0
-40.2 78.2 72.4 32.8
-40.0 78.2 72.3 32.7
-39.8 78.2 72.3 32.6
-39.6 78.2 72.3 32.5
-39.4 78.2 72.3 32.3
-39.2 78.2 72.4 32.2
-39.0 78.2 72.5 32.1
-38.8 78.2 72.5 32.0
-38.6 78.2 72.6 31.9
-38.4 78.2 72.7 31.8
-38.2 78.2 72.7 31.6
-38.0 78.2 72.8 31.5
-37.8 78.2 72.8 31.3
-37.6 78.2 72.7 31.2
-37.4 78.2 72.6 31.0
-37.2 78.2 72.5 30.8
-37.0 78.2 72.3 30.6
-36.8 78.2 72.1 30.4
-36.6 78.2 71.8 30.1
-36.4 78.2 71.5 29.9
-36.2 78.2 71.1 29.7
-36.0 78.2 70.7 29.4
-35.8 78.2 70.2 29.2
-35.6 78.2 69.8 29.0
-35.4 78.2 69.3 28.8
-35.2 78.2 68.8 28.6
-35.0 78.2 68.2 28.4
-34.8 78.2 67.7 28.1
-34.6 78.2 67.2 27.9
-34.4 78.2 66.8 27.7
-34.2 78.2 66.3 27.5
-34.0 78.2 65.9 27.3
-33.8 78.2 65.4 27.1
-33.6 78.2 65.1 27.0
-33.4 78.2 64.7 26.8
-33.2 78.2 64.4 26.6
-33.0 78.2 64.0 26.4
-32.8 78.2 63.7 26.2
-32.6 78.2 63.4 26.1
-32.4 78.2 63.1 25.9
-32.2 78.2 62.9 25.8
-32.0 78.2 62.6 25.6
-31.8 78.2 62.3 25.5
-31.6 78.2 62.1 25.4
-31.4 78.2 61.8 25.2
-31.2 78.2 61.6 25.1
-31.0 78.2 61.3 25.0
-30.8 78.2 61.1 24.9
-30.6 78.2 60.9 24.9
-30.4 78.2 60.7 24.8
-30.2 78.2 60.5 24.7
-30.0 78.2 60.3 24.7
-29.8 78.2 60.1 24.6
-29.6 78.2 59.9 24.6
-29.4 78.2 59.6 24.5
-29.2 78.2 59.4 24.5
-29.0 78.2 59.1 24.4
-28.8 78.2 58.9 24.4
-28.6 78.2 58.6 24.3
-28.4 78.2 58.3 24.3
-28.2 78.2 58.0 24.2
-28.0 78.2 57.6 24.2
-27.8 78.2 57.3 24.1
-27.6 78.2 56.9 24.0
-27.4 78.2 56.5 24.0
-27.2 78.2 56.0 23.9
-27.0 78.2 55.5 23.9
-26.8 78.2 55.1 23.8
-26.6 78.2 54.5 23.7
-26.4 78.2 54.0 23.7
-26.2 78.2 53.4 23.6
-26.0 78.2 52.8 23.5
-25.8 78.2 52.2 23.4
-25.6 78.2 51.6 23.2
-25.4 78.2 50.9 23.1
-25.2 78.2 50.3 22.9
-25.0 78.2 49.6 22.7
-24.8 78.2 49.0 22.5
-24.6 78.2 48.3 22.3
-24.4 78.2 47.7 22.1
-24.2 78.2 47.0 21.8
-24.0 78.2 46.4 21.6
-23.8 78.2 45.7 21.3
-23.6 78.2 45.1 21.1
-23.4 78.2 44.5 20.8
-23.2 78.2 43.8 20.6
-23.0 78.2 43.2 20.3
-22.8 78.2 42.6 20.1
-22.6 78.2 42.0 19.8
-22.4 78.2 41.4 19.6
-22.2 78.2 40.8 19.3
-22.0 78.2 40.2 19.1
-21.8 78.2 39.6 18.9
-21.6 78.2 39.1 18.7
-21.4 78.2 38.5 18.5
-21.2 78.2 37.9 18.2
-21.0 78.2 37.4 18.0
-20.8 78.2 36.8 17.8
-20.6 78.2 36.3 17.6
-20.4 78.2 35.7 17.4
-20.2 78.2 35.2 17.2
-20.0 78.2 34.6 17.0
-19.8 78.2 34.1 16.7
-19.6 78.2 33.6 16.5
-19.4 78.2 33.0 16.2
-19.2 78.2 32.5 15.9
-19.0 78.2 32.0 15.6
-18.8 78.2 31.4 15.3
-18.6 78.2 30.9 15.0
-18.4 78.2 30.3 14.6
-18.2 78.2 29.7 14.2
-18.0 78.2 29.2 13.8
-17.8 78.2 28.5 13.4
-17.6 78.2 27.9 13.0
-17.4 78.2 27.2 12.6
-17.2 78.2 26.6 12.1
-17.0 78.2 25.8 11.7
-16.8 78.2 25.1 11.3
-16.6 78.2 24.3 10.8
-16.4 78.2 23.6 10.4
-16.2 78.2 22.8 10.0
-16.0 78.2 21.9 9.6
-15.8 78.2 21.1 9.2
-15.6 78.2 20.3 8.8
-15.4 78.2 19.6 8.4
-15.2 78.2 18.8 8.1
-15.0 78.2 18.1 7.8
-14.8 78.2 17.4 7.4
-14.6 78.2 16.7 7.2
-14.4 78.2 16.1 6.9
-14.2 78.2 15.5 6.6
-14.0 78.2 14.9 6.4
-13.8 78.2 14.4 6.2
-13.6 78.2 13.9 6.0
-13.4 78.2 13.5 5.8
-13.2 78.2 13.1 5.6
-13.0 78.2 12.7 5.5
-12.8 78.2 12.3 5.3
-12.6 78.2 12.0 5.2
-12.4 78.2 11.7 5.1
-12.2 78.2 11.4 4.9
-12.0 78.2 11.1 4.8
-11.8 78.2 10.8 4.7
-11.6 78.2 10.5 4.6
-11.4 78.2 10.3 4.5
-11.2 78.2 10.1 4.5
-11.0 78.2 9.8 4.4
-10.8 78.2 9.6 4.3
-10.6 78.2 9.4 4.2
-10.4 78.2 9.2 4.2
-10.2 78.2 9.0 4.1
-10.0 78.2 8.8 4.1
-9.8 78.2 8.6 4.0
-9.6 78.2 8.4 4.0
-9.4 78.2 8.3 3.9
-9.2 78.2 8.1 3.9
-9.0 78.2 7.9 3.9
-8.8 78.2 7.8 3.8
-8.6 78.2 7.7 3.8
-8.4 78.2 7.5 3.7
-8.2 78.2 7.4 3.7
-8.0 78.2 7.3 3.6
-7.8 78.2 7.2 3.5
-7.6 78.2 7.1 3.5
-7.4 78.2 7.0 3.4
-7.2 78.2 6.9 3.3
-7.0 78.2 6.8 3.2
-6.8 78.2 6.7 3.1
-6.6 78.2 6.6 3.0
-6.4 78.2 6.5 2.9
-6.2 78.2 6.4 2.8
-6.0 78.2 6.3 2.6
-5.8 78.2 6.2 2.5
-5.6 78.2 6.1 2.4
-5.4 78.2 6.1 2.3
-5.2 78.2 6.0 2.2
-5.0 78.2 5.9 2.1
-4.8 78.2 5.8 2.0
-4.6 78.2 5.8 1.9
-4.4 78.2 5.7 1.9
-4.2 78.2 5.6 1.8
-4.0 78.2 5.6 1.7
-3.8 78.2 5.5 1.6
-3.6 78.2 5.5 1.5
-3.4 78.2 5.4 1.5
-3.2 78.2 5.4 1.4
-3.0 78.2 5.3 1.3
-2.8 78.2 5.3 1.2
-2.6 78.2 5.3 1.2
-2.4 78.2 5.2 1.1
-2.2 78.2 5.2 1.0
-2.0 78.2 5.2 1.0
-1.8 78.2 5.1 1.0
-1.6 78.2 5.1 1.0
-1.4 78.2 5.1 1.0
-1.2 78.2 5.1 1.0
-1.0 78.2 5.1 1.0
-0.8 78.2 5.0 1.0
-0.6 78.2 5.0 1.0
-0.4 78.2 5.0 1.0
-0.2 78.2 5.0 1.0
0.0 78.2 5.0 1.0
0.0 78.0 5.0 1.0
0.2 78.0 5.0 1.0
0.4 78.0 5.0 1.0
0.6 78.0 5.0 1.0
0.8 78.0 5.0 1.0
1.0 78.0 5.0 1.0
1.2 78.0 5.0 1.2
1.4 78.0 5.0 1.4
1.6 78.0 5.0 1.6
1.8 78.0 5.0 1.8
2.0 78.0 5.0 2.0
2.2 78.0 5.0 2.2
2.4 78.0 5.0 2.4
2.6 78.0 5.0 2.6
2.8 78.0 5.0 2.8
3.0 78.0 5.0 3.0
3.2 78.0 5.0 3.2
3.4 78.0 5.0 3.4
3.6 78.0 5.0 3.6
3.8 78.0 5.0 3.8
4.0 78.0 5.0 4.0
4.2 78.0 5.0 4.2
4.4 78.0 5.0 4.4
4.6 78.0 5.0 4.6
4.8 78.0 5.0 4.8
5.0 78.0 5.0 5.0
5.2 78.0 5.0 5.2
5.4 78.0 5.0 5.4
5.6 78.0 5.0 5.6
5.8 78.0 5.0 5.8
-90.8 78.0 51.0 21.7
-90.6 78.0 51.6 22.1
-90.4 78.0 52.1 22.6
-90.2 78.0 52.6 22.9
-90.0 78.0 53.1 23.3
-89.8 78.0 53.6 23.7
-89.6 78.0 54.2 24.1
-89.4 78.0 54.7 24.4
-89.2 78.0 55.3 24.8
-89.0 78.0 55.9 25.1
-88.8 78.0 56.6 25.4
-88.6 78.0 57.2 25.8
-88.4 78.0 57.8 26.0
-88.2 78.0 58.3 26.3
-88.0 78.0 58.8 26.5
-87.8 78.0 59.3 26.7
-87.6 78.0 59.6 26.8
-87.4 78.0 59.9 26.9
-87.2 78.0 60.1 27.0
-87.0 78.0 60.2 27.0
-86.8 78.0 60.3 27.0
-86.6 78.0 60.2 26.9
-86.4 78.0 60.1 26.8
-86.2 78.0 60.0 26.7
-86.0 78.0 59.8 26.6
-85.8 78.0 59.6 26.5
-85.6 78.0 59.5 26.3
-85.4 78.0 59.3 26.2
-85.2 78.0 59.2 26.0
-85.0 78.0 59.1 25.8
-84.8 78.0 59.0 25.7
-84.6 78.0 59.0 25.5
-84.4 78.0 59.1 25.4
-84.2 78.0 59.2 25.3
-84.0 78.0 59.4 25.1
-83.8 78.0 59.6 25.0
-83.6 78.0 59.8 24.9
-83.4 78.0 60.0 24.9
-83.2 78.0 60.2 24.8
-83.0 78.0 60.4 24.8
-82.8 78.0 60.5 24.7
-82.6 78.0 60.7 24.7
-82.4 78.0 60.7 24.8
-82.2 78.0 60.8 24.8
-82.0 78.0 60.7 24.9
-81.8 78.0 60.7 25.0
-81.6 78.0 60.6 25.1
-81.4 78.0 60.6 25.2
-81.2 78.0 60.5 25.3
-81.0 78.0 60.4 25.4
-80.8 78.0 60.3 25.6
-80.6 78.0 60.3 25.7
-80.4 78.0 60.2 25.8
-80.2 78.0 60.2 25.9
-80.0 78.0 60.3 26.1
-79.8 78.0 60.3 26.2
-79.6 78.0 60.4 26.2
-79.4 78.0 60.5 26.3
-79.2 78.0 60.5 26.4
-79.0 78.0 60.6 26.4
-78.8 78.0 60.7 26.5
-78.6 78.0 60.8 26.5
-78.4 78.0 60.9 26.5
-78.2 78.0 60.9 26.5
-78.0 78.0 61.0 26.5
-77.8 78.0 61.1 26.5
-77.6 78.0 61.1 26.5
-77.4 78.0 61.2 26.6
-77.2 78.0 61.2 26.6
-77.0 78.0 61.3 26.7
-76.8 78.0 61.4 26.7
-76.6 78.0 61.5 26.8
-76.4 78.0 61.6 27.0
-76.2 78.0 61.8 27.1
-76.0 78.0 62.0 27.2
-75.8 78.0 62.2 27.4
-75.6 78.0 62.4 27.5
-75.4 78.0 62.6 27.7
-75.2 78.0 62.8 27.8
-75.0 78.0 63.1 28.0
-74.8 78.0 63.3 28.1
-74.6 78.0 63.6 28.2
-74.4 78.0 63.8 28.3
-74.2 78.0 64.1 28.4
-74.0 78.0 64.3 28.4
-73.8 78.0 64.5 28.5
-73.6 78.0 64.7 28.5
-73.4 78.0 65.0 28.5
-73.2 78.0 65.2 28.6
-73.0 78.0 65.3 28.6
-72.8 78.0 65.5 28.6
-72.6 78.0 65.7 28.7
-72.4 78.0 65.8 28.7
-72.2 78.0 66.0 28.8
-72.0 78.0 66.1 28.9
-71.8 78.0 66.2 29.0
-71.6 78.0 66.4 29.1
-71.4 78.0 66.5 29.2
-71.2 78.0 66.6 29.3
-71.0 78.0 66.7 29.4
-70.8 78.0 66.8 29.4
-70.6 78.0 66.9 29.5
-70.4 78.0 67.1 29.6
-70.2 78.0 67.2 29.6
-70.0 78.0 67.3 29.6
-69.8 78.0 67.5 29.7
-69.6 78.0 67.6 29.7
-69.4 78.0 67.8 29.7
-69.2 78.0 67.9 29.7
-69.0 78.0 68.1 29.7
-68.8 78.0 68.3 29.7
-68.6 78.0 68.5 29.7
-68.4 78.0 68.7 29.7
-68.2 78.0 68.9 29.6
-68.0 78.0 69.1 29.6
-67.8 78.0 69.4 29.6
-67.6 78.0 69.7 29.6
-67.4 78.0 70.0 29.6
-67.2 78.0 70.3 29.6
-67.0 78.0 70.6 29.6
-66.8 78.0 70.9 29.6
-66.6 78.0 71.3 29.6
-66.4 78.0 71.6 29.6
-66.2 78.0 71.9 29.6
-66.0 78.0 72.2 29.7
-65.8 78.0 72.5 29.7
-65.6 78.0 72.8 29.8
-65.4 78.0 73.1 29.8
-65.2 78.0 73.3 29.9
-65.0 78.0 73.5 30.0
-64.8 78.0 73.7 30.0
-64.6 78.0 73.8 30.1
-64.4 78.0 73.9 30.2
-64.2 78.0 73.9 30.3
-64.0 78.0 73.9 30.5
-63.8 78.0 73.8 30.6
-63.6 78.0 73.7 30.7
-63.4 78.0 73.6 30.8
-63.2 78.0 73.5 30.9
-63.0 78.0 73.3 31.1
-62.8 78.0 73.2 31.2
-62.6 78.0 73.1 31.3
-62.4 78.0 73.0 31.4
-62.2 78.0 72.9 31.4
-62.0 78.0 72.8 31.5
-61.8 78.0 72.8 31.6
-61.6 78.0 72.9 31.6
-61.4 78.0 72.9 31.6
-61.2 78.0 73.0 31.6
-61.0 78.0 73.2 31.6
-60.8 78.0 73.3 31.6
-60.6 78.0 73.4 31.7
-60.4 78.0 73.5 31.7
-60.2 78.0 73.6 31.7
-60.0 78.0 73.7 31.7
-59.8 78.0 73.8 31.7
-59.6 78.0 73.8 31.8
-59.4 78.0 73.8 31.8
-59.2 78.0 73.7 31.9
-59.0 78.0 73.7 32.0
-58.8 78.0 73.6 32.0
-58.6 78.0 73.5 32.1
-58.4 78.0 73.3 32.2
-58.2 78.0 73.2 32.3
-58.0 78.0 73.1 32.4
-57.8 78.0 73.0 32.5
-57.6 78.0 72.8 32.6
-57.4 78.0 72.7 32.7
-57.2 78.0 72.6 32.8
-57.0 78.0 72.6 33.0
-56.8 78.0 72.5 33.1
-56.6 78.0 72.4 33.2
-56.4 78.0 72.4 33.3
-56.2 78.0 72.3 33.4
-56.0 78.0 72.3 33.6
-55.8 78.0 72.2 33.7
-55.6 78.0 72.2 33.7
-55.4 78.0 72.1 33.8
-55.2 78.0 72.1 33.9
-55.0 78.0 72.0 33.9
-54.8 78.0 72.0 33.9
-54.6 78.0 72.0 33.9
-54.4 78.0 72.0 33.8
-54.2 78.0 72.0 33.8
-54.0 78.0 72.0 33.7
-53.8 78.0 72.1 33.6
-53.6 78.0 72.1 33.5
-53.4 78.0 72.2 33.4
-53.2 78.0 72.2 33.3
-53.0 78.0 72.3 33.3
-52.8 78.0 72.4 33.2
-52.6 78.0 72.5 33.1
-52.4 78.0 72.6 33.1
-52.2 78.0 72.7 33.1
-52.0 78.0 72.8 33.1
-51.8 78.0 72.9 33.1
-51.6 78.0 73.0 33.2
-51.4 78.0 73.1 33.2
-51.2 78.0 73.2 33.3
-51.0 78.0 73.3 33.3
-50.8 78.0 73.5 33.4
-50.6 78.0 73.6 33.4
-50.4 78.0 73.8 33.4
-50.2 78.0 73.9 33.5
-50.0 78.0 74.1 33.5
-49.8 78.0 74.3 33.5
-49.6 78.0 74.5 33.5
-49.4 78.0 74.7 33.4
-49.2 78.0 74.9 33.4
-49.0 78.0 75.0 33.3
-48.8 78.0 75.2 33.2
-48.6 78.0 75.4 33.1
-48.4 78.0 75.5 33.0
-48.2 78.0 75.7 33.0
-48.0 78.0 75.8 32.9
-47.8 78.0 75.9 32.8
-47.6 78.0 76.0 32.7
-47.4 78.0 76.0 32.6
-47.2 78.0 76.1 32.6
-47.0 78.0 76.1 32.6
-46.8 78.0 76.0 32.6
-46.6 78.0 76.0 32.6
-46.4 78.0 75.9 32.6
-46.2 78.0 75.8 32.6
-46.0 78.0 75.7 32.7
-45.8 78.0 75.6 32.7
-45.6 78.0 75.5 32.8
-45.4 78.0 75.4 32.8
-45.2 78.0 75.3 32.9
-45.0 78.0 75.1 32.9
-44.8 78.0 75.0 33.0
-44.6 78.0 74.8 33.0
-44.4 78.0 74.7 33.0
-44.2 78.0 74.5 33.1
-44.0 78.0 74.4 33.1
-43.8 78.0 74.3 33.1
-43.6 78.0 74.1 33.1
-43.4 78.0 74.0 33.1
-43.2 78.0 73.9 33.1
-43.0 78.0 73.7 33.0
-42.8 78.0 73.6 33.0
-42.6 78.0 73.4 33.0
-42.4 78.0 73.3 32.9
-42.2 78.0 73.2 32.9
-42.0 78.0 73.0 32.8
-41.8 78.0 72.8 32.7
-41.6 78.0 72.7 32.7
-41.4 78.0 72.5 32.6
-41.2 78.0 72.3 32.5
-41.0 78.0 72.1 32.4
-40.8 78.0 71.9 32.3
-40.6 78.0 71.8 32.2
-40.4 78.0 71.6 32.1
-40.2 78.0 71.5 32.0
-40.0 78.0 71.4 31.9
-39.8 78.0 71.4 31.8
-39.6 78.0 71.3 31.7
-39.4 78.0 71.3 31.6
-39.2 78.0 71.3 31.6
-39.0 78.0 71.4 31.5
-38.8 78.0 71.4 31.4
-38.6 78.0 71.5 31.4
-38.4 78.0 71.5 31.3
-38.2 78.0 71.5 31.2
-38.0 78.0 71.5 31.1
-37.8 78.0 71.5 31.0
-37.6 78.0 71.3 30.9
-37.4 78.0 71.2 30.8
-37.2 78.0 71.0 30.6
-37.0 78.0 70.7 30.4
-36.8 78.0 70.4 30.2
-36.6 78.0 70.0 30.0
-36.4 78.0 69.6 29.8
-36.2 78.0 69.1 29.6
-36.0 78.0 68.6 29.4
-35.8 78.0 68.1 29.2
-35.6 78.0 67.6 29.0
-35.4 78.0 67.1 28.8
-35.2 78.0 66.6 28.6
-35.0 78.0 66.1 28.4
-34.8 78.0 65.6 28.2
-34.6 78.0 65.2 28.0
-34.4 78.0 64.7 27.9
-34.2 78.0 64.3 27.7
-34.0 78.0 64.0 27.5
-33.8 78.0 63.6 27.3
-33.6 78.0 63.3 27.1
-33.4 78.0 63.1 27.0
-33.2 78.0 62.9 26.8
-33.0 78.0 62.6 26.6
-32.8 78.0 62.5 26.4
-32.6 78.0 62.3 26.2
-32.4 78.0 62.1 26.0
-32.2 78.0 62.0 25.8
-32.0 78.0 61.9 25.7
-31.8 78.0 61.8 25.5
-31.6 78.0 61.6 25.3
-31.4 78.0 61.5 25.2
-31.2 78.0 61.4 25.0
-31.0 78.0 61.3 24.9
-30.8 78.0 61.1 24.8
-30.6 78.0 61.0 24.7
-30.4 78.0 60.9 24.6
-30.2 78.0 60.7 24.6
-30.0 78.0 60.5 24.5
-29.8 78.0 60.3 24.5
-29.6 78.0 60.1 24.4
-29.4 78.0 59.9 24.4
-29.2 78.0 59.7 24.4
-29.0 78.0 59.4 24.4
-28.8 78.0 59.2 24.4
-28.6 78.0 58.9 24.4
-28.4 78.0 58.6 24.4
-28.2 78.0 58.3 24.3
-28.0 78.0 58.0 24.3
-27.8 78.0 57.7 24.3
-27.6 78.0 57.4 24.2
-27.4 78.0 57.0 24.2
-27.2 78.0 56.6 24.2
-27.0 78.0 56.2 24.1
-26.8 78.0 55.8 24.0
-26.6 78.0 55.4 24.0
-26.4 78.0 54.9 23.9
-26.2 78.0 54.4 23.8
-26.0 78.0 53.9 23.7
-25.8 78.0 53.3 23.6
-25.6 78.0 52.7 23.5
-25.4 78.0 52.2 23.3
-25.2 78.0 51.5 23.2
-25.0 78.0 50.9 23.0
-24.8 78.0 50.3 22.8
-24.6 78.0 49.7 22.6
-24.4 78.0 49.1 22.4
-24.2 78.0 48.5 22.2
-24.0 78.0 47.8 21.9
-23.8 78.0 47.2 21.7
-23.6 78.0 46.6 21.5
-23.4 78.0 46.0 21.3
-23.2 78.0 45.4 21.1
-23.0 78.0 44.8 20.8
-22.8 78.0 44.2 20.6
-22.6 78.0 43.6 20.4
-22.4 78.0 43.0 20.2
-22.2 78.0 42.4 20.0
-22.0 78.0 41.8 19.8
-21.8 78.0 41.2 19.6
-21.6 78.0 40.7 19.4
-21.4 78.0 40.1 19.2
-21.2 78.0 39.6 19.0
-21.0 78.0 39.0 18.8
-20.8 78.0 38.5 18.6
-20.6 78.0 37.9 18.5
-20.4 78.0 37.4 18.3
-20.2 78.0 36.8 18.1
-20.0 78.0 36.3 17.8
-19.8 78.0 35.7 17.6
-19.6 78.0 35.2 17.4
-19.4 78.0 34.6 17.1
-19.2 78.0 34.0 16.9
-19.0 78.0 33.5 16.6
-18.8 78.0 32.9 16.2
-18.6 78.0 32.2 15.9
-18.4 78.0 31.6 15.5
-18.2 78.0 30.9 15.1
-18.0 78.0 30.2 14.7
-17.8 78.0 29.5 14.2
-17.6 78.0 28.7 13.7
-17.4 78.0 27.9 13.2
-17.2 78.0 27.0 12.7
-17.0 78.0 26.1 12.2
-16.8 78.0 25.2 11.7
-16.6 78.0 24.3 11.1
-16.4 78.0 23.3 10.6
-16.2 78.0 22.3 10.1
-16.0 78.0 21.3 9.6
-15.8 78.0 20.3 9.1
-15.6 78.0 19.4 8.6
-15.4 78.0 18.4 8.2
-15.2 78.0 17.5 7.7
-15.0 78.0 16.6 7.3
-14.8 78.0 15.8 7.0
-14.6 78.0 15.1 6.6
-14.4 78.0 14.4 6.3
-14.2 78.0 13.8 6.0
-14.0 78.0 13.2 5.8
-13.8 78.0 12.7 5.5
-13.6 78.0 12.2 5.3
-13.4 78.0 11.8 5.1
-13.2 78.0 11.5 5.0
-13.0 78.0 11.1 4.8
-12.8 78.0 10.9 4.7
-12.6 78.0 10.6 4.6
-12.4 78.0 10.4 4.5
-12.2 78.0 10.2 4.4
-12.0 78.0 10.0 4.3
-11.8 78.0 9.8 4.2
-11.6 78.0 9.6 4.1
-11.4 78.0 9.4 4.1
-11.2 78.0 9.3 4.0
-11.0 78.0 9.1 3.9
-10.8 78.0 8.9 3.9
-10.6 78.0 8.7 3.8
-10.4 78.0 8.6 3.8
-10.2 78.0 8.4 3.7
-10.0 78.0 8.2 3.7
-9.8 78.0 8.0 3.7
-9.6 78.0 7.8 3.6
-9.4 78.0 7.7 3.6
-9.2 78.0 7.5 3.5
-9.0 78.0 7.3 3.5
-8.8 78.0 7.2 3.4
-8.6 78.0 7.0 3.4
-8.4 78.0 6.9 3.3
-8.2 78.0 6.8 3.3
-8.0 78.0 6.6 3.2
-7.8 78.0 6.5 3.1
-7.6 78.0 6.4 3.0
-7.4 78.0 6.3 2.9
-7.2 78.0 6.2 2.7
-7.0 78.0 6.1 2.6
-6.8 78.0 6.0 2.5
-6.6 78.0 6.0 2.4
-6.4 78.0 5.9 2.2
-6.2 78.0 5.8 2.1
-6.0 78.0 5.7 1.9
-5.8 78.0 5.7 1.8
-5.6 78.0 5.6 1.7
-5.4 78.0 5.6 1.6
-5.2 78.0 5.5 1.5
-5.0 78.0 5.5 1.4
-4.8 78.0 5.4 1.3
-4.6 78.0 5.4 1.2
-4.4 78.0 5.3 1.1
-4.2 78.0 5.3 1.0
-4.0 78.0 5.3 1.0
-3.8 78.0 5.2 1.0
-3.6 78.0 5.2 1.0
-3.4 78.0 5.2 1.0
-3.2 78.0 5.2 1.0
-3.0 78.0 5.1 1.0
-2.8 78.0 5.1 1.0
-2.6 78.0 5.1 1.0
-2.4 78.0 5.1 1.0
-2.2 78.0 5.1 1.0
-2.0 78.0 5.1 1.0
-1.8 78.0 5.0 1.0
-1.6 78.0 5.0 1.0
-1.4 78.0 5.0 1.0
-1.2 78.0 5.0 1.0
-1.0 78.0 5.0 1.0
-0.8 78.0 5.0 1.0
-0.6 78.0 5.0 1.0
-0.4 78.0 5.0 1.0
-0.2 78.0 5.0 1.0
0.0 78.0 5.0 1.0
0.0 77.8 5.0 1.0
0.2 77.8 5.0 1.0
0.4 77.8 5.0 1.0
0.6 77.8 5.0 1.0
0.8 77.8 5.0 1.0
1.0 77.8 5.0 1.0
1.2 77.8 5.0 1.2
1.4 77.8 5.0 1.4
1.6 77.8 5.0 1.6
1.8 77.8 5.0 1.8
2.0 77.8 5.0 2.0
2.2 77.8 5.0 2.2
2.4 77.8 5.0 2.4
2.6 77.8 5.0 2.6
2.8 77.8 5.0 2.8
3.0 77.8 5.0 3.0
3.2 77.8 5.0 3.2
3.4 77.8 5.0 3.4
3.6 77.8 5.0 3.6
3.8 77.8 5.0 3.8
4.0 77.8 5.0 4.0
4.2 77.8 5.0 4.2
4.4 77.8 5.0 4.4
4.6 77.8 5.0 4.6
4.8 77.8 5.0 4.8
-89.8 77.8 54.4 23.6
-89.6 77.8 54.9 24.0
-89.4 77.8 55.4 24.5
-89.2 77.8 56.0 24.9
-89.0 77.8 56.6 25.3
-88.8 77.8 57.1 25.7
-88.6 77.8 57.7 26.1
-88.4 77.8 58.2 26.4
-88.2 77.8 58.7 26.7
-88.0 77.8 59.1 27.0
-87.8 77.8 59.5 27.3
-87.6 77.8 59.7 27.5
-87.4 77.8 59.9 27.6
-87.2 77.8 60.0 27.7
-87.0 77.8 60.0 27.7
-86.8 77.8 59.9 27.7
-86.6 77.8 59.8 27.6
-86.4 77.8 59.6 27.5
-86.2 77.8 59.3 27.4
-86.0 77.8 59.0 27.2
-85.8 77.8 58.8 27.0
-85.6 77.8 58.5 26.8
-85.4 77.8 58.2 26.6
-85.2 77.8 58.0 26.3
-85.0 77.8 57.8 26.1
-84.8 77.8 57.7 25.8
-84.6 77.8 57.6 25.6
-84.4 77.8 57.5 25.4
-84.2 77.8 57.6 25.2
-84.0 77.8 57.6 25.0
-83.8 77.8 57.7 24.8
-83.6 77.8 57.8 24.7
-83.4 77.8 58.0 24.6
-83.2 77.8 58.1 24.6
-83.0 77.8 58.2 24.5
-82.8 77.8 58.3 24.5
-82.6 77.8 58.4 24.6
-82.4 77.8 58.5 24.6
-82.2 77.8 58.6 24.7
-82.0 77.8 58.6 24.8
-81.8 77.8 58.6 24.9
-81.6 77.8 58.6 25.1
-81.4 77.8 58.6 25.2
-81.2 77.8 58.6 25.4
-81.0 77.8 58.6 25.5
-80.8 77.8 58.7 25.7
-80.6 77.8 58.7 25.8
-80.4 77.8 58.7 25.9
-80.2 77.8 58.8 26.1
-80.0 77.8 58.9 26.1
-79.8 77.8 59.0 26.2
-79.6 77.8 59.2 26.2
-79.4 77.8 59.3 26.2
-79.2 77.8 59.5 26.2
-79.0 77.8 59.6 26.2
-78.8 77.8 59.8 26.2
-78.6 77.8 59.9 26.1
-78.4 77.8 60.1 26.0
-78.2 77.8 60.2 26.0
-78.0 77.8 60.3 25.9
-77.8 77.8 60.4 25.8
-77.6 77.8 60.5 25.8
-77.4 77.8 60.6 25.7
-77.2 77.8 60.7 25.7
-77.0 77.8 60.8 25.7
-76.8 77.8 60.8 25.7
-76.6 77.8 60.9 25.8
-76.4 77.8 61.0 25.9
-76.2 77.8 61.1 26.0
-76.0 77.8 61.3 26.1
-75.8 77.8 61.4 26.3
-75.6 77.8 61.6 26.4
-75.4 77.8 61.7 26.6
-75.2 77.8 61.9 26.7
-75.0 77.8 62.0 26.9
-74.8 77.8 62.2 27.0
-74.6 77.8 62.4 27.1
-74.4 77.8 62.6 27.2
-74.2 77.8 62.8 27.2
-74.0 77.8 63.0 27.3
-73.8 77.8 63.2 27.3
-73.6 77.8 63.5 27.4
-73.4 77.8 63.7 27.4
-73.2 77.8 63.9 27.4
-73.0 77.8 64.1 27.4
-72.8 77.8 64.3 27.4
-72.6 77.8 64.5 27.5
-72.4 77.8 64.7 27.5
-72.2 77.8 64.9 27.6
-72.0 77.8 65.1 27.6
-71.8 77.8 65.3 27.7
-71.6 77.8 65.5 27.8
-71.4 77.8 65.6 27.9
-71.2 77.8 65.8 28.0
-71.0 77.8 66.0 28.0
-70.8 77.8 66.1 28.1
-70.6 77.8 66.3 28.1
-70.4 77.8 66.4 28.2
-70.2 77.8 66.6 28.2
-70.0 77.8 66.7 28.3
-69.8 77.8 66.9 28.3
-69.6 77.8 67.0 28.3
-69.4 77.8 67.2 28.4
-69.2 77.8 67.3 28.4
-69.0 77.8 67.5 28.5
-68.8 77.8 67.6 28.5
-68.6 77.8 67.7 28.6
-68.4 77.8 67.9 28.6
-68.2 77.8 68.0 28.7
-68.0 77.8 68.2 28.7
-67.8 77.8 68.3 28.8
-67.6 77.8 68.5 28.9
-67.4 77.8 68.7 28.9
-67.2 77.8 68.9 29.0
-67.0 77.8 69.1 29.0
-66.8 77.8 69.3 29.0
-66.6 77.8 69.6 29.0
-66.4 77.8 69.8 29.0
-66.2 77.8 70.1 29.1
-66.0 77.8 70.3 29.1
-65.8 77.8 70.5 29.1
-65.6 77.8 70.8 29.1
-65.4 77.8 71.0 29.1
-65.2 77.8 71.2 29.1
-65.0 77.8 71.4 29.2
-64.8 77.8 71.5 29.3
-64.6 77.8 71.6 29.3
-64.4 77.8 71.6 29.4
-64.2 77.8 71.6 29.5
-64.0 77.8 71.6 29.6
-63.8 77.8 71.5 29.8
-63.6 77.8 71.5 29.9
-63.4 77.8 71.4 30.0
-63.2 77.8 71.3 30.1
-63.0 77.8 71.2 30.3
-62.8 77.8 71.1 30.4
-62.6 77.8 71.0 30.5
-62.4 77.8 71.0 30.6
-62.2 77.8 71.0 30.6
-62.0 77.8 71.0 30.7
-61.8 77.8 71.1 30.7
-61.6 77.8 71.2 30.7
-61.4 77.8 71.4 30.6
-61.2 77.8 71.5 30.6
-61.0 77.8 71.7 30.6
-60.8 77.8 71.9 30.5
-60.6 77.8 72.0 30.5
-60.4 77.8 72.1 30.4
-60.2 77.8 72.2 30.4
-60.0 77.8 72.3 30.4
-59.8 77.8 72.3 30.4
-59.6 77.8 72.3 30.5
-59.4 77.8 72.3 30.5
-59.2 77.8 72.2 30.6
-59.0 77.8 72.1 30.6
-58.8 77.8 72.0 30.7
-58.6 77.8 71.8 30.8
-58.4 77.8 71.7 31.0
-58.2 77.8 71.5 31.1
-58.0 77.8 71.4 31.2
-57.8 77.8 71.3 31.4
-57.6 77.8 71.1 31.5
-57.4 77.8 71.0 31.7
-57.2 77.8 70.9 31.8
-57.0 77.8 70.8 32.0
-56.8 77.8 70.8 32.1
-56.6 77.8 70.7 32.3
-56.4 77.8 70.6 32.4
-56.2 77.8 70.6 32.6
-56.0 77.8 70.5 32.7
-55.8 77.8 70.4 32.8
-55.6 77.8 70.4 32.9
-55.4 77.8 70.3 33.0
-55.2 77.8 70.2 33.0
-55.0 77.8 70.2 33.0
-54.8 77.8 70.2 33.0
-54.6 77.8 70.1 33.0
-54.4 77.8 70.1 33.0
-54.2 77.8 70.1 32.9
-54.0 77.8 70.1 32.9
-53.8 77.8 70.2 32.8
-53.6 77.8 70.3 32.7
-53.4 77.8 70.3 32.6
-53.2 77.8 70.4 32.5
-53.0 77.8 70.5 32.4
-52.8 77.8 70.6 32.3
-52.6 77.8 70.7 32.3
-52.4 77.8 70.8 32.2
-52.2 77.8 70.9 32.2
-52.0 77.8 71.0 32.2
-51.8 77.8 71.1 32.2
-51.6 77.8 71.1 32.2
-51.4 77.8 71.2 32.2
-51.2 77.8 71.3 32.3
-51.0 77.8 71.4 32.3
-50.8 77.8 71.5 32.3
-50.6 77.8 71.6 32.4
-50.4 77.8 71.8 32.4
-50.2 77.8 71.9 32.4
-50.0 77.8 72.1 32.4
-49.8 77.8 72.2 32.4
-49.6 77.8 72.4 32.5
-49.4 77.8 72.6 32.4
-49.2 77.8 72.8 32.4
-49.0 77.8 73.0 32.4
-48.8 77.8 73.2 32.4
-48.6 77.8 73.4 32.3
-48.4 77.8 73.6 32.3
-48.2 77.8 73.8 32.2
-48.0 77.8 73.9 32.2
-47.8 77.8 74.1 32.2
-47.6 77.8 74.2 32.1
-47.4 77.8 74.3 32.1
-47.2 77.8 74.3 32.1
-47.0 77.8 74.3 32.1
-46.8 77.8 74.3 32.1
-46.6 77.8 74.3 32.1
-46.4 77.8 74.3 32.1
-46.2 77.8 74.2 32.1
-46.0 77.8 74.1 32.2
-45.8 77.8 74.0 32.2
-45.6 77.8 73.9 32.2
-45.4 77.8 73.8 32.2
-45.2 77.8 73.6 32.2
-45.0 77.8 73.5 32.2
-44.8 77.8 73.4 32.2
-44.6 77.8 73.3 32.2
-44.4 77.8 73.2 32.2
-44.2 77.8 73.1 32.2
-44.0 77.8 73.0 32.2
-43.8 77.8 72.9 32.2
-43.6 77.8 72.8 32.2
-43.4 77.8 72.8 32.1
-43.2 77.8 72.8 32.1
-43.0 77.8 72.8 32.1
-42.8 77.8 72.7 32.0
-42.6 77.8 72.7 32.0
-42.4 77.8 72.7 31.9
-42.2 77.8 72.7 31.9
-42.0 77.8 72.6 31.8
-41.8 77.8 72.5 31.7
-41.6 77.8 72.4 31.6
-41.4 77.8 72.3 31.5
-41.2 77.8 72.1 31.4
-41.0 77.8 71.9 31.3
-40.8 77.8 71.7 31.3
-40.6 77.8 71.5 31.2
-40.4 77.8 71.3 31.1
-40.2 77.8 71.1 31.0
-40.0 77.8 70.8 31.0
-39.8 77.8 70.7 30.9
-39.6 77.8 70.5 30.9
-39.4 77.8 70.3 30.9
-39.2 77.8 70.2 30.9
-39.0 77.8 70.1 30.9
-38.8 77.8 70.1 31.0
-38.6 77.8 70.0 31.0
-38.4 77.8 69.9 31.0
-38.2 77.8 69.9 31.0
-38.0 77.8 69.8 30.9
-37.8 77.8 69.6 30.9
-37.6 77.8 69.4 30.8
-37.4 77.8 69.2 30.7
-37.2 77.8 68.9 30.5
-37.0 77.8 68.5 30.4
-36.8 77.8 68.1 30.2
-36.6 77.8 67.7 30.0
-36.4 77.8 67.2 29.8
-36.2 77.8 66.7 29.6
-36.0 77.8 66.1 29.4
-35.8 77.8 65.6 29.3
-35.6 77.8 65.1 29.1
-35.4 77.8 64.6 28.9
-35.2 77.8 64.1 28.8
-35.0 77.8 63.7 28.7
-34.8 77.8 63.3 28.5
-34.6 77.8 62.9 28.4
-34.4 77.8 62.6 28.3
-34.2 77.8 62.4 28.1
-34.0 77.8 62.1 27.9
-33.8 77.8 62.0 27.8
-33.6 77.8 61.8 27.6
-33.4 77.8 61.7 27.4
-33.2 77.8 61.7 27.2
-33.0 77.8 61.7 27.0
-32.8 77.8 61.7 26.8
-32.6 77.8 61.7 26.6
-32.4 77.8 61.8 26.3
-32.2 77.8 61.8 26.1
-32.0 77.8 61.9 25.9
-31.8 77.8 62.0 25.6
-31.6 77.8 62.0 25.4
-31.4 77.8 62.1 25.2
-31.2 77.8 62.1 25.0
-31.0 77.8 62.1 24.9
-30.8 77.8 62.0 24.7
-30.6 77.8 62.0 24.6
-30.4 77.8 61.9 24.5
-30.2 77.8 61.7 24.4
-30.0 77.8 61.5 24.4
-29.8 77.8 61.3 24.3
-29.6 77.8 61.1 24.3
-29.4 77.8 60.8 24.3
-29.2 77.8 60.5 24.4
-29.0 77.8 60.2 24.4
-28.8 77.8 59.8 24.4
-28.6 77.8 59.5 24.4
-28.4 77.8 59.1 24.5
-28.2 77.8 58.8 24.5
-28.0 77.8 58.4 24.5
-27.8 77.8 58.1 24.5
-27.6 77.8 57.8 24.4
-27.4 77.8 57.4 24.4
-27.2 77.8 57.1 24.3
-27.0 77.8 56.7 24.3
-26.8 77.8 56.4 24.2
-26.6 77.8 56.0 24.1
-26.4 77.8 55.6 24.0
-26.2 77.8 55.2 23.9
-26.0 77.8 54.8 23.7
-25.8 77.8 54.3 23.6
-25.6 77.8 53.8 23.4
-25.4 77.8 53.3 23.3
-25.2 77.8 52.7 23.1
-25.0 77.8 52.2 23.0
-24.8 77.8 51.6 22.8
-24.6 77.8 51.0 22.6
-24.4 77.8 50.4 22.5
-24.2 77.8 49.8 22.3
-24.0 77.8 49.2 22.2
-23.8 77.8 48.6 22.0
-23.6 77.8 48.0 21.9
-23.4 77.8 47.4 21.7
-23.2 77.8 46.8 21.6
-23.0 77.8 46.2 21.4
-22.8 77.8 45.5 21.3
-22.6 77.8 44.9 21.1
-22.4 77.8 44.3 20.9
-22.2 77.8 43.7 20.7
-22.0 77.8 43.1 20.6
-21.8 77.8 42.6 20.4
-21.6 77.8 42.0 20.2
-21.4 77.8 41.4 20.0
-21.2 77.8 40.9 19.8
-21.0 77.8 40.4 19.6
-20.8 77.8 39.9 19.5
-20.6 77.8 39.3 19.3
-20.4 77.8 38.8 19.1
-20.2 77.8 38.3 18.9
-20.0 77.8 37.8 18.6
-19.8 77.8 37.2 18.4
-19.6 77.8 36.7 18.2
-19.4 77.8 36.1 17.9
-19.2 77.8 35.5 17.7
-19.0 77.8 34.9 17.4
-18.8 77.8 34.3 17.0
-18.6 77.8 33.6 16.7
-18.4 77.8 32.9 16.3
-18.2 77.8 32.1 15.9
-18.0 77.8 31.3 15.4
-17.8 77.8 30.4 14.9
-17.6 77.8 29.5 14.4
-17.4 77.8 28.6 13.8
-17.2 77.8 27.5 13.3
-17.0 77.8 26.5 12.7
-16.8 77.8 25.4 12.0
-16.6 77.8 24.3 11.4
-16.4 77.8 23.1 10.8
-16.2 77.8 21.9 10.2
-16.0 77.8 20.8 9.6
-15.8 77.8 19.6 9.0
-15.6 77.8 18.5 8.4
-15.4 77.8 17.4 7.9
-15.2 77.8 16.4 7.4
-15.0 77.8 15.5 6.9
-14.8 77.8 14.6 6.5
-14.6 77.8 13.7 6.1
-14.4 77.8 13.0 5.8
-14.2 77.8 12.3 5.5
-14.0 77.8 11.8 5.2
-13.8 77.8 11.3 5.0
-13.6 77.8 10.8 4.8
-13.4 77.8 10.5 4.6
-13.2 77.8 10.2 4.4
-13.0 77.8 9.9 4.3
-12.8 77.8 9.7 4.2
-12.6 77.8 9.5 4.1
-12.4 77.8 9.4 4.0
-12.2 77.8 9.3 3.9
-12.0 77.8 9.1 3.8
-11.8 77.8 9.1 3.8
-11.6 77.8 9.0 3.7
-11.4 77.8 8.9 3.7
-11.2 77.8 8.8 3.6
-11.0 77.8 8.6 3.6
-10.8 77.8 8.5 3.5
-10.6 77.8 8.4 3.5
-10.4 77.8 8.2 3.4
-10.2 77.8 8.1 3.4
-10.0 77.8 7.9 3.4
-9.8 77.8 7.7 3.3
-9.6 77.8 7.5 3.3
-9.4 77.8 7.3 3.2
-9.2 77.8 7.1 3.2
-9.0 77.8 7.0 3.1
-8.8 77.8 6.8 3.0
-8.6 77.8 6.6 3.0
-8.4 77.8 6.5 2.9
-8.2 77.8 6.3 2.8
-8.0 77.8 6.2 2.7
-7.8 77.8 6.0 2.6
-7.6 77.8 5.9 2.5
-7.4 77.8 5.8 2.3
-7.2 77.8 5.7 2.2
-7.0 77.8 5.7 2.0
-6.8 77.8 5.6 1.9
-6.6 77.8 5.5 1.8
-6.4 77.8 5.5 1.6
-6.2 77.8 5.4 1.5
-6.0 77.8 5.4 1.3
-5.8 77.8 5.3 1.2
-5.6 77.8 5.3 1.1
-5.4 77.8 5.2 1.0
-5.2 77.8 5.2 1.0
-5.0 77.8 5.2 1.0
-4.8 77.8 5.2 1.0
-4.6 77.8 5.1 1.0
-4.4 77.8 5.1 1.0
-4.2 77.8 5.1 1.0
-4.0 77.8 5.1 1.0
-3.8 77.8 5.1 1.0
-3.6 77.8 5.1 1.0
-3.4 77.8 5.1 1.0
-3.2 77.8 5.0 1.0
-3.0 77.8 5.0 1.0
-2.8 77.8 5.0 1.0
-2.6 77.8 5.0 1.0
-2.4 77.8 5.0 1.0
-2.2 77.8 5.0 1.0
-2.0 77.8 5.0 1.0
-1.8 77.8 5.0 1.0
-1.6 77.8 5.0 1.0
-1.4 77.8 5.0 1.0
-1.2 77.8 5.0 1.0
-1.0 77.8 5.0 1.0
-0.8 77.8 5.0 1.0
-0.6 77.8 5.0 1.0
-0.4 77.8 5.0 1.0
-0.2 77.8 5.0 1.0
0.0 77.8 5.0 1.0
0.0 77.6 5.0 1.0
0.2 77.6 5.0 1.0
0.4 77.6 5.0 1.0
0.6 77.6 5.0 1.0
0.8 77.6 5.0 1.0
1.0 77.6 5.0 1.0
1.2 77.6 5.0 1.2
1.4 77.6 5.0 1.4
1.6 77.6 5.0 1.6
1.8 77.6 5.0 1.8
2.0 77.6 5.0 2.0
2.2 77.6 5.0 2.2
2.4 77.6 5.0 2.4
2.6 77.6 5.0 2.6
2.8 77.6 5.0 2.8
3.0 77.6 5.0 3.0
3.2 77.6 5.0 3.2
3.4 77.6 5.0 3.4
3.6 77.6 5.0 3.6
3.8 77.6 5.0 3.8
-88.8 77.6 57.8 25.9
-88.6 77.6 58.2 26.3
-88.4 77.6 58.6 26.7
-88.2 77.6 59.0 27.1
-88.0 77.6 59.3 27.4
-87.8 77.6 59.5 27.7
-87.6 77.6 59.7 27.9
-87.4 77.6 59.7 28.1
-87.2 77.6 59.7 28.2
-87.0 77.6 59.6 28.2
-86.8 77.6 59.4 28.2
-86.6 77.6 59.2 28.1
-86.4 77.6 58.9 28.0
-86.2 77.6 58.5 27.8
-86.0 77.6 58.2 27.5
-85.8 77.6 57.8 27.3
-85.6 77.6 57.5 27.0
-85.4 77.6 57.2 26.6
-85.2 77.6 56.9 26.3
-85.0 77.6 56.7 26.0
-84.8 77.6 56.5 25.6
-84.6 77.6 56.4 25.3
-84.4 77.6 56.3 25.1
-84.2 77.6 56.3 24.8
-84.0 77.6 56.3 24.6
-83.8 77.6 56.4 24.4
-83.6 77.6 56.4 24.3
-83.4 77.6 56.5 24.2
-83.2 77.6 56.6 24.1
-83.0 77.6 56.7 24.1
-82.8 77.6 56.8 24.2
-82.6 77.6 56.9 24.2
-82.4 77.6 56.9 24.3
-82.2 77.6 57.0 24.5
-82.0 77.6 57.0 24.6
-81.8 77.6 57.1 24.8
-81.6 77.6 57.1 25.0
-81.4 77.6 57.2 25.2
-81.2 77.6 57.2 25.4
-81.0 77.6 57.3 25.6
-80.8 77.6 57.4 25.7
-80.6 77.6 57.5 25.9
-80.4 77.6 57.6 26.0
-80.2 77.6 57.8 26.1
-80.0 77.6 57.9 26.1
-79.8 77.6 58.1 26.1
-79.6 77.6 58.4 26.1
-79.4 77.6 58.6 26.1
-79.2 77.6 58.8 26.1
-79.0 77.6 59.1 26.0
-78.8 77.6 59.3 25.9
-78.6 77.6 59.5 25.8
-78.4 77.6 59.7 25.6
-78.2 77.6 59.9 25.5
-78.0 77.6 60.1 25.4
-77.8 77.6 60.2 25.3
-77.6 77.6 60.4 25.2
-77.4 77.6 60.5 25.2
-77.2 77.6 60.5 25.1
-77.0 77.6 60.6 25.1
-76.8 77.6 60.7 25.1
-76.6 77.6 60.7 25.2
-76.4 77.6 60.8 25.3
-76.2 77.6 60.8 25.4
-76.0 77.6 60.9 25.5
-75.8 77.6 61.0 25.7
-75.6 77.6 61.0 25.8
-75.4 77.6 61.1 25.9
-75.2 77.6 61.2 26.1
-75.0 77.6 61.3 26.2
-74.8 77.6 61.5 26.3
-74.6 77.6 61.6 26.4
-74.4 77.6 61.7 26.5
-74.2 77.6 61.9 26.5
-74.0 77.6 62.1 26.6
-73.8 77.6 62.3 26.6
-73.6 77.6 62.5 26.6
-73.4 77.6 62.7 26.6
-73.2 77.6 62.9 26.6
-73.0 77.6 63.2 26.6
-72.8 77.6 63.4 26.6
-72.6 77.6 63.6 26.7
-72.4 77.6 63.9 26.7
-72.2 77.6 64.1 26.7
-72.0 77.6 64.4 26.8
-71.8 77.6 64.6 26.8
-71.6 77.6 64.8 26.9
-71.4 77.6 65.0 26.9
-71.2 77.6 65.2 27.0
-71.0 77.6 65.4 27.0
-70.8 77.6 65.6 27.1
-70.6 77.6 65.7 27.1
-70.4 77.6 65.9 27.1
-70.2 77.6 66.0 27.2
-70.0 77.6 66.1 27.2
-69.8 77.6 66.3 27.2
-69.6 77.6 66.4 27.3
-69.4 77.6 66.5 27.3
-69.2 77.6 66.6 27.4
-69.0 77.6 66.7 27.5
-68.8 77.6 66.8 27.5
-68.6 77.6 66.8 27.6
-68.4 77.6 66.9 27.7
-68.2 77.6 66.9 27.8
-68.0 77.6 67.0 27.9
-67.8 77.6 67.1 28.0
-67.6 77.6 67.1 28.1
-67.4 77.6 67.2 28.2
-67.2 77.6 67.3 28.3
-67.0 77.6 67.4 28.3
-66.8 77.6 67.6 28.4
-66.6 77.6 67.7 28.4
-66.4 77.6 67.9 28.4
-66.2 77.6 68.1 28.4
-66.0 77.6 68.2 28.4
-65.8 77.6 68.4 28.4
-65.6 77.6 68.6 28.4
-65.4 77.6 68.8 28.5
-65.2 77.6 68.9 28.5
-65.0 77.6 69.0 28.5
-64.8 77.6 69.1 28.6
-64.6 77.6 69.2 28.6
-64.4 77.6 69.2 28.7
-64.2 77.6 69.2 28.8
-64.0 77.6 69.2 28.9
-63.8 77.6 69.1 29.1
-63.6 77.6 69.1 29.2
-63.4 77.6 69.0 29.3
-63.2 77.6 69.0 29.5
-63.0 77.6 68.9 29.6
-62.8 77.6 68.9 29.7
-62.6 77.6 68.9 29.8
-62.4 77.6 69.0 29.9
-62.2 77.6 69.0 30.0
-62.0 77.6 69.1 30.0
-61.8 77.6 69.3 30.0
-61.6 77.6 69.4 29.9
-61.4 77.6 69.5 29.9
-61.2 77.6 69.7 29.8
-61.0 77.6 69.8 29.7
-60.8 77.6 69.9 29.6
-60.6 77.6 70.0 29.5
-60.4 77.6 70.1 29.5
-60.2 77.6 70.1 29.4
-60.0 77.6 70.1 29.4
-59.8 77.6 70.1 29.4
-59.6 77.6 70.0 29.4
-59.4 77.6 70.0 29.4
-59.2 77.6 69.9 29.5
-59.0 77.6 69.7 29.5
-58.8 77.6 69.6 29.6
-58.6 77.6 69.5 29.8
-58.4 77.6 69.4 29.9
-58.2 77.6 69.3 30.0
-58.0 77.6 69.2 30.2
-57.8 77.6 69.1 30.4
-57.6 77.6 69.1 30.6
-57.4 77.6 69.0 30.8
-57.2 77.6 69.0 31.0
-57.0 77.6 69.0 31.1
-56.8 77.6 69.0 31.3
-56.6 77.6 69.0 31.5
-56.4 77.6 69.0 31.7
-56.2 77.6 69.0 31.8
-56.0 77.6 69.0 31.9
-55.8 77.6 69.0 32.0
-55.6 77.6 68.9 32.1
-55.4 77.6 68.9 32.1
-55.2 77.6 68.9 32.2
-55.0 77.6 68.9 32.2
-54.8 77.6 68.9 32.2
-54.6 77.6 68.9 32.2
-54.4 77.6 68.9 32.1
-54.2 77.6 68.9 32.1
-54.0 77.6 68.9 32.0
-53.8 77.6 69.0 32.0
-53.6 77.6 69.0 31.9
-53.4 77.6 69.1 31.8
-53.2 77.6 69.1 31.8
-53.0 77.6 69.2 31.7
-52.8 77.6 69.3 31.6
-52.6 77.6 69.4 31.6
-52.4 77.6 69.4 31.5
-52.2 77.6 69.5 31.5
-52.0 77.6 69.5 31.5
-51.8 77.6 69.6 31.4
-51.6 77.6 69.6 31.4
-51.4 77.6 69.7 31.4
-51.2 77.6 69.7 31.4
-51.0 77.6 69.8 31.4
-50.8 77.6 69.8 31.4
-50.6 77.6 69.9 31.5
-50.4 77.6 70.0 31.5
-50.2 77.6 70.1 31.5
-50.0 77.6 70.2 31.5
-49.8 77.6 70.3 31.5
-49.6 77.6 70.5 31.5
-49.4 77.6 70.7 31.5
-49.2 77.6 70.9 31.5
-49.0 77.6 71.1 31.6
-48.8 77.6 71.3 31.6
-48.6 77.6 71.5 31.6
-48.4 77.6 71.7 31.6
-48.2 77.6 72.0 31.6
-48.0 77.6 72.2 31.6
-47.8 77.6 72.3 31.6
-47.6 77.6 72.5 31.6
-47.4 77.6 72.7 31.6
-47.2 77.6 72.8 31.6
-47.0 77.6 72.9 31.6
-46.8 77.6 73.0 31.6
-46.6 77.6 73.1 31.6
-46.4 77.6 73.1 31.6
-46.2 77.6 73.1 31.6
-46.0 77.6 73.1 31.6
-45.8 77.6 73.1 31.6
-45.6 77.6 73.1 31.6
-45.4 77.6 73.1 31.5
-45.2 77.6 73.0 31.5
-45.0 77.6 73.0 31.5
-44.8 77.6 73.0 31.4
-44.6 77.6 72.9 31.4
-44.4 77.6 72.9 31.4
-44.2 77.6 72.8 31.3
-44.0 77.6 72.8 31.3
-43.8 77.6 72.8 31.2
-43.6 77.6 72.8 31.2
-43.4 77.6 72.8 31.2
-43.2 77.6 72.8 31.1
-43.0 77.6 72.8 31.1
-42.8 77.6 72.8 31.1
-42.6 77.6 72.8 31.0
-42.4 77.6 72.7 31.0
-42.2 77.6 72.7 30.9
-42.0 77.6 72.6 30.8
-41.8 77.6 72.5 30.8
-41.6 77.6 72.4 30.7
-41.4 77.6 72.2 30.6
-41.2 77.6 72.0 30.5
-41.0 77.6 71.8 30.4
-40.8 77.6 71.5 30.3
-40.6 77.6 71.2 30.2
-40.4 77.6 70.9 30.2
-40.2 77.6 70.5 30.2
-40.0 77.6 70.2 30.1
-39.8 77.6 69.8 30.1
-39.6 77.6 69.5 30.2
-39.4 77.6 69.2 30.2
-39.2 77.6 68.9 30.3
-39.0 77.6 68.7 30.4
-38.8 77.6 68.5 30.4
-38.6 77.6 68.3 30.5
-38.4 77.6 68.1 30.6
-38.2 77.6 67.9 30.6
-38.0 77.6 67.7 30.6
-37.8 77.6 67.4 30.6
-37.6 77.6 67.2 30.5
-37.4 77.6 66.8 30.5
-37.2 77.6 66.5 30.4
-37.0 77.6 66.1 30.2
-36.8 77.6 65.7 30.1
-36.6 77.6 65.2 29.9
-36.4 77.6 64.7 29.8
-36.2 77.6 64.2 29.6
-36.0 77.6 63.6 29.5
-35.8 77.6 63.1 29.4
-35.6 77.6 62.6 29.3
-35.4 77.6 62.2 29.2
-35.2 77.6 61.8 29.1
-35.0 77.6 61.5 29.0
-34.8 77.6 61.2 28.9
-34.6 77.6 61.0 28.8
-34.4 77.6 60.8 28.7
-34.2 77.6 60.7 28.6
-34.0 77.6 60.6 28.5
-33.8 77.6 60.6 28.3
-33.6 77.6 60.7 28.2
-33.4 77.6 60.8 28.0
-33.2 77.6 61.0 27.7
-33.0 77.6 61.2 27.5
-32.8 77.6 61.4 27.2
-32.6 77.6 61.7 26.9
-32.4 77.6 61.9 26.7
-32.2 77.6 62.2 26.4
-32.0 77.6 62.5 26.1
-31.8 77.6 62.7 25.8
-31.6 77.6 63.0 25.5
-31.4 77.6 63.2 25.2
-31.2 77.6 63.3 25.0
-31.0 77.6 63.4 24.7
-30.8 77.6 63.4 24.5
-30.6 77.6 63.4 24.4
-30.4 77.6 63.3 24.3
-30.2 77.6 63.2 24.2
-30.0 77.6 62.9 24.1
-29.8 77.6 62.6 24.1
-29.6 77.6 62.3 24.1
-29.4 77.6 61.9 24.1
-29.2 77.6 61.5 24.2
-29.0 77.6 61.1 24.2
-28.8 77.6 60.6 24.3
-28.6 77.6 60.1 24.3
-28.4 77.6 59.6 24.4
-28.2 77.6 59.2 24.4
-28.0 77.6 58.8 24.5
-27.8 77.6 58.3 24.5
-27.6 77.6 58.0 24.5
-27.4 77.6 57.6 24.5
-27.2 77.6 57.3 24.4
-27.0 77.6 57.0 24.3
-26.8 77.6 56.7 24.2
-26.6 77.6 56.4 24.1
-26.4 77.6 56.1 23.9
-26.2 77.6 55.8 23.8
-26.0 77.6 55.5 23.6
-25.8 77.6 55.1 23.5
-25.6 77.6 54.7 23.3
-25.4 77.6 54.3 23.1
-25.2 77.6 53.9 23.0
-25.0 77.6 53.4 22.9
-24.8 77.6 52.9 22.7
-24.6 77.6 52.4 22.6
-24.4 77.6 51.9 22.5
-24.2 77.6 51.3 22.4
-24.0 77.6 50.7 22.4
-23.8 77.6 50.1 22.3
-23.6 77.6 49.5 22.2
-23.4 77.6 48.9 22.2
-23.2 77.6 48.2 22.1
-23.0 77.6 47.5 22.0
-22.8 77.6 46.9 21.9
-22.6 77.6 46.2 21.8
-22.4 77.6 45.6 21.7
-22.2 77.6 44.9 21.6
-22.0 77.6 44.3 21.4
-21.8 77.6 43.7 21.3
-21.6 77.6 43.1 21.1
-21.4 77.6 42.6 20.9
-21.2 77.6 42.0 20.7
-21.0 77.6 41.5 20.6
-20.8 77.6 41.0 20.4
-20.6 77.6 40.5 20.2
-20.4 77.6 40.0 19.9
-20.2 77.6 39.5 19.7
-20.0 77.6 39.0 19.5
-19.8 77.6 38.5 19.3
-19.6 77.6 38.0 19.0
-19.4 77.6 37.4 18.7
-19.2 77.6 36.9 18.5
-19.0 77.6 36.2 18.2
-18.8 77.6 35.6 17.8
-18.6 77.6 34.9 17.5
-18.4 77.6 34.1 17.1
-18.2 77.6 33.3 16.6
-18.0 77.6 32.4 16.2
-17.8 77.6 31.4 15.6
-17.6 77.6 30.4 15.1
-17.4 77.6 29.3 14.5
-17.2 77.6 28.1 13.8
-17.0 77.6 26.9 13.2
-16.8 77.6 25.6 12.5
-16.6 77.6 24.3 11.8
-16.4 77.6 23.0 11.0
-16.2 77.6 21.7 10.3
-16.0 77.6 20.4 9.6
-15.8 77.6 19.1 9.0
-15.6 77.6 17.9 8.3
-15.4 77.6 16.7 7.7
-15.2 77.6 15.6 7.2
-15.0 77.6 14.5 6.6
-14.8 77.6 13.6 6.2
-14.6 77.6 12.7 5.8
-14.4 77.6 11.9 5.4
-14.2 77.6 11.2 5.1
-14.0 77.6 10.7 4.8
-13.8 77.6 10.2 4.5
-13.6 77.6 9.7 4.3
-13.4 77.6 9.4 4.2
-13.2 77.6 9.1 4.0
-13.0 77.6 8.9 3.9
-12.8 77.6 8.8 3.8
-12.6 77.6 8.6 3.7
-12.4 77.6 8.6 3.6
-12.2 77.6 8.5 3.5
-12.0 77.6 8.5 3.5
-11.8 77.6 8.4 3.4
-11.6 77.6 8.4 3.4
-11.4 77.6 8.3 3.3
-11.2 77.6 8.3 3.3
-11.0 77.6 8.2 3.2
-10.8 77.6 8.1 3.2
-10.6 77.6 8.0 3.2
-10.4 77.6 7.9 3.1
-10.2 77.6 7.7 3.1
-10.0 77.6 7.6 3.0
-9.8 77.6 7.4 3.0
-9.6 77.6 7.2 2.9
-9.4 77.6 7.0 2.8
-9.2 77.6 6.8 2.8
-9.0 77.6 6.6 2.7
-8.8 77.6 6.5 2.6
-8.6 77.6 6.3 2.5
-8.4 77.6 6.1 2.4
-8.2 77.6 6.0 2.3
-8.0 77.6 5.9 2.2
-7.8 77.6 5.7 2.1
-7.6 77.6 5.6 1.9
-7.4 77.6 5.5 1.8
-7.2 77.6 5.5 1.7
-7.0 77.6 5.4 1.5
-6.8 77.6 5.3 1.4
-6.6 77.6 5.3 1.2
-6.4 77.6 5.2 1.1
-6.2 77.6 5.2 1.0
-6.0 77.6 5.2 1.0
-5.8 77.6 5.1 1.0
-5.6 77.6 5.1 1.0
-5.4 77.6 5.1 1.0
-5.2 77.6 5.1 1.0
-5.0 77.6 5.1 1.0
-4.8 77.6 5.0 1.0
-4.6 77.6 5.0 1.0
-4.4 77.6 5.0 1.0
-4.2 77.6 5.0 1.0
-4.0 77.6 5.0 1.0
-3.8 77.6 5.0 1.0
-3.6 77.6 5.0 1.0
-3.4 77.6 5.0 1.0
-3.2 77.6 5.0 1.0
-3.0 77.6 5.0 1.0
-2.8 77.6 5.0 1.0
-2.6 77.6 5.0 1.0
-2.4 77.6 5.0 1.0
-2.2 77.6 5.0 1.0
-2.0 77.6 5.0 1.0
-1.8 77.6 5.0 1.0
-1.6 77.6 5.0 1.0
-1.4 77.6 5.0 1.0
-1.2 77.6 5.0 1.0
-1.0 77.6 5.0 1.0
-0.8 77.6 5.0 1.0
-0.6 77.6 5.0 1.0
-0.4 77.6 5.0 1.0
-0.2 77.6 5.0 1.0
0.0 77.6 5.0 1.0
0.0 77.4 5.0 1.0
0.2 77.4 5.0 1.0
0.4 77.4 5.0 1.0
0.6 77.4 5.0 1.0
0.8 77.4 5.0 1.0
1.0 77.4 5.0 1.0
1.2 77.4 5.0 1.2
1.4 77.4 5.0 1.4
1.6 77.4 5.0 1.6
1.8 77.4 5.0 1.8
2.0 77.4 5.0 2.0
2.2 77.4 5.0 2.2
2.4 77.4 5.0 2.4
2.6 77.4 5.0 2.6
2.8 77.4 5.0 2.8
3.0 77.4 5.0 3.0
-88.0 77.4 59.4 27.7
-87.8 77.4 59.5 28.0
-87.6 77.4 59.5 28.2
-87.4 77.4 59.5 28.4
-87.2 77.4 59.3 28.5
-87.0 77.4 59.1 28.5
-86.8 77.4 58.9 28.5
-86.6 77.4 58.5 28.4
-86.4 77.4 58.2 28.2
-86.2 77.4 57.8 27.9
-86.0 77.4 57.4 27.6
-85.8 77.4 57.1 27.3
-85.6 77.4 56.7 26.9
-85.4 77.4 56.4 26.5
-85.2 77.4 56.2 26.1
-85.0 77.4 56.0 25.7
-84.8 77.4 55.8 25.3
-84.6 77.4 55.7 24.9
-84.4 77.4 55.7 24.6
-84.2 77.4 55.7 24.3
-84.0 77.4 55.8 24.0
-83.8 77.4 55.9 23.8
-83.6 77.4 56.0 23.7
-83.4 77.4 56.1 23.6
-83.2 77.4 56.2 23.6
-83.0 77.4 56.3 23.6
-82.8 77.4 56.4 23.7
-82.6 77.4 56.5 23.8
-82.4 77.4 56.6 23.9
-82.2 77.4 56.6 24.1
-82.0 77.4 56.7 24.3
-81.8 77.4 56.7 24.5
-81.6 77.4 56.7 24.7
-81.4 77.4 56.7 24.9
-81.2 77.4 56.8 25.0
-81.0 77.4 56.8 25.2
-80.8 77.4 56.9 25.4
-80.6 77.4 57.0 25.5
-80.4 77.4 57.2 25.6
-80.2 77.4 57.3 25.7
-80.0 77.4 57.6 25.7
-79.8 77.4 57.8 25.7
-79.6 77.4 58.1 25.7
-79.4 77.4 58.4 25.7
-79.2 77.4 58.7 25.6
-79.0 77.4 59.0 25.5
-78.8 77.4 59.3 25.4
-78.6 77.4 59.6 25.3
-78.4 77.4 59.9 25.2
-78.2 77.4 60.2 25.1
-78.0 77.4 60.4 25.0
-77.8 77.4 60.6 24.9
-77.6 77.4 60.8 24.8
-77.4 77.4 60.9 24.8
-77.2 77.4 61.0 24.7
-77.0 77.4 61.1 24.8
-76.8 77.4 61.1 24.8
-76.6 77.4 61.2 24.8
-76.4 77.4 61.2 24.9
-76.2 77.4 61.3 25.0
-76.0 77.4 61.3 25.2
-75.8 77.4 61.4 25.3
-75.6 77.4 61.4 25.5
-75.4 77.4 61.5 25.6
-75.2 77.4 61.6 25.7
-75.0 77.4 61.6 25.9
-74.8 77.4 61.7 26.0
-74.6 77.4 61.8 26.1
-74.4 77.4 61.9 26.2
-74.2 77.4 62.0 26.2
-74.0 77.4 62.1 26.3
-73.8 77.4 62.2 26.3
-73.6 77.4 62.4 26.3
-73.4 77.4 62.5 26.4
-73.2 77.4 62.7 26.4
-73.0 77.4 62.9 26.4
-72.8 77.4 63.1 26.4
-72.6 77.4 63.3 26.5
-72.4 77.4 63.6 26.5
-72.2 77.4 63.8 26.5
-72.0 77.4 64.1 26.5
-71.8 77.4 64.3 26.6
-71.6 77.4 64.5 26.6
-71.4 77.4 64.7 26.6
-71.2 77.4 64.9 26.6
-71.0 77.4 65.1 26.6
-70.8 77.4 65.3 26.6
-70.6 77.4 65.4 26.6
-70.4 77.4 65.6 26.6
-70.2 77.4 65.7 26.6
-70.0 77.4 65.8 26.6
-69.8 77.4 65.8 26.6
-69.6 77.4 65.9 26.6
-69.4 77.4 65.9 26.6
-69.2 77.4 66.0 26.7
-69.0 77.4 66.0 26.7
-68.8 77.4 65.9 26.8
-68.6 77.4 65.9 26.8
-68.4 77.4 65.9 26.9
-68.2 77.4 65.9 27.0
-68.0 77.4 65.8 27.1
-67.8 77.4 65.8 27.2
-67.6 77.4 65.8 27.3
-67.4 77.4 65.8 27.4
-67.2 77.4 65.8 27.5
-67.0 77.4 65.9 27.7
-66.8 77.4 65.9 27.7
-66.6 77.4 66.0 27.8
-66.4 77.4 66.1 27.9
-66.2 77.4 66.2 27.9
-66.0 77.4 66.4 28.0
-65.8 77.4 66.5 28.0
-65.6 77.4 66.7 28.0
-65.4 77.4 66.8 28.0
-65.2 77.4 66.9 28.1
-65.0 77.4 67.0 28.1
-64.8 77.4 67.0 28.1
-64.6 77.4 67.1 28.2
-64.4 77.4 67.1 28.2
-64.2 77.4 67.1 28.3
-64.0 77.4 67.0 28.4
-63.8 77.4 67.0 28.5
-63.6 77.4 66.9 28.6
-63.4 77.4 66.9 28.7
-63.2 77.4 66.9 28.8
-63.0 77.4 66.9 29.0
-62.8 77.4 66.9 29.1
-62.6 77.4 67.0 29.2
-62.4 77.4 67.1 29.3
-62.2 77.4 67.2 29.3
-62.0 77.4 67.3 29.3
-61.8 77.4 67.4 29.3
-61.6 77.4 67.5 29.3
-61.4 77.4 67.6 29.2
-61.2 77.4 67.7 29.2
-61.0 77.4 67.8 29.1
-60.8 77.4 67.8 29.0
-60.6 77.4 67.8 28.9
-60.4 77.4 67.8 28.8
-60.2 77.4 67.7 28.8
-60.0 77.4 67.6 28.7
-59.8 77.4 67.6 28.7
-59.6 77.4 67.5 28.7
-59.4 77.4 67.3 28.7
-59.2 77.4 67.2 28.8
-59.0 77.4 67.2 28.9
-58.8 77.4 67.1 29.0
-58.6 77.4 67.0 29.2
-58.4 77.4 67.0 29.3
-58.2 77.4 66.9 29.5
-58.0 77.4 66.9 29.7
-57.8 77.4 66.9 29.9
-57.6 77.4 67.0 30.1
-57.4 77.4 67.0 30.3
-57.2 77.4 67.1 30.6
-57.0 77.4 67.1 30.7
-56.8 77.4 67.2 30.9
-56.6 77.4 67.3 31.1
-56.4 77.4 67.4 31.2
-56.2 77.4 67.5 31.3
-56.0 77.4 67.6 31.4
-55.8 77.4 67.7 31.4
-55.6 77.4 67.8 31.4
-55.4 77.4 67.8 31.5
-55.2 77.4 67.9 31.5
-55.0 77.4 68.0 31.4
-54.8 77.4 68.0 31.4
-54.6 77.4 68.1 31.4
-54.4 77.4 68.1 31.4
-54.2 77.4 68.1 31.4
-54.0 77.4 68.2 31.4
-53.8 77.4 68.2 31.3
-53.6 77.4 68.2 31.3
-53.4 77.4 68.2 31.3
-53.2 77.4 68.2 31.3
-53.0 77.4 68.2 31.2
-52.8 77.4 68.2 31.2
-52.6 77.4 68.3 31.2
-52.4 77.4 68.3 31.1
-52.2 77.4 68.3 31.1
-52.0 77.4 68.3 31.0
-51.8 77.4 68.3 31.0
-51.6 77.4 68.3 30.9
-51.4 77.4 68.3 30.9
-51.2 77.4 68.3 30.8
-51.0 77.4 68.3 30.8
-50.8 77.4 68.3 30.8
-50.6 77.4 68.4 30.7
-50.4 77.4 68.4 30.7
-50.2 77.4 68.5 30.7
-50.0 77.4 68.6 30.7
-49.8 77.4 68.7 30.7
-49.6 77.4 68.9 30.7
-49.4 77.4 69.1 30.7
-49.2 77.4 69.3 30.7
-49.0 77.4 69.5 30.7
-48.8 77.4 69.8 30.7
-48.6 77.4 70.0 30.8
-48.4 77.4 70.3 30.8
-48.2 77.4 70.5 30.8
-48.0 77.4 70.8 30.8
-47.8 77.4 71.0 30.9
-47.6 77.4 71.2 30.9
-47.4 77.4 71.4 30.9
-47.2 77.4 71.6 30.9
-47.0 77.4 71.8 30.9
-46.8 77.4 72.0 30.9
-46.6 77.4 72.1 30.9
-46.4 77.4 72.2 30.9
-46.2 77.4 72.4 30.9
-46.0 77.4 72.5 30.9
-45.8 77.4 72.6 30.8
-45.6 77.4 72.7 30.8
-45.4 77.4 72.7 30.7
-45.2 77.4 72.8 30.7
-45.0 77.4 72.9 30.6
-44.8 77.4 72.9 30.6
-44.6 77.4 73.0 30.5
-44.4 77.4 73.0 30.5
-44.2 77.4 73.0 30.4
-44.0 77.4 73.0 30.4
-43.8 77.4 73.0 30.3
-43.6 77.4 72.9 30.3
-43.4 77.4 72.9 30.3
-43.2 77.4 72.8 30.3
-43.0 77.4 72.7 30.2
-42.8 77.4 72.6 30.2
-42.6 77.4 72.5 30.2
-42.4 77.4 72.4 30.2
-42.2 77.4 72.2 30.1
-42.0 77.4 72.0 30.1
-41.8 77.4 71.8 30.0
-41.6 77.4 71.6 29.9
-41.4 77.4 71.3 29.8
-41.2 77.4 71.0 29.7
-41.0 77.4 70.7 29.6
-40.8 77.4 70.3 29.5
-40.6 77.4 70.0 29.4
-40.4 77.4 69.6 29.3
-40.2 77.4 69.1 29.3
-40.0 77.4 68.7 29.3
-39.8 77.4 68.3 29.3
-39.6 77.4 67.9 29.3
-39.4 77.4 67.5 29.4
-39.2 77.4 67.2 29.4
-39.0 77.4 66.8 29.5
-38.8 77.4 66.5 29.6
-38.6 77.4 66.2 29.7
-38.4 77.4 65.9 29.8
-38.2 77.4 65.7 29.9
-38.0 77.4 65.4 29.9
-37.8 77.4 65.2 29.9
-37.6 77.4 64.9 29.9
-37.4 77.4 64.5 29.9
-37.2 77.4 64.2 29.8
-37.0 77.4 63.8 29.7
-36.8 77.4 63.4 29.6
-36.6 77.4 63.0 29.5
-36.4 77.4 62.5 29.4
-36.2 77.4 62.1 29.3
-36.0 77.4 61.6 29.2
-35.8 77.4 61.2 29.2
-35.6 77.4 60.7 29.1
-35.4 77.4 60.4 29.1
-35.2 77.4 60.1 29.1
-35.0 77.4 59.8 29.1
-34.8 77.4 59.7 29.0
-34.6 77.4 59.6 29.0
-34.4 77.4 59.5 29.0
-34.2 77.4 59.5 28.9
-34.0 77.4 59.6 28.8
-33.8 77.4 59.8 28.6
-33.6 77.4 60.0 28.5
-33.4 77.4 60.3 28.2
-33.2 77.4 60.6 28.0
-33.0 77.4 61.0 27.7
-32.8 77.4 61.4 27.4
-32.6 77.4 61.8 27.1
-32.4 77.4 62.3 26.8
-32.2 77.4 62.7 26.4
-32.0 77.4 63.2 26.1
-31.8 77.4 63.6 25.7
-31.6 77.4 64.0 25.4
-31.4 77.4 64.3 25.0
-31.2 77.4 64.6 24.8
-31.0 77.4 64.7 24.5
-30.8 77.4 64.8 24.2
-30.6 77.4 64.8 24.0
-30.4 77.4 64.7 23.9
-30.2 77.4 64.5 23.8
-30.0 77.4 64.3 23.7
-29.8 77.4 63.9 23.7
-29.6 77.4 63.4 23.7
-29.4 77.4 62.9 23.7
-29.2 77.4 62.3 23.7
-29.0 77.4 61.7 23.8
-28.8 77.4 61.1 23.9
-28.6 77.4 60.5 24.0
-28.4 77.4 59.9 24.1
-28.2 77.4 59.3 24.2
-28.0 77.4 58.7 24.2
-27.8 77.4 58.2 24.3
-27.6 77.4 57.8 24.3
-27.4 77.4 57.4 24.3
-27.2 77.4 57.1 24.3
-27.0 77.4 56.8 24.2
-26.8 77.4 56.5 24.2
-26.6 77.4 56.3 24.0
-26.4 77.4 56.1 23.9
-26.2 77.4 55.9 23.8
-26.0 77.4 55.6 23.6
-25.8 77.4 55.4 23.5
-25.6 77.4 55.2 23.3
-25.4 77.4 54.9 23.2
-25.2 77.4 54.6 23.1
-25.0 77.4 54.3 22.9
-24.8 77.4 53.9 22.9
-24.6 77.4 53.5 22.8
-24.4 77.4 53.0 22.7
-24.2 77.4 52.5 22.7
-24.0 77.4 52.0 22.7
-23.8 77.4 51.4 22.7
-23.6 77.4 50.8 22.7
-23.4 77.4 50.2 22.6
-23.2 77.4 49.5 22.6
-23.0 77.4 48.8 22.6
-22.8 77.4 48.1 22.5
-22.6 77.4 47.3 22.5
-22.4 77.4 46.6 22.4
-22.2 77.4 45.9 22.3
-22.0 77.4 45.3 22.2
-21.8 77.4 44.6 22.1
-21.6 77.4 44.0 21.9
-21.4 77.4 43.5 21.8
-21.2 77.4 42.9 21.6
-21.0 77.4 42.4 21.4
-20.8 77.4 41.9 21.3
-20.6 77.4 41.4 21.1
-20.4 77.4 41.0 20.8
-20.2 77.4 40.5 20.6
-20.0 77.4 40.1 20.4
-19.8 77.4 39.6 20.2
-19.6 77.4 39.1 19.9
-19.4 77.4 38.6 19.6
-19.2 77.4 38.0 19.3
-19.0 77.4 37.4 19.0
-18.8 77.4 36.7 18.7
-18.6 77.4 36.0 18.3
-18.4 77.4 35.1 17.9
-18.2 77.4 34.3 17.5
-18.0 77.4 33.3 17.0
-17.8 77.4 32.2 16.5
-17.6 77.4 31.1 15.9
-17.4 77.4 29.8 15.2
-17.2 77.4 28.5 14.5
-17.0 77.4 27.2 13.8
-16.8 77.4 25.8 13.0
-16.6 77.4 24.3 12.2
-16.4 77.4 22.9 11.4
-16.2 77.4 21.4 10.6
-16.0 77.4 20.0 9.8
-15.8 77.4 18.6 9.1
-15.6 77.4 17.2 8.4
-15.4 77.4 16.0 7.7
-15.2 77.4 14.8 7.1
-15.0 77.4 13.7 6.5
-14.8 77.4 12.7 6.0
-14.6 77.4 11.8 5.5
-14.4 77.4 11.0 5.1
-14.2 77.4 10.4 4.8
-14.0 77.4 9.8 4.5
-13.8 77.4 9.3 4.2
-13.6 77.4 8.9 4.0
-13.4 77.4 8.5 3.8
-13.2 77.4 8.3 3.7
-13.0 77.4 8.1 3.6
-12.8 77.4 7.9 3.4
-12.6 77.4 7.8 3.4
-12.4 77.4 7.8 3.3
-12.2 77.4 7.7 3.2
-12.0 77.4 7.7 3.2
-11.8 77.4 7.7 3.1
-11.6 77.4 7.7 3.1
-11.4 77.4 7.7 3.0
-11.2 77.4 7.6 3.0
-11.0 77.4 7.6 2.9
-10.8 77.4 7.5 2.9
-10.6 77.4 7.4 2.8
-10.4 77.4 7.3 2.8
-10.2 77.4 7.2 2.7
-10.0 77.4 7.1 2.6
-9.8 77.4 6.9 2.6
-9.6 77.4 6.7 2.5
-9.4 77.4 6.6 2.4
-9.2 77.4 6.4 2.3
-9.0 77.4 6.2 2.2
-8.8 77.4 6.1 2.1
-8.6 77.4 5.9 2.0
-8.4 77.4 5.8 1.9
-8.2 77.4 5.7 1.8
-8.0 77.4 5.6 1.7
-7.8 77.4 5.5 1.6
-7.6 77.4 5.4 1.4
-7.4 77.4 5.3 1.3
-7.2 77.4 5.3 1.2
-7.0 77.4 5.2 1.1
-6.8 77.4 5.2 1.0
-6.6 77.4 5.1 1.0
-6.4 77.4 5.1 1.0
-6.2 77.4 5.1 1.0
-6.0 77.4 5.1 1.0
-5.8 77.4 5.0 1.0
-5.6 77.4 5.0 1.0
-5.4 77.4 5.0 1.0
-5.2 77.4 5.0 1.0
-5.0 77.4 5.0 1.0
-4.8 77.4 5.0 1.0
-4.6 77.4 5.0 1.0
-4.4 77.4 5.0 1.0
-4.2 77.4 5.0 1.0
-4.0 77.4 5.0 1.0
-3.8 77.4 5.0 1.0
-3.6 77.4 5.0 1.0
-3.4 77.4 5.0 1.0
-3.2 77.4 5.0 1.0
-3.0 77.4 5.0 1.0
-2.8 77.4 5.0 1.0
-2.6 77.4 5.0 1.0
-2.4 77.4 5.0 1.0
-2.2 77.4 5.0 1.0
-2.0 77.4 5.0 1.0
-1.8 77.4 5.0 1.0
-1.6 77.4 5.0 1.0
-1.4 77.4 5.0 1.0
-1.2 77.4 5.0 1.0
-1.0 77.4 5.0 1.0
-0.8 77.4 5.0 1.0
-0.6 77.4 5.0 1.0
-0.4 77.4 5.0 1.0
-0.2 77.4 5.0 1.0
0.0 77.4 5.0 1.0
0.0 77.2 5.0 1.0
0.2 77.2 5.0 1.0
0.4 77.2 5.0 1.0
0.6 77.2 5.0 1.0
0.8 77.2 5.0 1.0
1.0 77.2 5.0 1.0
1.2 77.2 5.0 1.2
1.4 77.2 5.0 1.4
1.6 77.2 5.0 1.6
1.8 77.2 5.0 1.8
2.0 77.2 5.0 2.0
-87.0 77.2 58.6 28.7
-86.8 77.2 58.3 28.6
-86.6 77.2 57.9 28.5
-86.4 77.2 57.5 28.3
-86.2 77.2 57.2 28.0
-86.0 77.2 56.8 27.6
-85.8 77.2 56.4 27.2
-85.6 77.2 56.1 26.8
-85.4 77.2 55.9 26.3
-85.2 77.2 55.7 25.9
-85.0 77.2 55.6 25.4
-84.8 77.2 55.6 25.0
-84.6 77.2 55.6 24.6
-84.4 77.2 55.7 24.2
-84.2 77.2 55.9 23.9
-84.0 77.2 56.1 23.6
-83.8 77.2 56.4 23.4
-83.6 77.2 56.7 23.3
-83.4 77.2 57.0 23.2
-83.2 77.2 57.3 23.2
-83.0 77.2 57.5 23.2
-82.8 77.2 57.7 23.3
-82.6 77.2 57.9 23.4
-82.4 77.2 58.0 23.5
-82.2 77.2 58.1 23.7
-82.0 77.2 58.1 23.8
-81.8 77.2 58.1 24.0
-81.6 77.2 58.0 24.2
-81.4 77.2 58.0 24.4
-81.2 77.2 57.9 24.5
-81.0 77.2 57.8 24.7
-80.8 77.2 57.7 24.8
-80.6 77.2 57.7 24.9
-80.4 77.2 57.7 25.0
-80.2 77.2 57.8 25.1
-80.0 77.2 57.9 25.1
-79.8 77.2 58.1 25.1
-79.6 77.2 58.3 25.1
-79.4 77.2 58.5 25.1
-79.2 77.2 58.8 25.1
-79.0 77.2 59.1 25.0
-78.8 77.2 59.4 25.0
-78.6 77.2 59.8 24.9
-78.4 77.2 60.1 24.8
-78.2 77.2 60.4 24.8
-78.0 77.2 60.7 24.7
-77.8 77.2 61.0 24.6
-77.6 77.2 61.3 24.6
-77.4 77.2 61.5 24.6
-77.2 77.2 61.7 24.6
-77.0 77.2 61.8 24.6
-76.8 77.2 62.0 24.6
-76.6 77.2 62.1 24.7
-76.4 77.2 62.3 24.8
-76.2 77.2 62.4 24.9
-76.0 77.2 62.6 25.0
-75.8 77.2 62.7 25.1
-75.6 77.2 62.8 25.3
-75.4 77.2 63.0 25.4
-75.2 77.2 63.1 25.6
-75.0 77.2 63.2 25.7
-74.8 77.2 63.3 25.9
-74.6 77.2 63.4 26.0
-74.4 77.2 63.4 26.1
-74.2 77.2 63.4 26.2
-74.0 77.2 63.4 26.2
-73.8 77.2 63.5 26.3
-73.6 77.2 63.5 26.4
-73.4 77.2 63.5 26.4
-73.2 77.2 63.5 26.5
-73.0 77.2 63.5 26.6
-72.8 77.2 63.6 26.6
-72.6 77.2 63.7 26.7
-72.4 77.2 63.8 26.7
-72.2 77.2 63.9 26.8
-72.0 77.2 64.0 26.8
-71.8 77.2 64.2 26.8
-71.6 77.2 64.4 26.8
-71.4 77.2 64.5 26.8
-71.2 77.2 64.7 26.8
-71.0 77.2 64.9 26.7
-70.8 77.2 65.0 26.7
-70.6 77.2 65.1 26.6
-70.4 77.2 65.3 26.6
-70.2 77.2 65.4 26.5
-70.0 77.2 65.5 26.5
-69.8 77.2 65.5 26.4
-69.6 77.2 65.6 26.3
-69.4 77.2 65.6 26.3
-69.2 77.2 65.6 26.2
-69.0 77.2 65.5 26.2
-68.8 77.2 65.5 26.2
-68.6 77.2 65.4 26.2
-68.4 77.2 65.3 26.2
-68.2 77.2 65.2 26.3
-68.0 77.2 65.1 26.3
-67.8 77.2 65.0 26.4
-67.6 77.2 64.9 26.6
-67.4 77.2 64.9 26.7
-67.2 77.2 64.9 26.9
-67.0 77.2 64.9 27.0
-66.8 77.2 64.9 27.2
-66.6 77.2 64.9 27.3
-66.4 77.2 65.0 27.5
-66.2 77.2 65.1 27.6
-66.0 77.2 65.2 27.7
-65.8 77.2 65.3 27.7
-65.6 77.2 65.4 27.8
-65.4 77.2 65.5 27.8
-65.2 77.2 65.6 27.8
-65.0 77.2 65.6 27.8
-64.8 77.2 65.6 27.9
-64.6 77.2 65.6 27.9
-64.4 77.2 65.5 27.9
-64.2 77.2 65.4 27.9
-64.0 77.2 65.3 27.9
-63.8 77.2 65.3 28.0
-63.6 77.2 65.2 28.0
-63.4 77.2 65.1 28.1
-63.2 77.2 65.1 28.2
-63.0 77.2 65.1 28.3
-62.8 77.2 65.2 28.3
-62.6 77.2 65.2 28.4
-62.4 77.2 65.3 28.5
-62.2 77.2 65.4 28.6
-62.0 77.2 65.5 28.6
-61.8 77.2 65.6 28.6
-61.6 77.2 65.7 28.6
-61.4 77.2 65.8 28.6
-61.2 77.2 65.9 28.5
-61.0 77.2 65.9 28.5
-60.8 77.2 65.9 28.4
-60.6 77.2 65.8 28.3
-60.4 77.2 65.8 28.3
-60.2 77.2 65.7 28.2
-60.0 77.2 65.6 28.2
-59.8 77.2 65.5 28.2
-59.6 77.2 65.4 28.2
-59.4 77.2 65.3 28.3
-59.2 77.2 65.3 28.4
-59.0 77.2 65.2 28.5
-58.8 77.2 65.2 28.7
-58.6 77.2 65.2 28.9
-58.4 77.2 65.2 29.1
-58.2 77.2 65.3 29.3
-58.0 77.2 65.3 29.6
-57.8 77.2 65.4 29.8
-57.6 77.2 65.5 30.0
-57.4 77.2 65.5 30.2
-57.2 77.2 65.6 30.4
-57.0 77.2 65.7 30.6
-56.8 77.2 65.9 30.7
-56.6 77.2 66.0 30.8
-56.4 77.2 66.1 30.9
-56.2 77.2 66.3 31.0
-56.0 77.2 66.4 31.0
-55.8 77.2 66.6 31.0
-55.6 77.2 66.8 31.0
-55.4 77.2 66.9 30.9
-55.2 77.2 67.1 30.9
-55.0 77.2 67.2 30.9
-54.8 77.2 67.3 30.8
-54.6 77.2 67.4 30.8
-54.4 77.2 67.4 30.8
-54.2 77.2 67.5 30.8
-54.0 77.2 67.5 30.8
-53.8 77.2 67.5 30.9
-53.6 77.2 67.4 30.9
-53.4 77.2 67.4 30.9
-53.2 77.2 67.3 30.9
-53.0 77.2 67.3 30.9
-52.8 77.2 67.2 30.9
-52.6 77.2 67.2 30.8
-52.4 77.2 67.1 30.8
-52.2 77.2 67.0 30.7
-52.0 77.2 67.0 30.7
-51.8 77.2 67.0 30.6
-51.6 77.2 66.9 30.5
-51.4 77.2 66.9 30.5
-51.2 77.2 66.9 30.4
-51.0 77.2 66.9 30.3
-50.8 77.2 66.9 30.2
-50.6 77.2 67.0 30.1
-50.4 77.2 67.0 30.0
-50.2 77.2 67.1 30.0
-50.0 77.2 67.2 29.9
-49.8 77.2 67.3 29.9
-49.6 77.2 67.5 29.8
-49.4 77.2 67.7 29.8
-49.2 77.2 67.9 29.7
-49.0 77.2 68.1 29.7
-48.8 77.2 68.3 29.7
-48.6 77.2 68.6 29.7
-48.4 77.2 68.8 29.8
-48.2 77.2 69.1 29.8
-48.0 77.2 69.3 29.8
-47.8 77.2 69.5 29.8
-47.6 77.2 69.7 29.9
-47.4 77.2 70.0 29.9
-47.2 77.2 70.2 29.9
-47.0 77.2 70.3 29.9
-46.8 77.2 70.5 29.9
-46.6 77.2 70.7 29.9
-46.4 77.2 70.9 29.9
-46.2 77.2 71.0 29.9
-46.0 77.2 71.2 29.9
-45.8 77.2 71.3 29.8
-45.6 77.2 71.5 29.8
-45.4 77.2 71.6 29.8
-45.2 77.2 71.7 29.8
-45.0 77.2 71.9 29.7
-44.8 77.2 72.0 29.7
-44.6 77.2 72.0 29.7
-44.4 77.2 72.1 29.7
-44.2 77.2 72.1 29.7
-44.0 77.2 72.1 29.6
-43.8 77.2 72.0 29.6
-43.6 77.2 72.0 29.6
-43.4 77.2 71.8 29.6
-43.2 77.2 71.7 29.6
-43.0 77.2 71.5 29.6
-42.8 77.2 71.2 29.6
-42.6 77.2 71.0 29.6
-42.4 77.2 70.7 29.6
-42.2 77.2 70.4 29.6
-42.0 77.2 70.1 29.5
-41.8 77.2 69.8 29.5
-41.6 77.2 69.4 29.4
-41.4 77.2 69.1 29.2
-41.2 77.2 68.7 29.1
-41.0 77.2 68.3 29.0
-40.8 77.2 68.0 28.8
-40.6 77.2 67.6 28.7
-40.4 77.2 67.2 28.5
-40.2 77.2 66.8 28.4
-40.0 77.2 66.4 28.3
-39.8 77.2 66.0 28.3
-39.6 77.2 65.6 28.2
-39.4 77.2 65.3 28.3
-39.2 77.2 64.9 28.3
-39.0 77.2 64.6 28.4
-38.8 77.2 64.3 28.4
-38.6 77.2 64.0 28.5
-38.4 77.2 63.8 28.6
-38.2 77.2 63.5 28.6
-38.0 77.2 63.3 28.7
-37.8 77.2 63.1 28.7
-37.6 77.2 62.8 28.7
-37.4 77.2 62.5 28.7
-37.2 77.2 62.3 28.7
-37.0 77.2 62.0 28.6
-36.8 77.2 61.6 28.6
-36.6 77.2 61.3 28.5
-36.4 77.2 60.9 28.5
-36.2 77.2 60.6 28.5
-36.0 77.2 60.2 28.5
-35.8 77.2 59.9 28.5
-35.6 77.2 59.6 28.5
-35.4 77.2 59.3 28.5
-35.2 77.2 59.1 28.5
-35.0 77.2 58.9 28.5
-34.8 77.2 58.8 28.6
-34.6 77.2 58.8 28.6
-34.4 77.2 58.8 28.5
-34.2 77.2 58.9 28.5
-34.0 77.2 59.0 28.4
-33.8 77.2 59.3 28.3
-33.6 77.2 59.6 28.1
-33.4 77.2 59.9 27.9
-33.2 77.2 60.3 27.6
-33.0 77.2 60.8 27.4
-32.8 77.2 61.3 27.1
-32.6 77.2 61.8 26.8
-32.4 77.2 62.4 26.4
-32.2 77.2 62.9 26.1
-32.0 77.2 63.5 25.7
-31.8 77.2 64.0 25.4
-31.6 77.2 64.5 25.1
-31.4 77.2 64.9 24.7
-31.2 77.2 65.2 24.4
-31.0 77.2 65.4 24.2
-30.8 77.2 65.6 23.9
-30.6 77.2 65.6 23.7
-30.4 77.2 65.5 23.6
-30.2 77.2 65.2 23.4
-30.0 77.2 64.9 23.4
-29.8 77.2 64.5 23.3
-29.6 77.2 63.9 23.3
-29.4 77.2 63.3 23.3
-29.2 77.2 62.6 23.3
-29.0 77.2 61.9 23.4
-28.8 77.2 61.1 23.5
-28.6 77.2 60.4 23.6
-28.4 77.2 59.6 23.7
-28.2 77.2 58.9 23.8
-28.0 77.2 58.3 23.9
-27.8 77.2 57.7 23.9
-27.6 77.2 57.2 24.0
-27.4 77.2 56.8 24.0
-27.2 77.2 56.4 24.1
-27.0 77.2 56.1 24.1
-26.8 77.2 55.8 24.0
-26.6 77.2 55.6 24.0
-26.4 77.2 55.5 23.9
-26.2 77.2 55.3 23.8
-26.0 77.2 55.2 23.7
-25.8 77.2 55.1 23.6
-25.6 77.2 55.0 23.5
-25.4 77.2 54.8 23.4
-25.2 77.2 54.6 23.3
-25.0 77.2 54.4 23.3
-24.8 77.2 54.2 23.2
-24.6 77.2 53.9 23.1
-24.4 77.2 53.5 23.1
-24.2 77.2 53.1 23.1
-24.0 77.2 52.6 23.0
-23.8 77.2 52.1 23.0
-23.6 77.2 51.5 23.0
-23.4 77.2 50.8 22.9
-23.2 77.2 50.2 22.9
-23.0 77.2 49.5 22.9
-22.8 77.2 48.8 22.8
-22.6 77.2 48.1 22.8
-22.4 77.2 47.3 22.7
-22.2 77.2 46.7 22.6
-22.0 77.2 46.0 22.5
-21.8 77.2 45.4 22.5
-21.6 77.2 44.8 22.4
-21.4 77.2 44.2 22.3
-21.2 77.2 43.7 22.1
-21.0 77.2 43.2 22.0
-20.8 77.2 42.7 21.9
-20.6 77.2 42.3 21.7
-20.4 77.2 41.8 21.5
-20.2 77.2 41.4 21.3
-20.0 77.2 40.9 21.1
-19.8 77.2 40.5 20.9
-19.6 77.2 40.0 20.7
-19.4 77.2 39.5 20.5
-19.2 77.2 38.9 20.2
-19.0 77.2 38.3 19.9
-18.8 77.2 37.6 19.6
-18.6 77.2 36.8 19.2
-18.4 77.2 35.9 18.8
-18.2 77.2 35.0 18.4
-18.0 77.2 33.9 17.9
-17.8 77.2 32.7 17.3
-17.6 77.2 31.5 16.7
-17.4 77.2 30.1 16.0
-17.2 77.2 28.7 15.3
-17.0 77.2 27.2 14.5
-16.8 77.2 25.6 13.6
-16.6 77.2 24.0 12.8
-16.4 77.2 22.4 11.9
-16.2 77.2 20.9 11.0
-16.0 77.2 19.4 10.1
-15.8 77.2 17.9 9.3
-15.6 77.2 16.5 8.5
-15.4 77.2 15.2 7.7
-15.2 77.2 14.0 7.0
-15.0 77.2 12.9 6.4
-14.8 77.2 11.9 5.9
-14.6 77.2 11.1 5.4
-14.4 77.2 10.3 4.9
-14.2 77.2 9.7 4.6
-14.0 77.2 9.1 4.3
-13.8 77.2 8.6 4.0
-13.6 77.2 8.2 3.8
-13.4 77.2 7.9 3.6
-13.2 77.2 7.6 3.4
-13.0 77.2 7.4 3.3
-12.8 77.2 7.2 3.2
-12.6 77.2 7.1 3.1
-12.4 77.2 7.0 3.0
-12.2 77.2 7.0 2.9
-12.0 77.2 6.9 2.9
-11.8 77.2 6.9 2.8
-11.6 77.2 6.8 2.7
-11.4 77.2 6.8 2.7
-11.2 77.2 6.8 2.6
-11.0 77.2 6.7 2.6
-10.8 77.2 6.7 2.5
-10.6 77.2 6.6 2.4
-10.4 77.2 6.5 2.4
-10.2 77.2 6.4 2.3
-10.0 77.2 6.3 2.2
-9.8 77.2 6.2 2.1
-9.6 77.2 6.1 2.0
-9.4 77.2 6.0 1.9
-9.2 77.2 5.9 1.8
-9.0 77.2 5.8 1.7
-8.8 77.2 5.7 1.6
-8.6 77.2 5.6 1.5
-8.4 77.2 5.5 1.4
-8.2 77.2 5.4 1.3
-8.0 77.2 5.3 1.2
-7.8 77.2 5.3 1.1
-7.6 77.2 5.2 1.0
-7.4 77.2 5.2 1.0
-7.2 77.2 5.1 1.0
-7.0 77.2 5.1 1.0
-6.8 77.2 5.1 1.0
-6.6 77.2 5.1 1.0
-6.4 77.2 5.0 1.0
-6.2 77.2 5.0 1.0
-6.0 77.2 5.0 1.0
-5.8 77.2 5.0 1.0
-5.6 77.2 5.0 1.0
-5.4 77.2 5.0 1.0
-5.2 77.2 5.0 1.0
-5.0 77.2 5.0 1.0
-4.8 77.2 5.0 1.0
-4.6 77.2 5.0 1.0
-4.4 77.2 5.0 1.0
-4.2 77.2 5.0 1.0
-4.0 77.2 5.0 1.0
-3.8 77.2 5.0 1.0
-3.6 77.2 5.0 1.0
-3.4 77.2 5.0 1.0
-3.2 77.2 5.0 1.0
-3.0 77.2 5.0 1.0
-2.8 77.2 5.0 1.0
-2.6 77.2 5.0 1.0
-2.4 77.2 5.0 1.0
-2.2 77.2 5.0 1.0
-2.0 77.2 5.0 1.0
-1.8 77.2 5.0 1.0
-1.6 77.2 5.0 1.0
-1.4 77.2 5.0 1.0
-1.2 77.2 5.0 1.0
-1.0 77.2 5.0 1.0
-0.8 77.2 5.0 1.0
-0.6 77.2 5.0 1.0
-0.4 77.2 5.0 1.0
-0.2 77.2 5.0 1.0
0.0 77.2 5.0 1.0
0.0 77.0 5.0 1.0
0.2 77.0 5.0 1.0
0.4 77.0 5.0 1.0
0.6 77.0 5.0 1.0
0.8 77.0 5.0 1.0
1.0 77.0 5.0 1.0
1.2 77.0 5.0 1.2
-86.2 77.0 56.6 28.0
-86.0 77.0 56.3 27.6
-85.8 77.0 56.0 27.2
-85.6 77.0 55.8 26.7
-85.4 77.0 55.6 26.2
-85.2 77.0 55.6 25.8
-85.0 77.0 55.6 25.3
-84.8 77.0 55.7 24.8
-84.6 77.0 56.0 24.4
-84.4 77.0 56.3 24.0
-84.2 77.0 56.8 23.7
-84.0 77.0 57.3 23.5
-83.8 77.0 57.8 23.3
-83.6 77.0 58.4 23.1
-83.4 77.0 59.0 23.1
-83.2 77.0 59.5 23.1
-83.0 77.0 60.0 23.1
-82.8 77.0 60.5 23.2
-82.6 77.0 60.8 23.3
-82.4 77.0 61.1 23.4
-82.2 77.0 61.2 23.5
-82.0 77.0 61.3 23.6
-81.8 77.0 61.2 23.8
-81.6 77.0 61.1 23.9
-81.4 77.0 60.9 24.1
-81.2 77.0 60.6 24.2
-81.0 77.0 60.3 24.3
-80.8 77.0 59.9 24.4
-80.6 77.0 59.6 24.5
-80.4 77.0 59.3 24.5
-80.2 77.0 59.1 24.6
-80.0 77.0 58.9 24.6
-79.8 77.0 58.8 24.6
-79.6 77.0 58.7 24.6
-79.4 77.0 58.8 24.6
-79.2 77.0 58.9 24.6
-79.0 77.0 59.0 24.6
-78.8 77.0 59.2 24.6
-78.6 77.0 59.5 24.5
-78.4 77.0 59.8 24.5
-78.2 77.0 60.1 24.5
-78.0 77.0 60.4 24.5
-77.8 77.0 60.7 24.5
-77.6 77.0 61.1 24.5
-77.4 77.0 61.4 24.5
-77.2 77.0 61.7 24.5
-77.0 77.0 62.1 24.5
-76.8 77.0 62.4 24.6
-76.6 77.0 62.8 24.6
-76.4 77.0 63.1 24.7
-76.2 77.0 63.5 24.8
-76.0 77.0 63.9 24.9
-75.8 77.0 64.2 25.1
-75.6 77.0 64.6 25.2
-75.4 77.0 64.9 25.3
-75.2 77.0 65.1 25.5
-75.0 77.0 65.4 25.6
-74.8 77.0 65.5 25.8
-74.6 77.0 65.6 25.9
-74.4 77.0 65.7 26.0
-74.2 77.0 65.6 26.1
-74.0 77.0 65.6 26.2
-73.8 77.0 65.5 26.4
-73.6 77.0 65.3 26.5
-73.4 77.0 65.1 26.5
-73.2 77.0 64.9 26.6
-73.0 77.0 64.7 26.7
-72.8 77.0 64.6 26.8
-72.6 77.0 64.4 26.9
-72.4 77.0 64.3 27.0
-72.2 77.0 64.2 27.1
-72.0 77.0 64.1 27.1
-71.8 77.0 64.1 27.1
-71.6 77.0 64.1 27.1
-71.4 77.0 64.2 27.1
-71.2 77.0 64.3 27.1
-71.0 77.0 64.4 27.0
-70.8 77.0 64.5 27.0
-70.6 77.0 64.7 26.9
-70.4 77.0 64.9 26.8
-70.2 77.0 65.0 26.7
-70.0 77.0 65.2 26.5
-69.8 77.0 65.3 26.4
-69.6 77.0 65.4 26.2
-69.4 77.0 65.5 26.1
-69.2 77.0 65.5 26.0
-69.0 77.0 65.5 25.9
-68.8 77.0 65.4 25.8
-68.6 77.0 65.4 25.7
-68.4 77.0 65.2 25.7
-68.2 77.0 65.1 25.7
-68.0 77.0 65.0 25.7
-67.8 77.0 64.8 25.8
-67.6 77.0 64.7 25.9
-67.4 77.0 64.6 26.0
-67.2 77.0 64.6 26.2
-67.0 77.0 64.5 26.4
-66.8 77.0 64.5 26.6
-66.6 77.0 64.6 26.8
-66.4 77.0 64.7 27.0
-66.2 77.0 64.7 27.1
-66.0 77.0 64.8 27.3
-65.8 77.0 64.9 27.4
-65.6 77.0 65.0 27.5
-65.4 77.0 65.0 27.5
-65.2 77.0 65.0 27.5
-65.0 77.0 64.9 27.5
-64.8 77.0 64.9 27.5
-64.6 77.0 64.7 27.5
-64.4 77.0 64.6 27.5
-64.2 77.0 64.4 27.4
-64.0 77.0 64.2 27.4
-63.8 77.0 64.1 27.4
-63.6 77.0 63.9 27.4
-63.4 77.0 63.8 27.5
-63.2 77.0 63.7 27.5
-63.0 77.0 63.7 27.5
-62.8 77.0 63.7 27.6
-62.6 77.0 63.7 27.7
-62.4 77.0 63.8 27.7
-62.2 77.0 63.9 27.8
-62.0 77.0 64.0 27.8
-61.8 77.0 64.2 27.8
-61.6 77.0 64.3 27.8
-61.4 77.0 64.4 27.8
-61.2 77.0 64.5 27.8
-61.0 77.0 64.6 27.8
-60.8 77.0 64.6 27.7
-60.6 77.0 64.6 27.7
-60.4 77.0 64.6 27.7
-60.2 77.0 64.6 27.7
-60.0 77.0 64.6 27.7
-59.8 77.0 64.6 27.7
-59.6 77.0 64.6 27.8
-59.4 77.0 64.6 27.9
-59.2 77.0 64.6 28.0
-59.0 77.0 64.7 28.2
-58.8 77.0 64.8 28.4
-58.6 77.0 64.8 28.6
-58.4 77.0 64.9 28.9
-58.2 77.0 65.0 29.1
-58.0 77.0 65.1 29.4
-57.8 77.0 65.2 29.6
-57.6 77.0 65.3 29.8
-57.4 77.0 65.3 30.1
-57.2 77.0 65.4 30.2
-57.0 77.0 65.5 30.4
-56.8 77.0 65.5 30.5
-56.6 77.0 65.6 30.6
-56.4 77.0 65.7 30.6
-56.2 77.0 65.8 30.6
-56.0 77.0 65.9 30.6
-55.8 77.0 66.0 30.6
-55.6 77.0 66.2 30.5
-55.4 77.0 66.3 30.5
-55.2 77.0 66.4 30.4
-55.0 77.0 66.5 30.4
-54.8 77.0 66.6 30.3
-54.6 77.0 66.7 30.3
-54.4 77.0 66.7 30.3
-54.2 77.0 66.8 30.3
-54.0 77.0 66.8 30.4
-53.8 77.0 66.8 30.4
-53.6 77.0 66.7 30.4
-53.4 77.0 66.7 30.4
-53.2 77.0 66.6 30.5
-53.0 77.0 66.5 30.5
-52.8 77.0 66.4 30.4
-52.6 77.0 66.3 30.4
-52.4 77.0 66.2 30.4
-52.2 77.0 66.2 30.3
-52.0 77.0 66.1 30.2
-51.8 77.0 66.1 30.2
-51.6 77.0 66.0 30.1
-51.4 77.0 66.0 30.0
-51.2 77.0 66.0 29.9
-51.0 77.0 66.0 29.7
-50.8 77.0 66.0 29.6
-50.6 77.0 66.0 29.5
-50.4 77.0 66.1 29.4
-50.2 77.0 66.1 29.2
-50.0 77.0 66.1 29.1
-49.8 77.0 66.2 29.0
-49.6 77.0 66.3 28.9
-49.4 77.0 66.4 28.8
-49.2 77.0 66.5 28.8
-49.0 77.0 66.6 28.7
-48.8 77.0 66.8 28.7
-48.6 77.0 66.9 28.6
-48.4 77.0 67.1 28.6
-48.2 77.0 67.2 28.6
-48.0 77.0 67.4 28.7
-47.8 77.0 67.6 28.7
-47.6 77.0 67.7 28.7
-47.4 77.0 67.9 28.7
-47.2 77.0 68.0 28.7
-47.0 77.0 68.2 28.8
-46.8 77.0 68.3 28.8
-46.6 77.0 68.5 28.8
-46.4 77.0 68.6 28.8
-46.2 77.0 68.7 28.9
-46.0 77.0 68.9 28.9
-45.8 77.0 69.0 28.9
-45.6 77.0 69.1 28.9
-45.4 77.0 69.2 28.9
-45.2 77.0 69.3 29.0
-45.0 77.0 69.4 29.0
-44.8 77.0 69.5 29.0
-44.6 77.0 69.6 29.0
-44.4 77.0 69.6 29.1
-44.2 77.0 69.6 29.1
-44.0 77.0 69.5 29.1
-43.8 77.0 69.5 29.1
-43.6 77.0 69.3 29.1
-43.4 77.0 69.2 29.2
-43.2 77.0 68.9 29.2
-43.0 77.0 68.7 29.2
-42.8 77.0 68.4 29.3
-42.6 77.0 68.1 29.3
-42.4 77.0 67.8 29.3
-42.2 77.0 67.5 29.3
-42.0 77.0 67.1 29.2
-41.8 77.0 66.8 29.2
-41.6 77.0 66.4 29.0
-41.4 77.0 66.1 28.9
-41.2 77.0 65.7 28.7
-41.0 77.0 65.4 28.5
-40.8 77.0 65.0 28.3
-40.6 77.0 64.7 28.1
-40.4 77.0 64.4 27.9
-40.2 77.0 64.1 27.7
-40.0 77.0 63.7 27.5
-39.8 77.0 63.4 27.3
-39.6 77.0 63.1 27.2
-39.4 77.0 62.9 27.1
-39.2 77.0 62.6 27.1
-39.0 77.0 62.4 27.1
-38.8 77.0 62.1 27.0
-38.6 77.0 61.9 27.1
-38.4 77.0 61.8 27.1
-38.2 77.0 61.6 27.1
-38.0 77.0 61.4 27.1
-37.8 77.0 61.3 27.1
-37.6 77.0 61.1 27.1
-37.4 77.0 60.9 27.2
-37.2 77.0 60.8 27.2
-37.0 77.0 60.6 27.2
-36.8 77.0 60.4 27.2
-36.6 77.0 60.2 27.2
-36.4 77.0 60.0 27.2
-36.2 77.0 59.8 27.2
-36.0 77.0 59.5 27.2
-35.8 77.0 59.3 27.3
-35.6 77.0 59.1 27.3
-35.4 77.0 58.9 27.3
-35.2 77.0 58.8 27.4
-35.0 77.0 58.7 27.4
-34.8 77.0 58.6 27.4
-34.6 77.0 58.6 27.4
-34.4 77.0 58.7 27.4
-34.2 77.0 58.8 27.3
-34.0 77.0 58.9 27.2
-33.8 77.0 59.1 27.1
-33.6 77.0 59.4 27.0
-33.4 77.0 59.7 26.8
-33.2 77.0 60.1 26.6
-33.0 77.0 60.5 26.4
-32.8 77.0 61.0 26.1
-32.6 77.0 61.5 25.9
-32.4 77.0 62.0 25.6
-32.2 77.0 62.5 25.4
-32.0 77.0 63.0 25.1
-31.8 77.0 63.5 24.9
-31.6 77.0 64.0 24.6
-31.4 77.0 64.4 24.4
-31.2 77.0 64.8 24.2
-31.0 77.0 65.0 24.0
-30.8 77.0 65.1 23.8
-30.6 77.0 65.1 23.6
-30.4 77.0 65.0 23.5
-30.2 77.0 64.8 23.4
-30.0 77.0 64.4 23.3
-29.8 77.0 64.0 23.2
-29.6 77.0 63.4 23.2
-29.4 77.0 62.7 23.1
-29.2 77.0 62.0 23.2
-29.0 77.0 61.3 23.2
-28.8 77.0 60.5 23.2
-28.6 77.0 59.7 23.3
-28.4 77.0 58.9 23.4
-28.2 77.0 58.2 23.4
-28.0 77.0 57.5 23.5
-27.8 77.0 56.9 23.6
-27.6 77.0 56.4 23.7
-27.4 77.0 55.9 23.7
-27.2 77.0 55.5 23.8
-27.0 77.0 55.2 23.8
-26.8 77.0 55.0 23.8
-26.6 77.0 54.8 23.8
-26.4 77.0 54.7 23.8
-26.2 77.0 54.6 23.8
-26.0 77.0 54.5 23.8
-25.8 77.0 54.4 23.7
-25.6 77.0 54.4 23.7
-25.4 77.0 54.3 23.7
-25.2 77.0 54.2 23.6
-25.0 77.0 54.0 23.5
-24.8 77.0 53.8 23.5
-24.6 77.0 53.6 23.4
-24.4 77.0 53.3 23.3
-24.2 77.0 52.9 23.3
-24.0 77.0 52.4 23.2
-23.8 77.0 51.9 23.1
-23.6 77.0 51.4 23.0
-23.4 77.0 50.8 22.9
-23.2 77.0 50.2 22.8
-23.0 77.0 49.5 22.7
-22.8 77.0 48.9 22.6
-22.6 77.0 48.2 22.5
-22.4 77.0 47.6 22.4
-22.2 77.0 47.0 22.3
-22.0 77.0 46.4 22.3
-21.8 77.0 45.8 22.2
-21.6 77.0 45.3 22.2
-21.4 77.0 44.8 22.2
-21.2 77.0 44.3 22.1
-21.0 77.0 43.9 22.1
-20.8 77.0 43.4 22.0
-20.6 77.0 43.0 21.9
-20.4 77.0 42.6 21.8
-20.2 77.0 42.2 21.7
-20.0 77.0 41.7 21.6
-19.8 77.0 41.2 21.4
-19.6 77.0 40.7 21.3
-19.4 77.0 40.2 21.1
-19.2 77.0 39.6 20.8
-19.0 77.0 38.9 20.5
-18.8 77.0 38.2 20.2
-18.6 77.0 37.3 19.9
-18.4 77.0 36.4 19.5
-18.2 77.0 35.3 19.0
-18.0 77.0 34.1 18.5
-17.8 77.0 32.8 17.9
-17.6 77.0 31.4 17.3
-17.4 77.0 29.9 16.5
-17.2 77.0 28.3 15.7
-17.0 77.0 26.7 14.9
-16.8 77.0 25.0 14.0
-16.6 77.0 23.4 13.1
-16.4 77.0 21.7 12.1
-16.2 77.0 20.1 11.2
-16.0 77.0 18.5 10.2
-15.8 77.0 17.0 9.3
-15.6 77.0 15.7 8.5
-15.4 77.0 14.4 7.7
-15.2 77.0 13.2 7.0
-15.0 77.0 12.2 6.3
-14.8 77.0 11.3 5.7
-14.6 77.0 10.5 5.2
-14.4 77.0 9.7 4.8
-14.2 77.0 9.1 4.4
-14.0 77.0 8.6 4.1
-13.8 77.0 8.1 3.8
-13.6 77.0 7.7 3.6
-13.4 77.0 7.4 3.4
-13.2 77.0 7.1 3.2
-13.0 77.0 6.9 3.1
-12.8 77.0 6.7 3.0
-12.6 77.0 6.6 2.9
-12.4 77.0 6.4 2.8
-12.2 77.0 6.3 2.7
-12.0 77.0 6.2 2.6
-11.8 77.0 6.2 2.5
-11.6 77.0 6.1 2.4
-11.4 77.0 6.0 2.3
-11.2 77.0 6.0 2.2
-11.0 77.0 5.9 2.2
-10.8 77.0 5.9 2.1
-10.6 77.0 5.8 2.0
-10.4 77.0 5.8 1.9
-10.2 77.0 5.7 1.8
-10.0 77.0 5.7 1.7
-9.8 77.0 5.6 1.6
-9.6 77.0 5.5 1.5
-9.4 77.0 5.5 1.4
-9.2 77.0 5.4 1.3
-9.0 77.0 5.4 1.2
-8.8 77.0 5.3 1.1
-8.6 77.0 5.3 1.0
-8.4 77.0 5.2 1.0
-8.2 77.0 5.2 1.0
-8.0 77.0 5.1 1.0
-7.8 77.0 5.1 1.0
-7.6 77.0 5.1 1.0
-7.4 77.0 5.1 1.0
-7.2 77.0 5.1 1.0
-7.0 77.0 5.0 1.0
-6.8 77.0 5.0 1.0
-6.6 77.0 5.0 1.0
-6.4 77.0 5.0 1.0
-6.2 77.0 5.0 1.0
-6.0 77.0 5.0 1.0
-5.8 77.0 5.0 1.0
-5.6 77.0 5.0 1.0
-5.4 77.0 5.0 1.0
-5.2 77.0 5.0 1.0
-5.0 77.0 5.0 1.0
-4.8 77.0 5.0 1.0
-4.6 77.0 5.0 1.0
-4.4 77.0 5.0 1.0
-4.2 77.0 5.0 1.0
-4.0 77.0 5.0 1.0
-3.8 77.0 5.0 1.0
-3.6 77.0 5.0 1.0
-3.4 77.0 5.0 1.0
-3.2 77.0 5.0 1.0
-3.0 77.0 5.0 1.0
-2.8 77.0 5.0 1.0
-2.6 77.0 5.0 1.0
-2.4 77.0 5.0 1.0
-2.2 77.0 5.0 1.0
-2.0 77.0 5.0 1.0
-1.8 77.0 5.0 1.0
-1.6 77.0 5.0 1.0
-1.4 77.0 5.0 1.0
-1.2 77.0 5.0 1.0
-1.0 77.0 5.0 1.0
-0.8 77.0 5.0 1.0
-0.6 77.0 5.0 1.0
-0.4 77.0 5.0 1.0
-0.2 77.0 5.0 1.0
0.0 77.0 5.0 1.0
0.0 76.8 5.0 1.0
0.2 76.8 5.0 1.0
0.4 76.8 5.0 1.0
-85.4 76.8 55.5 26.3
-85.2 76.8 55.6 25.8
-85.0 76.8 55.8 25.3
-84.8 76.8 56.1 24.9
-84.6 76.8 56.6 24.5
-84.4 76.8 57.2 24.1
-84.2 76.8 57.9 23.8
-84.0 76.8 58.7 23.6
-83.8 76.8 59.6 23.4
-83.6 76.8 60.5 23.3
-83.4 76.8 61.4 23.2
-83.2 76.8 62.3 23.2
-83.0 76.8 63.2 23.2
-82.8 76.8 63.9 23.3
-82.6 76.8 64.5 23.4
-82.4 76.8 65.0 23.5
-82.2 76.8 65.2 23.6
-82.0 76.8 65.3 23.7
-81.8 76.8 65.3 23.8
-81.6 76.8 65.1 23.9
-81.4 76.8 64.7 24.0
-81.2 76.8 64.2 24.1
-81.0 76.8 63.6 24.2
-80.8 76.8 63.0 24.2
-80.6 76.8 62.3 24.3
-80.4 76.8 61.6 24.3
-80.2 76.8 61.0 24.3
-80.0 76.8 60.4 24.3
-79.8 76.8 59.9 24.3
-79.6 76.8 59.5 24.2
-79.4 76.8 59.1 24.2
-79.2 76.8 58.9 24.2
-79.0 76.8 58.8 24.2
-78.8 76.8 58.8 24.2
-78.6 76.8 58.8 24.2
-78.4 76.8 59.0 24.2
-78.2 76.8 59.2 24.2
-78.0 76.8 59.4 24.3
-77.8 76.8 59.7 24.3
-77.6 76.8 60.1 24.3
-77.4 76.8 60.5 24.4
-77.2 76.8 60.9 24.4
-77.0 76.8 61.4 24.5
-76.8 76.8 61.9 24.5
-76.6 76.8 62.4 24.6
-76.4 76.8 62.9 24.7
-76.2 76.8 63.5 24.8
-76.0 76.8 64.1 24.9
-75.8 76.8 64.6 25.0
-75.6 76.8 65.2 25.1
-75.4 76.8 65.7 25.2
-75.2 76.8 66.1 25.4
-75.0 76.8 66.5 25.5
-74.8 76.8 66.8 25.6
-74.6 76.8 67.0 25.7
-74.4 76.8 67.1 25.8
-74.2 76.8 67.1 26.0
-74.0 76.8 67.0 26.1
-73.8 76.8 66.8 26.2
-73.6 76.8 66.6 26.3
-73.4 76.8 66.3 26.4
-73.2 76.8 66.0 26.5
-73.0 76.8 65.6 26.6
-72.8 76.8 65.3 26.7
-72.6 76.8 65.0 26.8
-72.4 76.8 64.6 26.9
-72.2 76.8 64.3 27.0
-72.0 76.8 64.1 27.1
-71.8 76.8 63.9 27.1
-71.6 76.8 63.8 27.1
-71.4 76.8 63.8 27.1
-71.2 76.8 63.8 27.1
-71.0 76.8 63.9 27.0
-70.8 76.8 64.1 27.0
-70.6 76.8 64.3 26.8
-70.4 76.8 64.6 26.7
-70.2 76.8 64.8 26.6
-70.0 76.8 65.1 26.4
-69.8 76.8 65.4 26.2
-69.6 76.8 65.6 26.0
-69.4 76.8 65.8 25.8
-69.2 76.8 65.9 25.7
-69.0 76.8 65.9 25.5
-68.8 76.8 65.8 25.3
-68.6 76.8 65.7 25.2
-68.4 76.8 65.6 25.1
-68.2 76.8 65.4 25.1
-68.0 76.8 65.1 25.1
-67.8 76.8 64.9 25.1
-67.6 76.8 64.7 25.2
-67.4 76.8 64.5 25.3
-67.2 76.8 64.4 25.5
-67.0 76.8 64.3 25.7
-66.8 76.8 64.3 25.9
-66.6 76.8 64.3 26.1
-66.4 76.8 64.4 26.3
-66.2 76.8 64.5 26.5
-66.0 76.8 64.6 26.7
-65.8 76.8 64.6 26.8
-65.6 76.8 64.7 26.9
-65.4 76.8 64.7 27.0
-65.2 76.8 64.6 27.0
-65.0 76.8 64.6 27.0
-64.8 76.8 64.4 27.0
-64.6 76.8 64.2 27.0
-64.4 76.8 64.0 27.0
-64.2 76.8 63.8 26.9
-64.0 76.8 63.5 26.9
-63.8 76.8 63.3 26.9
-63.6 76.8 63.1 26.9
-63.4 76.8 62.9 26.9
-63.2 76.8 62.8 26.9
-63.0 76.8 62.7 27.0
-62.8 76.8 62.7 27.0
-62.6 76.8 62.7 27.0
-62.4 76.8 62.8 27.1
-62.2 76.8 63.0 27.1
-62.0 76.8 63.1 27.1
-61.8 76.8 63.3 27.1
-61.6 76.8 63.5 27.1
-61.4 76.8 63.7 27.1
-61.2 76.8 63.9 27.1
-61.0 76.8 64.1 27.1
-60.8 76.8 64.2 27.1
-60.6 76.8 64.4 27.1
-60.4 76.8 64.5 27.1
-60.2 76.8 64.6 27.2
-60.0 76.8 64.7 27.2
-59.8 76.8 64.8 27.3
-59.6 76.8 64.9 27.4
-59.4 76.8 65.0 27.5
-59.2 76.8 65.2 27.7
-59.0 76.8 65.4 27.9
-58.8 76.8 65.6 28.1
-58.6 76.8 65.8 28.3
-58.4 76.8 66.0 28.5
-58.2 76.8 66.1 28.8
-58.0 76.8 66.3 29.0
-57.8 76.8 66.4 29.2
-57.6 76.8 66.5 29.4
-57.4 76.8 66.5 29.6
-57.2 76.8 66.5 29.8
-57.0 76.8 66.5 29.9
-56.8 76.8 66.5 30.0
-56.6 76.8 66.5 30.0
-56.4 76.8 66.4 30.1
-56.2 76.8 66.4 30.1
-56.0 76.8 66.3 30.1
-55.8 76.8 66.3 30.0
-55.6 76.8 66.3 30.0
-55.4 76.8 66.3 30.0
-55.2 76.8 66.3 29.9
-55.0 76.8 66.3 29.9
-54.8 76.8 66.3 29.9
-54.6 76.8 66.3 29.9
-54.4 76.8 66.3 29.9
-54.2 76.8 66.4 29.9
-54.0 76.8 66.4 29.9
-53.8 76.8 66.4 29.9
-53.6 76.8 66.5 29.9
-53.4 76.8 66.5 29.9
-53.2 76.8 66.5 29.9
-53.0 76.8 66.5 29.8
-52.8 76.8 66.5 29.8
-52.6 76.8 66.5 29.8
-52.4 76.8 66.5 29.7
-52.2 76.8 66.5 29.7
-52.0 76.8 66.4 29.6
-51.8 76.8 66.4 29.5
-51.6 76.8 66.4 29.5
-51.4 76.8 66.4 29.4
-51.2 76.8 66.3 29.3
-51.0 76.8 66.3 29.2
-50.8 76.8 66.2 29.0
-50.6 76.8 66.2 28.9
-50.4 76.8 66.1 28.8
-50.2 76.8 66.0 28.6
-50.0 76.8 66.0 28.5
-49.8 76.8 65.9 28.3
-49.6 76.8 65.8 28.2
-49.4 76.8 65.7 28.1
-49.2 76.8 65.7 28.0
-49.0 76.8 65.6 27.9
-48.8 76.8 65.6 27.8
-48.6 76.8 65.6 27.7
-48.4 76.8 65.6 27.7
-48.2 76.8 65.7 27.7
-48.0 76.8 65.7 27.7
-47.8 76.8 65.7 27.7
-47.6 76.8 65.8 27.7
-47.4 76.8 65.9 27.8
-47.2 76.8 65.9 27.8
-47.0 76.8 66.0 27.9
-46.8 76.8 66.1 27.9
-46.6 76.8 66.1 28.0
-46.4 76.8 66.2 28.0
-46.2 76.8 66.3 28.1
-46.0 76.8 66.3 28.1
-45.8 76.8 66.4 28.2
-45.6 76.8 66.4 28.2
-45.4 76.8 66.4 28.3
-45.2 76.8 66.4 28.3
-45.0 76.8 66.4 28.4
-44.8 76.8 66.4 28.5
-44.6 76.8 66.4 28.5
-44.4 76.8 66.4 28.5
-44.2 76.8 66.3 28.6
-44.0 76.8 66.2 28.6
-43.8 76.8 66.1 28.7
-43.6 76.8 66.0 28.7
-43.4 76.8 65.8 28.8
-43.2 76.8 65.6 28.8
-43.0 76.8 65.4 28.9
-42.8 76.8 65.1 28.9
-42.6 76.8 64.9 28.9
-42.4 76.8 64.6 29.0
-42.2 76.8 64.3 29.0
-42.0 76.8 64.1 28.9
-41.8 76.8 63.8 28.8
-41.6 76.8 63.5 28.7
-41.4 76.8 63.3 28.6
-41.2 76.8 63.0 28.4
-41.0 76.8 62.7 28.1
-40.8 76.8 62.5 27.9
-40.6 76.8 62.2 27.6
-40.4 76.8 62.0 27.4
-40.2 76.8 61.7 27.1
-40.0 76.8 61.5 26.8
-39.8 76.8 61.2 26.6
-39.6 76.8 61.0 26.4
-39.4 76.8 60.8 26.2
-39.2 76.8 60.6 26.1
-39.0 76.8 60.5 25.9
-38.8 76.8 60.3 25.8
-38.6 76.8 60.2 25.8
-38.4 76.8 60.1 25.7
-38.2 76.8 60.1 25.7
-38.0 76.8 60.0 25.7
-37.8 76.8 60.0 25.7
-37.6 76.8 59.9 25.7
-37.4 76.8 59.9 25.7
-37.2 76.8 59.8 25.7
-37.0 76.8 59.8 25.7
-36.8 76.8 59.7 25.7
-36.6 76.8 59.6 25.7
-36.4 76.8 59.6 25.8
-36.2 76.8 59.5 25.8
-36.0 76.8 59.4 25.8
-35.8 76.8 59.3 25.9
-35.6 76.8 59.2 25.9
-35.4 76.8 59.1 25.9
-35.2 76.8 59.0 26.0
-35.0 76.8 59.0 26.0
-34.8 76.8 59.0 25.9
-34.6 76.8 58.9 25.9
-34.4 76.8 59.0 25.9
-34.2 76.8 59.0 25.8
-34.0 76.8 59.1 25.7
-33.8 76.8 59.2 25.6
-33.6 76.8 59.3 25.5
-33.4 76.8 59.5 25.3
-33.2 76.8 59.8 25.2
-33.0 76.8 60.0 25.1
-32.8 76.8 60.3 24.9
-32.6 76.8 60.7 24.8
-32.4 76.8 61.1 24.7
-32.2 76.8 61.5 24.6
-32.0 76.8 61.9 24.4
-31.8 76.8 62.2 24.3
-31.6 76.8 62.6 24.2
-31.4 76.8 62.9 24.1
-31.2 76.8 63.2 24.0
-31.0 76.8 63.4 23.9
-30.8 76.8 63.5 23.8
-30.6 76.8 63.5 23.7
-30.4 76.8 63.4 23.6
-30.2 76.8 63.2 23.5
-30.0 76.8 62.8 23.4
-29.8 76.8 62.4 23.4
-29.6 76.8 61.8 23.3
-29.4 76.8 61.2 23.3
-29.2 76.8 60.6 23.3
-29.0 76.8 59.9 23.2
-28.8 76.8 59.2 23.2
-28.6 76.8 58.5 23.2
-28.4 76.8 57.8 23.2
-28.2 76.8 57.1 23.3
-28.0 76.8 56.5 23.3
-27.8 76.8 56.0 23.3
-27.6 76.8 55.5 23.4
-27.4 76.8 55.1 23.4
-27.2 76.8 54.7 23.5
-27.0 76.8 54.5 23.5
-26.8 76.8 54.3 23.6
-26.6 76.8 54.1 23.6
-26.4 76.8 54.0 23.7
-26.2 76.8 53.9 23.7
-26.0 76.8 53.9 23.7
-25.8 76.8 53.8 23.7
-25.6 76.8 53.8 23.7
-25.4 76.8 53.7 23.7
-25.2 76.8 53.6 23.7
-25.0 76.8 53.5 23.7
-24.8 76.8 53.2 23.6
-24.6 76.8 53.0 23.5
-24.4 76.8 52.6 23.4
-24.2 76.8 52.2 23.3
-24.0 76.8 51.8 23.1
-23.8 76.8 51.3 22.9
-23.6 76.8 50.8 22.8
-23.4 76.8 50.3 22.6
-23.2 76.8 49.8 22.4
-23.0 76.8 49.2 22.2
-22.8 76.8 48.7 22.1
-22.6 76.8 48.2 21.9
-22.4 76.8 47.6 21.8
-22.2 76.8 47.1 21.8
-22.0 76.8 46.7 21.7
-21.8 76.8 46.2 21.7
-21.6 76.8 45.7 21.7
-21.4 76.8 45.3 21.8
-21.2 76.8 44.9 21.8
-21.0 76.8 44.5 21.8
-20.8 76.8 44.1 21.9
-20.6 76.8 43.7 21.9
-20.4 76.8 43.2 21.9
-20.2 76.8 42.8 21.8
-20.0 76.8 42.3 21.8
-19.8 76.8 41.9 21.7
-19.6 76.8 41.3 21.5
-19.4 76.8 40.7 21.3
-19.2 76.8 40.0 21.1
-19.0 76.8 39.3 20.9
-18.8 76.8 38.4 20.5
-18.6 76.8 37.4 20.2
-18.4 76.8 36.3 19.8
-18.2 76.8 35.1 19.3
-18.0 76.8 33.8 18.7
-17.8 76.8 32.3 18.1
-17.6 76.8 30.8 17.3
-17.4 76.8 29.1 16.6
-17.2 76.8 27.4 15.7
-17.0 76.8 25.7 14.8
-16.8 76.8 23.9 13.8
-16.6 76.8 22.2 12.9
-16.4 76.8 20.5 11.9
-16.2 76.8 18.9 10.9
-16.0 76.8 17.4 9.9
-15.8 76.8 15.9 9.0
-15.6 76.8 14.6 8.2
-15.4 76.8 13.5 7.4
-15.2 76.8 12.4 6.7
-15.0 76.8 11.4 6.0
-14.8 76.8 10.6 5.5
-14.6 76.8 9.9 5.0
-14.4 76.8 9.2 4.5
-14.2 76.8 8.7 4.2
-14.0 76.8 8.2 3.9
-13.8 76.8 7.8 3.6
-13.6 76.8 7.4 3.4
-13.4 76.8 7.1 3.2
-13.2 76.8 6.8 3.1
-13.0 76.8 6.6 2.9
-12.8 76.8 6.4 2.8
-12.6 76.8 6.2 2.7
-12.4 76.8 6.0 2.6
-12.2 76.8 5.9 2.4
-12.0 76.8 5.8 2.3
-11.8 76.8 5.7 2.2
-11.6 76.8 5.6 2.1
-11.4 76.8 5.6 2.0
-11.2 76.8 5.5 1.9
-11.0 76.8 5.4 1.8
-10.8 76.8 5.4 1.6
-10.6 76.8 5.4 1.5
-10.4 76.8 5.3 1.4
-10.2 76.8 5.3 1.3
-10.0 76.8 5.3 1.2
-9.8 76.8 5.2 1.1
-9.6 76.8 5.2 1.0
-9.4 76.8 5.2 1.0
-9.2 76.8 5.1 1.0
-9.0 76.8 5.1 1.0
-8.8 76.8 5.1 1.0
-8.6 76.8 5.1 1.0
-8.4 76.8 5.1 1.0
-8.2 76.8 5.1 1.0
-8.0 76.8 5.0 1.0
-7.8 76.8 5.0 1.0
-7.6 76.8 5.0 1.0
-7.4 76.8 5.0 1.0
-7.2 76.8 5.0 1.0
-7.0 76.8 5.0 1.0
-6.8 76.8 5.0 1.0
-6.6 76.8 5.0 1.0
-6.4 76.8 5.0 1.0
-6.2 76.8 5.0 1.0
-6.0 76.8 5.0 1.0
-5.8 76.8 5.0 1.0
-5.6 76.8 5.0 1.0
-5.4 76.8 5.0 1.0
-5.2 76.8 5.0 1.0
-5.0 76.8 5.0 1.0
-4.8 76.8 5.0 1.0
-4.6 76.8 5.0 1.0
-4.4 76.8 5.0 1.0
-4.2 76.8 5.0 1.0
-4.0 76.8 5.0 1.0
-3.8 76.8 5.0 1.0
-3.6 76.8 5.0 1.0
-3.4 76.8 5.0 1.0
-3.2 76.8 5.0 1.0
-3.0 76.8 5.0 1.0
-2.8 76.8 5.0 1.0
-2.6 76.8 5.0 1.0
-2.4 76.8 5.0 1.0
-2.2 76.8 5.0 1.0
-2.0 76.8 5.0 1.0
-1.8 76.8 5.0 1.0
-1.6 76.8 5.0 1.0
-1.4 76.8 5.0 1.0
-1.2 76.8 5.0 1.0
-1.0 76.8 5.0 1.0
-0.8 76.8 5.0 1.0
-0.6 76.8 5.0 1.0
-0.4 76.8 5.0 1.0
-0.2 76.8 5.0 1.0
0.0 76.8 5.0 1.0
-84.6 76.6 57.1 24.7
-84.4 76.6 57.9 24.3
-84.2 76.6 58.9 24.0
-84.0 76.6 60.0 23.8
-83.8 76.6 61.1 23.6
-83.6 76.6 62.3 23.5
-83.4 76.6 63.6 23.5
-83.2 76.6 64.8 23.4
-83.0 76.6 65.9 23.5
-82.8 76.6 66.9 23.5
-82.6 76.6 67.7 23.6
-82.4 76.6 68.3 23.7
-82.2 76.6 68.7 23.8
-82.0 76.6 68.9 23.9
-81.8 76.6 68.9 24.0
-81.6 76.6 68.6 24.1
-81.4 76.6 68.1 24.1
-81.2 76.6 67.4 24.2
-81.0 76.6 66.6 24.2
-80.8 76.6 65.7 24.2
-80.6 76.6 64.7 24.2
-80.4 76.6 63.7 24.1
-80.2 76.6 62.7 24.1
-80.0 76.6 61.8 24.0
-79.8 76.6 60.9 24.0
-79.6 76.6 60.2 23.9
-79.4 76.6 59.5 23.9
-79.2 76.6 59.0 23.8
-79.0 76.6 58.6 23.8
-78.8 76.6 58.4 23.7
-78.6 76.6 58.2 23.7
-78.4 76.6 58.2 23.8
-78.2 76.6 58.3 23.8
-78.0 76.6 58.4 23.8
-77.8 76.6 58.6 23.9
-77.6 76.6 58.9 23.9
-77.4 76.6 59.2 24.0
-77.2 76.6 59.6 24.1
-77.0 76.6 60.1 24.2
-76.8 76.6 60.6 24.3
-76.6 76.6 61.1 24.4
-76.4 76.6 61.7 24.5
-76.2 76.6 62.3 24.6
-76.0 76.6 62.9 24.7
-75.8 76.6 63.5 24.8
-75.6 76.6 64.1 24.9
-75.4 76.6 64.7 25.0
-75.2 76.6 65.2 25.1
-75.0 76.6 65.6 25.2
-74.8 76.6 65.9 25.3
-74.6 76.6 66.2 25.3
-74.4 76.6 66.4 25.4
-74.2 76.6 66.4 25.5
-74.0 76.6 66.4 25.6
-73.8 76.6 66.3 25.7
-73.6 76.6 66.0 25.8
-73.4 76.6 65.8 25.9
-73.2 76.6 65.4 26.0
-73.0 76.6 65.1 26.1
-72.8 76.6 64.7 26.2
-72.6 76.6 64.3 26.3
-72.4 76.6 63.9 26.4
-72.2 76.6 63.6 26.5
-72.0 76.6 63.3 26.6
-71.8 76.6 63.1 26.6
-71.6 76.6 63.0 26.6
-71.4 76.6 63.0 26.6
-71.2 76.6 63.1 26.6
-71.0 76.6 63.3 26.5
-70.8 76.6 63.6 26.4
-70.6 76.6 63.9 26.3
-70.4 76.6 64.3 26.2
-70.2 76.6 64.7 26.0
-70.0 76.6 65.1 25.9
-69.8 76.6 65.4 25.7
-69.6 76.6 65.7 25.5
-69.4 76.6 65.9 25.3
-69.2 76.6 66.0 25.1
-69.0 76.6 66.0 24.9
-68.8 76.6 65.9 24.8
-68.6 76.6 65.8 24.7
-68.4 76.6 65.5 24.5
-68.2 76.6 65.2 24.5
-68.0 76.6 64.8 24.5
-67.8 76.6 64.5 24.5
-67.6 76.6 64.2 24.5
-67.4 76.6 63.9 24.6
-67.2 76.6 63.7 24.8
-67.0 76.6 63.6 24.9
-66.8 76.6 63.5 25.1
-66.6 76.6 63.5 25.3
-66.4 76.6 63.6 25.5
-66.2 76.6 63.7 25.7
-66.0 76.6 63.8 25.9
-65.8 76.6 63.9 26.1
-65.6 76.6 64.0 26.2
-65.4 76.6 64.1 26.3
-65.2 76.6 64.1 26.3
-65.0 76.6 64.1 26.4
-64.8 76.6 64.0 26.4
-64.6 76.6 63.8 26.4
-64.4 76.6 63.6 26.4
-64.2 76.6 63.4 26.4
-64.0 76.6 63.2 26.4
-63.8 76.6 63.0 26.4
-63.6 76.6 62.7 26.5
-63.4 76.6 62.5 26.5
-63.2 76.6 62.4 26.5
-63.0 76.6 62.3 26.6
-62.8 76.6 62.3 26.7
-62.6 76.6 62.3 26.7
-62.4 76.6 62.4 26.7
-62.2 76.6 62.6 26.8
-62.0 76.6 62.8 26.8
-61.8 76.6 63.0 26.8
-61.6 76.6 63.3 26.8
-61.4 76.6 63.5 26.8
-61.2 76.6 63.7 26.8
-61.0 76.6 64.0 26.8
-60.8 76.6 64.2 26.8
-60.6 76.6 64.4 26.9
-60.4 76.6 64.5 26.9
-60.2 76.6 64.7 26.9
-60.0 76.6 64.9 27.0
-59.8 76.6 65.1 27.1
-59.6 76.6 65.4 27.2
-59.4 76.6 65.6 27.4
-59.2 76.6 65.9 27.5
-59.0 76.6 66.2 27.7
-58.8 76.6 66.5 27.8
-58.6 76.6 66.8 28.0
-58.4 76.6 67.1 28.2
-58.2 76.6 67.4 28.4
-58.0 76.6 67.7 28.6
-57.8 76.6 67.9 28.7
-57.6 76.6 68.0 28.9
-57.4 76.6 68.1 29.0
-57.2 76.6 68.1 29.1
-57.0 76.6 68.1 29.2
-56.8 76.6 68.0 29.3
-56.6 76.6 67.9 29.3
-56.4 76.6 67.7 29.4
-56.2 76.6 67.5 29.4
-56.0 76.6 67.3 29.4
-55.8 76.6 67.1 29.4
-55.6 76.6 66.9 29.4
-55.4 76.6 66.7 29.4
-55.2 76.6 66.6 29.4
-55.0 76.6 66.4 29.4
-54.8 76.6 66.4 29.4
-54.6 76.6 66.3 29.4
-54.4 76.6 66.4 29.3
-54.2 76.6 66.4 29.3
-54.0 76.6 66.5 29.3
-53.8 76.6 66.6 29.3
-53.6 76.6 66.8 29.2
-53.4 76.6 67.0 29.2
-53.2 76.6 67.1 29.1
-53.0 76.6 67.3 29.1
-52.8 76.6 67.4 29.1
-52.6 76.6 67.5 29.0
-52.4 76.6 67.6 29.0
-52.2 76.6 67.7 29.0
-52.0 76.6 67.8 28.9
-51.8 76.6 67.8 28.9
-51.6 76.6 67.8 28.9
-51.4 76.6 67.8 28.8
-51.2 76.6 67.7 28.8
-51.0 76.6 67.6 28.7
-50.8 76.6 67.5 28.7
-50.6 76.6 67.4 28.6
-50.4 76.6 67.2 28.5
-50.2 76.6 67.1 28.3
-50.0 76.6 66.9 28.2
-49.8 76.6 66.6 28.1
-49.6 76.6 66.4 27.9
-49.4 76.6 66.2 27.8
-49.2 76.6 66.0 27.6
-49.0 76.6 65.8 27.5
-48.8 76.6 65.6 27.4
-48.6 76.6 65.5 27.3
-48.4 76.6 65.3 27.2
-48.2 76.6 65.2 27.2
-48.0 76.6 65.1 27.2
-47.8 76.6 65.0 27.2
-47.6 76.6 65.0 27.2
-47.4 76.6 64.9 27.2
-47.2 76.6 64.9 27.2
-47.0 76.6 64.9 27.3
-46.8 76.6 64.8 27.3
-46.6 76.6 64.8 27.4
-46.4 76.6 64.8 27.5
-46.2 76.6 64.7 27.5
-46.0 76.6 64.6 27.6
-45.8 76.6 64.5 27.7
-45.6 76.6 64.4 27.7
-45.4 76.6 64.3 27.8
-45.2 76.6 64.2 27.8
-45.0 76.6 64.1 27.9
-44.8 76.6 63.9 27.9
-44.6 76.6 63.8 28.0
-44.4 76.6 63.7 28.0
-44.2 76.6 63.5 28.1
-44.0 76.6 63.4 28.1
-43.8 76.6 63.2 28.1
-43.6 76.6 63.1 28.2
-43.4 76.6 62.9 28.2
-43.2 76.6 62.7 28.2
-43.0 76.6 62.6 28.3
-42.8 76.6 62.4 28.3
-42.6 76.6 62.2 28.3
-42.4 76.6 62.1 28.4
-42.2 76.6 61.9 28.4
-42.0 76.6 61.8 28.3
-41.8 76.6 61.6 28.3
-41.6 76.6 61.4 28.2
-41.4 76.6 61.3 28.1
-41.2 76.6 61.1 27.9
-41.0 76.6 60.9 27.7
-40.8 76.6 60.7 27.5
-40.6 76.6 60.5 27.2
-40.4 76.6 60.3 27.0
-40.2 76.6 60.1 26.7
-40.0 76.6 59.9 26.4
-39.8 76.6 59.7 26.2
-39.6 76.6 59.5 25.9
-39.4 76.6 59.4 25.7
-39.2 76.6 59.2 25.5
-39.0 76.6 59.1 25.3
-38.8 76.6 59.1 25.1
-38.6 76.6 59.1 25.0
-38.4 76.6 59.1 24.9
-38.2 76.6 59.1 24.8
-38.0 76.6 59.2 24.7
-37.8 76.6 59.2 24.7
-37.6 76.6 59.3 24.7
-37.4 76.6 59.4 24.6
-37.2 76.6 59.5 24.6
-37.0 76.6 59.5 24.6
-36.8 76.6 59.6 24.6
-36.6 76.6 59.6 24.6
-36.4 76.6 59.7 24.6
-36.2 76.6 59.7 24.6
-36.0 76.6 59.7 24.6
-35.8 76.6 59.6 24.6
-35.6 76.6 59.6 24.6
-35.4 76.6 59.5 24.6
-35.2 76.6 59.5 24.6
-35.0 76.6 59.4 24.6
-34.8 76.6 59.4 24.6
-34.6 76.6 59.3 24.5
-34.4 76.6 59.3 24.5
-34.2 76.6 59.2 24.4
-34.0 76.6 59.2 24.3
-33.8 76.6 59.1 24.2
-33.6 76.6 59.1 24.2
-33.4 76.6 59.1 24.1
-33.2 76.6 59.2 24.0
-33.0 76.6 59.2 23.9
-32.8 76.6 59.4 23.9
-32.6 76.6 59.5 23.9
-32.4 76.6 59.7 23.9
-32.2 76.6 59.9 23.9
-32.0 76.6 60.1 23.9
-31.8 76.6 60.3 23.9
-31.6 76.6 60.6 23.9
-31.4 76.6 60.8 23.9
-31.2 76.6 60.9 23.9
-31.0 76.6 61.0 23.9
-30.8 76.6 61.1 23.9
-30.6 76.6 61.1 23.9
-30.4 76.6 61.0 23.8
-30.2 76.6 60.8 23.8
-30.0 76.6 60.5 23.7
-29.8 76.6 60.1 23.6
-29.6 76.6 59.7 23.6
-29.4 76.6 59.2 23.5
-29.2 76.6 58.7 23.5
-29.0 76.6 58.2 23.4
-28.8 76.6 57.6 23.4
-28.6 76.6 57.1 23.3
-28.4 76.6 56.5 23.3
-28.2 76.6 56.0 23.3
-28.0 76.6 55.5 23.3
-27.8 76.6 55.1 23.2
-27.6 76.6 54.7 23.3
-27.4 76.6 54.4 23.3
-27.2 76.6 54.2 23.3
-27.0 76.6 54.0 23.3
-26.8 76.6 53.8 23.4
-26.6 76.6 53.7 23.4
-26.4 76.6 53.7 23.5
-26.2 76.6 53.7 23.6
-26.0 76.6 53.6 23.6
-25.8 76.6 53.6 23.7
-25.6 76.6 53.5 23.7
-25.4 76.6 53.5 23.7
-25.2 76.6 53.3 23.7
-25.0 76.6 53.1 23.7
-24.8 76.6 52.8 23.6
-24.6 76.6 52.5 23.5
-24.4 76.6 52.1 23.4
-24.2 76.6 51.7 23.2
-24.0 76.6 51.3 23.0
-23.8 76.6 50.8 22.8
-23.6 76.6 50.3 22.6
-23.4 76.6 49.9 22.3
-23.2 76.6 49.4 22.1
-23.0 76.6 49.0 21.9
-22.8 76.6 48.5 21.7
-22.6 76.6 48.1 21.5
-22.4 76.6 47.7 21.4
-22.2 76.6 47.3 21.3
-22.0 76.6 46.9 21.3
-21.8 76.6 46.5 21.3
-21.6 76.6 46.2 21.3
-21.4 76.6 45.8 21.4
-21.2 76.6 45.4 21.4
-21.0 76.6 45.0 21.5
-20.8 76.6 44.6 21.6
-20.6 76.6 44.2 21.7
-20.4 76.6 43.7 21.7
-20.2 76.6 43.3 21.7
-20.0 76.6 42.7 21.7
-19.8 76.6 42.2 21.6
-19.6 76.6 41.6 21.4
-19.4 76.6 40.8 21.3
-19.2 76.6 40.0 21.0
-19.0 76.6 39.1 20.7
-18.8 76.6 38.1 20.4
-18.6 76.6 37.0 20.0
-18.4 76.6 35.7 19.5
-18.2 76.6 34.3 19.0
-18.0 76.6 32.8 18.3
-17.8 76.6 31.1 17.6
-17.6 76.6 29.4 16.8
-17.4 76.6 27.6 16.0
-17.2 76.6 25.8 15.0
-17.0 76.6 24.0 14.1
-16.8 76.6 22.2 13.1
-16.6 76.6 20.4 12.0
-16.4 76.6 18.8 11.0
-16.2 76.6 17.2 10.1
-16.0 76.6 15.8 9.1
-15.8 76.6 14.5 8.3
-15.6 76.6 13.3 7.4
-15.4 76.6 12.3 6.7
-15.2 76.6 11.3 6.1
-15.0 76.6 10.5 5.5
-14.8 76.6 9.8 5.0
-14.6 76.6 9.2 4.6
-14.4 76.6 8.6 4.2
-14.2 76.6 8.2 3.9
-14.0 76.6 7.7 3.6
-13.8 76.6 7.4 3.4
-13.6 76.6 7.1 3.2
-13.4 76.6 6.8 3.1
-13.2 76.6 6.5 2.9
-13.0 76.6 6.3 2.8
-12.8 76.6 6.1 2.6
-12.6 76.6 6.0 2.5
-12.4 76.6 5.8 2.4
-12.2 76.6 5.7 2.2
-12.0 76.6 5.6 2.1
-11.8 76.6 5.5 2.0
-11.6 76.6 5.4 1.8
-11.4 76.6 5.3 1.7
-11.2 76.6 5.3 1.5
-11.0 76.6 5.2 1.4
-10.8 76.6 5.2 1.3
-10.6 76.6 5.1 1.1
-10.4 76.6 5.1 1.0
-10.2 76.6 5.1 1.0
-10.0 76.6 5.1 1.0
-9.8 76.6 5.1 1.0
-9.6 76.6 5.1 1.0
-9.4 76.6 5.0 1.0
-9.2 76.6 5.0 1.0
-9.0 76.6 5.0 1.0
-8.8 76.6 5.0 1.0
-8.6 76.6 5.0 1.0
-8.4 76.6 5.0 1.0
-8.2 76.6 5.0 1.0
-8.0 76.6 5.0 1.0
-7.8 76.6 5.0 1.0
-7.6 76.6 5.0 1.0
-7.4 76.6 5.0 1.0
-7.2 76.6 5.0 1.0
-7.0 76.6 5.0 1.0
-6.8 76.6 5.0 1.0
-6.6 76.6 5.0 1.0
-6.4 76.6 5.0 1.0
-6.2 76.6 5.0 1.0
-6.0 76.6 5.0 1.0
-5.8 76.6 5.0 1.0
-5.6 76.6 5.0 1.0
-5.4 76.6 5.0 1.0
-5.2 76.6 5.0 1.0
-5.0 76.6 5.0 1.0
-4.8 76.6 5.0 1.0
-4.6 76.6 5.0 1.0
-4.4 76.6 5.0 1.0
-4.2 76.6 5.0 1.0
-4.0 76.6 5.0 1.0
-3.8 76.6 5.0 1.0
-3.6 76.6 5.0 1.0
-3.4 76.6 5.0 1.0
-3.2 76.6 5.0 1.0
-3.0 76.6 5.0 1.0
-2.8 76.6 5.0 1.0
-2.6 76.6 5.0 1.0
-2.4 76.6 5.0 1.0
-2.2 76.6 5.0 1.0
-2.0 76.6 5.0 1.0
-1.8 76.6 5.0 1.0
-1.6 76.6 5.0 1.0
-1.4 76.6 5.0 1.0
-1.2 76.6 5.0 1.0
-1.0 76.6 5.0 1.0
-0.8 76.6 5.0 1.0
-0.6 76.6 5.0 1.0
-0.4 76.6 5.0 1.0
-84.0 76.4 60.7 24.0
-83.8 76.4 62.1 23.9
-83.6 76.4 63.5 23.8
-83.4 76.4 64.9 23.7
-83.2 76.4 66.2 23.7
-83.0 76.4 67.5 23.7
-82.8 76.4 68.7 23.7
-82.6 76.4 69.6 23.8
-82.4 76.4 70.3 23.8
-82.2 76.4 70.8 23.9
-82.0 76.4 71.0 24.0
-81.8 76.4 70.9 24.0
-81.6 76.4 70.5 24.0
-81.4 76.4 69.9 24.1
-81.2 76.4 69.1 24.1
-81.0 76.4 68.1 24.0
-80.8 76.4 66.9 24.0
-80.6 76.4 65.7 23.9
-80.4 76.4 64.5 23.9
-80.2 76.4 63.3 23.8
-80.0 76.4 62.1 23.7
-79.8 76.4 61.1 23.5
-79.6 76.4 60.1 23.4
-79.4 76.4 59.3 23.3
-79.2 76.4 58.7 23.2
-79.0 76.4 58.2 23.2
-78.8 76.4 57.9 23.1
-78.6 76.4 57.7 23.1
-78.4 76.4 57.6 23.1
-78.2 76.4 57.6 23.1
-78.0 76.4 57.7 23.2
-77.8 76.4 57.9 23.3
-77.6 76.4 58.1 23.4
-77.4 76.4 58.4 23.5
-77.2 76.4 58.7 23.6
-77.0 76.4 59.1 23.7
-76.8 76.4 59.5 23.8
-76.6 76.4 59.9 23.9
-76.4 76.4 60.4 24.0
-76.2 76.4 60.9 24.1
-76.0 76.4 61.4 24.2
-75.8 76.4 61.9 24.3
-75.6 76.4 62.4 24.4
-75.4 76.4 62.8 24.5
-75.2 76.4 63.2 24.6
-75.0 76.4 63.6 24.6
-74.8 76.4 63.9 24.7
-74.6 76.4 64.1 24.8
-74.4 76.4 64.2 24.8
-74.2 76.4 64.2 24.9
-74.0 76.4 64.1 25.0
-73.8 76.4 64.0 25.1
-73.6 76.4 63.8 25.1
-73.4 76.4 63.5 25.2
-73.2 76.4 63.2 25.3
-73.0 76.4 62.9 25.4
-72.8 76.4 62.6 25.5
-72.6 76.4 62.2 25.6
-72.4 76.4 61.9 25.7
-72.2 76.4 61.7 25.7
-72.0 76.4 61.5 25.8
-71.8 76.4 61.4 25.8
-71.6 76.4 61.4 25.8
-71.4 76.4 61.5 25.8
-71.2 76.4 61.7 25.7
-71.0 76.4 62.0 25.7
-70.8 76.4 62.3 25.6
-70.6 76.4 62.7 25.5
-70.4 76.4 63.2 25.3
-70.2 76.4 63.7 25.2
-70.0 76.4 64.1 25.0
-69.8 76.4 64.4 24.9
-69.6 76.4 64.7 24.7
-69.4 76.4 64.9 24.6
-69.2 76.4 65.0 24.4
-69.0 76.4 64.9 24.3
-68.8 76.4 64.8 24.1
-68.6 76.4 64.5 24.0
-68.4 76.4 64.2 23.9
-68.2 76.4 63.8 23.9
-68.0 76.4 63.5 23.9
-67.8 76.4 63.1 23.9
-67.6 76.4 62.8 23.9
-67.4 76.4 62.5 24.0
-67.2 76.4 62.2 24.1
-67.0 76.4 62.1 24.3
-66.8 76.4 62.1 24.5
-66.6 76.4 62.1 24.7
-66.4 76.4 62.2 24.9
-66.2 76.4 62.4 25.0
-66.0 76.4 62.6 25.2
-65.8 76.4 62.8 25.4
-65.6 76.4 63.0 25.5
-65.4 76.4 63.2 25.6
-65.2 76.4 63.4 25.7
-65.0 76.4 63.4 25.8
-64.8 76.4 63.5 25.8
-64.6 76.4 63.4 25.9
-64.4 76.4 63.3 26.0
-64.2 76.4 63.2 26.0
-64.0 76.4 63.0 26.1
-63.8 76.4 62.8 26.2
-63.6 76.4 62.7 26.3
-63.4 76.4 62.5 26.4
-63.2 76.4 62.3 26.5
-63.0 76.4 62.3 26.6
-62.8 76.4 62.2 26.7
-62.6 76.4 62.2 26.7
-62.4 76.4 62.3 26.8
-62.2 76.4 62.4 26.9
-62.0 76.4 62.6 26.9
-61.8 76.4 62.7 26.9
-61.6 76.4 62.9 27.0
-61.4 76.4 63.1 27.0
-61.2 76.4 63.3 27.0
-61.0 76.4 63.5 27.0
-60.8 76.4 63.7 27.0
-60.6 76.4 63.8 27.0
-60.4 76.4 64.0 27.1
-60.2 76.4 64.2 27.1
-60.0 76.4 64.4 27.2
-59.8 76.4 64.6 27.3
-59.6 76.4 64.9 27.4
-59.4 76.4 65.2 27.5
-59.2 76.4 65.5 27.6
-59.0 76.4 65.9 27.7
-58.8 76.4 66.3 27.8
-58.6 76.4 66.7 27.9
-58.4 76.4 67.0 28.0
-58.2 76.4 67.4 28.1
-58.0 76.4 67.7 28.2
-57.8 76.4 68.0 28.3
-57.6 76.4 68.2 28.3
-57.4 76.4 68.3 28.4
-57.2 76.4 68.4 28.5
-57.0 76.4 68.4 28.5
-56.8 76.4 68.3 28.6
-56.6 76.4 68.2 28.6
-56.4 76.4 68.0 28.6
-56.2 76.4 67.7 28.7
-56.0 76.4 67.5 28.7
-55.8 76.4 67.2 28.7
-55.6 76.4 66.9 28.8
-55.4 76.4 66.6 28.8
-55.2 76.4 66.4 28.8
-55.0 76.4 66.2 28.8
-54.8 76.4 66.1 28.8
-54.6 76.4 66.1 28.8
-54.4 76.4 66.1 28.7
-54.2 76.4 66.2 28.7
-54.0 76.4 66.3 28.7
-53.8 76.4 66.6 28.6
-53.6 76.4 66.8 28.6
-53.4 76.4 67.1 28.5
-53.2 76.4 67.4 28.5
-53.0 76.4 67.7 28.4
-52.8 76.4 67.9 28.4
-52.6 76.4 68.2 28.4
-52.4 76.4 68.3 28.4
-52.2 76.4 68.5 28.4
-52.0 76.4 68.6 28.4
-51.8 76.4 68.6 28.5
-51.6 76.4 68.6 28.5
-51.4 76.4 68.6 28.5
-51.2 76.4 68.6 28.5
-51.0 76.4 68.5 28.6
-50.8 76.4 68.4 28.5
-50.6 76.4 68.3 28.5
-50.4 76.4 68.1 28.5
-50.2 76.4 67.9 28.4
-50.0 76.4 67.8 28.3
-49.8 76.4 67.6 28.2
-49.6 76.4 67.4 28.0
-49.4 76.4 67.2 27.9
-49.2 76.4 67.0 27.7
-49.0 76.4 66.8 27.6
-48.8 76.4 66.6 27.4
-48.6 76.4 66.4 27.3
-48.4 76.4 66.2 27.2
-48.2 76.4 66.0 27.1
-48.0 76.4 65.9 27.0
-47.8 76.4 65.7 27.0
-47.6 76.4 65.6 26.9
-47.4 76.4 65.5 26.9
-47.2 76.4 65.4 26.9
-47.0 76.4 65.3 26.9
-46.8 76.4 65.2 26.9
-46.6 76.4 65.0 27.0
-46.4 76.4 64.9 27.0
-46.2 76.4 64.7 27.1
-46.0 76.4 64.4 27.1
-45.8 76.4 64.2 27.2
-45.6 76.4 63.9 27.2
-45.4 76.4 63.6 27.3
-45.2 76.4 63.3 27.3
-45.0 76.4 63.0 27.3
-44.8 76.4 62.7 27.4
-44.6 76.4 62.4 27.4
-44.4 76.4 62.1 27.4
-44.2 76.4 61.9 27.4
-44.0 76.4 61.7 27.4
-43.8 76.4 61.5 27.4
-43.6 76.4 61.3 27.4
-43.4 76.4 61.1 27.4
-43.2 76.4 61.0 27.4
-43.0 76.4 60.8 27.4
-42.8 76.4 60.7 27.5
-42.6 76.4 60.6 27.5
-42.4 76.4 60.5 27.5
-42.2 76.4 60.4 27.5
-42.0 76.4 60.3 27.6
-41.8 76.4 60.3 27.6
-41.6 76.4 60.2 27.5
-41.4 76.4 60.1 27.5
-41.2 76.4 60.0 27.4
-41.0 76.4 59.8 27.3
-40.8 76.4 59.7 27.1
-40.6 76.4 59.5 27.0
-40.4 76.4 59.3 26.8
-40.2 76.4 59.1 26.6
-40.0 76.4 58.9 26.3
-39.8 76.4 58.7 26.1
-39.6 76.4 58.5 25.9
-39.4 76.4 58.4 25.7
-39.2 76.4 58.3 25.5
-39.0 76.4 58.3 25.3
-38.8 76.4 58.3 25.1
-38.6 76.4 58.4 24.9
-38.4 76.4 58.5 24.7
-38.2 76.4 58.6 24.6
-38.0 76.4 58.8 24.5
-37.8 76.4 59.0 24.4
-37.6 76.4 59.2 24.3
-37.4 76.4 59.4 24.2
-37.2 76.4 59.6 24.1
-37.0 76.4 59.8 24.0
-36.8 76.4 60.0 24.0
-36.6 76.4 60.1 23.9
-36.4 76.4 60.2 23.8
-36.2 76.4 60.2 23.8
-36.0 76.4 60.2 23.8
-35.8 76.4 60.1 23.7
-35.6 76.4 60.0 23.7
-35.4 76.4 59.9 23.7
-35.2 76.4 59.8 23.6
-35.0 76.4 59.6 23.6
-34.8 76.4 59.5 23.6
-34.6 76.4 59.3 23.6
-34.4 76.4 59.1 23.5
-34.2 76.4 58.9 23.5
-34.0 76.4 58.8 23.4
-33.8 76.4 58.6 23.4
-33.6 76.4 58.4 23.3
-33.4 76.4 58.3 23.3
-33.2 76.4 58.1 23.2
-33.0 76.4 58.0 23.2
-32.8 76.4 58.0 23.2
-32.6 76.4 57.9 23.3
-32.4 76.4 57.9 23.4
-32.2 76.4 58.0 23.5
-32.0 76.4 58.1 23.6
-31.8 76.4 58.2 23.7
-31.6 76.4 58.3 23.8
-31.4 76.4 58.4 23.9
-31.2 76.4 58.4 23.9
-31.0 76.4 58.5 24.0
-30.8 76.4 58.6 24.0
-30.6 76.4 58.6 24.0
-30.4 76.4 58.5 24.0
-30.2 76.4 58.4 24.0
-30.0 76.4 58.2 23.9
-29.8 76.4 58.0 23.9
-29.6 76.4 57.8 23.8
-29.4 76.4 57.5 23.7
-29.2 76.4 57.2 23.7
-29.0 76.4 56.8 23.6
-28.8 76.4 56.5 23.6
-28.6 76.4 56.1 23.5
-28.4 76.4 55.8 23.4
-28.2 76.4 55.4 23.4
-28.0 76.4 55.1 23.3
-27.8 76.4 54.8 23.3
-27.6 76.4 54.5 23.3
-27.4 76.4 54.3 23.3
-27.2 76.4 54.1 23.3
-27.0 76.4 54.0 23.4
-26.8 76.4 53.9 23.4
-26.6 76.4 53.9 23.4
-26.4 76.4 53.9 23.5
-26.2 76.4 53.9 23.5
-26.0 76.4 53.9 23.6
-25.8 76.4 53.9 23.6
-25.6 76.4 53.8 23.6
-25.4 76.4 53.7 23.6
-25.2 76.4 53.4 23.6
-25.0 76.4 53.1 23.5
-24.8 76.4 52.8 23.5
-24.6 76.4 52.3 23.3
-24.4 76.4 51.9 23.2
-24.2 76.4 51.4 23.0
-24.0 76.4 50.9 22.8
-23.8 76.4 50.5 22.6
-23.6 76.4 50.0 22.3
-23.4 76.4 49.6 22.1
-23.2 76.4 49.2 21.9
-23.0 76.4 48.9 21.6
-22.8 76.4 48.5 21.4
-22.6 76.4 48.2 21.3
-22.4 76.4 47.9 21.1
-22.2 76.4 47.5 21.0
-22.0 76.4 47.2 21.0
-21.8 76.4 46.9 21.0
-21.6 76.4 46.5 21.1
-21.4 76.4 46.1 21.1
-21.2 76.4 45.8 21.2
-21.0 76.4 45.4 21.3
-20.8 76.4 44.9 21.4
-20.6 76.4 44.5 21.4
-20.4 76.4 43.9 21.5
-20.2 76.4 43.4 21.4
-20.0 76.4 42.8 21.4
-19.8 76.4 42.1 21.3
-19.6 76.4 41.3 21.1
-19.4 76.4 40.5 20.8
-19.2 76.4 39.5 20.6
-19.0 76.4 38.4 20.2
-18.8 76.4 37.1 19.8
-18.6 76.4 35.7 19.3
-18.4 76.4 34.2 18.7
-18.2 76.4 32.6 18.1
-18.0 76.4 30.9 17.4
-17.8 76.4 29.1 16.6
-17.6 76.4 27.2 15.7
-17.4 76.4 25.3 14.7
-17.2 76.4 23.4 13.8
-17.0 76.4 21.5 12.8
-16.8 76.4 19.8 11.7
-16.6 76.4 18.1 10.7
-16.4 76.4 16.5 9.7
-16.2 76.4 15.1 8.8
-16.0 76.4 13.9 8.0
-15.8 76.4 12.7 7.2
-15.6 76.4 11.7 6.4
-15.4 76.4 10.9 5.8
-15.2 76.4 10.1 5.3
-15.0 76.4 9.5 4.8
-14.8 76.4 8.9 4.4
-14.6 76.4 8.4 4.0
-14.4 76.4 8.0 3.8
-14.2 76.4 7.6 3.5
-14.0 76.4 7.3 3.3
-13.8 76.4 7.0 3.1
-13.6 76.4 6.7 3.0
-13.4 76.4 6.5 2.8
-13.2 76.4 6.3 2.7
-13.0 76.4 6.1 2.6
-12.8 76.4 5.9 2.4
-12.6 76.4 5.8 2.3
-12.4 76.4 5.7 2.1
-12.2 76.4 5.5 2.0
-12.0 76.4 5.4 1.9
-11.8 76.4 5.4 1.7
-11.6 76.4 5.3 1.5
-11.4 76.4 5.2 1.4
-11.2 76.4 5.2 1.2
-11.0 76.4 5.1 1.1
-10.8 76.4 5.1 1.0
-10.6 76.4 5.1 1.0
-10.4 76.4 5.1 1.0
-10.2 76.4 5.0 1.0
-10.0 76.4 5.0 1.0
-9.8 76.4 5.0 1.0
-9.6 76.4 5.0 1.0
-9.4 76.4 5.0 1.0
-9.2 76.4 5.0 1.0
-9.0 76.4 5.0 1.0
-8.8 76.4 5.0 1.0
-8.6 76.4 5.0 1.0
-8.4 76.4 5.0 1.0
-8.2 76.4 5.0 1.0
-8.0 76.4 5.0 1.0
-7.8 76.4 5.0 1.0
-7.6 76.4 5.0 1.0
-7.4 76.4 5.0 1.0
-7.2 76.4 5.0 1.0
-7.0 76.4 5.0 1.0
-6.8 76.4 5.0 1.0
-6.6 76.4 5.0 1.0
-6.4 76.4 5.0 1.0
-6.2 76.4 5.0 1.0
-6.0 76.4 5.0 1.0
-5.8 76.4 5.0 1.0
-5.6 76.4 5.0 1.0
-5.4 76.4 5.0 1.0
-5.2 76.4 5.0 1.0
-5.0 76.4 5.0 1.0
-4.8 76.4 5.0 1.0
-4.6 76.4 5.0 1.0
-4.4 76.4 5.0 1.0
-4.2 76.4 5.0 1.0
-4.0 76.4 5.0 1.0
-3.8 76.4 5.0 1.0
-3.6 76.4 5.0 1.0
-3.4 76.4 5.0 1.0
-3.2 76.4 5.0 1.0
-3.0 76.4 5.0 1.0
-2.8 76.4 5.0 1.0
-2.6 76.4 5.0 1.0
-2.4 76.4 5.0 1.0
-2.2 76.4 5.0 1.0
-2.0 76.4 5.0 1.0
-1.8 76.4 5.0 1.0
-1.6 76.4 5.0 1.0
-1.4 76.4 5.0 1.0
-1.2 76.4 5.0 1.0
-1.0 76.4 5.0 1.0
-83.2 76.2 66.7 23.8
-83.0 76.2 68.0 23.8
-82.8 76.2 69.2 23.8
-82.6 76.2 70.1 23.8
-82.4 76.2 70.8 23.8
-82.2 76.2 71.2 23.8
-82.0 76.2 71.4 23.9
-81.8 76.2 71.2 23.9
-81.6 76.2 70.7 23.8
-81.4 76.2 70.0 23.8
-81.2 76.2 69.0 23.8
-81.0 76.2 67.8 23.7
-80.8 76.2 66.5 23.6
-80.6 76.2 65.1 23.5
-80.4 76.2 63.7 23.3
-80.2 76.2 62.4 23.2
-80.0 76.2 61.1 23.0
-79.8 76.2 60.0 22.9
-79.6 76.2 59.0 22.8
-79.4 76.2 58.2 22.6
-79.2 76.2 57.5 22.5
-79.0 76.2 57.1 22.5
-78.8 76.2 56.8 22.4
-78.6 76.2 56.6 22.4
-78.4 76.2 56.6 22.4
-78.2 76.2 56.7 22.5
-78.0 76.2 56.9 22.5
-77.8 76.2 57.2 22.6
-77.6 76.2 57.5 22.7
-77.4 76.2 57.8 22.9
-77.2 76.2 58.1 23.0
-77.0 76.2 58.5 23.1
-76.8 76.2 58.9 23.3
-76.6 76.2 59.3 23.4
-76.4 76.2 59.7 23.5
-76.2 76.2 60.1 23.6
-76.0 76.2 60.5 23.7
-75.8 76.2 61.0 23.8
-75.6 76.2 61.3 23.9
-75.4 76.2 61.7 24.0
-75.2 76.2 61.9 24.0
-75.0 76.2 62.2 24.1
-74.8 76.2 62.3 24.2
-74.6 76.2 62.4 24.2
-74.4 76.2 62.3 24.3
-74.2 76.2 62.3 24.4
-74.0 76.2 62.1 24.5
-73.8 76.2 61.9 24.6
-73.6 76.2 61.6 24.7
-73.4 76.2 61.3 24.8
-73.2 76.2 61.0 24.9
-73.0 76.2 60.6 25.0
-72.8 76.2 60.3 25.0
-72.6 76.2 60.0 25.1
-72.4 76.2 59.8 25.2
-72.2 76.2 59.6 25.2
-72.0 76.2 59.5 25.2
-71.8 76.2 59.4 25.2
-71.6 76.2 59.4 25.1
-71.4 76.2 59.5 25.1
-71.2 76.2 59.7 25.0
-71.0 76.2 60.0 24.9
-70.8 76.2 60.3 24.8
-70.6 76.2 60.7 24.6
-70.4 76.2 61.0 24.5
-70.2 76.2 61.4 24.4
-70.0 76.2 61.8 24.3
-69.8 76.2 62.1 24.2
-69.6 76.2 62.3 24.0
-69.4 76.2 62.4 23.9
-69.2 76.2 62.5 23.8
-69.0 76.2 62.5 23.7
-68.8 76.2 62.3 23.6
-68.6 76.2 62.2 23.6
-68.4 76.2 61.9 23.5
-68.2 76.2 61.6 23.5
-68.0 76.2 61.3 23.5
-67.8 76.2 61.1 23.6
-67.6 76.2 60.8 23.6
-67.4 76.2 60.6 23.7
-67.2 76.2 60.5 23.9
-67.0 76.2 60.4 24.0
-66.8 76.2 60.5 24.2
-66.6 76.2 60.6 24.4
-66.4 76.2 60.7 24.5
-66.2 76.2 61.0 24.7
-66.0 76.2 61.2 24.9
-65.8 76.2 61.5 25.1
-65.6 76.2 61.8 25.2
-65.4 76.2 62.1 25.3
-65.2 76.2 62.3 25.4
-65.0 76.2 62.5 25.5
-64.8 76.2 62.6 25.7
-64.6 76.2 62.7 25.8
-64.4 76.2 62.7 25.9
-64.2 76.2 62.6 26.0
-64.0 76.2 62.6 26.1
-63.8 76.2 62.4 26.3
-63.6 76.2 62.3 26.4
-63.4 76.2 62.2 26.5
-63.2 76.2 62.1 26.7
-63.0 76.2 62.0 26.8
-62.8 76.2 62.0 26.9
-62.6 76.2 62.0 27.0
-62.4 76.2 62.0 27.1
-62.2 76.2 62.1 27.2
-62.0 76.2 62.2 27.2
-61.8 76.2 62.3 27.3
-61.6 76.2 62.4 27.3
-61.4 76.2 62.4 27.3
-61.2 76.2 62.5 27.3
-61.0 76.2 62.6 27.4
-60.8 76.2 62.6 27.4
-60.6 76.2 62.7 27.4
-60.4 76.2 62.8 27.5
-60.2 76.2 62.9 27.5
-60.0 76.2 63.0 27.6
-59.8 76.2 63.2 27.6
-59.6 76.2 63.4 27.7
-59.4 76.2 63.6 27.8
-59.2 76.2 63.9 27.8
-59.0 76.2 64.2 27.9
-58.8 76.2 64.6 27.9
-58.6 76.2 64.9 27.9
-58.4 76.2 65.3 27.9
-58.2 76.2 65.6 27.9
-58.0 76.2 65.8 28.0
-57.8 76.2 66.1 27.9
-57.6 76.2 66.3 27.9
-57.4 76.2 66.4 27.9
-57.2 76.2 66.5 27.9
-57.0 76.2 66.5 27.9
-56.8 76.2 66.4 27.9
-56.6 76.2 66.3 27.9
-56.4 76.2 66.2 27.9
-56.2 76.2 66.0 27.9
-56.0 76.2 65.8 28.0
-55.8 76.2 65.5 28.0
-55.6 76.2 65.3 28.0
-55.4 76.2 65.1 28.0
-55.2 76.2 64.9 28.1
-55.0 76.2 64.8 28.1
-54.8 76.2 64.7 28.1
-54.6 76.2 64.7 28.1
-54.4 76.2 64.8 28.1
-54.2 76.2 64.9 28.0
-54.0 76.2 65.1 28.0
-53.8 76.2 65.3 28.0
-53.6 76.2 65.6 27.9
-53.4 76.2 65.9 27.9
-53.2 76.2 66.2 27.9
-53.0 76.2 66.5 27.9
-52.8 76.2 66.7 27.9
-52.6 76.2 67.0 27.9
-52.4 76.2 67.1 27.9
-52.2 76.2 67.3 28.0
-52.0 76.2 67.4 28.1
-51.8 76.2 67.4 28.2
-51.6 76.2 67.4 28.3
-51.4 76.2 67.4 28.4
-51.2 76.2 67.4 28.5
-51.0 76.2 67.4 28.6
-50.8 76.2 67.4 28.6
-50.6 76.2 67.4 28.7
-50.4 76.2 67.4 28.7
-50.2 76.2 67.3 28.6
-50.0 76.2 67.3 28.6
-49.8 76.2 67.3 28.5
-49.6 76.2 67.3 28.3
-49.4 76.2 67.3 28.2
-49.2 76.2 67.3 28.0
-49.0 76.2 67.3 27.8
-48.8 76.2 67.3 27.6
-48.6 76.2 67.3 27.4
-48.4 76.2 67.2 27.2
-48.2 76.2 67.2 27.1
-48.0 76.2 67.2 26.9
-47.8 76.2 67.1 26.8
-47.6 76.2 67.1 26.7
-47.4 76.2 67.0 26.6
-47.2 76.2 66.9 26.6
-47.0 76.2 66.8 26.5
-46.8 76.2 66.7 26.5
-46.6 76.2 66.5 26.5
-46.4 76.2 66.2 26.5
-46.2 76.2 66.0 26.5
-46.0 76.2 65.6 26.5
-45.8 76.2 65.2 26.6
-45.6 76.2 64.8 26.6
-45.4 76.2 64.4 26.6
-45.2 76.2 63.9 26.7
-45.0 76.2 63.4 26.7
-44.8 76.2 63.0 26.7
-44.6 76.2 62.5 26.7
-44.4 76.2 62.1 26.7
-44.2 76.2 61.8 26.6
-44.0 76.2 61.4 26.6
-43.8 76.2 61.2 26.6
-43.6 76.2 60.9 26.5
-43.4 76.2 60.7 26.5
-43.2 76.2 60.5 26.5
-43.0 76.2 60.4 26.5
-42.8 76.2 60.2 26.6
-42.6 76.2 60.1 26.6
-42.4 76.2 60.0 26.7
-42.2 76.2 59.9 26.8
-42.0 76.2 59.8 26.8
-41.8 76.2 59.8 26.9
-41.6 76.2 59.7 27.0
-41.4 76.2 59.6 27.0
-41.2 76.2 59.4 27.0
-41.0 76.2 59.3 27.0
-40.8 76.2 59.2 27.0
-40.6 76.2 59.0 26.9
-40.4 76.2 58.8 26.8
-40.2 76.2 58.6 26.7
-40.0 76.2 58.4 26.6
-39.8 76.2 58.2 26.4
-39.6 76.2 58.0 26.3
-39.4 76.2 57.9 26.1
-39.2 76.2 57.8 25.9
-39.0 76.2 57.8 25.7
-38.8 76.2 57.8 25.5
-38.6 76.2 57.9 25.3
-38.4 76.2 58.1 25.1
-38.2 76.2 58.4 24.9
-38.0 76.2 58.7 24.7
-37.8 76.2 59.0 24.6
-37.6 76.2 59.3 24.4
-37.4 76.2 59.7 24.2
-37.2 76.2 60.0 24.0
-37.0 76.2 60.3 23.9
-36.8 76.2 60.5 23.7
-36.6 76.2 60.7 23.6
-36.4 76.2 60.8 23.5
-36.2 76.2 60.8 23.4
-36.0 76.2 60.7 23.3
-35.8 76.2 60.6 23.2
-35.6 76.2 60.4 23.1
-35.4 76.2 60.1 23.1
-35.2 76.2 59.8 23.1
-35.0 76.2 59.5 23.1
-34.8 76.2 59.2 23.1
-34.6 76.2 58.8 23.0
-34.4 76.2 58.5 23.0
-34.2 76.2 58.2 23.0
-34.0 76.2 57.9 23.0
-33.8 76.2 57.6 22.9
-33.6 76.2 57.3 22.9
-33.4 76.2 57.1 22.9
-33.2 76.2 56.9 22.9
-33.0 76.2 56.7 22.9
-32.8 76.2 56.5 23.0
-32.6 76.2 56.4 23.1
-32.4 76.2 56.3 23.2
-32.2 76.2 56.3 23.3
-32.0 76.2 56.3 23.5
-31.8 76.2 56.3 23.6
-31.6 76.2 56.3 23.8
-31.4 76.2 56.4 23.9
-31.2 76.2 56.5 24.0
-31.0 76.2 56.5 24.1
-30.8 76.2 56.6 24.1
-30.6 76.2 56.7 24.1
-30.4 76.2 56.7 24.1
-30.2 76.2 56.7 24.1
-30.0 76.2 56.8 24.0
-29.8 76.2 56.7 24.0
-29.6 76.2 56.7 23.9
-29.4 76.2 56.6 23.9
-29.2 76.2 56.6 23.8
-29.0 76.2 56.4 23.7
-28.8 76.2 56.3 23.7
-28.6 76.2 56.1 23.6
-28.4 76.2 55.9 23.6
-28.2 76.2 55.7 23.5
-28.0 76.2 55.5 23.5
-27.8 76.2 55.3 23.5
-27.6 76.2 55.1 23.4
-27.4 76.2 54.9 23.4
-27.2 76.2 54.8 23.4
-27.0 76.2 54.8 23.4
-26.8 76.2 54.8 23.4
-26.6 76.2 54.8 23.4
-26.4 76.2 54.8 23.5
-26.2 76.2 54.8 23.5
-26.0 76.2 54.8 23.5
-25.8 76.2 54.7 23.4
-25.6 76.2 54.5 23.4
-25.4 76.2 54.2 23.4
-25.2 76.2 53.9 23.3
-25.0 76.2 53.4 23.2
-24.8 76.2 52.9 23.1
-24.6 76.2 52.3 23.0
-24.4 76.2 51.8 22.8
-24.2 76.2 51.2 22.6
-24.0 76.2 50.7 22.5
-23.8 76.2 50.2 22.2
-23.6 76.2 49.7 22.0
-23.4 76.2 49.3 21.8
-23.2 76.2 48.9 21.6
-23.0 76.2 48.6 21.4
-22.8 76.2 48.3 21.3
-22.6 76.2 48.1 21.1
-22.4 76.2 47.8 21.0
-22.2 76.2 47.5 21.0
-22.0 76.2 47.2 20.9
-21.8 76.2 46.9 20.9
-21.6 76.2 46.6 21.0
-21.4 76.2 46.2 21.0
-21.2 76.2 45.8 21.1
-21.0 76.2 45.4 21.1
-20.8 76.2 44.9 21.2
-20.6 76.2 44.3 21.2
-20.4 76.2 43.7 21.1
-20.2 76.2 43.0 21.1
-20.0 76.2 42.3 20.9
-19.8 76.2 41.4 20.7
-19.6 76.2 40.4 20.5
-19.4 76.2 39.3 20.2
-19.2 76.2 38.1 19.8
-19.0 76.2 36.7 19.3
-18.8 76.2 35.2 18.8
-18.6 76.2 33.6 18.2
-18.4 76.2 31.8 17.5
-18.2 76.2 30.0 16.7
-18.0 76.2 28.1 15.9
-17.8 76.2 26.1 15.0
-17.6 76.2 24.1 14.0
-17.4 76.2 22.2 13.0
-17.2 76.2 20.4 12.0
-17.0 76.2 18.6 11.0
-16.8 76.2 17.0 10.0
-16.6 76.2 15.4 9.1
-16.4 76.2 14.1 8.2
-16.2 76.2 12.9 7.4
-16.0 76.2 11.8 6.6
-15.8 76.2 10.9 6.0
-15.6 76.2 10.1 5.4
-15.4 76.2 9.5 4.9
-15.2 76.2 8.9 4.4
-15.0 76.2 8.4 4.1
-14.8 76.2 8.0 3.8
-14.6 76.2 7.7 3.5
-14.4 76.2 7.4 3.3
-14.2 76.2 7.1 3.1
-14.0 76.2 6.8 2.9
-13.8 76.2 6.6 2.8
-13.6 76.2 6.4 2.7
-13.4 76.2 6.2 2.5
-13.2 76.2 6.1 2.4
-13.0 76.2 5.9 2.3
-12.8 76.2 5.8 2.1
-12.6 76.2 5.6 2.0
-12.4 76.2 5.5 1.9
-12.2 76.2 5.4 1.7
-12.0 76.2 5.3 1.6
-11.8 76.2 5.3 1.4
-11.6 76.2 5.2 1.3
-11.4 76.2 5.2 1.1
-11.2 76.2 5.1 1.0
-11.0 76.2 5.1 1.0
-10.8 76.2 5.1 1.0
-10.6 76.2 5.0 1.0
-10.4 76.2 5.0 1.0
-10.2 76.2 5.0 1.0
-10.0 76.2 5.0 1.0
-9.8 76.2 5.0 1.0
-9.6 76.2 5.0 1.0
-9.4 76.2 5.0 1.0
-9.2 76.2 5.0 1.0
-9.0 76.2 5.0 1.0
-8.8 76.2 5.0 1.0
-8.6 76.2 5.0 1.0
-8.4 76.2 5.0 1.0
-8.2 76.2 5.0 1.0
-8.0 76.2 5.0 1.0
-7.8 76.2 5.0 1.0
-7.6 76.2 5.0 1.0
-7.4 76.2 5.0 1.0
-7.2 76.2 5.0 1.0
-7.0 76.2 5.0 1.0
-6.8 76.2 5.0 1.0
-6.6 76.2 5.0 1.0
-6.4 76.2 5.0 1.0
-6.2 76.2 5.0 1.0
-6.0 76.2 5.0 1.0
-5.8 76.2 5.0 1.0
-5.6 76.2 5.0 1.0
-5.4 76.2 5.0 1.0
-5.2 76.2 5.0 1.0
-5.0 76.2 5.0 1.0
-4.8 76.2 5.0 1.0
-4.6 76.2 5.0 1.0
-4.4 76.2 5.0 1.0
-4.2 76.2 5.0 1.0
-4.0 76.2 5.0 1.0
-3.8 76.2 5.0 1.0
-3.6 76.2 5.0 1.0
-3.4 76.2 5.0 1.0
-3.2 76.2 5.0 1.0
-3.0 76.2 5.0 1.0
-2.8 76.2 5.0 1.0
-2.6 76.2 5.0 1.0
-2.4 76.2 5.0 1.0
-2.2 76.2 5.0 1.0
-2.0 76.2 5.0 1.0
-1.8 76.2 5.0 1.0
-82.6 76.0 69.6 23.8
-82.4 76.0 70.2 23.7
-82.2 76.0 70.5 23.7
-82.0 76.0 70.5 23.6
-81.8 76.0 70.2 23.6
-81.6 76.0 69.6 23.5
-81.4 76.0 68.7 23.4
-81.2 76.0 67.6 23.3
-81.0 76.0 66.3 23.1
-80.8 76.0 64.8 23.0
-80.6 76.0 63.3 22.8
-80.4 76.0 61.8 22.6
-80.2 76.0 60.4 22.4
-80.0 76.0 59.1 22.3
-79.8 76.0 57.9 22.1
-79.6 76.0 56.9 21.9
-79.4 76.0 56.1 21.8
-79.2 76.0 55.5 21.7
-79.0 76.0 55.0 21.7
-78.8 76.0 54.8 21.7
-78.6 76.0 54.8 21.7
-78.4 76.0 54.9 21.7
-78.2 76.0 55.1 21.8
-78.0 76.0 55.4 21.9
-77.8 76.0 55.8 22.0
-77.6 76.0 56.2 22.2
-77.4 76.0 56.7 22.3
-77.2 76.0 57.1 22.5
-77.0 76.0 57.6 22.6
-76.8 76.0 58.1 22.7
-76.6 76.0 58.6 22.9
-76.4 76.0 59.1 23.0
-76.2 76.0 59.6 23.1
-76.0 76.0 60.1 23.2
-75.8 76.0 60.5 23.3
-75.6 76.0 60.9 23.4
-75.4 76.0 61.2 23.5
-75.2 76.0 61.5 23.6
-75.0 76.0 61.7 23.7
-74.8 76.0 61.8 23.8
-74.6 76.0 61.8 23.9
-74.4 76.0 61.7 24.0
-74.2 76.0 61.5 24.2
-74.0 76.0 61.3 24.3
-73.8 76.0 61.0 24.4
-73.6 76.0 60.7 24.6
-73.4 76.0 60.4 24.7
-73.2 76.0 60.0 24.8
-73.0 76.0 59.7 24.9
-72.8 76.0 59.3 24.9
-72.6 76.0 59.0 25.0
-72.4 76.0 58.8 25.0
-72.2 76.0 58.5 25.0
-72.0 76.0 58.3 25.0
-71.8 76.0 58.2 25.0
-71.6 76.0 58.1 24.9
-71.4 76.0 58.1 24.8
-71.2 76.0 58.2 24.7
-71.0 76.0 58.3 24.6
-70.8 76.0 58.4 24.4
-70.6 76.0 58.6 24.3
-70.4 76.0 58.8 24.2
-70.2 76.0 59.1 24.1
-70.0 76.0 59.3 24.0
-69.8 76.0 59.5 23.9
-69.6 76.0 59.7 23.8
-69.4 76.0 59.8 23.7
-69.2 76.0 59.9 23.6
-69.0 76.0 60.0 23.6
-68.8 76.0 60.0 23.5
-68.6 76.0 60.0 23.5
-68.4 76.0 59.9 23.5
-68.2 76.0 59.8 23.6
-68.0 76.0 59.7 23.6
-67.8 76.0 59.6 23.7
-67.6 76.0 59.5 23.8
-67.4 76.0 59.4 23.9
-67.2 76.0 59.4 24.0
-67.0 76.0 59.4 24.2
-66.8 76.0 59.4 24.3
-66.6 76.0 59.5 24.5
-66.4 76.0 59.6 24.7
-66.2 76.0 59.8 24.8
-66.0 76.0 60.0 25.0
-65.8 76.0 60.2 25.1
-65.6 76.0 60.5 25.3
-65.4 76.0 60.7 25.4
-65.2 76.0 60.9 25.5
-65.0 76.0 61.1 25.7
-64.8 76.0 61.2 25.8
-64.6 76.0 61.3 25.9
-64.4 76.0 61.4 26.1
-64.2 76.0 61.4 26.2
-64.0 76.0 61.4 26.4
-63.8 76.0 61.4 26.5
-63.6 76.0 61.4 26.7
-63.4 76.0 61.4 26.8
-63.2 76.0 61.4 26.9
-63.0 76.0 61.5 27.1
-62.8 76.0 61.5 27.2
-62.6 76.0 61.6 27.2
-62.4 76.0 61.7 27.3
-62.2 76.0 61.8 27.3
-62.0 76.0 61.8 27.4
-61.8 76.0 61.9 27.4
-61.6 76.0 61.9 27.4
-61.4 76.0 61.9 27.5
-61.2 76.0 61.9 27.5
-61.0 76.0 61.9 27.5
-60.8 76.0 61.9 27.6
-60.6 76.0 61.8 27.6
-60.4 76.0 61.8 27.7
-60.2 76.0 61.8 27.7
-60.0 76.0 61.9 27.8
-59.8 76.0 61.9 27.9
-59.6 76.0 62.0 27.9
-59.4 76.0 62.1 28.0
-59.2 76.0 62.3 28.0
-59.0 76.0 62.5 28.0
-58.8 76.0 62.6 28.0
-58.6 76.0 62.8 28.0
-58.4 76.0 63.0 27.9
-58.2 76.0 63.2 27.9
-58.0 76.0 63.3 27.8
-57.8 76.0 63.4 27.8
-57.6 76.0 63.5 27.7
-57.4 76.0 63.5 27.6
-57.2 76.0 63.5 27.5
-57.0 76.0 63.5 27.5
-56.8 76.0 63.5 27.4
-56.6 76.0 63.4 27.4
-56.4 76.0 63.3 27.4
-56.2 76.0 63.2 27.3
-56.0 76.0 63.1 27.3
-55.8 76.0 63.0 27.3
-55.6 76.0 62.9 27.3
-55.4 76.0 62.8 27.3
-55.2 76.0 62.8 27.3
-55.0 76.0 62.7 27.3
-54.8 76.0 62.7 27.3
-54.6 76.0 62.7 27.3
-54.4 76.0 62.8 27.3
-54.2 76.0 62.9 27.3
-54.0 76.0 63.1 27.3
-53.8 76.0 63.2 27.3
-53.6 76.0 63.4 27.2
-53.4 76.0 63.6 27.2
-53.2 76.0 63.9 27.2
-53.0 76.0 64.1 27.2
-52.8 76.0 64.2 27.2
-52.6 76.0 64.4 27.3
-52.4 76.0 64.5 27.3
-52.2 76.0 64.6 27.4
-52.0 76.0 64.6 27.6
-51.8 76.0 64.7 27.7
-51.6 76.0 64.7 27.9
-51.4 76.0 64.7 28.0
-51.2 76.0 64.8 28.2
-51.0 76.0 64.8 28.3
-50.8 76.0 64.9 28.5
-50.6 76.0 64.9 28.6
-50.4 76.0 65.1 28.6
-50.2 76.0 65.2 28.7
-50.0 76.0 65.4 28.6
-49.8 76.0 65.6 28.5
-49.6 76.0 65.8 28.4
-49.4 76.0 66.0 28.2
-49.2 76.0 66.2 28.0
-49.0 76.0 66.5 27.8
-48.8 76.0 66.7 27.6
-48.6 76.0 66.9 27.3
-48.4 76.0 67.1 27.1
-48.2 76.0 67.3 26.9
-48.0 76.0 67.5 26.7
-47.8 76.0 67.6 26.5
-47.6 76.0 67.7 26.3
-47.4 76.0 67.8 26.2
-47.2 76.0 67.9 26.0
-47.0 76.0 67.9 25.9
-46.8 76.0 67.8 25.9
-46.6 76.0 67.7 25.8
-46.4 76.0 67.5 25.8
-46.2 76.0 67.3 25.8
-46.0 76.0 67.0 25.8
-45.8 76.0 66.6 25.8
-45.6 76.0 66.2 25.8
-45.4 76.0 65.7 25.9
-45.2 76.0 65.3 25.9
-45.0 76.0 64.8 25.9
-44.8 76.0 64.3 26.0
-44.6 76.0 63.8 26.0
-44.4 76.0 63.4 26.0
-44.2 76.0 63.0 26.0
-44.0 76.0 62.6 25.9
-43.8 76.0 62.3 25.9
-43.6 76.0 61.9 25.9
-43.4 76.0 61.7 25.9
-43.2 76.0 61.4 25.9
-43.0 76.0 61.1 25.9
-42.8 76.0 60.9 25.9
-42.6 76.0 60.7 26.0
-42.4 76.0 60.5 26.1
-42.2 76.0 60.3 26.1
-42.0 76.0 60.1 26.2
-41.8 76.0 59.9 26.3
-41.6 76.0 59.7 26.5
-41.4 76.0 59.6 26.6
-41.2 76.0 59.4 26.6
-41.0 76.0 59.2 26.7
-40.8 76.0 59.0 26.8
-40.6 76.0 58.8 26.8
-40.4 76.0 58.6 26.8
-40.2 76.0 58.4 26.8
-40.0 76.0 58.1 26.8
-39.8 76.0 57.9 26.7
-39.6 76.0 57.7 26.6
-39.4 76.0 57.6 26.5
-39.2 76.0 57.5 26.4
-39.0 76.0 57.4 26.2
-38.8 76.0 57.5 26.0
-38.6 76.0 57.6 25.8
-38.4 76.0 57.8 25.7
-38.2 76.0 58.1 25.4
-38.0 76.0 58.4 25.2
-37.8 76.0 58.8 25.0
-37.6 76.0 59.3 24.8
-37.4 76.0 59.7 24.6
-37.2 76.0 60.1 24.4
-37.0 76.0 60.5 24.1
-36.8 76.0 60.8 23.9
-36.6 76.0 61.0 23.7
-36.4 76.0 61.2 23.5
-36.2 76.0 61.2 23.4
-36.0 76.0 61.1 23.2
-35.8 76.0 60.9 23.1
-35.6 76.0 60.6 23.1
-35.4 76.0 60.2 23.0
-35.2 76.0 59.8 23.0
-35.0 76.0 59.4 22.9
-34.8 76.0 58.9 22.9
-34.6 76.0 58.4 22.9
-34.4 76.0 58.0 22.9
-34.2 76.0 57.6 22.9
-34.0 76.0 57.2 22.9
-33.8 76.0 56.9 22.9
-33.6 76.0 56.5 22.9
-33.4 76.0 56.2 22.9
-33.2 76.0 56.0 22.9
-33.0 76.0 55.7 23.0
-32.8 76.0 55.5 23.0
-32.6 76.0 55.4 23.2
-32.4 76.0 55.3 23.3
-32.2 76.0 55.2 23.4
-32.0 76.0 55.1 23.6
-31.8 76.0 55.1 23.7
-31.6 76.0 55.1 23.8
-31.4 76.0 55.2 23.9
-31.2 76.0 55.3 24.0
-31.0 76.0 55.4 24.0
-30.8 76.0 55.5 24.1
-30.6 76.0 55.6 24.1
-30.4 76.0 55.7 24.0
-30.2 76.0 55.9 24.0
-30.0 76.0 56.0 24.0
-29.8 76.0 56.2 23.9
-29.6 76.0 56.3 23.8
-29.4 76.0 56.5 23.8
-29.2 76.0 56.6 23.7
-29.0 76.0 56.7 23.7
-28.8 76.0 56.7 23.6
-28.6 76.0 56.8 23.5
-28.4 76.0 56.7 23.5
-28.2 76.0 56.6 23.5
-28.0 76.0 56.5 23.4
-27.8 76.0 56.4 23.4
-27.6 76.0 56.3 23.4
-27.4 76.0 56.2 23.3
-27.2 76.0 56.1 23.3
-27.0 76.0 56.0 23.3
-26.8 76.0 56.0 23.3
-26.6 76.0 55.9 23.2
-26.4 76.0 55.9 23.2
-26.2 76.0 55.8 23.1
-26.0 76.0 55.6 23.1
-25.8 76.0 55.4 23.1
-25.6 76.0 55.1 23.0
-25.4 76.0 54.7 22.9
-25.2 76.0 54.2 22.8
-25.0 76.0 53.5 22.7
-24.8 76.0 52.9 22.6
-24.6 76.0 52.2 22.5
-24.4 76.0 51.5 22.3
-24.2 76.0 50.8 22.2
-24.0 76.0 50.1 22.0
-23.8 76.0 49.5 21.9
-23.6 76.0 49.0 21.7
-23.4 76.0 48.6 21.5
-23.2 76.0 48.2 21.4
-23.0 76.0 47.9 21.3
-22.8 76.0 47.7 21.2
-22.6 76.0 47.4 21.1
-22.4 76.0 47.2 21.1
-22.2 76.0 47.0 21.0
-22.0 76.0 46.7 21.0
-21.8 76.0 46.4 21.0
-21.6 76.0 46.1 21.0
-21.4 76.0 45.7 21.0
-21.2 76.0 45.3 21.1
-21.0 76.0 44.8 21.0
-20.8 76.0 44.2 21.0
-20.6 76.0 43.5 20.9
-20.4 76.0 42.8 20.8
-20.2 76.0 41.9 20.7
-20.0 76.0 40.9 20.5
-19.8 76.0 39.8 20.2
-19.6 76.0 38.5 19.8
-19.4 76.0 37.1 19.4
-19.2 76.0 35.6 18.8
-19.0 76.0 34.0 18.2
-18.8 76.0 32.2 17.5
-18.6 76.0 30.3 16.7
-18.4 76.0 28.4 15.9
-18.2 76.0 26.5 15.0
-18.0 76.0 24.5 14.0
-17.8 76.0 22.5 13.0
-17.6 76.0 20.6 12.0
-17.4 76.0 18.8 11.0
-17.2 76.0 17.1 10.0
-17.0 76.0 15.5 9.1
-16.8 76.0 14.1 8.2
-16.6 76.0 12.9 7.4
-16.4 76.0 11.8 6.6
-16.2 76.0 10.8 5.9
-16.0 76.0 10.0 5.3
-15.8 76.0 9.4 4.8
-15.6 76.0 8.8 4.4
-15.4 76.0 8.3 4.0
-15.2 76.0 7.9 3.7
-15.0 76.0 7.6 3.4
-14.8 76.0 7.3 3.2
-14.6 76.0 7.1 3.0
-14.4 76.0 6.9 2.9
-14.2 76.0 6.7 2.7
-14.0 76.0 6.5 2.6
-13.8 76.0 6.3 2.5
-13.6 76.0 6.2 2.3
-13.4 76.0 6.0 2.2
-13.2 76.0 5.9 2.1
-13.0 76.0 5.8 2.0
-12.8 76.0 5.6 1.8
-12.6 76.0 5.5 1.7
-12.4 76.0 5.4 1.5
-12.2 76.0 5.3 1.4
-12.0 76.0 5.3 1.2
-11.8 76.0 5.2 1.1
-11.6 76.0 5.2 1.0
-11.4 76.0 5.1 1.0
-11.2 76.0 5.1 1.0
-11.0 76.0 5.1 1.0
-10.8 76.0 5.0 1.0
-10.6 76.0 5.0 1.0
-10.4 76.0 5.0 1.0
-10.2 76.0 5.0 1.0
-10.0 76.0 5.0 1.0
-9.8 76.0 5.0 1.0
-9.6 76.0 5.0 1.0
-9.4 76.0 5.0 1.0
-9.2 76.0 5.0 1.0
-9.0 76.0 5.0 1.0
-8.8 76.0 5.0 1.0
-8.6 76.0 5.0 1.0
-8.4 76.0 5.0 1.0
-8.2 76.0 5.0 1.0
-8.0 76.0 5.0 1.0
-7.8 76.0 5.0 1.0
-7.6 76.0 5.0 1.0
-7.4 76.0 5.0 1.0
-7.2 76.0 5.0 1.0
-7.0 76.0 5.0 1.0
-6.8 76.0 5.0 1.0
-6.6 76.0 5.0 1.0
-6.4 76.0 5.0 1.0
-6.2 76.0 5.0 1.0
-6.0 76.0 5.0 1.0
-5.8 76.0 5.0 1.0
-5.6 76.0 5.0 1.0
-5.4 76.0 5.0 1.0
-5.2 76.0 5.0 1.0
-5.0 76.0 5.0 1.0
-4.8 76.0 5.0 1.0
-4.6 76.0 5.0 1.0
-4.4 76.0 5.0 1.0
-4.2 76.0 5.0 1.0
-4.0 76.0 5.0 1.0
-3.8 76.0 5.0 1.0
-3.6 76.0 5.0 1.0
-3.4 76.0 5.0 1.0
-3.2 76.0 5.0 1.0
-3.0 76.0 5.0 1.0
-2.8 76.0 5.0 1.0
-2.6 76.0 5.0 1.0
-2.4 76.0 5.0 1.0
-81.8 75.8 68.6 23.2
-81.6 75.8 67.9 23.1
-81.4 75.8 66.9 22.9
-81.2 75.8 65.7 22.7
-81.0 75.8 64.3 22.5
-80.8 75.8 62.8 22.3
-80.6 75.8 61.2 22.1
-80.4 75.8 59.6 21.8
-80.2 75.8 58.1 21.6
-80.0 75.8 56.8 21.4
-79.8 75.8 55.5 21.2
-79.6 75.8 54.5 21.1
-79.4 75.8 53.7 21.0
-79.2 75.8 53.0 20.9
-79.0 75.8 52.6 20.9
-78.8 75.8 52.4 20.9
-78.6 75.8 52.4 20.9
-78.4 75.8 52.5 21.0
-78.2 75.8 52.8 21.2
-78.0 75.8 53.2 21.3
-77.8 75.8 53.6 21.4
-77.6 75.8 54.1 21.6
-77.4 75.8 54.7 21.8
-77.2 75.8 55.2 21.9
-77.0 75.8 55.8 22.1
-76.8 75.8 56.4 22.2
-76.6 75.8 57.0 22.3
-76.4 75.8 57.6 22.5
-76.2 75.8 58.2 22.6
-76.0 75.8 58.8 22.7
-75.8 75.8 59.3 22.9
-75.6 75.8 59.8 23.0
-75.4 75.8 60.2 23.1
-75.2 75.8 60.6 23.3
-75.0 75.8 60.9 23.4
-74.8 75.8 61.0 23.6
-74.6 75.8 61.1 23.7
-74.4 75.8 61.1 23.9
-74.2 75.8 61.0 24.0
-74.0 75.8 60.9 24.2
-73.8 75.8 60.7 24.3
-73.6 75.8 60.5 24.5
-73.4 75.8 60.2 24.6
-73.2 75.8 59.9 24.7
-73.0 75.8 59.6 24.8
-72.8 75.8 59.3 24.9
-72.6 75.8 59.0 24.9
-72.4 75.8 58.8 24.9
-72.2 75.8 58.5 24.9
-72.0 75.8 58.2 24.9
-71.8 75.8 58.0 24.9
-71.6 75.8 57.8 24.8
-71.4 75.8 57.7 24.8
-71.2 75.8 57.6 24.7
-71.0 75.8 57.5 24.6
-70.8 75.8 57.5 24.5
-70.6 75.8 57.6 24.4
-70.4 75.8 57.7 24.2
-70.2 75.8 57.8 24.1
-70.0 75.8 58.0 24.1
-69.8 75.8 58.2 24.0
-69.6 75.8 58.4 23.9
-69.4 75.8 58.5 23.9
-69.2 75.8 58.7 23.8
-69.0 75.8 58.9 23.8
-68.8 75.8 59.0 23.8
-68.6 75.8 59.1 23.9
-68.4 75.8 59.2 23.9
-68.2 75.8 59.3 23.9
-68.0 75.8 59.3 24.0
-67.8 75.8 59.3 24.1
-67.6 75.8 59.3 24.2
-67.4 75.8 59.3 24.3
-67.2 75.8 59.3 24.4
-67.0 75.8 59.3 24.6
-66.8 75.8 59.2 24.7
-66.6 75.8 59.2 24.8
-66.4 75.8 59.2 24.9
-66.2 75.8 59.2 25.1
-66.0 75.8 59.2 25.2
-65.8 75.8 59.2 25.3
-65.6 75.8 59.3 25.5
-65.4 75.8 59.3 25.6
-65.2 75.8 59.4 25.7
-65.0 75.8 59.4 25.9
-64.8 75.8 59.5 26.0
-64.6 75.8 59.6 26.2
-64.4 75.8 59.6 26.3
-64.2 75.8 59.7 26.5
-64.0 75.8 59.8 26.6
-63.8 75.8 59.9 26.8
-63.6 75.8 60.0 26.9
-63.4 75.8 60.2 27.0
-63.2 75.8 60.4 27.1
-63.0 75.8 60.6 27.2
-62.8 75.8 60.8 27.2
-62.6 75.8 61.0 27.3
-62.4 75.8 61.2 27.3
-62.2 75.8 61.4 27.3
-62.0 75.8 61.5 27.3
-61.8 75.8 61.6 27.3
-61.6 75.8 61.7 27.4
-61.4 75.8 61.8 27.4
-61.2 75.8 61.8 27.4
-61.0 75.8 61.8 27.5
-60.8 75.8 61.7 27.6
-60.6 75.8 61.7 27.6
-60.4 75.8 61.7 27.7
-60.2 75.8 61.7 27.8
-60.0 75.8 61.7 27.9
-59.8 75.8 61.6 28.0
-59.6 75.8 61.6 28.1
-59.4 75.8 61.7 28.1
-59.2 75.8 61.7 28.1
-59.0 75.8 61.7 28.1
-58.8 75.8 61.7 28.1
-58.6 75.8 61.7 28.0
-58.4 75.8 61.7 27.9
-58.2 75.8 61.7 27.8
-58.0 75.8 61.7 27.7
-57.8 75.8 61.7 27.6
-57.6 75.8 61.6 27.5
-57.4 75.8 61.5 27.4
-57.2 75.8 61.5 27.3
-57.0 75.8 61.4 27.2
-56.8 75.8 61.3 27.2
-56.6 75.8 61.3 27.1
-56.4 75.8 61.2 27.0
-56.2 75.8 61.2 26.9
-56.0 75.8 61.1 26.9
-55.8 75.8 61.1 26.8
-55.6 75.8 61.1 26.8
-55.4 75.8 61.1 26.7
-55.2 75.8 61.1 26.7
-55.0 75.8 61.1 26.6
-54.8 75.8 61.1 26.6
-54.6 75.8 61.1 26.5
-54.4 75.8 61.2 26.5
-54.2 75.8 61.2 26.4
-54.0 75.8 61.3 26.4
-53.8 75.8 61.4 26.4
-53.6 75.8 61.4 26.3
-53.4 75.8 61.5 26.3
-53.2 75.8 61.6 26.2
-53.0 75.8 61.7 26.2
-52.8 75.8 61.8 26.3
-52.6 75.8 61.9 26.3
-52.4 75.8 62.0 26.4
-52.2 75.8 62.1 26.5
-52.0 75.8 62.1 26.6
-51.8 75.8 62.1 26.8
-51.6 75.8 62.2 27.0
-51.4 75.8 62.2 27.2
-51.2 75.8 62.2 27.4
-51.0 75.8 62.3 27.6
-50.8 75.8 62.3 27.8
-50.6 75.8 62.4 28.0
-50.4 75.8 62.5 28.1
-50.2 75.8 62.7 28.1
-50.0 75.8 62.9 28.2
-49.8 75.8 63.1 28.1
-49.6 75.8 63.4 28.0
-49.4 75.8 63.7 27.8
-49.2 75.8 64.0 27.6
-49.0 75.8 64.3 27.4
-48.8 75.8 64.6 27.2
-48.6 75.8 64.9 26.9
-48.4 75.8 65.2 26.6
-48.2 75.8 65.5 26.4
-48.0 75.8 65.8 26.1
-47.8 75.8 66.1 25.9
-47.6 75.8 66.4 25.7
-47.4 75.8 66.6 25.5
-47.2 75.8 66.8 25.3
-47.0 75.8 66.9 25.2
-46.8 75.8 67.0 25.1
-46.6 75.8 67.0 25.0
-46.4 75.8 67.0 25.0
-46.2 75.8 66.9 24.9
-46.0 75.8 66.8 24.9
-45.8 75.8 66.6 25.0
-45.6 75.8 66.4 25.0
-45.4 75.8 66.1 25.1
-45.2 75.8 65.8 25.1
-45.0 75.8 65.5 25.2
-44.8 75.8 65.2 25.3
-44.6 75.8 64.8 25.4
-44.4 75.8 64.5 25.4
-44.2 75.8 64.2 25.4
-44.0 75.8 63.9 25.5
-43.8 75.8 63.6 25.5
-43.6 75.8 63.2 25.5
-43.4 75.8 62.9 25.5
-43.2 75.8 62.6 25.5
-43.0 75.8 62.2 25.5
-42.8 75.8 61.8 25.5
-42.6 75.8 61.5 25.5
-42.4 75.8 61.1 25.5
-42.2 75.8 60.8 25.6
-42.0 75.8 60.4 25.6
-41.8 75.8 60.1 25.7
-41.6 75.8 59.9 25.8
-41.4 75.8 59.6 25.9
-41.2 75.8 59.3 26.0
-41.0 75.8 59.1 26.1
-40.8 75.8 58.9 26.2
-40.6 75.8 58.6 26.3
-40.4 75.8 58.4 26.3
-40.2 75.8 58.1 26.4
-40.0 75.8 57.8 26.4
-39.8 75.8 57.6 26.4
-39.6 75.8 57.4 26.4
-39.4 75.8 57.2 26.4
-39.2 75.8 57.0 26.3
-39.0 75.8 57.0 26.2
-38.8 75.8 56.9 26.1
-38.6 75.8 57.0 26.0
-38.4 75.8 57.2 25.9
-38.2 75.8 57.4 25.8
-38.0 75.8 57.8 25.6
-37.8 75.8 58.2 25.5
-37.6 75.8 58.6 25.3
-37.4 75.8 59.1 25.1
-37.2 75.8 59.6 24.9
-37.0 75.8 60.0 24.7
-36.8 75.8 60.4 24.5
-36.6 75.8 60.7 24.2
-36.4 75.8 60.9 24.0
-36.2 75.8 61.0 23.8
-36.0 75.8 60.9 23.6
-35.8 75.8 60.8 23.5
-35.6 75.8 60.5 23.3
-35.4 75.8 60.2 23.2
-35.2 75.8 59.8 23.2
-35.0 75.8 59.4 23.1
-34.8 75.8 58.9 23.1
-34.6 75.8 58.4 23.0
-34.4 75.8 58.0 23.0
-34.2 75.8 57.5 23.0
-34.0 75.8 57.1 23.0
-33.8 75.8 56.7 23.0
-33.6 75.8 56.4 23.0
-33.4 75.8 56.0 23.1
-33.2 75.8 55.7 23.1
-33.0 75.8 55.4 23.2
-32.8 75.8 55.2 23.3
-32.6 75.8 55.0 23.4
-32.4 75.8 54.8 23.5
-32.2 75.8 54.7 23.6
-32.0 75.8 54.6 23.7
-31.8 75.8 54.5 23.8
-31.6 75.8 54.5 23.9
-31.4 75.8 54.5 23.9
-31.2 75.8 54.6 24.0
-31.0 75.8 54.6 24.0
-30.8 75.8 54.7 24.0
-30.6 75.8 54.8 23.9
-30.4 75.8 55.0 23.9
-30.2 75.8 55.2 23.8
-30.0 75.8 55.4 23.7
-29.8 75.8 55.6 23.7
-29.6 75.8 55.9 23.6
-29.4 75.8 56.1 23.5
-29.2 75.8 56.4 23.4
-29.0 75.8 56.6 23.4
-28.8 75.8 56.8 23.3
-28.6 75.8 56.9 23.2
-28.4 75.8 57.1 23.2
-28.2 75.8 57.1 23.1
-28.0 75.8 57.1 23.1
-27.8 75.8 57.1 23.0
-27.6 75.8 57.0 23.0
-27.4 75.8 56.9 22.9
-27.2 75.8 56.8 22.9
-27.0 75.8 56.7 22.8
-26.8 75.8 56.5 22.8
-26.6 75.8 56.4 22.7
-26.4 75.8 56.2 22.7
-26.2 75.8 56.0 22.6
-26.0 75.8 55.7 22.6
-25.8 75.8 55.3 22.6
-25.6 75.8 54.9 22.5
-25.4 75.8 54.3 22.5
-25.2 75.8 53.7 22.4
-25.0 75.8 53.0 22.3
-24.8 75.8 52.2 22.2
-24.6 75.8 51.4 22.1
-24.4 75.8 50.6 22.0
-24.2 75.8 49.9 21.9
-24.0 75.8 49.2 21.8
-23.8 75.8 48.6 21.7
-23.6 75.8 48.1 21.6
-23.4 75.8 47.6 21.5
-23.2 75.8 47.2 21.4
-23.0 75.8 46.9 21.4
-22.8 75.8 46.7 21.4
-22.6 75.8 46.4 21.4
-22.4 75.8 46.2 21.4
-22.2 75.8 45.9 21.3
-22.0 75.8 45.7 21.3
-21.8 75.8 45.3 21.3
-21.6 75.8 45.0 21.3
-21.4 75.8 44.5 21.2
-21.2 75.8 44.0 21.2
-21.0 75.8 43.3 21.1
-20.8 75.8 42.6 20.9
-20.6 75.8 41.7 20.8
-20.4 75.8 40.7 20.6
-20.2 75.8 39.6 20.3
-20.0 75.8 38.3 19.9
-19.8 75.8 36.9 19.5
-19.6 75.8 35.4 19.0
-19.4 75.8 33.8 18.4
-19.2 75.8 32.0 17.7
-19.0 75.8 30.2 16.9
-18.8 75.8 28.3 16.1
-18.6 75.8 26.3 15.1
-18.4 75.8 24.3 14.1
-18.2 75.8 22.4 13.1
-18.0 75.8 20.5 12.0
-17.8 75.8 18.7 11.0
-17.6 75.8 17.0 10.0
-17.4 75.8 15.5 9.0
-17.2 75.8 14.0 8.1
-17.0 75.8 12.8 7.2
-16.8 75.8 11.7 6.5
-16.6 75.8 10.7 5.8
-16.4 75.8 9.9 5.2
-16.2 75.8 9.2 4.7
-16.0 75.8 8.7 4.2
-15.8 75.8 8.2 3.9
-15.6 75.8 7.8 3.6
-15.4 75.8 7.5 3.3
-15.2 75.8 7.3 3.1
-15.0 75.8 7.0 2.9
-14.8 75.8 6.9 2.8
-14.6 75.8 6.7 2.6
-14.4 75.8 6.5 2.5
-14.2 75.8 6.4 2.4
-14.0 75.8 6.3 2.2
-13.8 75.8 6.1 2.1
-13.6 75.8 6.0 2.0
-13.4 75.8 5.9 1.9
-13.2 75.8 5.7 1.7
-13.0 75.8 5.6 1.6
-12.8 75.8 5.5 1.5
-12.6 75.8 5.4 1.3
-12.4 75.8 5.3 1.2
-12.2 75.8 5.3 1.1
-12.0 75.8 5.2 1.0
-11.8 75.8 5.2 1.0
-11.6 75.8 5.1 1.0
-11.4 75.8 5.1 1.0
-11.2 75.8 5.1 1.0
-11.0 75.8 5.0 1.0
-10.8 75.8 5.0 1.0
-10.6 75.8 5.0 1.0
-10.4 75.8 5.0 1.0
-10.2 75.8 5.0 1.0
-10.0 75.8 5.0 1.0
-9.8 75.8 5.0 1.0
-9.6 75.8 5.0 1.0
-9.4 75.8 5.0 1.0
-9.2 75.8 5.0 1.0
-9.0 75.8 5.0 1.0
-8.8 75.8 5.0 1.0
-8.6 75.8 5.0 1.0
-8.4 75.8 5.0 1.0
-8.2 75.8 5.0 1.0
-8.0 75.8 5.0 1.0
-7.8 75.8 5.0 1.0
-7.6 75.8 5.0 1.0
-7.4 75.8 5.0 1.0
-7.2 75.8 5.0 1.0
-7.0 75.8 5.0 1.0
-6.8 75.8 5.0 1.0
-6.6 75.8 5.0 1.0
-6.4 75.8 5.0 1.0
-6.2 75.8 5.0 1.0
-6.0 75.8 5.0 1.0
-5.8 75.8 5.0 1.0
-5.6 75.8 5.0 1.0
-5.4 75.8 5.0 1.0
-5.2 75.8 5.0 1.0
-5.0 75.8 5.0 1.0
-4.8 75.8 5.0 1.0
-4.6 75.8 5.0 1.0
-4.4 75.8 5.0 1.0
-4.2 75.8 5.0 1.0
-4.0 75.8 5.0 1.0
-3.8 75.8 5.0 1.0
-3.6 75.8 5.0 1.0
-3.4 75.8 5.0 1.0
-3.2 75.8 5.0 1.0
-81.2 75.6 63.7 22.2
-81.0 75.6 62.3 21.9
-80.8 75.6 60.7 21.7
-80.6 75.6 59.2 21.4
-80.4 75.6 57.6 21.1
-80.2 75.6 56.1 20.8
-80.0 75.6 54.7 20.6
-79.8 75.6 53.4 20.4
-79.6 75.6 52.4 20.2
-79.4 75.6 51.5 20.1
-79.2 75.6 50.9 20.0
-79.0 75.6 50.4 20.0
-78.8 75.6 50.2 20.0
-78.6 75.6 50.1 20.1
-78.4 75.6 50.2 20.2
-78.2 75.6 50.4 20.4
-78.0 75.6 50.7 20.5
-77.8 75.6 51.1 20.7
-77.6 75.6 51.5 20.9
-77.4 75.6 52.0 21.0
-77.2 75.6 52.6 21.2
-77.0 75.6 53.1 21.4
-76.8 75.6 53.7 21.5
-76.6 75.6 54.2 21.7
-76.4 75.6 54.8 21.9
-76.2 75.6 55.4 22.0
-76.0 75.6 56.0 22.2
-75.8 75.6 56.5 22.3
-75.6 75.6 57.1 22.5
-75.4 75.6 57.6 22.7
-75.2 75.6 58.0 22.9
-75.0 75.6 58.4 23.0
-74.8 75.6 58.7 23.2
-74.6 75.6 58.9 23.4
-74.4 75.6 59.1 23.5
-74.2 75.6 59.2 23.7
-74.0 75.6 59.2 23.8
-73.8 75.6 59.2 24.0
-73.6 75.6 59.1 24.1
-73.4 75.6 59.0 24.2
-73.2 75.6 58.9 24.3
-73.0 75.6 58.8 24.3
-72.8 75.6 58.6 24.4
-72.6 75.6 58.4 24.4
-72.4 75.6 58.2 24.5
-72.2 75.6 57.9 24.5
-72.0 75.6 57.7 24.5
-71.8 75.6 57.5 24.5
-71.6 75.6 57.3 24.5
-71.4 75.6 57.1 24.5
-71.2 75.6 57.0 24.4
-71.0 75.6 56.9 24.4
-70.8 75.6 56.9 24.3
-70.6 75.6 57.0 24.3
-70.4 75.6 57.1 24.2
-70.2 75.6 57.2 24.2
-70.0 75.6 57.4 24.1
-69.8 75.6 57.7 24.1
-69.6 75.6 57.9 24.1
-69.4 75.6 58.2 24.0
-69.2 75.6 58.4 24.0
-69.0 75.6 58.6 24.0
-68.8 75.6 58.8 24.1
-68.6 75.6 59.0 24.1
-68.4 75.6 59.2 24.2
-68.2 75.6 59.3 24.3
-68.0 75.6 59.4 24.3
-67.8 75.6 59.4 24.4
-67.6 75.6 59.5 24.5
-67.4 75.6 59.4 24.7
-67.2 75.6 59.4 24.8
-67.0 75.6 59.3 24.9
-66.8 75.6 59.2 25.0
-66.6 75.6 59.0 25.1
-66.4 75.6 58.8 25.2
-66.2 75.6 58.6 25.4
-66.0 75.6 58.4 25.5
-65.8 75.6 58.2 25.6
-65.6 75.6 58.0 25.7
-65.4 75.6 57.9 25.9
-65.2 75.6 57.7 26.0
-65.0 75.6 57.6 26.2
-64.8 75.6 57.5 26.4
-64.6 75.6 57.5 26.5
-64.4 75.6 57.5 26.7
-64.2 75.6 57.5 26.8
-64.0 75.6 57.6 27.0
-63.8 75.6 57.7 27.1
-63.6 75.6 57.9 27.2
-63.4 75.6 58.1 27.3
-63.2 75.6 58.3 27.4
-63.0 75.6 58.6 27.5
-62.8 75.6 59.0 27.5
-62.6 75.6 59.3 27.5
-62.4 75.6 59.6 27.5
-62.2 75.6 60.0 27.5
-62.0 75.6 60.3 27.5
-61.8 75.6 60.6 27.5
-61.6 75.6 60.9 27.5
-61.4 75.6 61.1 27.6
-61.2 75.6 61.3 27.6
-61.0 75.6 61.5 27.7
-60.8 75.6 61.7 27.8
-60.6 75.6 61.8 27.8
-60.4 75.6 61.9 27.9
-60.2 75.6 62.0 28.0
-60.0 75.6 62.1 28.1
-59.8 75.6 62.1 28.1
-59.6 75.6 62.1 28.2
-59.4 75.6 62.1 28.2
-59.2 75.6 62.1 28.2
-59.0 75.6 62.0 28.1
-58.8 75.6 61.9 28.0
-58.6 75.6 61.9 27.9
-58.4 75.6 61.8 27.8
-58.2 75.6 61.7 27.7
-58.0 75.6 61.6 27.6
-57.8 75.6 61.4 27.5
-57.6 75.6 61.3 27.4
-57.4 75.6 61.2 27.3
-57.2 75.6 61.1 27.2
-57.0 75.6 61.0 27.1
-56.8 75.6 60.8 27.1
-56.6 75.6 60.7 27.0
-56.4 75.6 60.6 26.9
-56.2 75.6 60.6 26.8
-56.0 75.6 60.5 26.6
-55.8 75.6 60.5 26.5
-55.6 75.6 60.5 26.4
-55.4 75.6 60.5 26.3
-55.2 75.6 60.5 26.2
-55.0 75.6 60.5 26.1
-54.8 75.6 60.5 26.0
-54.6 75.6 60.5 25.8
-54.4 75.6 60.5 25.7
-54.2 75.6 60.5 25.6
-54.0 75.6 60.5 25.5
-53.8 75.6 60.5 25.4
-53.6 75.6 60.5 25.3
-53.4 75.6 60.5 25.3
-53.2 75.6 60.5 25.2
-53.0 75.6 60.6 25.2
-52.8 75.6 60.6 25.1
-52.6 75.6 60.7 25.2
-52.4 75.6 60.8 25.2
-52.2 75.6 60.8 25.3
-52.0 75.6 60.9 25.4
-51.8 75.6 60.9 25.6
-51.6 75.6 60.9 25.8
-51.4 75.6 60.9 26.0
-51.2 75.6 60.9 26.3
-51.0 75.6 60.9 26.5
-50.8 75.6 60.8 26.7
-50.6 75.6 60.8 26.9
-50.4 75.6 60.8 27.1
-50.2 75.6 60.9 27.2
-50.0 75.6 60.9 27.3
-49.8 75.6 61.0 27.3
-49.6 75.6 61.1 27.2
-49.4 75.6 61.2 27.1
-49.2 75.6 61.4 27.0
-49.0 75.6 61.6 26.8
-48.8 75.6 61.8 26.6
-48.6 75.6 62.0 26.3
-48.4 75.6 62.3 26.0
-48.2 75.6 62.5 25.8
-48.0 75.6 62.8 25.5
-47.8 75.6 63.0 25.3
-47.6 75.6 63.2 25.0
-47.4 75.6 63.4 24.8
-47.2 75.6 63.6 24.6
-47.0 75.6 63.8 24.5
-46.8 75.6 64.0 24.3
-46.6 75.6 64.1 24.2
-46.4 75.6 64.3 24.2
-46.2 75.6 64.4 24.1
-46.0 75.6 64.4 24.1
-45.8 75.6 64.5 24.2
-45.6 75.6 64.5 24.2
-45.4 75.6 64.5 24.3
-45.2 75.6 64.5 24.4
-45.0 75.6 64.4 24.5
-44.8 75.6 64.3 24.6
-44.6 75.6 64.2 24.8
-44.4 75.6 64.0 24.9
-44.2 75.6 63.9 25.0
-44.0 75.6 63.6 25.1
-43.8 75.6 63.4 25.1
-43.6 75.6 63.1 25.2
-43.4 75.6 62.8 25.2
-43.2 75.6 62.4 25.2
-43.0 75.6 62.0 25.2
-42.8 75.6 61.6 25.1
-42.6 75.6 61.1 25.1
-42.4 75.6 60.7 25.0
-42.2 75.6 60.3 25.0
-42.0 75.6 59.9 24.9
-41.8 75.6 59.5 24.9
-41.6 75.6 59.2 24.9
-41.4 75.6 58.9 25.0
-41.2 75.6 58.6 25.0
-41.0 75.6 58.3 25.1
-40.8 75.6 58.1 25.2
-40.6 75.6 57.8 25.3
-40.4 75.6 57.5 25.4
-40.2 75.6 57.2 25.5
-40.0 75.6 57.0 25.5
-39.8 75.6 56.7 25.6
-39.6 75.6 56.5 25.6
-39.4 75.6 56.2 25.7
-39.2 75.6 56.1 25.7
-39.0 75.6 55.9 25.7
-38.8 75.6 55.9 25.7
-38.6 75.6 55.9 25.7
-38.4 75.6 56.0 25.7
-38.2 75.6 56.2 25.7
-38.0 75.6 56.4 25.7
-37.8 75.6 56.8 25.7
-37.6 75.6 57.2 25.6
-37.4 75.6 57.7 25.5
-37.2 75.6 58.1 25.4
-37.0 75.6 58.6 25.3
-36.8 75.6 59.0 25.1
-36.6 75.6 59.4 24.9
-36.4 75.6 59.7 24.6
-36.2 75.6 59.9 24.4
-36.0 75.6 60.0 24.2
-35.8 75.6 60.1 24.0
-35.6 75.6 60.0 23.8
-35.4 75.6 59.8 23.6
-35.2 75.6 59.6 23.5
-35.0 75.6 59.3 23.4
-34.8 75.6 58.9 23.3
-34.6 75.6 58.5 23.2
-34.4 75.6 58.1 23.2
-34.2 75.6 57.7 23.2
-34.0 75.6 57.3 23.2
-33.8 75.6 56.8 23.2
-33.6 75.6 56.4 23.2
-33.4 75.6 56.0 23.3
-33.2 75.6 55.7 23.3
-33.0 75.6 55.3 23.4
-32.8 75.6 55.0 23.5
-32.6 75.6 54.7 23.6
-32.4 75.6 54.5 23.6
-32.2 75.6 54.3 23.7
-32.0 75.6 54.1 23.8
-31.8 75.6 54.0 23.8
-31.6 75.6 53.9 23.8
-31.4 75.6 53.8 23.8
-31.2 75.6 53.8 23.8
-31.0 75.6 53.7 23.8
-30.8 75.6 53.8 23.7
-30.6 75.6 53.8 23.6
-30.4 75.6 53.9 23.6
-30.2 75.6 54.0 23.5
-30.0 75.6 54.2 23.4
-29.8 75.6 54.4 23.3
-29.6 75.6 54.6 23.2
-29.4 75.6 54.9 23.1
-29.2 75.6 55.1 23.0
-29.0 75.6 55.4 22.9
-28.8 75.6 55.6 22.8
-28.6 75.6 55.8 22.8
-28.4 75.6 56.0 22.7
-28.2 75.6 56.1 22.6
-28.0 75.6 56.2 22.6
-27.8 75.6 56.2 22.5
-27.6 75.6 56.1 22.4
-27.4 75.6 56.0 22.4
-27.2 75.6 55.9 22.3
-27.0 75.6 55.7 22.3
-26.8 75.6 55.5 22.3
-26.6 75.6 55.3 22.2
-26.4 75.6 55.0 22.2
-26.2 75.6 54.7 22.2
-26.0 75.6 54.3 22.2
-25.8 75.6 53.8 22.2
-25.6 75.6 53.3 22.2
-25.4 75.6 52.7 22.2
-25.2 75.6 52.1 22.2
-25.0 75.6 51.4 22.2
-24.8 75.6 50.7 22.1
-24.6 75.6 50.0 22.1
-24.4 75.6 49.3 22.0
-24.2 75.6 48.7 21.9
-24.0 75.6 48.1 21.9
-23.8 75.6 47.5 21.8
-23.6 75.6 47.0 21.8
-23.4 75.6 46.6 21.7
-23.2 75.6 46.3 21.7
-23.0 75.6 45.9 21.7
-22.8 75.6 45.6 21.7
-22.6 75.6 45.3 21.8
-22.4 75.6 45.0 21.8
-22.2 75.6 44.7 21.8
-22.0 75.6 44.3 21.8
-21.8 75.6 43.8 21.7
-21.6 75.6 43.3 21.6
-21.4 75.6 42.6 21.5
-21.2 75.6 41.9 21.3
-21.0 75.6 41.0 21.1
-20.8 75.6 40.0 20.8
-20.6 75.6 38.8 20.5
-20.4 75.6 37.5 20.1
-20.2 75.6 36.1 19.7
-20.0 75.6 34.5 19.2
-19.8 75.6 32.9 18.6
-19.6 75.6 31.1 17.9
-19.4 75.6 29.3 17.1
-19.2 75.6 27.5 16.3
-19.0 75.6 25.6 15.3
-18.8 75.6 23.7 14.3
-18.6 75.6 21.8 13.3
-18.4 75.6 20.0 12.2
-18.2 75.6 18.3 11.1
-18.0 75.6 16.7 10.1
-17.8 75.6 15.2 9.0
-17.6 75.6 13.8 8.1
-17.4 75.6 12.6 7.2
-17.2 75.6 11.5 6.4
-17.0 75.6 10.6 5.7
-16.8 75.6 9.8 5.1
-16.6 75.6 9.1 4.6
-16.4 75.6 8.5 4.1
-16.2 75.6 8.1 3.7
-16.0 75.6 7.7 3.4
-15.8 75.6 7.4 3.2
-15.6 75.6 7.1 3.0
-15.4 75.6 6.9 2.8
-15.2 75.6 6.7 2.6
-15.0 75.6 6.6 2.5
-14.8 75.6 6.5 2.4
-14.6 75.6 6.3 2.3
-14.4 75.6 6.2 2.1
-14.2 75.6 6.1 2.0
-14.0 75.6 6.0 1.9
-13.8 75.6 5.9 1.8
-13.6 75.6 5.8 1.7
-13.4 75.6 5.7 1.5
-13.2 75.6 5.6 1.4
-13.0 75.6 5.5 1.3
-12.8 75.6 5.4 1.1
-12.6 75.6 5.3 1.0
-12.4 75.6 5.2 1.0
-12.2 75.6 5.2 1.0
-12.0 75.6 5.1 1.0
-11.8 75.6 5.1 1.0
-11.6 75.6 5.1 1.0
-11.4 75.6 5.1 1.0
-11.2 75.6 5.0 1.0
-11.0 75.6 5.0 1.0
-10.8 75.6 5.0 1.0
-10.6 75.6 5.0 1.0
-10.4 75.6 5.0 1.0
-10.2 75.6 5.0 1.0
-10.0 75.6 5.0 1.0
-9.8 75.6 5.0 1.0
-9.6 75.6 5.0 1.0
-9.4 75.6 5.0 1.0
-9.2 75.6 5.0 1.0
-9.0 75.6 5.0 1.0
-8.8 75.6 5.0 1.0
-8.6 75.6 5.0 1.0
-8.4 75.6 5.0 1.0
-8.2 75.6 5.0 1.0
-8.0 75.6 5.0 1.0
-7.8 75.6 5.0 1.0
-7.6 75.6 5.0 1.0
-7.4 75.6 5.0 1.0
-7.2 75.6 5.0 1.0
-7.0 75.6 5.0 1.0
-6.8 75.6 5.0 1.0
-6.6 75.6 5.0 1.0
-6.4 75.6 5.0 1.0
-6.2 75.6 5.0 1.0
-6.0 75.6 5.0 1.0
-5.8 75.6 5.0 1.0
-5.6 75.6 5.0 1.0
-5.4 75.6 5.0 1.0
-5.2 75.6 5.0 1.0
-5.0 75.6 5.0 1.0
-4.8 75.6 5.0 1.0
-4.6 75.6 5.0 1.0
-4.4 75.6 5.0 1.0
-4.2 75.6 5.0 1.0
-4.0 75.6 5.0 1.0
-3.8 75.6 5.0 1.0
-80.6 75.4 57.3 20.7
-80.4 75.4 55.8 20.4
-80.2 75.4 54.3 20.1
-80.0 75.4 52.9 19.8
-79.8 75.4 51.7 19.6
-79.6 75.4 50.6 19.4
-79.4 75.4 49.7 19.2
-79.2 75.4 49.1 19.1
-79.0 75.4 48.6 19.1
-78.8 75.4 48.3 19.1
-78.6 75.4 48.2 19.1
-78.4 75.4 48.1 19.2
-78.2 75.4 48.3 19.4
-78.0 75.4 48.5 19.5
-77.8 75.4 48.7 19.7
-77.6 75.4 49.0 19.9
-77.4 75.4 49.4 20.1
-77.2 75.4 49.7 20.3
-77.0 75.4 50.1 20.5
-76.8 75.4 50.5 20.7
-76.6 75.4 50.9 20.9
-76.4 75.4 51.4 21.1
-76.2 75.4 51.8 21.3
-76.0 75.4 52.3 21.5
-75.8 75.4 52.8 21.7
-75.6 75.4 53.2 21.9
-75.4 75.4 53.6 22.1
-75.2 75.4 54.0 22.2
-75.0 75.4 54.4 22.4
-74.8 75.4 54.7 22.6
-74.6 75.4 55.0 22.7
-74.4 75.4 55.2 22.9
-74.2 75.4 55.4 23.0
-74.0 75.4 55.6 23.1
-73.8 75.4 55.7 23.2
-73.6 75.4 55.8 23.3
-73.4 75.4 55.9 23.3
-73.2 75.4 55.9 23.4
-73.0 75.4 55.9 23.4
-72.8 75.4 55.9 23.4
-72.6 75.4 55.8 23.5
-72.4 75.4 55.7 23.5
-72.2 75.4 55.6 23.5
-72.0 75.4 55.5 23.6
-71.8 75.4 55.3 23.6
-71.6 75.4 55.2 23.6
-71.4 75.4 55.2 23.7
-71.2 75.4 55.1 23.7
-71.0 75.4 55.1 23.7
-70.8 75.4 55.2 23.8
-70.6 75.4 55.4 23.8
-70.4 75.4 55.6 23.8
-70.2 75.4 55.8 23.8
-70.0 75.4 56.1 23.8
-69.8 75.4 56.4 23.8
-69.6 75.4 56.7 23.8
-69.4 75.4 57.0 23.8
-69.2 75.4 57.2 23.8
-69.0 75.4 57.5 23.8
-68.8 75.4 57.7 23.9
-68.6 75.4 57.8 23.9
-68.4 75.4 58.0 24.0
-68.2 75.4 58.1 24.1
-68.0 75.4 58.1 24.3
-67.8 75.4 58.2 24.4
-67.6 75.4 58.2 24.6
-67.4 75.4 58.1 24.7
-67.2 75.4 58.0 24.9
-67.0 75.4 57.9 25.1
-66.8 75.4 57.7 25.2
-66.6 75.4 57.4 25.4
-66.4 75.4 57.1 25.6
-66.2 75.4 56.8 25.7
-66.0 75.4 56.4 25.9
-65.8 75.4 56.1 26.1
-65.6 75.4 55.7 26.2
-65.4 75.4 55.4 26.4
-65.2 75.4 55.1 26.6
-65.0 75.4 54.8 26.8
-64.8 75.4 54.5 27.0
-64.6 75.4 54.3 27.1
-64.4 75.4 54.2 27.3
-64.2 75.4 54.1 27.5
-64.0 75.4 54.0 27.7
-63.8 75.4 54.0 27.8
-63.6 75.4 54.0 27.9
-63.4 75.4 54.1 28.1
-63.2 75.4 54.3 28.2
-63.0 75.4 54.5 28.2
-62.8 75.4 54.8 28.3
-62.6 75.4 55.2 28.3
-62.4 75.4 55.6 28.4
-62.2 75.4 56.0 28.4
-62.0 75.4 56.6 28.4
-61.8 75.4 57.1 28.4
-61.6 75.4 57.7 28.4
-61.4 75.4 58.3 28.4
-61.2 75.4 58.8 28.4
-61.0 75.4 59.4 28.5
-60.8 75.4 60.0 28.5
-60.6 75.4 60.5 28.5
-60.4 75.4 60.9 28.6
-60.2 75.4 61.4 28.6
-60.0 75.4 61.7 28.6
-59.8 75.4 61.9 28.6
-59.6 75.4 62.2 28.5
-59.4 75.4 62.3 28.4
-59.2 75.4 62.4 28.3
-59.0 75.4 62.4 28.2
-58.8 75.4 62.5 28.1
-58.6 75.4 62.4 27.9
-58.4 75.4 62.4 27.8
-58.2 75.4 62.4 27.7
-58.0 75.4 62.3 27.5
-57.8 75.4 62.2 27.4
-57.6 75.4 62.1 27.3
-57.4 75.4 62.0 27.2
-57.2 75.4 61.8 27.2
-57.0 75.4 61.7 27.1
-56.8 75.4 61.5 27.0
-56.6 75.4 61.4 26.9
-56.4 75.4 61.2 26.8
-56.2 75.4 61.1 26.6
-56.0 75.4 60.9 26.5
-55.8 75.4 60.8 26.4
-55.6 75.4 60.8 26.2
-55.4 75.4 60.7 26.1
-55.2 75.4 60.7 25.9
-55.0 75.4 60.7 25.7
-54.8 75.4 60.7 25.6
-54.6 75.4 60.7 25.4
-54.4 75.4 60.6 25.2
-54.2 75.4 60.6 25.1
-54.0 75.4 60.5 24.9
-53.8 75.4 60.4 24.8
-53.6 75.4 60.4 24.7
-53.4 75.4 60.4 24.6
-53.2 75.4 60.4 24.5
-53.0 75.4 60.4 24.4
-52.8 75.4 60.5 24.4
-52.6 75.4 60.6 24.4
-52.4 75.4 60.6 24.4
-52.2 75.4 60.7 24.5
-52.0 75.4 60.8 24.6
-51.8 75.4 60.8 24.7
-51.6 75.4 60.8 24.9
-51.4 75.4 60.8 25.0
-51.2 75.4 60.7 25.3
-51.0 75.4 60.6 25.5
-50.8 75.4 60.5 25.7
-50.6 75.4 60.3 25.9
-50.4 75.4 60.1 26.1
-50.2 75.4 60.0 26.2
-50.0 75.4 59.8 26.3
-49.8 75.4 59.6 26.4
-49.6 75.4 59.5 26.4
-49.4 75.4 59.4 26.3
-49.2 75.4 59.4 26.3
-49.0 75.4 59.3 26.1
-48.8 75.4 59.3 25.9
-48.6 75.4 59.3 25.7
-48.4 75.4 59.4 25.5
-48.2 75.4 59.4 25.3
-48.0 75.4 59.5 25.0
-47.8 75.4 59.6 24.8
-47.6 75.4 59.7 24.5
-47.4 75.4 59.9 24.3
-47.2 75.4 60.0 24.1
-47.0 75.4 60.2 24.0
-46.8 75.4 60.4 23.8
-46.6 75.4 60.5 23.7
-46.4 75.4 60.7 23.6
-46.2 75.4 60.9 23.6
-46.0 75.4 61.1 23.6
-45.8 75.4 61.3 23.6
-45.6 75.4 61.5 23.6
-45.4 75.4 61.7 23.7
-45.2 75.4 61.8 23.8
-45.0 75.4 61.9 23.9
-44.8 75.4 61.9 24.1
-44.6 75.4 61.9 24.2
-44.4 75.4 61.9 24.4
-44.2 75.4 61.8 24.5
-44.0 75.4 61.7 24.6
-43.8 75.4 61.5 24.7
-43.6 75.4 61.2 24.8
-43.4 75.4 60.9 24.8
-43.2 75.4 60.6 24.9
-43.0 75.4 60.2 24.8
-42.8 75.4 59.8 24.8
-42.6 75.4 59.4 24.7
-42.4 75.4 59.0 24.6
-42.2 75.4 58.6 24.5
-42.0 75.4 58.3 24.4
-41.8 75.4 58.0 24.3
-41.6 75.4 57.7 24.3
-41.4 75.4 57.4 24.2
-41.2 75.4 57.1 24.2
-41.0 75.4 56.9 24.2
-40.8 75.4 56.6 24.3
-40.6 75.4 56.4 24.4
-40.4 75.4 56.1 24.5
-40.2 75.4 55.9 24.6
-40.0 75.4 55.6 24.7
-39.8 75.4 55.3 24.8
-39.6 75.4 55.1 24.8
-39.4 75.4 54.9 24.9
-39.2 75.4 54.7 25.0
-39.0 75.4 54.5 25.1
-38.8 75.4 54.5 25.2
-38.6 75.4 54.4 25.3
-38.4 75.4 54.5 25.4
-38.2 75.4 54.6 25.5
-38.0 75.4 54.9 25.6
-37.8 75.4 55.1 25.6
-37.6 75.4 55.5 25.7
-37.4 75.4 55.9 25.6
-37.2 75.4 56.3 25.6
-37.0 75.4 56.8 25.5
-36.8 75.4 57.2 25.3
-36.6 75.4 57.6 25.2
-36.4 75.4 58.0 24.9
-36.2 75.4 58.4 24.7
-36.0 75.4 58.6 24.5
-35.8 75.4 58.8 24.2
-35.6 75.4 58.9 24.0
-35.4 75.4 58.9 23.8
-35.2 75.4 58.8 23.6
-35.0 75.4 58.7 23.4
-34.8 75.4 58.4 23.3
-34.6 75.4 58.1 23.2
-34.4 75.4 57.8 23.1
-34.2 75.4 57.4 23.1
-34.0 75.4 57.0 23.1
-33.8 75.4 56.5 23.1
-33.6 75.4 56.0 23.1
-33.4 75.4 55.6 23.1
-33.2 75.4 55.2 23.2
-33.0 75.4 54.7 23.3
-32.8 75.4 54.4 23.3
-32.6 75.4 54.0 23.4
-32.4 75.4 53.7 23.4
-32.2 75.4 53.5 23.4
-32.0 75.4 53.2 23.4
-31.8 75.4 53.0 23.4
-31.6 75.4 52.8 23.4
-31.4 75.4 52.7 23.4
-31.2 75.4 52.5 23.3
-31.0 75.4 52.4 23.3
-30.8 75.4 52.4 23.2
-30.6 75.4 52.4 23.2
-30.4 75.4 52.3 23.1
-30.2 75.4 52.4 23.0
-30.0 75.4 52.4 22.9
-29.8 75.4 52.5 22.8
-29.6 75.4 52.7 22.7
-29.4 75.4 52.8 22.6
-29.2 75.4 53.0 22.5
-29.0 75.4 53.1 22.4
-28.8 75.4 53.3 22.3
-28.6 75.4 53.4 22.3
-28.4 75.4 53.6 22.2
-28.2 75.4 53.7 22.1
-28.0 75.4 53.7 22.1
-27.8 75.4 53.7 22.0
-27.6 75.4 53.6 22.0
-27.4 75.4 53.5 21.9
-27.2 75.4 53.4 21.9
-27.0 75.4 53.2 21.9
-26.8 75.4 53.0 21.9
-26.6 75.4 52.7 21.9
-26.4 75.4 52.4 21.9
-26.2 75.4 52.1 22.0
-26.0 75.4 51.7 22.0
-25.8 75.4 51.4 22.1
-25.6 75.4 50.9 22.1
-25.4 75.4 50.5 22.2
-25.2 75.4 50.0 22.2
-25.0 75.4 49.5 22.3
-24.8 75.4 49.0 22.3
-24.6 75.4 48.5 22.2
-24.4 75.4 48.0 22.2
-24.2 75.4 47.5 22.1
-24.0 75.4 47.1 22.1
-23.8 75.4 46.6 22.0
-23.6 75.4 46.2 22.0
-23.4 75.4 45.8 22.0
-23.2 75.4 45.4 22.0
-23.0 75.4 45.1 22.0
-22.8 75.4 44.7 22.0
-22.6 75.4 44.3 22.0
-22.4 75.4 43.8 22.1
-22.2 75.4 43.3 22.1
-22.0 75.4 42.7 22.0
-21.8 75.4 42.0 21.9
-21.6 75.4 41.2 21.7
-21.4 75.4 40.2 21.5
-21.2 75.4 39.1 21.2
-21.0 75.4 37.9 20.8
-20.8 75.4 36.5 20.4
-20.6 75.4 35.0 19.9
-20.4 75.4 33.4 19.3
-20.2 75.4 31.7 18.6
-20.0 75.4 29.9 17.9
-19.8 75.4 28.0 17.1
-19.6 75.4 26.2 16.2
-19.4 75.4 24.4 15.3
-19.2 75.4 22.5 14.3
-19.0 75.4 20.8 13.2
-18.8 75.4 19.1 12.2
-18.6 75.4 17.5 11.1
-18.4 75.4 16.0 10.1
-18.2 75.4 14.6 9.1
-18.0 75.4 13.4 8.1
-17.8 75.4 12.2 7.2
-17.6 75.4 11.2 6.4
-17.4 75.4 10.3 5.7
-17.2 75.4 9.6 5.0
-17.0 75.4 8.9 4.5
-16.8 75.4 8.4 4.0
-16.6 75.4 7.9 3.7
-16.4 75.4 7.5 3.3
-16.2 75.4 7.2 3.1
-16.0 75.4 6.9 2.8
-15.8 75.4 6.7 2.7
-15.6 75.4 6.5 2.5
-15.4 75.4 6.4 2.4
-15.2 75.4 6.2 2.2
-15.0 75.4 6.1 2.1
-14.8 75.4 6.0 2.0
-14.6 75.4 5.9 1.9
-14.4 75.4 5.9 1.8
-14.2 75.4 5.8 1.6
-14.0 75.4 5.7 1.5
-13.8 75.4 5.6 1.4
-13.6 75.4 5.5 1.3
-13.4 75.4 5.4 1.1
-13.2 75.4 5.4 1.0
-13.0 75.4 5.3 1.0
-12.8 75.4 5.2 1.0
-12.6 75.4 5.2 1.0
-12.4 75.4 5.1 1.0
-12.2 75.4 5.1 1.0
-12.0 75.4 5.1 1.0
-11.8 75.4 5.1 1.0
-11.6 75.4 5.0 1.0
-11.4 75.4 5.0 1.0
-11.2 75.4 5.0 1.0
-11.0 75.4 5.0 1.0
-10.8 75.4 5.0 1.0
-10.6 75.4 5.0 1.0
-10.4 75.4 5.0 1.0
-10.2 75.4 5.0 1.0
-10.0 75.4 5.0 1.0
-9.8 75.4 5.0 1.0
-9.6 75.4 5.0 1.0
-9.4 75.4 5.0 1.0
-9.2 75.4 5.0 1.0
-9.0 75.4 5.0 1.0
-8.8 75.4 5.0 1.0
-8.6 75.4 5.0 1.0
-8.4 75.4 5.0 1.0
-8.2 75.4 5.0 1.0
-8.0 75.4 5.0 1.0
-7.8 75.4 5.0 1.0
-7.6 75.4 5.0 1.0
-7.4 75.4 5.0 1.0
-7.2 75.4 5.0 1.0
-7.0 75.4 5.0 1.0
-6.8 75.4 5.0 1.0
-6.6 75.4 5.0 1.0
-6.4 75.4 5.0 1.0
-6.2 75.4 5.0 1.0
-6.0 75.4 5.0 1.0
-5.8 75.4 5.0 1.0
-5.6 75.4 5.0 1.0
-5.4 75.4 5.0 1.0
-5.2 75.4 5.0 1.0
-5.0 75.4 5.0 1.0
-4.8 75.4 5.0 1.0
-4.6 75.4 5.0 1.0
-4.4 75.4 5.0 1.0
-80.0 75.2 51.4 19.1
-79.8 75.2 50.2 18.8
-79.6 75.2 49.2 18.5
-79.4 75.2 48.3 18.3
-79.2 75.2 47.6 18.2
-79.0 75.2 47.1 18.1
-78.8 75.2 46.7 18.0
-78.6 75.2 46.5 18.1
-78.4 75.2 46.4 18.1
-78.2 75.2 46.4 18.2
-78.0 75.2 46.5 18.4
-77.8 75.2 46.6 18.5
-77.6 75.2 46.8 18.7
-77.4 75.2 47.0 18.9
-77.2 75.2 47.2 19.2
-77.0 75.2 47.4 19.4
-76.8 75.2 47.6 19.7
-76.6 75.2 47.9 19.9
-76.4 75.2 48.1 20.1
-76.2 75.2 48.4 20.4
-76.0 75.2 48.7 20.6
-75.8 75.2 49.0 20.8
-75.6 75.2 49.3 21.0
-75.4 75.2 49.6 21.2
-75.2 75.2 49.8 21.4
-75.0 75.2 50.1 21.6
-74.8 75.2 50.3 21.7
-74.6 75.2 50.5 21.8
-74.4 75.2 50.7 21.9
-74.2 75.2 50.9 22.0
-74.0 75.2 51.1 22.1
-73.8 75.2 51.2 22.2
-73.6 75.2 51.3 22.2
-73.4 75.2 51.5 22.2
-73.2 75.2 51.6 22.2
-73.0 75.2 51.6 22.2
-72.8 75.2 51.7 22.2
-72.6 75.2 51.7 22.2
-72.4 75.2 51.7 22.2
-72.2 75.2 51.7 22.3
-72.0 75.2 51.7 22.3
-71.8 75.2 51.7 22.4
-71.6 75.2 51.7 22.5
-71.4 75.2 51.7 22.5
-71.2 75.2 51.8 22.6
-71.0 75.2 51.9 22.7
-70.8 75.2 52.1 22.8
-70.6 75.2 52.3 22.9
-70.4 75.2 52.5 22.9
-70.2 75.2 52.8 23.0
-70.0 75.2 53.0 23.0
-69.8 75.2 53.3 23.0
-69.6 75.2 53.6 23.0
-69.4 75.2 53.8 23.0
-69.2 75.2 54.1 23.1
-69.0 75.2 54.3 23.1
-68.8 75.2 54.4 23.2
-68.6 75.2 54.5 23.3
-68.4 75.2 54.6 23.4
-68.2 75.2 54.7 23.6
-68.0 75.2 54.7 23.8
-67.8 75.2 54.6 24.1
-67.6 75.2 54.6 24.3
-67.4 75.2 54.5 24.6
-67.2 75.2 54.3 24.9
-67.0 75.2 54.1 25.1
-66.8 75.2 53.9 25.4
-66.6 75.2 53.6 25.7
-66.4 75.2 53.2 25.9
-66.2 75.2 52.8 26.2
-66.0 75.2 52.4 26.4
-65.8 75.2 51.9 26.6
-65.6 75.2 51.5 26.8
-65.4 75.2 51.0 27.1
-65.2 75.2 50.5 27.3
-65.0 75.2 50.1 27.5
-64.8 75.2 49.6 27.7
-64.6 75.2 49.2 27.9
-64.4 75.2 48.9 28.1
-64.2 75.2 48.5 28.3
-64.0 75.2 48.2 28.5
-63.8 75.2 47.9 28.7
-63.6 75.2 47.7 28.8
-63.4 75.2 47.6 29.0
-63.2 75.2 47.5 29.1
-63.0 75.2 47.5 29.3
-62.8 75.2 47.6 29.4
-62.6 75.2 47.8 29.5
-62.4 75.2 48.2 29.5
-62.2 75.2 48.7 29.6
-62.0 75.2 49.3 29.7
-61.8 75.2 50.1 29.7
-61.6 75.2 50.9 29.7
-61.4 75.2 51.9 29.7
-61.2 75.2 52.9 29.7
-61.0 75.2 54.0 29.7
-60.8 75.2 55.0 29.7
-60.6 75.2 56.1 29.7
-60.4 75.2 57.0 29.6
-60.2 75.2 58.0 29.6
-60.0 75.2 58.8 29.5
-59.8 75.2 59.5 29.4
-59.6 75.2 60.1 29.2
-59.4 75.2 60.6 29.0
-59.2 75.2 61.1 28.9
-59.0 75.2 61.5 28.6
-58.8 75.2 61.8 28.4
-58.6 75.2 62.0 28.2
-58.4 75.2 62.3 28.0
-58.2 75.2 62.4 27.8
-58.0 75.2 62.6 27.7
-57.8 75.2 62.6 27.5
-57.6 75.2 62.7 27.4
-57.4 75.2 62.6 27.2
-57.2 75.2 62.6 27.1
-57.0 75.2 62.5 27.0
-56.8 75.2 62.3 26.9
-56.6 75.2 62.1 26.8
-56.4 75.2 61.9 26.7
-56.2 75.2 61.8 26.6
-56.0 75.2 61.6 26.4
-55.8 75.2 61.5 26.3
-55.6 75.2 61.4 26.2
-55.4 75.2 61.3 26.0
-55.2 75.2 61.3 25.9
-55.0 75.2 61.3 25.7
-54.8 75.2 61.2 25.5
-54.6 75.2 61.2 25.4
-54.4 75.2 61.1 25.2
-54.2 75.2 61.0 25.0
-54.0 75.2 60.9 24.9
-53.8 75.2 60.8 24.7
-53.6 75.2 60.7 24.6
-53.4 75.2 60.6 24.5
-53.2 75.2 60.6 24.4
-53.0 75.2 60.6 24.4
-52.8 75.2 60.7 24.3
-52.6 75.2 60.7 24.3
-52.4 75.2 60.9 24.3
-52.2 75.2 61.0 24.3
-52.0 75.2 61.1 24.4
-51.8 75.2 61.2 24.5
-51.6 75.2 61.3 24.6
-51.4 75.2 61.3 24.7
-51.2 75.2 61.2 24.9
-51.0 75.2 61.1 25.0
-50.8 75.2 60.9 25.1
-50.6 75.2 60.6 25.3
-50.4 75.2 60.2 25.4
-50.2 75.2 59.9 25.5
-50.0 75.2 59.5 25.6
-49.8 75.2 59.1 25.7
-49.6 75.2 58.7 25.7
-49.4 75.2 58.4 25.7
-49.2 75.2 58.1 25.6
-49.0 75.2 57.8 25.5
-48.8 75.2 57.6 25.3
-48.6 75.2 57.4 25.2
-48.4 75.2 57.3 25.0
-48.2 75.2 57.1 24.8
-48.0 75.2 57.1 24.6
-47.8 75.2 57.1 24.4
-47.6 75.2 57.1 24.2
-47.4 75.2 57.1 24.1
-47.2 75.2 57.2 23.9
-47.0 75.2 57.4 23.8
-46.8 75.2 57.5 23.7
-46.6 75.2 57.7 23.6
-46.4 75.2 58.0 23.5
-46.2 75.2 58.2 23.4
-46.0 75.2 58.5 23.4
-45.8 75.2 58.7 23.4
-45.6 75.2 59.0 23.4
-45.4 75.2 59.2 23.4
-45.2 75.2 59.4 23.5
-45.0 75.2 59.6 23.6
-44.8 75.2 59.7 23.7
-44.6 75.2 59.8 23.9
-44.4 75.2 59.8 24.0
-44.2 75.2 59.7 24.2
-44.0 75.2 59.6 24.3
-43.8 75.2 59.5 24.4
-43.6 75.2 59.3 24.6
-43.4 75.2 59.0 24.6
-43.2 75.2 58.7 24.7
-43.0 75.2 58.4 24.7
-42.8 75.2 58.1 24.7
-42.6 75.2 57.7 24.6
-42.4 75.2 57.4 24.5
-42.2 75.2 57.1 24.4
-42.0 75.2 56.9 24.3
-41.8 75.2 56.6 24.2
-41.6 75.2 56.4 24.1
-41.4 75.2 56.2 24.0
-41.2 75.2 56.0 23.9
-41.0 75.2 55.7 23.9
-40.8 75.2 55.5 23.9
-40.6 75.2 55.3 24.0
-40.4 75.2 55.0 24.1
-40.2 75.2 54.8 24.1
-40.0 75.2 54.5 24.2
-39.8 75.2 54.3 24.3
-39.6 75.2 54.0 24.4
-39.4 75.2 53.8 24.5
-39.2 75.2 53.6 24.6
-39.0 75.2 53.5 24.7
-38.8 75.2 53.4 24.8
-38.6 75.2 53.4 24.9
-38.4 75.2 53.4 25.0
-38.2 75.2 53.5 25.1
-38.0 75.2 53.7 25.3
-37.8 75.2 53.9 25.3
-37.6 75.2 54.2 25.4
-37.4 75.2 54.6 25.4
-37.2 75.2 55.0 25.4
-37.0 75.2 55.4 25.3
-36.8 75.2 55.8 25.2
-36.6 75.2 56.2 25.0
-36.4 75.2 56.6 24.8
-36.2 75.2 57.0 24.6
-36.0 75.2 57.3 24.4
-35.8 75.2 57.5 24.1
-35.6 75.2 57.7 23.9
-35.4 75.2 57.8 23.7
-35.2 75.2 57.8 23.5
-35.0 75.2 57.7 23.3
-34.8 75.2 57.5 23.1
-34.6 75.2 57.2 23.0
-34.4 75.2 56.9 22.9
-34.2 75.2 56.4 22.8
-34.0 75.2 56.0 22.7
-33.8 75.2 55.5 22.7
-33.6 75.2 55.0 22.7
-33.4 75.2 54.5 22.7
-33.2 75.2 54.0 22.7
-33.0 75.2 53.6 22.7
-32.8 75.2 53.2 22.8
-32.6 75.2 52.8 22.8
-32.4 75.2 52.5 22.8
-32.2 75.2 52.2 22.8
-32.0 75.2 51.9 22.8
-31.8 75.2 51.6 22.8
-31.6 75.2 51.4 22.8
-31.4 75.2 51.2 22.7
-31.2 75.2 51.0 22.7
-31.0 75.2 50.9 22.6
-30.8 75.2 50.7 22.6
-30.6 75.2 50.7 22.5
-30.4 75.2 50.6 22.5
-30.2 75.2 50.6 22.4
-30.0 75.2 50.5 22.3
-29.8 75.2 50.5 22.2
-29.6 75.2 50.6 22.2
-29.4 75.2 50.6 22.1
-29.2 75.2 50.7 22.0
-29.0 75.2 50.7 21.9
-28.8 75.2 50.8 21.8
-28.6 75.2 50.8 21.8
-28.4 75.2 50.9 21.7
-28.2 75.2 50.9 21.6
-28.0 75.2 50.9 21.6
-27.8 75.2 50.8 21.6
-27.6 75.2 50.8 21.6
-27.4 75.2 50.7 21.5
-27.2 75.2 50.5 21.5
-27.0 75.2 50.3 21.6
-26.8 75.2 50.1 21.6
-26.6 75.2 49.9 21.6
-26.4 75.2 49.7 21.7
-26.2 75.2 49.5 21.8
-26.0 75.2 49.2 21.9
-25.8 75.2 49.0 22.0
-25.6 75.2 48.7 22.0
-25.4 75.2 48.5 22.1
-25.2 75.2 48.2 22.2
-25.0 75.2 47.9 22.2
-24.8 75.2 47.6 22.3
-24.6 75.2 47.3 22.3
-24.4 75.2 47.0 22.2
-24.2 75.2 46.7 22.2
-24.0 75.2 46.3 22.1
-23.8 75.2 45.9 22.0
-23.6 75.2 45.6 22.0
-23.4 75.2 45.1 22.0
-23.2 75.2 44.7 21.9
-23.0 75.2 44.2 21.9
-22.8 75.2 43.7 21.9
-22.6 75.2 43.1 21.9
-22.4 75.2 42.5 21.9
-22.2 75.2 41.7 21.9
-22.0 75.2 40.9 21.8
-21.8 75.2 39.9 21.6
-21.6 75.2 38.7 21.4
-21.4 75.2 37.4 21.1
-21.2 75.2 35.9 20.7
-21.0 75.2 34.3 20.1
-20.8 75.2 32.6 19.5
-20.6 75.2 30.8 18.8
-20.4 75.2 28.9 18.0
-20.2 75.2 27.0 17.1
-20.0 75.2 25.1 16.1
-19.8 75.2 23.2 15.1
-19.6 75.2 21.4 14.0
-19.4 75.2 19.6 13.0
-19.2 75.2 18.0 11.9
-19.0 75.2 16.5 10.8
-18.8 75.2 15.2 9.8
-18.6 75.2 13.9 8.8
-18.4 75.2 12.8 7.9
-18.2 75.2 11.8 7.1
-18.0 75.2 10.9 6.3
-17.8 75.2 10.1 5.6
-17.6 75.2 9.4 5.0
-17.4 75.2 8.8 4.5
-17.2 75.2 8.3 4.0
-17.0 75.2 7.8 3.6
-16.8 75.2 7.4 3.3
-16.6 75.2 7.1 3.0
-16.4 75.2 6.8 2.8
-16.2 75.2 6.6 2.6
-16.0 75.2 6.3 2.4
-15.8 75.2 6.2 2.3
-15.6 75.2 6.0 2.1
-15.4 75.2 5.9 2.0
-15.2 75.2 5.8 1.9
-15.0 75.2 5.7 1.7
-14.8 75.2 5.6 1.6
-14.6 75.2 5.5 1.5
-14.4 75.2 5.5 1.4
-14.2 75.2 5.4 1.2
-14.0 75.2 5.4 1.1
-13.8 75.2 5.3 1.0
-13.6 75.2 5.3 1.0
-13.4 75.2 5.2 1.0
-13.2 75.2 5.2 1.0
-13.0 75.2 5.1 1.0
-12.8 75.2 5.1 1.0
-12.6 75.2 5.1 1.0
-12.4 75.2 5.1 1.0
-12.2 75.2 5.0 1.0
-12.0 75.2 5.0 1.0
-11.8 75.2 5.0 1.0
-11.6 75.2 5.0 1.0
-11.4 75.2 5.0 1.0
-11.2 75.2 5.0 1.0
-11.0 75.2 5.0 1.0
-10.8 75.2 5.0 1.0
-10.6 75.2 5.0 1.0
-10.4 75.2 5.0 1.0
-10.2 75.2 5.0 1.0
-10.0 75.2 5.0 1.0
-9.8 75.2 5.0 1.0
-9.6 75.2 5.0 1.0
-9.4 75.2 5.0 1.0
-9.2 75.2 5.0 1.0
-9.0 75.2 5.0 1.0
-8.8 75.2 5.0 1.0
-8.6 75.2 5.0 1.0
-8.4 75.2 5.0 1.0
-8.2 75.2 5.0 1.0
-8.0 75.2 5.0 1.0
-7.8 75.2 5.0 1.0
-7.6 75.2 5.0 1.0
-7.4 75.2 5.0 1.0
-7.2 75.2 5.0 1.0
-7.0 75.2 5.0 1.0
-6.8 75.2 5.0 1.0
-6.6 75.2 5.0 1.0
-6.4 75.2 5.0 1.0
-6.2 75.2 5.0 1.0
-6.0 75.2 5.0 1.0
-5.8 75.2 5.0 1.0
-5.6 75.2 5.0 1.0
-5.4 75.2 5.0 1.0
-5.2 75.2 5.0 1.0
-5.0 75.2 5.0 1.0
-79.4 75.0 47.0 17.5
-79.2 75.0 46.3 17.3
-79.0 75.0 45.8 17.2
-78.8 75.0 45.4 17.1
-78.6 75.0 45.1 17.0
-78.4 75.0 44.9 17.0
-78.2 75.0 44.8 17.1
-78.0 75.0 44.8 17.2
-77.8 75.0 44.8 17.3
-77.6 75.0 44.9 17.5
-77.4 75.0 45.0 17.7
-77.2 75.0 45.1 18.0
-77.0 75.0 45.2 18.2
-76.8 75.0 45.3 18.5
-76.6 75.0 45.4 18.8
-76.4 75.0 45.5 19.0
-76.2 75.0 45.7 19.3
-76.0 75.0 45.8 19.5
-75.8 75.0 46.0 19.7
-75.6 75.0 46.1 20.0
-75.4 75.0 46.3 20.2
-75.2 75.0 46.4 20.4
-75.0 75.0 46.5 20.5
-74.8 75.0 46.6 20.7
-74.6 75.0 46.7 20.8
-74.4 75.0 46.8 20.9
-74.2 75.0 46.9 21.0
-74.0 75.0 47.0 21.0
-73.8 75.0 47.1 21.1
-73.6 75.0 47.2 21.1
-73.4 75.0 47.3 21.1
-73.2 75.0 47.4 21.1
-73.0 75.0 47.5 21.1
-72.8 75.0 47.5 21.1
-72.6 75.0 47.6 21.1
-72.4 75.0 47.6 21.1
-72.2 75.0 47.7 21.1
-72.0 75.0 47.7 21.1
-71.8 75.0 47.8 21.2
-71.6 75.0 47.8 21.3
-71.4 75.0 47.9 21.4
-71.2 75.0 48.0 21.5
-71.0 75.0 48.1 21.6
-70.8 75.0 48.2 21.7
-70.6 75.0 48.4 21.8
-70.4 75.0 48.5 21.9
-70.2 75.0 48.7 21.9
-70.0 75.0 48.9 22.0
-69.8 75.0 49.1 22.0
-69.6 75.0 49.3 22.0
-69.4 75.0 49.4 22.1
-69.2 75.0 49.6 22.1
-69.0 75.0 49.7 22.2
-68.8 75.0 49.7 22.3
-68.6 75.0 49.8 22.5
-68.4 75.0 49.8 22.7
-68.2 75.0 49.7 23.0
-68.0 75.0 49.6 23.3
-67.8 75.0 49.5 23.6
-67.6 75.0 49.4 24.0
-67.4 75.0 49.2 24.3
-67.2 75.0 48.9 24.7
-67.0 75.0 48.6 25.1
-66.8 75.0 48.3 25.4
-66.6 75.0 47.8 25.7
-66.4 75.0 47.4 26.0
-66.2 75.0 46.9 26.3
-66.0 75.0 46.3 26.5
-65.8 75.0 45.7 26.8
-65.6 75.0 45.1 27.0
-65.4 75.0 44.5 27.2
-65.2 75.0 43.8 27.3
-65.0 75.0 43.2 27.5
-64.8 75.0 42.6 27.7
-64.6 75.0 42.0 27.8
-64.4 75.0 41.4 28.0
-64.2 75.0 40.8 28.2
-64.0 75.0 40.2 28.4
-63.8 75.0 39.7 28.5
-63.6 75.0 39.2 28.7
-63.4 75.0 38.8 28.9
-63.2 75.0 38.5 29.1
-63.0 75.0 38.2 29.3
-62.8 75.0 38.1 29.5
-62.6 75.0 38.2 29.6
-62.4 75.0 38.4 29.8
-62.2 75.0 38.8 29.9
-62.0 75.0 39.4 30.1
-61.8 75.0 40.2 30.2
-61.6 75.0 41.2 30.2
-61.4 75.0 42.4 30.3
-61.2 75.0 43.7 30.4
-61.0 75.0 45.1 30.4
-60.8 75.0 46.6 30.4
-60.6 75.0 48.0 30.4
-60.4 75.0 49.5 30.4
-60.2 75.0 50.9 30.4
-60.0 75.0 52.3 30.3
-59.8 75.0 53.5 30.2
-59.6 75.0 54.7 30.0
-59.4 75.0 55.7 29.9
-59.2 75.0 56.7 29.7
-59.0 75.0 57.6 29.4
-58.8 75.0 58.4 29.2
-58.6 75.0 59.2 28.9
-58.4 75.0 59.8 28.7
-58.2 75.0 60.4 28.4
-58.0 75.0 60.9 28.2
-57.8 75.0 61.3 27.9
-57.6 75.0 61.6 27.7
-57.4 75.0 61.9 27.5
-57.2 75.0 62.0 27.3
-57.0 75.0 62.1 27.2
-56.8 75.0 62.0 27.0
-56.6 75.0 61.9 26.9
-56.4 75.0 61.8 26.8
-56.2 75.0 61.7 26.6
-56.0 75.0 61.7 26.5
-55.8 75.0 61.6 26.4
-55.6 75.0 61.5 26.3
-55.4 75.0 61.5 26.2
-55.2 75.0 61.6 26.1
-55.0 75.0 61.6 26.0
-54.8 75.0 61.6 25.9
-54.6 75.0 61.6 25.8
-54.4 75.0 61.5 25.6
-54.2 75.0 61.4 25.5
-54.0 75.0 61.3 25.4
-53.8 75.0 61.1 25.3
-53.6 75.0 60.9 25.2
-53.4 75.0 60.8 25.1
-53.2 75.0 60.7 25.0
-53.0 75.0 60.7 25.0
-52.8 75.0 60.7 25.0
-52.6 75.0 60.8 24.9
-52.4 75.0 60.9 24.9
-52.2 75.0 61.1 24.9
-52.0 75.0 61.3 24.9
-51.8 75.0 61.5 25.0
-51.6 75.0 61.7 25.0
-51.4 75.0 61.7 25.1
-51.2 75.0 61.7 25.1
-51.0 75.0 61.6 25.2
-50.8 75.0 61.4 25.2
-50.6 75.0 61.0 25.3
-50.4 75.0 60.6 25.3
-50.2 75.0 60.1 25.3
-50.0 75.0 59.6 25.3
-49.8 75.0 59.0 25.3
-49.6 75.0 58.5 25.3
-49.4 75.0 57.9 25.2
-49.2 75.0 57.4 25.1
-49.0 75.0 57.0 25.0
-48.8 75.0 56.6 24.8
-48.6 75.0 56.3 24.7
-48.4 75.0 56.0 24.5
-48.2 75.0 55.7 24.4
-48.0 75.0 55.6 24.3
-47.8 75.0 55.5 24.2
-47.6 75.0 55.4 24.2
-47.4 75.0 55.5 24.1
-47.2 75.0 55.6 24.1
-47.0 75.0 55.7 24.0
-46.8 75.0 55.9 24.0
-46.6 75.0 56.2 23.9
-46.4 75.0 56.5 23.8
-46.2 75.0 56.8 23.7
-46.0 75.0 57.1 23.6
-45.8 75.0 57.4 23.5
-45.6 75.0 57.7 23.5
-45.4 75.0 57.9 23.5
-45.2 75.0 58.2 23.5
-45.0 75.0 58.4 23.5
-44.8 75.0 58.5 23.6
-44.6 75.0 58.7 23.7
-44.4 75.0 58.7 23.8
-44.2 75.0 58.8 24.0
-44.0 75.0 58.7 24.1
-43.8 75.0 58.7 24.3
-43.6 75.0 58.6 24.4
-43.4 75.0 58.4 24.5
-43.2 75.0 58.3 24.6
-43.0 75.0 58.1 24.7
-42.8 75.0 57.8 24.7
-42.6 75.0 57.6 24.6
-42.4 75.0 57.4 24.6
-42.2 75.0 57.1 24.5
-42.0 75.0 56.9 24.3
-41.8 75.0 56.7 24.2
-41.6 75.0 56.5 24.1
-41.4 75.0 56.3 24.0
-41.2 75.0 56.0 24.0
-41.0 75.0 55.8 24.0
-40.8 75.0 55.5 24.0
-40.6 75.0 55.3 24.0
-40.4 75.0 55.0 24.0
-40.2 75.0 54.8 24.1
-40.0 75.0 54.5 24.2
-39.8 75.0 54.2 24.2
-39.6 75.0 54.0 24.3
-39.4 75.0 53.8 24.4
-39.2 75.0 53.6 24.4
-39.0 75.0 53.5 24.5
-38.8 75.0 53.4 24.6
-38.6 75.0 53.4 24.7
-38.4 75.0 53.4 24.8
-38.2 75.0 53.4 24.8
-38.0 75.0 53.6 24.9
-37.8 75.0 53.7 25.0
-37.6 75.0 53.9 25.0
-37.4 75.0 54.2 25.0
-37.2 75.0 54.5 24.9
-37.0 75.0 54.9 24.8
-36.8 75.0 55.2 24.7
-36.6 75.0 55.6 24.6
-36.4 75.0 55.9 24.4
-36.2 75.0 56.2 24.2
-36.0 75.0 56.5 24.0
-35.8 75.0 56.7 23.8
-35.6 75.0 56.8 23.6
-35.4 75.0 56.9 23.4
-35.2 75.0 56.8 23.2
-35.0 75.0 56.7 23.0
-34.8 75.0 56.4 22.9
-34.6 75.0 56.1 22.7
-34.4 75.0 55.7 22.6
-34.2 75.0 55.2 22.5
-34.0 75.0 54.7 22.4
-33.8 75.0 54.1 22.3
-33.6 75.0 53.6 22.3
-33.4 75.0 53.1 22.2
-33.2 75.0 52.6 22.2
-33.0 75.0 52.1 22.2
-32.8 75.0 51.7 22.2
-32.6 75.0 51.3 22.2
-32.4 75.0 51.0 22.2
-32.2 75.0 50.7 22.2
-32.0 75.0 50.4 22.2
-31.8 75.0 50.1 22.2
-31.6 75.0 49.9 22.1
-31.4 75.0 49.7 22.1
-31.2 75.0 49.5 22.0
-31.0 75.0 49.4 22.0
-30.8 75.0 49.2 21.9
-30.6 75.0 49.1 21.9
-30.4 75.0 49.0 21.8
-30.2 75.0 49.0 21.7
-30.0 75.0 48.9 21.7
-29.8 75.0 48.9 21.6
-29.6 75.0 48.9 21.6
-29.4 75.0 48.9 21.5
-29.2 75.0 48.9 21.4
-29.0 75.0 49.0 21.4
-28.8 75.0 49.0 21.3
-28.6 75.0 49.0 21.3
-28.4 75.0 49.0 21.2
-28.2 75.0 49.0 21.2
-28.0 75.0 48.9 21.2
-27.8 75.0 48.9 21.1
-27.6 75.0 48.8 21.1
-27.4 75.0 48.7 21.2
-27.2 75.0 48.5 21.2
-27.0 75.0 48.4 21.2
-26.8 75.0 48.2 21.2
-26.6 75.0 48.0 21.3
-26.4 75.0 47.8 21.4
-26.2 75.0 47.7 21.5
-26.0 75.0 47.5 21.6
-25.8 75.0 47.4 21.7
-25.6 75.0 47.2 21.8
-25.4 75.0 47.1 21.8
-25.2 75.0 47.0 21.9
-25.0 75.0 46.8 22.0
-24.8 75.0 46.6 22.0
-24.6 75.0 46.4 22.0
-24.4 75.0 46.1 21.9
-24.2 75.0 45.8 21.9
-24.0 75.0 45.5 21.8
-23.8 75.0 45.2 21.7
-23.6 75.0 44.7 21.7
-23.4 75.0 44.3 21.6
-23.2 75.0 43.8 21.6
-23.0 75.0 43.2 21.5
-22.8 75.0 42.5 21.5
-22.6 75.0 41.8 21.5
-22.4 75.0 40.9 21.4
-22.2 75.0 39.9 21.3
-22.0 75.0 38.7 21.2
-21.8 75.0 37.4 21.0
-21.6 75.0 36.0 20.7
-21.4 75.0 34.3 20.3
-21.2 75.0 32.6 19.8
-21.0 75.0 30.7 19.1
-20.8 75.0 28.7 18.4
-20.6 75.0 26.7 17.5
-20.4 75.0 24.7 16.4
-20.2 75.0 22.8 15.4
-20.0 75.0 20.9 14.2
-19.8 75.0 19.1 13.0
-19.6 75.0 17.5 11.9
-19.4 75.0 16.1 10.7
-19.2 75.0 14.7 9.7
-19.0 75.0 13.6 8.6
-18.8 75.0 12.5 7.7
-18.6 75.0 11.7 6.9
-18.4 75.0 10.9 6.1
-18.2 75.0 10.2 5.4
-18.0 75.0 9.5 4.9
-17.8 75.0 9.0 4.4
-17.6 75.0 8.5 3.9
-17.4 75.0 8.0 3.6
-17.2 75.0 7.6 3.3
-17.0 75.0 7.3 3.0
-16.8 75.0 6.9 2.8
-16.6 75.0 6.7 2.6
-16.4 75.0 6.4 2.4
-16.2 75.0 6.2 2.2
-16.0 75.0 6.0 2.1
-15.8 75.0 5.8 1.9
-15.6 75.0 5.7 1.8
-15.4 75.0 5.6 1.6
-15.2 75.0 5.5 1.5
-15.0 75.0 5.4 1.4
-14.8 75.0 5.3 1.2
-14.6 75.0 5.3 1.1
-14.4 75.0 5.2 1.0
-14.2 75.0 5.2 1.0
-14.0 75.0 5.1 1.0
-13.8 75.0 5.1 1.0
-13.6 75.0 5.1 1.0
-13.4 75.0 5.1 1.0
-13.2 75.0 5.1 1.0
-13.0 75.0 5.0 1.0
-12.8 75.0 5.0 1.0
-12.6 75.0 5.0 1.0
-12.4 75.0 5.0 1.0
-12.2 75.0 5.0 1.0
-12.0 75.0 5.0 1.0
-11.8 75.0 5.0 1.0
-11.6 75.0 5.0 1.0
-11.4 75.0 5.0 1.0
-11.2 75.0 5.0 1.0
-11.0 75.0 5.0 1.0
-10.8 75.0 5.0 1.0
-10.6 75.0 5.0 1.0
-10.4 75.0 5.0 1.0
-10.2 75.0 5.0 1.0
-10.0 75.0 5.0 1.0
-9.8 75.0 5.0 1.0
-9.6 75.0 5.0 1.0
-9.4 75.0 5.0 1.0
-9.2 75.0 5.0 1.0
-9.0 75.0 5.0 1.0
-8.8 75.0 5.0 1.0
-8.6 75.0 5.0 1.0
-8.4 75.0 5.0 1.0
-8.2 75.0 5.0 1.0
-8.0 75.0 5.0 1.0
-7.8 75.0 5.0 1.0
-7.6 75.0 5.0 1.0
-7.4 75.0 5.0 1.0
-7.2 75.0 5.0 1.0
-7.0 75.0 5.0 1.0
-6.8 75.0 5.0 1.0
-6.6 75.0 5.0 1.0
-6.4 75.0 5.0 1.0
-6.2 75.0 5.0 1.0
-6.0 75.0 5.0 1.0
-5.8 75.0 5.0 1.0
-5.6 75.0 5.0 1.0
-79.0 74.8 44.5 16.4
-78.8 74.8 44.1 16.2
-78.6 74.8 43.7 16.1
-78.4 74.8 43.5 16.1
-78.2 74.8 43.4 16.1
-78.0 74.8 43.3 16.1
-77.8 74.8 43.3 16.2
-77.6 74.8 43.2 16.4
-77.4 74.8 43.2 16.6
-77.2 74.8 43.3 16.8
-77.0 74.8 43.3 17.0
-76.8 74.8 43.4 17.3
-76.6 74.8 43.4 17.5
-76.4 74.8 43.5 17.8
-76.2 74.8 43.5 18.0
-76.0 74.8 43.6 18.2
-75.8 74.8 43.7 18.5
-75.6 74.8 43.7 18.7
-75.4 74.8 43.8 18.9
-75.2 74.8 43.8 19.1
-75.0 74.8 43.8 19.3
-74.8 74.8 43.9 19.5
-74.6 74.8 43.9 19.6
-74.4 74.8 43.9 19.8
-74.2 74.8 44.0 19.9
-74.0 74.8 44.0 20.0
-73.8 74.8 44.1 20.0
-73.6 74.8 44.1 20.1
-73.4 74.8 44.2 20.1
-73.2 74.8 44.3 20.1
-73.0 74.8 44.3 20.1
-72.8 74.8 44.4 20.1
-72.6 74.8 44.4 20.1
-72.4 74.8 44.5 20.1
-72.2 74.8 44.5 20.1
-72.0 74.8 44.5 20.2
-71.8 74.8 44.6 20.2
-71.6 74.8 44.6 20.3
-71.4 74.8 44.6 20.4
-71.2 74.8 44.7 20.4
-71.0 74.8 44.7 20.6
-70.8 74.8 44.8 20.7
-70.6 74.8 44.8 20.7
-70.4 74.8 44.9 20.8
-70.2 74.8 44.9 20.9
-70.0 74.8 45.0 21.0
-69.8 74.8 45.0 21.1
-69.6 74.8 45.0 21.1
-69.4 74.8 45.1 21.2
-69.2 74.8 45.0 21.3
-69.0 74.8 45.0 21.4
-68.8 74.8 44.9 21.6
-68.6 74.8 44.8 21.8
-68.4 74.8 44.6 22.1
-68.2 74.8 44.4 22.4
-68.0 74.8 44.2 22.8
-67.8 74.8 43.9 23.1
-67.6 74.8 43.5 23.5
-67.4 74.8 43.1 23.9
-67.2 74.8 42.7 24.2
-67.0 74.8 42.1 24.6
-66.8 74.8 41.5 24.9
-66.6 74.8 40.9 25.1
-66.4 74.8 40.2 25.3
-66.2 74.8 39.5 25.4
-66.0 74.8 38.7 25.5
-65.8 74.8 37.9 25.6
-65.6 74.8 37.0 25.6
-65.4 74.8 36.2 25.7
-65.2 74.8 35.4 25.7
-65.0 74.8 34.6 25.7
-64.8 74.8 33.8 25.7
-64.6 74.8 33.1 25.7
-64.4 74.8 32.4 25.8
-64.2 74.8 31.8 25.8
-64.0 74.8 31.1 25.9
-63.8 74.8 30.6 26.1
-63.6 74.8 30.0 26.3
-63.4 74.8 29.5 26.5
-63.2 74.8 29.1 26.7
-63.0 74.8 28.8 26.9
-62.8 74.8 28.6 27.1
-62.6 74.8 28.5 27.4
-62.4 74.8 28.6 27.6
-62.2 74.8 28.9 27.8
-62.0 74.8 29.4 28.0
-61.8 74.8 30.1 28.2
-61.6 74.8 31.0 28.4
-61.4 74.8 32.1 28.6
-61.2 74.8 33.4 28.8
-61.0 74.8 34.8 28.9
-60.8 74.8 36.3 29.1
-60.6 74.8 37.9 29.3
-60.4 74.8 39.5 29.5
-60.2 74.8 41.2 29.6
-60.0 74.8 42.8 29.8
-59.8 74.8 44.4 29.9
-59.6 74.8 46.0 29.9
-59.4 74.8 47.6 30.0
-59.2 74.8 49.1 30.0
-59.0 74.8 50.6 29.9
-58.8 74.8 52.1 29.8
-58.6 74.8 53.4 29.6
-58.4 74.8 54.7 29.4
-58.2 74.8 55.9 29.2
-58.0 74.8 56.9 29.0
-57.8 74.8 57.8 28.7
-57.6 74.8 58.6 28.4
-57.4 74.8 59.2 28.1
-57.2 74.8 59.7 27.9
-57.0 74.8 60.0 27.6
-56.8 74.8 60.3 27.4
-56.6 74.8 60.4 27.2
-56.4 74.8 60.5 27.1
-56.2 74.8 60.6 26.9
-56.0 74.8 60.6 26.8
-55.8 74.8 60.7 26.8
-55.6 74.8 60.8 26.7
-55.4 74.8 60.9 26.6
-55.2 74.8 61.1 26.6
-55.0 74.8 61.2 26.6
-54.8 74.8 61.3 26.5
-54.6 74.8 61.3 26.5
-54.4 74.8 61.3 26.4
-54.2 74.8 61.3 26.3
-54.0 74.8 61.2 26.3
-53.8 74.8 61.0 26.2
-53.6 74.8 60.9 26.1
-53.4 74.8 60.7 26.1
-53.2 74.8 60.6 26.0
-53.0 74.8 60.6 25.9
-52.8 74.8 60.6 25.9
-52.6 74.8 60.7 25.8
-52.4 74.8 60.8 25.8
-52.2 74.8 61.0 25.7
-52.0 74.8 61.2 25.7
-51.8 74.8 61.4 25.7
-51.6 74.8 61.6 25.7
-51.4 74.8 61.7 25.6
-51.2 74.8 61.7 25.6
-51.0 74.8 61.5 25.6
-50.8 74.8 61.3 25.6
-50.6 74.8 60.9 25.5
-50.4 74.8 60.5 25.4
-50.2 74.8 59.9 25.4
-50.0 74.8 59.3 25.3
-49.8 74.8 58.7 25.2
-49.6 74.8 58.1 25.0
-49.4 74.8 57.5 24.8
-49.2 74.8 57.0 24.7
-49.0 74.8 56.5 24.5
-48.8 74.8 56.0 24.3
-48.6 74.8 55.6 24.2
-48.4 74.8 55.3 24.1
-48.2 74.8 55.0 24.0
-48.0 74.8 54.8 24.0
-47.8 74.8 54.7 24.0
-47.6 74.8 54.7 24.1
-47.4 74.8 54.7 24.1
-47.2 74.8 54.8 24.2
-47.0 74.8 55.0 24.2
-46.8 74.8 55.2 24.2
-46.6 74.8 55.5 24.2
-46.4 74.8 55.9 24.1
-46.2 74.8 56.2 24.0
-46.0 74.8 56.5 23.9
-45.8 74.8 56.9 23.7
-45.6 74.8 57.2 23.6
-45.4 74.8 57.4 23.5
-45.2 74.8 57.7 23.5
-45.0 74.8 57.9 23.4
-44.8 74.8 58.1 23.4
-44.6 74.8 58.3 23.5
-44.4 74.8 58.5 23.6
-44.2 74.8 58.7 23.7
-44.0 74.8 58.9 23.8
-43.8 74.8 59.1 24.0
-43.6 74.8 59.3 24.1
-43.4 74.8 59.4 24.2
-43.2 74.8 59.5 24.3
-43.0 74.8 59.5 24.4
-42.8 74.8 59.4 24.5
-42.6 74.8 59.3 24.5
-42.4 74.8 59.1 24.4
-42.2 74.8 58.9 24.4
-42.0 74.8 58.6 24.3
-41.8 74.8 58.3 24.3
-41.6 74.8 57.9 24.2
-41.4 74.8 57.6 24.2
-41.2 74.8 57.2 24.2
-41.0 74.8 56.8 24.2
-40.8 74.8 56.4 24.2
-40.6 74.8 56.1 24.2
-40.4 74.8 55.7 24.3
-40.2 74.8 55.4 24.3
-40.0 74.8 55.1 24.4
-39.8 74.8 54.9 24.4
-39.6 74.8 54.7 24.5
-39.4 74.8 54.5 24.5
-39.2 74.8 54.4 24.5
-39.0 74.8 54.2 24.5
-38.8 74.8 54.2 24.5
-38.6 74.8 54.1 24.6
-38.4 74.8 54.1 24.6
-38.2 74.8 54.1 24.6
-38.0 74.8 54.1 24.6
-37.8 74.8 54.2 24.6
-37.6 74.8 54.3 24.5
-37.4 74.8 54.4 24.5
-37.2 74.8 54.6 24.4
-37.0 74.8 54.8 24.3
-36.8 74.8 55.0 24.2
-36.6 74.8 55.2 24.1
-36.4 74.8 55.4 24.0
-36.2 74.8 55.6 23.8
-36.0 74.8 55.8 23.7
-35.8 74.8 55.9 23.5
-35.6 74.8 55.9 23.4
-35.4 74.8 55.9 23.2
-35.2 74.8 55.8 23.0
-35.0 74.8 55.5 22.9
-34.8 74.8 55.2 22.7
-34.6 74.8 54.8 22.6
-34.4 74.8 54.3 22.5
-34.2 74.8 53.8 22.4
-34.0 74.8 53.2 22.3
-33.8 74.8 52.7 22.2
-33.6 74.8 52.1 22.1
-33.4 74.8 51.6 22.1
-33.2 74.8 51.1 22.0
-33.0 74.8 50.6 22.0
-32.8 74.8 50.2 22.0
-32.6 74.8 49.8 22.0
-32.4 74.8 49.5 22.0
-32.2 74.8 49.2 22.0
-32.0 74.8 49.0 21.9
-31.8 74.8 48.8 21.9
-31.6 74.8 48.6 21.8
-31.4 74.8 48.4 21.7
-31.2 74.8 48.3 21.6
-31.0 74.8 48.2 21.6
-30.8 74.8 48.1 21.5
-30.6 74.8 48.0 21.4
-30.4 74.8 48.0 21.3
-30.2 74.8 47.9 21.2
-30.0 74.8 47.9 21.2
-29.8 74.8 47.9 21.1
-29.6 74.8 47.9 21.0
-29.4 74.8 48.0 21.0
-29.2 74.8 48.0 21.0
-29.0 74.8 48.1 20.9
-28.8 74.8 48.1 20.9
-28.6 74.8 48.2 20.9
-28.4 74.8 48.2 20.8
-28.2 74.8 48.2 20.8
-28.0 74.8 48.1 20.8
-27.8 74.8 48.1 20.8
-27.6 74.8 47.9 20.8
-27.4 74.8 47.8 20.8
-27.2 74.8 47.6 20.8
-27.0 74.8 47.4 20.8
-26.8 74.8 47.2 20.8
-26.6 74.8 46.9 20.9
-26.4 74.8 46.7 20.9
-26.2 74.8 46.5 21.0
-26.0 74.8 46.4 21.1
-25.8 74.8 46.2 21.2
-25.6 74.8 46.1 21.2
-25.4 74.8 45.9 21.3
-25.2 74.8 45.8 21.4
-25.0 74.8 45.6 21.4
-24.8 74.8 45.4 21.5
-24.6 74.8 45.2 21.5
-24.4 74.8 45.0 21.4
-24.2 74.8 44.7 21.4
-24.0 74.8 44.4 21.3
-23.8 74.8 44.0 21.3
-23.6 74.8 43.5 21.2
-23.4 74.8 43.0 21.1
-23.2 74.8 42.4 21.1
-23.0 74.8 41.7 21.0
-22.8 74.8 41.0 20.9
-22.6 74.8 40.1 20.9
-22.4 74.8 39.0 20.8
-22.2 74.8 37.8 20.7
-22.0 74.8 36.4 20.5
-21.8 74.8 34.8 20.3
-21.6 74.8 33.1 19.9
-21.4 74.8 31.3 19.4
-21.2 74.8 29.3 18.8
-21.0 74.8 27.3 18.0
-20.8 74.8 25.3 17.1
-20.6 74.8 23.3 16.0
-20.4 74.8 21.3 14.9
-20.2 74.8 19.5 13.7
-20.0 74.8 17.9 12.4
-19.8 74.8 16.4 11.2
-19.6 74.8 15.1 10.0
-19.4 74.8 13.9 8.9
-19.2 74.8 13.0 7.9
-19.0 74.8 12.1 7.0
-18.8 74.8 11.4 6.1
-18.6 74.8 10.8 5.4
-18.4 74.8 10.2 4.8
-18.2 74.8 9.7 4.3
-18.0 74.8 9.3 3.9
-17.8 74.8 8.8 3.5
-17.6 74.8 8.4 3.2
-17.4 74.8 8.0 3.0
-17.2 74.8 7.6 2.8
-17.0 74.8 7.3 2.6
-16.8 74.8 7.0 2.4
-16.6 74.8 6.7 2.2
-16.4 74.8 6.4 2.1
-16.2 74.8 6.1 1.9
-16.0 74.8 5.9 1.8
-15.8 74.8 5.8 1.6
-15.6 74.8 5.6 1.5
-15.4 74.8 5.5 1.3
-15.2 74.8 5.4 1.2
-15.0 74.8 5.3 1.0
-14.8 74.8 5.2 1.0
-14.6 74.8 5.2 1.0
-14.4 74.8 5.1 1.0
-14.2 74.8 5.1 1.0
-14.0 74.8 5.1 1.0
-13.8 74.8 5.0 1.0
-13.6 74.8 5.0 1.0
-13.4 74.8 5.0 1.0
-13.2 74.8 5.0 1.0
-13.0 74.8 5.0 1.0
-12.8 74.8 5.0 1.0
-12.6 74.8 5.0 1.0
-12.4 74.8 5.0 1.0
-12.2 74.8 5.0 1.0
-12.0 74.8 5.0 1.0
-11.8 74.8 5.0 1.0
-11.6 74.8 5.0 1.0
-11.4 74.8 5.0 1.0
-11.2 74.8 5.0 1.0
-11.0 74.8 5.0 1.0
-10.8 74.8 5.0 1.0
-10.6 74.8 5.0 1.0
-10.4 74.8 5.0 1.0
-10.2 74.8 5.0 1.0
-10.0 74.8 5.0 1.0
-9.8 74.8 5.0 1.0
-9.6 74.8 5.0 1.0
-9.4 74.8 5.0 1.0
-9.2 74.8 5.0 1.0
-9.0 74.8 5.0 1.0
-8.8 74.8 5.0 1.0
-8.6 74.8 5.0 1.0
-8.4 74.8 5.0 1.0
-8.2 74.8 5.0 1.0
-8.0 74.8 5.0 1.0
-7.8 74.8 5.0 1.0
-7.6 74.8 5.0 1.0
-7.4 74.8 5.0 1.0
-7.2 74.8 5.0 1.0
-7.0 74.8 5.0 1.0
-6.8 74.8 5.0 1.0
-6.6 74.8 5.0 1.0
-6.4 74.8 5.0 1.0
-6.2 74.8 5.0 1.0
-6.0 74.8 5.0 1.0
-78.4 74.6 42.1 15.2
-78.2 74.6 41.9 15.2
-78.0 74.6 41.8 15.2
-77.8 74.6 41.7 15.3
-77.6 74.6 41.6 15.3
-77.4 74.6 41.5 15.5
-77.2 74.6 41.5 15.6
-77.0 74.6 41.5 15.8
-76.8 74.6 41.4 16.0
-76.6 74.6 41.4 16.2
-76.4 74.6 41.4 16.4
-76.2 74.6 41.4 16.6
-76.0 74.6 41.3 16.8
-75.8 74.6 41.3 17.0
-75.6 74.6 41.3 17.2
-75.4 74.6 41.3 17.4
-75.2 74.6 41.3 17.6
-75.0 74.6 41.2 17.7
-74.8 74.6 41.3 17.9
-74.6 74.6 41.3 18.1
-74.4 74.6 41.3 18.3
-74.2 74.6 41.4 18.5
-74.0 74.6 41.5 18.7
-73.8 74.6 41.6 18.8
-73.6 74.6 41.7 18.9
-73.4 74.6 41.8 19.1
-73.2 74.6 41.9 19.1
-73.0 74.6 42.0 19.2
-72.8 74.6 42.1 19.2
-72.6 74.6 42.2 19.3
-72.4 74.6 42.2 19.3
-72.2 74.6 42.2 19.3
-72.0 74.6 42.2 19.3
-71.8 74.6 42.2 19.4
-71.6 74.6 42.2 19.4
-71.4 74.6 42.2 19.5
-71.2 74.6 42.2 19.6
-71.0 74.6 42.1 19.6
-70.8 74.6 42.1 19.7
-70.6 74.6 42.0 19.8
-70.4 74.6 42.0 19.9
-70.2 74.6 41.9 20.0
-70.0 74.6 41.8 20.1
-69.8 74.6 41.7 20.3
-69.6 74.6 41.5 20.4
-69.4 74.6 41.3 20.5
-69.2 74.6 41.1 20.7
-69.0 74.6 40.9 20.9
-68.8 74.6 40.6 21.1
-68.6 74.6 40.2 21.4
-68.4 74.6 39.8 21.7
-68.2 74.6 39.3 21.9
-68.0 74.6 38.8 22.2
-67.8 74.6 38.1 22.5
-67.6 74.6 37.5 22.8
-67.4 74.6 36.7 23.0
-67.2 74.6 35.9 23.2
-67.0 74.6 35.1 23.3
-66.8 74.6 34.1 23.3
-66.6 74.6 33.2 23.3
-66.4 74.6 32.2 23.2
-66.2 74.6 31.2 23.1
-66.0 74.6 30.2 22.8
-65.8 74.6 29.2 22.6
-65.6 74.6 28.3 22.3
-65.4 74.6 27.4 22.0
-65.2 74.6 26.6 21.8
-65.0 74.6 25.8 21.5
-64.8 74.6 25.1 21.3
-64.6 74.6 24.4 21.2
-64.4 74.6 23.9 21.1
-64.2 74.6 23.4 21.0
-64.0 74.6 23.0 21.1
-63.8 74.6 22.6 21.1
-63.6 74.6 22.2 21.3
-63.4 74.6 21.9 21.5
-63.2 74.6 21.7 21.7
-63.0 74.6 21.5 21.9
-62.8 74.6 21.4 22.1
-62.6 74.6 21.3 22.4
-62.4 74.6 21.4 22.6
-62.2 74.6 21.6 22.8
-62.0 74.6 21.9 23.1
-61.8 74.6 22.4 23.3
-61.6 74.6 23.0 23.6
-61.4 74.6 23.8 23.8
-61.2 74.6 24.7 24.1
-61.0 74.6 25.7 24.5
-60.8 74.6 26.9 24.9
-60.6 74.6 28.2 25.3
-60.4 74.6 29.7 25.7
-60.2 74.6 31.2 26.2
-60.0 74.6 32.8 26.7
-59.8 74.6 34.5 27.3
-59.6 74.6 36.3 27.8
-59.4 74.6 38.2 28.3
-59.2 74.6 40.1 28.7
-59.0 74.6 42.1 29.1
-58.8 74.6 44.1 29.3
-58.6 74.6 46.0 29.5
-58.4 74.6 47.9 29.6
-58.2 74.6 49.7 29.6
-58.0 74.6 51.4 29.5
-57.8 74.6 52.9 29.3
-57.6 74.6 54.2 29.1
-57.4 74.6 55.3 28.8
-57.2 74.6 56.2 28.5
-57.0 74.6 57.0 28.2
-56.8 74.6 57.6 27.9
-56.6 74.6 58.0 27.7
-56.4 74.6 58.3 27.5
-56.2 74.6 58.6 27.3
-56.0 74.6 58.9 27.2
-55.8 74.6 59.1 27.1
-55.6 74.6 59.3 27.0
-55.4 74.6 59.6 27.0
-55.2 74.6 59.8 27.0
-55.0 74.6 60.0 27.1
-54.8 74.6 60.2 27.1
-54.6 74.6 60.4 27.1
-54.4 74.6 60.5 27.1
-54.2 74.6 60.6 27.1
-54.0 74.6 60.6 27.1
-53.8 74.6 60.5 27.1
-53.6 74.6 60.5 27.0
-53.4 74.6 60.4 26.9
-53.2 74.6 60.3 26.8
-53.0 74.6 60.2 26.7
-52.8 74.6 60.2 26.7
-52.6 74.6 60.3 26.6
-52.4 74.6 60.4 26.5
-52.2 74.6 60.5 26.4
-52.0 74.6 60.6 26.3
-51.8 74.6 60.7 26.3
-51.6 74.6 60.8 26.2
-51.4 74.6 60.7 26.1
-51.2 74.6 60.7 26.1
-51.0 74.6 60.5 26.0
-50.8 74.6 60.2 25.9
-50.6 74.6 59.8 25.8
-50.4 74.6 59.4 25.6
-50.2 74.6 59.0 25.5
-50.0 74.6 58.5 25.3
-49.8 74.6 58.0 25.1
-49.6 74.6 57.5 24.8
-49.4 74.6 57.1 24.6
-49.2 74.6 56.7 24.3
-49.0 74.6 56.3 24.1
-48.8 74.6 56.0 23.8
-48.6 74.6 55.7 23.7
-48.4 74.6 55.4 23.5
-48.2 74.6 55.1 23.5
-48.0 74.6 54.9 23.5
-47.8 74.6 54.8 23.5
-47.6 74.6 54.7 23.6
-47.4 74.6 54.7 23.7
-47.2 74.6 54.8 23.8
-47.0 74.6 55.0 23.9
-46.8 74.6 55.3 23.9
-46.6 74.6 55.5 23.9
-46.4 74.6 55.9 23.9
-46.2 74.6 56.2 23.8
-46.0 74.6 56.5 23.7
-45.8 74.6 56.8 23.5
-45.6 74.6 57.1 23.4
-45.4 74.6 57.3 23.3
-45.2 74.6 57.6 23.2
-45.0 74.6 57.8 23.1
-44.8 74.6 58.1 23.1
-44.6 74.6 58.4 23.1
-44.4 74.6 58.8 23.1
-44.2 74.6 59.2 23.2
-44.0 74.6 59.7 23.3
-43.8 74.6 60.2 23.4
-43.6 74.6 60.7 23.5
-43.4 74.6 61.1 23.7
-43.2 74.6 61.5 23.8
-43.0 74.6 61.8 23.9
-42.8 74.6 61.9 24.0
-42.6 74.6 61.9 24.1
-42.4 74.6 61.7 24.2
-42.2 74.6 61.4 24.2
-42.0 74.6 61.0 24.3
-41.8 74.6 60.4 24.3
-41.6 74.6 59.8 24.3
-41.4 74.6 59.2 24.4
-41.2 74.6 58.5 24.4
-41.0 74.6 57.9 24.5
-40.8 74.6 57.3 24.5
-40.6 74.6 56.8 24.6
-40.4 74.6 56.3 24.7
-40.2 74.6 55.9 24.7
-40.0 74.6 55.6 24.8
-39.8 74.6 55.3 24.8
-39.6 74.6 55.1 24.7
-39.4 74.6 55.0 24.7
-39.2 74.6 54.9 24.7
-39.0 74.6 54.8 24.6
-38.8 74.6 54.7 24.6
-38.6 74.6 54.7 24.5
-38.4 74.6 54.6 24.4
-38.2 74.6 54.5 24.3
-38.0 74.6 54.5 24.2
-37.8 74.6 54.4 24.2
-37.6 74.6 54.4 24.1
-37.4 74.6 54.3 24.0
-37.2 74.6 54.3 23.9
-37.0 74.6 54.3 23.8
-36.8 74.6 54.4 23.7
-36.6 74.6 54.4 23.6
-36.4 74.6 54.5 23.5
-36.2 74.6 54.5 23.4
-36.0 74.6 54.6 23.4
-35.8 74.6 54.6 23.3
-35.6 74.6 54.5 23.2
-35.4 74.6 54.4 23.1
-35.2 74.6 54.2 23.0
-35.0 74.6 54.0 22.9
-34.8 74.6 53.7 22.8
-34.6 74.6 53.3 22.7
-34.4 74.6 52.8 22.6
-34.2 74.6 52.3 22.5
-34.0 74.6 51.8 22.4
-33.8 74.6 51.3 22.3
-33.6 74.6 50.8 22.3
-33.4 74.6 50.2 22.3
-33.2 74.6 49.8 22.2
-33.0 74.6 49.3 22.2
-32.8 74.6 48.9 22.2
-32.6 74.6 48.6 22.2
-32.4 74.6 48.3 22.2
-32.2 74.6 48.1 22.2
-32.0 74.6 47.9 22.2
-31.8 74.6 47.7 22.1
-31.6 74.6 47.6 22.0
-31.4 74.6 47.5 21.8
-31.2 74.6 47.5 21.7
-31.0 74.6 47.5 21.5
-30.8 74.6 47.4 21.4
-30.6 74.6 47.4 21.2
-30.4 74.6 47.4 21.1
-30.2 74.6 47.4 21.0
-30.0 74.6 47.4 20.9
-29.8 74.6 47.4 20.8
-29.6 74.6 47.5 20.8
-29.4 74.6 47.5 20.7
-29.2 74.6 47.5 20.7
-29.0 74.6 47.6 20.7
-28.8 74.6 47.7 20.7
-28.6 74.6 47.7 20.6
-28.4 74.6 47.7 20.6
-28.2 74.6 47.7 20.6
-28.0 74.6 47.6 20.6
-27.8 74.6 47.5 20.5
-27.6 74.6 47.3 20.5
-27.4 74.6 47.1 20.4
-27.2 74.6 46.8 20.4
-27.0 74.6 46.6 20.3
-26.8 74.6 46.3 20.3
-26.6 74.6 46.0 20.3
-26.4 74.6 45.7 20.3
-26.2 74.6 45.4 20.4
-26.0 74.6 45.2 20.5
-25.8 74.6 45.0 20.5
-25.6 74.6 44.8 20.6
-25.4 74.6 44.6 20.7
-25.2 74.6 44.4 20.8
-25.0 74.6 44.3 20.8
-24.8 74.6 44.1 20.9
-24.6 74.6 43.9 20.9
-24.4 74.6 43.6 20.9
-24.2 74.6 43.3 20.9
-24.0 74.6 43.0 20.9
-23.8 74.6 42.6 20.8
-23.6 74.6 42.1 20.8
-23.4 74.6 41.5 20.7
-23.2 74.6 40.8 20.6
-23.0 74.6 40.0 20.5
-22.8 74.6 39.1 20.5
-22.6 74.6 38.0 20.4
-22.4 74.6 36.8 20.2
-22.2 74.6 35.4 20.0
-22.0 74.6 33.8 19.8
-21.8 74.6 32.1 19.4
-21.6 74.6 30.2 18.9
-21.4 74.6 28.2 18.3
-21.2 74.6 26.2 17.5
-21.0 74.6 24.2 16.6
-20.8 74.6 22.3 15.6
-20.6 74.6 20.4 14.4
-20.4 74.6 18.7 13.2
-20.2 74.6 17.2 12.0
-20.0 74.6 15.8 10.7
-19.8 74.6 14.7 9.5
-19.6 74.6 13.7 8.4
-19.4 74.6 12.9 7.4
-19.2 74.6 12.3 6.5
-19.0 74.6 11.8 5.7
-18.8 74.6 11.3 5.0
-18.6 74.6 10.9 4.5
-18.4 74.6 10.5 4.0
-18.2 74.6 10.1 3.6
-18.0 74.6 9.7 3.3
-17.8 74.6 9.3 3.0
-17.6 74.6 8.8 2.8
-17.4 74.6 8.4 2.6
-17.2 74.6 8.0 2.4
-17.0 74.6 7.6 2.3
-16.8 74.6 7.2 2.1
-16.6 74.6 6.8 1.9
-16.4 74.6 6.5 1.8
-16.2 74.6 6.2 1.6
-16.0 74.6 6.0 1.5
-15.8 74.6 5.8 1.3
-15.6 74.6 5.6 1.2
-15.4 74.6 5.5 1.0
-15.2 74.6 5.3 1.0
-15.0 74.6 5.3 1.0
-14.8 74.6 5.2 1.0
-14.6 74.6 5.1 1.0
-14.4 74.6 5.1 1.0
-14.2 74.6 5.1 1.0
-14.0 74.6 5.0 1.0
-13.8 74.6 5.0 1.0
-13.6 74.6 5.0 1.0
-13.4 74.6 5.0 1.0
-13.2 74.6 5.0 1.0
-13.0 74.6 5.0 1.0
-12.8 74.6 5.0 1.0
-12.6 74.6 5.0 1.0
-12.4 74.6 5.0 1.0
-12.2 74.6 5.0 1.0
-12.0 74.6 5.0 1.0
-11.8 74.6 5.0 1.0
-11.6 74.6 5.0 1.0
-11.4 74.6 5.0 1.0
-11.2 74.6 5.0 1.0
-11.0 74.6 5.0 1.0
-10.8 74.6 5.0 1.0
-10.6 74.6 5.0 1.0
-10.4 74.6 5.0 1.0
-10.2 74.6 5.0 1.0
-10.0 74.6 5.0 1.0
-9.8 74.6 5.0 1.0
-9.6 74.6 5.0 1.0
-9.4 74.6 5.0 1.0
-9.2 74.6 5.0 1.0
-9.0 74.6 5.0 1.0
-8.8 74.6 5.0 1.0
-8.6 74.6 5.0 1.0
-8.4 74.6 5.0 1.0
-8.2 74.6 5.0 1.0
-8.0 74.6 5.0 1.0
-7.8 74.6 5.0 1.0
-7.6 74.6 5.0 1.0
-7.4 74.6 5.0 1.0
-7.2 74.6 5.0 1.0
-7.0 74.6 5.0 1.0
-6.8 74.6 5.0 1.0
-6.6 74.6 5.0 1.0
-77.8 74.4 40.0 14.3
-77.6 74.4 39.8 14.4
-77.4 74.4 39.7 14.4
-77.2 74.4 39.5 14.4
-77.0 74.4 39.3 14.5
-76.8 74.4 39.2 14.6
-76.6 74.4 39.0 14.7
-76.4 74.4 38.8 14.7
-76.2 74.4 38.5 14.8
-76.0 74.4 38.3 14.9
-75.8 74.4 38.1 15.0
-75.6 74.4 37.9 15.1
-75.4 74.4 37.8 15.3
-75.2 74.4 37.6 15.4
-75.0 74.4 37.6 15.6
-74.8 74.4 37.6 15.8
-74.6 74.4 37.7 16.0
-74.4 74.4 37.8 16.2
-74.2 74.4 38.0 16.5
-74.0 74.4 38.3 16.8
-73.8 74.4 38.5 17.0
-73.6 74.4 38.8 17.3
-73.4 74.4 39.1 17.5
-73.2 74.4 39.4 17.7
-73.0 74.4 39.7 17.9
-72.8 74.4 39.9 18.1
-72.6 74.4 40.0 18.2
-72.4 74.4 40.2 18.3
-72.2 74.4 40.3 18.4
-72.0 74.4 40.3 18.4
-71.8 74.4 40.3 18.5
-71.6 74.4 40.3 18.6
-71.4 74.4 40.3 18.7
-71.2 74.4 40.2 18.7
-71.0 74.4 40.1 18.8
-70.8 74.4 40.0 18.9
-70.6 74.4 39.9 19.1
-70.4 74.4 39.7 19.2
-70.2 74.4 39.5 19.3
-70.0 74.4 39.2 19.5
-69.8 74.4 38.9 19.6
-69.6 74.4 38.6 19.8
-69.4 74.4 38.2 20.0
-69.2 74.4 37.7 20.3
-69.0 74.4 37.2 20.5
-68.8 74.4 36.6 20.7
-68.6 74.4 35.9 20.9
-68.4 74.4 35.1 21.1
-68.2 74.4 34.2 21.3
-68.0 74.4 33.3 21.4
-67.8 74.4 32.3 21.5
-67.6 74.4 31.2 21.5
-67.4 74.4 30.1 21.4
-67.2 74.4 29.0 21.3
-67.0 74.4 27.8 21.0
-66.8 74.4 26.7 20.7
-66.6 74.4 25.5 20.3
-66.4 74.4 24.4 19.8
-66.2 74.4 23.4 19.3
-66.0 74.4 22.4 18.8
-65.8 74.4 21.5 18.2
-65.6 74.4 20.7 17.7
-65.4 74.4 19.9 17.1
-65.2 74.4 19.3 16.6
-65.0 74.4 18.8 16.2
-64.8 74.4 18.4 15.9
-64.6 74.4 18.0 15.6
-64.4 74.4 17.8 15.4
-64.2 74.4 17.6 15.3
-64.0 74.4 17.5 15.3
-63.8 74.4 17.5 15.3
-63.6 74.4 17.4 15.4
-63.4 74.4 17.4 15.5
-63.2 74.4 17.4 15.7
-63.0 74.4 17.4 15.9
-62.8 74.4 17.5 16.0
-62.6 74.4 17.5 16.2
-62.4 74.4 17.6 16.4
-62.2 74.4 17.7 16.5
-62.0 74.4 17.9 16.7
-61.8 74.4 18.1 16.9
-61.6 74.4 18.4 17.1
-61.4 74.4 18.8 17.4
-61.2 74.4 19.3 17.7
-61.0 74.4 19.9 18.1
-60.8 74.4 20.6 18.6
-60.6 74.4 21.4 19.2
-60.4 74.4 22.4 19.9
-60.2 74.4 23.6 20.7
-60.0 74.4 24.9 21.6
-59.8 74.4 26.4 22.5
-59.6 74.4 28.1 23.5
-59.4 74.4 30.0 24.6
-59.2 74.4 32.0 25.6
-59.0 74.4 34.2 26.5
-58.8 74.4 36.5 27.4
-58.6 74.4 38.9 28.1
-58.4 74.4 41.2 28.7
-58.2 74.4 43.6 29.1
-58.0 74.4 45.8 29.3
-57.8 74.4 47.8 29.4
-57.6 74.4 49.7 29.3
-57.4 74.4 51.3 29.1
-57.2 74.4 52.7 28.9
-57.0 74.4 53.9 28.6
-56.8 74.4 54.8 28.3
-56.6 74.4 55.5 28.0
-56.4 74.4 56.1 27.7
-56.2 74.4 56.6 27.5
-56.0 74.4 56.9 27.3
-55.8 74.4 57.3 27.2
-55.6 74.4 57.6 27.2
-55.4 74.4 57.9 27.1
-55.2 74.4 58.2 27.2
-55.0 74.4 58.5 27.2
-54.8 74.4 58.8 27.3
-54.6 74.4 59.0 27.4
-54.4 74.4 59.3 27.4
-54.2 74.4 59.4 27.4
-54.0 74.4 59.5 27.4
-53.8 74.4 59.6 27.4
-53.6 74.4 59.6 27.4
-53.4 74.4 59.6 27.3
-53.2 74.4 59.5 27.2
-53.0 74.4 59.5 27.1
-52.8 74.4 59.5 27.0
-52.6 74.4 59.5 27.0
-52.4 74.4 59.5 26.9
-52.2 74.4 59.5 26.8
-52.0 74.4 59.5 26.7
-51.8 74.4 59.4 26.7
-51.6 74.4 59.4 26.6
-51.4 74.4 59.2 26.5
-51.2 74.4 59.1 26.4
-51.0 74.4 58.8 26.3
-50.8 74.4 58.6 26.2
-50.6 74.4 58.3 26.0
-50.4 74.4 58.1 25.8
-50.2 74.4 57.8 25.6
-50.0 74.4 57.6 25.4
-49.8 74.4 57.4 25.1
-49.6 74.4 57.3 24.7
-49.4 74.4 57.1 24.4
-49.2 74.4 57.0 24.1
-49.0 74.4 56.9 23.8
-48.8 74.4 56.8 23.5
-48.6 74.4 56.6 23.3
-48.4 74.4 56.4 23.1
-48.2 74.4 56.2 22.9
-48.0 74.4 56.0 22.9
-47.8 74.4 55.8 22.9
-47.6 74.4 55.6 22.9
-47.4 74.4 55.5 23.0
-47.2 74.4 55.5 23.0
-47.0 74.4 55.6 23.1
-46.8 74.4 55.7 23.1
-46.6 74.4 55.9 23.1
-46.4 74.4 56.2 23.1
-46.2 74.4 56.4 23.0
-46.0 74.4 56.7 22.9
-45.8 74.4 57.0 22.8
-45.6 74.4 57.2 22.7
-45.4 74.4 57.4 22.6
-45.2 74.4 57.6 22.6
-45.0 74.4 57.9 22.5
-44.8 74.4 58.2 22.5
-44.6 74.4 58.6 22.5
-44.4 74.4 59.1 22.6
-44.2 74.4 59.7 22.6
-44.0 74.4 60.3 22.7
-43.8 74.4 61.1 22.9
-43.6 74.4 61.8 23.0
-43.4 74.4 62.5 23.2
-43.2 74.4 63.0 23.4
-43.0 74.4 63.4 23.6
-42.8 74.4 63.7 23.7
-42.6 74.4 63.7 23.9
-42.4 74.4 63.5 24.1
-42.2 74.4 63.0 24.2
-42.0 74.4 62.4 24.4
-41.8 74.4 61.6 24.5
-41.6 74.4 60.8 24.6
-41.4 74.4 59.9 24.7
-41.2 74.4 59.0 24.8
-41.0 74.4 58.2 24.9
-40.8 74.4 57.5 24.9
-40.6 74.4 56.8 25.0
-40.4 74.4 56.3 25.0
-40.2 74.4 55.8 25.0
-40.0 74.4 55.4 25.0
-39.8 74.4 55.2 25.0
-39.6 74.4 55.0 24.9
-39.4 74.4 54.8 24.8
-39.2 74.4 54.7 24.7
-39.0 74.4 54.6 24.6
-38.8 74.4 54.5 24.5
-38.6 74.4 54.4 24.3
-38.4 74.4 54.2 24.2
-38.2 74.4 54.1 24.0
-38.0 74.4 53.9 23.9
-37.8 74.4 53.8 23.7
-37.6 74.4 53.6 23.6
-37.4 74.4 53.4 23.4
-37.2 74.4 53.3 23.3
-37.0 74.4 53.2 23.2
-36.8 74.4 53.1 23.1
-36.6 74.4 53.0 23.1
-36.4 74.4 52.9 23.1
-36.2 74.4 52.9 23.0
-36.0 74.4 52.9 23.0
-35.8 74.4 52.8 23.0
-35.6 74.4 52.8 23.0
-35.4 74.4 52.7 23.0
-35.2 74.4 52.6 23.0
-35.0 74.4 52.4 23.0
-34.8 74.4 52.1 22.9
-34.6 74.4 51.8 22.9
-34.4 74.4 51.5 22.8
-34.2 74.4 51.1 22.7
-34.0 74.4 50.7 22.7
-33.8 74.4 50.3 22.6
-33.6 74.4 49.8 22.6
-33.4 74.4 49.3 22.6
-33.2 74.4 48.9 22.6
-33.0 74.4 48.5 22.6
-32.8 74.4 48.1 22.6
-32.6 74.4 47.8 22.6
-32.4 74.4 47.6 22.6
-32.2 74.4 47.4 22.6
-32.0 74.4 47.2 22.6
-31.8 74.4 47.1 22.5
-31.6 74.4 47.1 22.3
-31.4 74.4 47.0 22.2
-31.2 74.4 47.0 22.0
-31.0 74.4 47.0 21.8
-30.8 74.4 47.0 21.6
-30.6 74.4 47.0 21.4
-30.4 74.4 47.0 21.2
-30.2 74.4 47.0 21.0
-30.0 74.4 47.0 20.9
-29.8 74.4 46.9 20.8
-29.6 74.4 46.9 20.7
-29.4 74.4 46.8 20.7
-29.2 74.4 46.8 20.6
-29.0 74.4 46.8 20.6
-28.8 74.4 46.7 20.6
-28.6 74.4 46.7 20.6
-28.4 74.4 46.6 20.5
-28.2 74.4 46.5 20.5
-28.0 74.4 46.4 20.4
-27.8 74.4 46.2 20.3
-27.6 74.4 46.0 20.2
-27.4 74.4 45.7 20.1
-27.2 74.4 45.5 20.0
-27.0 74.4 45.2 19.9
-26.8 74.4 44.9 19.9
-26.6 74.4 44.6 19.8
-26.4 74.4 44.3 19.8
-26.2 74.4 44.1 19.9
-26.0 74.4 43.8 19.9
-25.8 74.4 43.6 20.0
-25.6 74.4 43.4 20.1
-25.4 74.4 43.3 20.2
-25.2 74.4 43.1 20.3
-25.0 74.4 42.9 20.3
-24.8 74.4 42.7 20.4
-24.6 74.4 42.5 20.5
-24.4 74.4 42.3 20.5
-24.2 74.4 41.9 20.5
-24.0 74.4 41.5 20.5
-23.8 74.4 41.1 20.5
-23.6 74.4 40.5 20.4
-23.4 74.4 39.8 20.3
-23.2 74.4 39.0 20.2
-23.0 74.4 38.0 20.1
-22.8 74.4 36.8 19.9
-22.6 74.4 35.5 19.7
-22.4 74.4 34.1 19.4
-22.2 74.4 32.5 19.1
-22.0 74.4 30.7 18.7
-21.8 74.4 28.8 18.1
-21.6 74.4 26.9 17.5
-21.4 74.4 24.9 16.7
-21.2 74.4 23.0 15.8
-21.0 74.4 21.1 14.8
-20.8 74.4 19.4 13.7
-20.6 74.4 17.8 12.5
-20.4 74.4 16.4 11.3
-20.2 74.4 15.3 10.1
-20.0 74.4 14.3 9.0
-19.8 74.4 13.5 7.9
-19.6 74.4 12.8 7.0
-19.4 74.4 12.3 6.1
-19.2 74.4 12.0 5.4
-19.0 74.4 11.6 4.8
-18.8 74.4 11.3 4.2
-18.6 74.4 11.0 3.8
-18.4 74.4 10.7 3.4
-18.2 74.4 10.4 3.1
-18.0 74.4 10.0 2.9
-17.8 74.4 9.5 2.6
-17.6 74.4 9.1 2.4
-17.4 74.4 8.6 2.3
-17.2 74.4 8.1 2.1
-17.0 74.4 7.7 2.0
-16.8 74.4 7.3 1.8
-16.6 74.4 6.9 1.6
-16.4 74.4 6.5 1.5
-16.2 74.4 6.2 1.3
-16.0 74.4 6.0 1.2
-15.8 74.4 5.7 1.0
-15.6 74.4 5.6 1.0
-15.4 74.4 5.4 1.0
-15.2 74.4 5.3 1.0
-15.0 74.4 5.2 1.0
-14.8 74.4 5.2 1.0
-14.6 74.4 5.1 1.0
-14.4 74.4 5.1 1.0
-14.2 74.4 5.1 1.0
-14.0 74.4 5.0 1.0
-13.8 74.4 5.0 1.0
-13.6 74.4 5.0 1.0
-13.4 74.4 5.0 1.0
-13.2 74.4 5.0 1.0
-13.0 74.4 5.0 1.0
-12.8 74.4 5.0 1.0
-12.6 74.4 5.0 1.0
-12.4 74.4 5.0 1.0
-12.2 74.4 5.0 1.0
-12.0 74.4 5.0 1.0
-11.8 74.4 5.0 1.0
-11.6 74.4 5.0 1.0
-11.4 74.4 5.0 1.0
-11.2 74.4 5.0 1.0
-11.0 74.4 5.0 1.0
-10.8 74.4 5.0 1.0
-10.6 74.4 5.0 1.0
-10.4 74.4 5.0 1.0
-10.2 74.4 5.0 1.0
-10.0 74.4 5.0 1.0
-9.8 74.4 5.0 1.0
-9.6 74.4 5.0 1.0
-9.4 74.4 5.0 1.0
-9.2 74.4 5.0 1.0
-9.0 74.4 5.0 1.0
-8.8 74.4 5.0 1.0
-8.6 74.4 5.0 1.0
-8.4 74.4 5.0 1.0
-8.2 74.4 5.0 1.0
-8.0 74.4 5.0 1.0
-7.8 74.4 5.0 1.0
-7.6 74.4 5.0 1.0
-7.4 74.4 5.0 1.0
-7.2 74.4 5.0 1.0
-77.4 74.2 37.5 13.3
-77.2 74.2 37.1 13.2
-77.0 74.2 36.7 13.1
-76.8 74.2 36.3 13.0
-76.6 74.2 35.7 12.9
-76.4 74.2 35.2 12.8
-76.2 74.2 34.6 12.7
-76.0 74.2 34.0 12.6
-75.8 74.2 33.4 12.5
-75.6 74.2 32.9 12.5
-75.4 74.2 32.4 12.4
-75.2 74.2 32.1 12.5
-75.0 74.2 31.9 12.6
-74.8 74.2 31.8 12.7
-74.6 74.2 31.9 12.9
-74.4 74.2 32.1 13.2
-74.2 74.2 32.5 13.6
-74.0 74.2 33.0 13.9
-73.8 74.2 33.6 14.4
-73.6 74.2 34.2 14.8
-73.4 74.2 34.9 15.2
-73.2 74.2 35.5 15.6
-73.0 74.2 36.1 16.0
-72.8 74.2 36.6 16.3
-72.6 74.2 37.1 16.6
-72.4 74.2 37.5 16.9
-72.2 74.2 37.8 17.1
-72.0 74.2 38.1 17.3
-71.8 74.2 38.3 17.5
-71.6 74.2 38.4 17.6
-71.4 74.2 38.4 17.7
-71.2 74.2 38.4 17.9
-71.0 74.2 38.3 18.0
-70.8 74.2 38.2 18.2
-70.6 74.2 38.0 18.3
-70.4 74.2 37.7 18.5
-70.2 74.2 37.4 18.7
-70.0 74.2 37.0 18.9
-69.8 74.2 36.5 19.1
-69.6 74.2 36.0 19.3
-69.4 74.2 35.4 19.5
-69.2 74.2 34.6 19.7
-69.0 74.2 33.8 19.9
-68.8 74.2 32.8 20.1
-68.6 74.2 31.8 20.2
-68.4 74.2 30.6 20.3
-68.2 74.2 29.4 20.3
-68.0 74.2 28.1 20.1
-67.8 74.2 26.7 19.9
-67.6 74.2 25.4 19.6
-67.4 74.2 24.0 19.2
-67.2 74.2 22.7 18.7
-67.0 74.2 21.5 18.1
-66.8 74.2 20.3 17.4
-66.6 74.2 19.3 16.7
-66.4 74.2 18.3 16.0
-66.2 74.2 17.5 15.3
-66.0 74.2 16.7 14.5
-65.8 74.2 16.1 13.8
-65.6 74.2 15.6 13.2
-65.4 74.2 15.3 12.6
-65.2 74.2 15.0 12.1
-65.0 74.2 14.9 11.6
-64.8 74.2 14.8 11.3
-64.6 74.2 14.8 11.0
-64.4 74.2 14.9 10.8
-64.2 74.2 15.0 10.7
-64.0 74.2 15.2 10.6
-63.8 74.2 15.3 10.6
-63.6 74.2 15.5 10.7
-63.4 74.2 15.7 10.7
-63.2 74.2 15.8 10.8
-63.0 74.2 16.0 10.9
-62.8 74.2 16.1 11.0
-62.6 74.2 16.2 11.0
-62.4 74.2 16.3 11.1
-62.2 74.2 16.4 11.2
-62.0 74.2 16.4 11.2
-61.8 74.2 16.5 11.3
-61.6 74.2 16.6 11.5
-61.4 74.2 16.7 11.6
-61.2 74.2 16.9 11.9
-61.0 74.2 17.2 12.3
-60.8 74.2 17.5 12.8
-60.6 74.2 17.9 13.4
-60.4 74.2 18.5 14.2
-60.2 74.2 19.3 15.1
-60.0 74.2 20.2 16.2
-59.8 74.2 21.4 17.5
-59.6 74.2 22.8 18.9
-59.4 74.2 24.4 20.3
-59.2 74.2 26.3 21.8
-59.0 74.2 28.4 23.2
-58.8 74.2 30.8 24.6
-58.6 74.2 33.3 25.9
-58.4 74.2 35.9 26.9
-58.2 74.2 38.6 27.8
-58.0 74.2 41.1 28.4
-57.8 74.2 43.6 28.8
-57.6 74.2 45.9 29.0
-57.4 74.2 47.9 29.0
-57.2 74.2 49.7 28.8
-57.0 74.2 51.3 28.6
-56.8 74.2 52.5 28.3
-56.6 74.2 53.5 28.0
-56.4 74.2 54.3 27.7
-56.2 74.2 54.9 27.5
-56.0 74.2 55.4 27.3
-55.8 74.2 55.8 27.1
-55.6 74.2 56.2 27.1
-55.4 74.2 56.5 27.0
-55.2 74.2 56.8 27.0
-55.0 74.2 57.1 27.1
-54.8 74.2 57.4 27.1
-54.6 74.2 57.6 27.1
-54.4 74.2 57.8 27.2
-54.2 74.2 58.0 27.2
-54.0 74.2 58.1 27.2
-53.8 74.2 58.2 27.2
-53.6 74.2 58.3 27.1
-53.4 74.2 58.3 27.1
-53.2 74.2 58.4 27.0
-53.0 74.2 58.4 27.0
-52.8 74.2 58.3 27.0
-52.6 74.2 58.3 26.9
-52.4 74.2 58.3 26.9
-52.2 74.2 58.2 26.9
-52.0 74.2 58.1 26.9
-51.8 74.2 58.1 26.9
-51.6 74.2 57.9 26.8
-51.4 74.2 57.8 26.8
-51.2 74.2 57.6 26.7
-51.0 74.2 57.5 26.6
-50.8 74.2 57.4 26.4
-50.6 74.2 57.3 26.3
-50.4 74.2 57.2 26.0
-50.2 74.2 57.2 25.8
-50.0 74.2 57.3 25.5
-49.8 74.2 57.4 25.2
-49.6 74.2 57.6 24.8
-49.4 74.2 57.8 24.5
-49.2 74.2 57.9 24.1
-49.0 74.2 58.0 23.8
-48.8 74.2 58.0 23.5
-48.6 74.2 58.0 23.2
-48.4 74.2 57.9 22.9
-48.2 74.2 57.6 22.7
-48.0 74.2 57.4 22.6
-47.8 74.2 57.1 22.5
-47.6 74.2 56.8 22.4
-47.4 74.2 56.5 22.4
-47.2 74.2 56.4 22.3
-47.0 74.2 56.3 22.3
-46.8 74.2 56.2 22.3
-46.6 74.2 56.3 22.2
-46.4 74.2 56.4 22.2
-46.2 74.2 56.5 22.1
-46.0 74.2 56.7 22.1
-45.8 74.2 56.9 22.0
-45.6 74.2 57.1 22.0
-45.4 74.2 57.3 22.0
-45.2 74.2 57.6 22.0
-45.0 74.2 57.8 22.0
-44.8 74.2 58.2 22.1
-44.6 74.2 58.6 22.2
-44.4 74.2 59.1 22.3
-44.2 74.2 59.7 22.4
-44.0 74.2 60.4 22.5
-43.8 74.2 61.1 22.7
-43.6 74.2 61.8 22.9
-43.4 74.2 62.5 23.1
-43.2 74.2 63.0 23.3
-43.0 74.2 63.3 23.6
-42.8 74.2 63.5 23.8
-42.6 74.2 63.4 24.0
-42.4 74.2 63.0 24.2
-42.2 74.2 62.5 24.4
-42.0 74.2 61.8 24.5
-41.8 74.2 61.0 24.7
-41.6 74.2 60.0 24.8
-41.4 74.2 59.1 24.9
-41.2 74.2 58.2 24.9
-41.0 74.2 57.4 25.0
-40.8 74.2 56.7 25.0
-40.6 74.2 56.1 25.0
-40.4 74.2 55.6 25.1
-40.2 74.2 55.2 25.0
-40.0 74.2 54.9 25.0
-39.8 74.2 54.7 24.9
-39.6 74.2 54.5 24.8
-39.4 74.2 54.3 24.7
-39.2 74.2 54.1 24.6
-39.0 74.2 54.0 24.4
-38.8 74.2 53.8 24.3
-38.6 74.2 53.6 24.1
-38.4 74.2 53.3 23.9
-38.2 74.2 53.1 23.7
-38.0 74.2 52.8 23.5
-37.8 74.2 52.6 23.3
-37.6 74.2 52.3 23.2
-37.4 74.2 52.1 23.0
-37.2 74.2 51.9 22.9
-37.0 74.2 51.7 22.8
-36.8 74.2 51.5 22.7
-36.6 74.2 51.4 22.7
-36.4 74.2 51.3 22.7
-36.2 74.2 51.3 22.7
-36.0 74.2 51.3 22.8
-35.8 74.2 51.3 22.8
-35.6 74.2 51.3 22.9
-35.4 74.2 51.2 23.0
-35.2 74.2 51.2 23.0
-35.0 74.2 51.1 23.1
-34.8 74.2 51.0 23.1
-34.6 74.2 50.9 23.0
-34.4 74.2 50.6 23.0
-34.2 74.2 50.4 22.9
-34.0 74.2 50.0 22.9
-33.8 74.2 49.6 22.8
-33.6 74.2 49.2 22.8
-33.4 74.2 48.8 22.7
-33.2 74.2 48.4 22.7
-33.0 74.2 48.0 22.7
-32.8 74.2 47.6 22.7
-32.6 74.2 47.2 22.7
-32.4 74.2 47.0 22.7
-32.2 74.2 46.7 22.7
-32.0 74.2 46.6 22.7
-31.8 74.2 46.4 22.6
-31.6 74.2 46.4 22.5
-31.4 74.2 46.3 22.3
-31.2 74.2 46.3 22.1
-31.0 74.2 46.3 21.9
-30.8 74.2 46.3 21.7
-30.6 74.2 46.2 21.4
-30.4 74.2 46.2 21.2
-30.2 74.2 46.1 21.0
-30.0 74.2 45.9 20.8
-29.8 74.2 45.8 20.7
-29.6 74.2 45.6 20.6
-29.4 74.2 45.5 20.6
-29.2 74.2 45.3 20.5
-29.0 74.2 45.2 20.5
-28.8 74.2 45.1 20.5
-28.6 74.2 44.9 20.4
-28.4 74.2 44.8 20.4
-28.2 74.2 44.6 20.3
-28.0 74.2 44.4 20.2
-27.8 74.2 44.2 20.1
-27.6 74.2 44.0 20.0
-27.4 74.2 43.8 19.8
-27.2 74.2 43.6 19.7
-27.0 74.2 43.4 19.6
-26.8 74.2 43.1 19.5
-26.6 74.2 42.9 19.5
-26.4 74.2 42.7 19.5
-26.2 74.2 42.6 19.5
-26.0 74.2 42.4 19.5
-25.8 74.2 42.2 19.6
-25.6 74.2 42.1 19.7
-25.4 74.2 42.0 19.8
-25.2 74.2 41.8 19.9
-25.0 74.2 41.7 20.0
-24.8 74.2 41.5 20.1
-24.6 74.2 41.2 20.1
-24.4 74.2 40.9 20.2
-24.2 74.2 40.5 20.2
-24.0 74.2 40.1 20.2
-23.8 74.2 39.4 20.1
-23.6 74.2 38.7 20.0
-23.4 74.2 37.8 19.9
-23.2 74.2 36.7 19.7
-23.0 74.2 35.4 19.4
-22.8 74.2 34.0 19.1
-22.6 74.2 32.5 18.7
-22.4 74.2 30.8 18.2
-22.2 74.2 29.0 17.7
-22.0 74.2 27.1 17.0
-21.8 74.2 25.1 16.3
-21.6 74.2 23.2 15.4
-21.4 74.2 21.3 14.5
-21.2 74.2 19.6 13.5
-21.0 74.2 18.0 12.4
-20.8 74.2 16.5 11.3
-20.6 74.2 15.3 10.3
-20.4 74.2 14.2 9.2
-20.2 74.2 13.3 8.2
-20.0 74.2 12.7 7.3
-19.8 74.2 12.2 6.4
-19.6 74.2 11.8 5.7
-19.4 74.2 11.5 5.0
-19.2 74.2 11.3 4.5
-19.0 74.2 11.1 4.0
-18.8 74.2 10.8 3.6
-18.6 74.2 10.6 3.2
-18.4 74.2 10.3 2.9
-18.2 74.2 10.0 2.7
-18.0 74.2 9.6 2.5
-17.8 74.2 9.1 2.3
-17.6 74.2 8.7 2.1
-17.4 74.2 8.2 1.9
-17.2 74.2 7.8 1.8
-17.0 74.2 7.3 1.6
-16.8 74.2 6.9 1.5
-16.6 74.2 6.6 1.3
-16.4 74.2 6.2 1.2
-16.2 74.2 6.0 1.0
-16.0 74.2 5.8 1.0
-15.8 74.2 5.6 1.0
-15.6 74.2 5.4 1.0
-15.4 74.2 5.3 1.0
-15.2 74.2 5.2 1.0
-15.0 74.2 5.2 1.0
-14.8 74.2 5.1 1.0
-14.6 74.2 5.1 1.0
-14.4 74.2 5.1 1.0
-14.2 74.2 5.0 1.0
-14.0 74.2 5.0 1.0
-13.8 74.2 5.0 1.0
-13.6 74.2 5.0 1.0
-13.4 74.2 5.0 1.0
-13.2 74.2 5.0 1.0
-13.0 74.2 5.0 1.0
-12.8 74.2 5.0 1.0
-12.6 74.2 5.0 1.0
-12.4 74.2 5.0 1.0
-12.2 74.2 5.0 1.0
-12.0 74.2 5.0 1.0
-11.8 74.2 5.0 1.0
-11.6 74.2 5.0 1.0
-11.4 74.2 5.0 1.0
-11.2 74.2 5.0 1.0
-11.0 74.2 5.0 1.0
-10.8 74.2 5.0 1.0
-10.6 74.2 5.0 1.0
-10.4 74.2 5.0 1.0
-10.2 74.2 5.0 1.0
-10.0 74.2 5.0 1.0
-9.8 74.2 5.0 1.0
-9.6 74.2 5.0 1.0
-9.4 74.2 5.0 1.0
-9.2 74.2 5.0 1.0
-9.0 74.2 5.0 1.0
-8.8 74.2 5.0 1.0
-8.6 74.2 5.0 1.0
-8.4 74.2 5.0 1.0
-8.2 74.2 5.0 1.0
-8.0 74.2 5.0 1.0
-7.8 74.2 5.0 1.0
-7.6 74.2 5.0 1.0
-77.0 74.0 33.7 11.7
-76.8 74.0 32.9 11.4
-76.6 74.0 31.9 11.1
-76.4 74.0 30.9 10.7
-76.2 74.0 29.8 10.3
-76.0 74.0 28.6 10.0
-75.8 74.0 27.5 9.6
-75.6 74.0 26.5 9.3
-75.4 74.0 25.5 9.1
-75.2 74.0 24.8 8.9
-75.0 74.0 24.2 8.8
-74.8 74.0 23.9 8.9
-74.6 74.0 23.9 9.0
-74.4 74.0 24.2 9.3
-74.2 74.0 24.7 9.7
-74.0 74.0 25.4 10.2
-73.8 74.0 26.3 10.8
-73.6 74.0 27.3 11.4
-73.4 74.0 28.4 12.1
-73.2 74.0 29.5 12.7
-73.0 74.0 30.6 13.4
-72.8 74.0 31.6 13.9
-72.6 74.0 32.6 14.5
-72.4 74.0 33.4 14.9
-72.2 74.0 34.2 15.4
-72.0 74.0 34.8 15.7
-71.8 74.0 35.4 16.1
-71.6 74.0 35.8 16.4
-71.4 74.0 36.1 16.6
-71.2 74.0 36.3 16.9
-71.0 74.0 36.3 17.1
-70.8 74.0 36.3 17.3
-70.6 74.0 36.1 17.5
-70.4 74.0 35.9 17.8
-70.2 74.0 35.5 18.0
-70.0 74.0 35.0 18.2
-69.8 74.0 34.5 18.4
-69.6 74.0 33.7 18.6
-69.4 74.0 32.9 18.8
-69.2 74.0 31.9 19.0
-69.0 74.0 30.8 19.1
-68.8 74.0 29.6 19.2
-68.6 74.0 28.3 19.2
-68.4 74.0 26.8 19.1
-68.2 74.0 25.4 18.9
-68.0 74.0 23.9 18.5
-67.8 74.0 22.4 18.1
-67.6 74.0 20.9 17.5
-67.4 74.0 19.6 16.9
-67.2 74.0 18.4 16.2
-67.0 74.0 17.3 15.4
-66.8 74.0 16.3 14.6
-66.6 74.0 15.5 13.7
-66.4 74.0 14.9 12.9
-66.2 74.0 14.4 12.1
-66.0 74.0 14.0 11.4
-65.8 74.0 13.8 10.8
-65.6 74.0 13.6 10.2
-65.4 74.0 13.6 9.7
-65.2 74.0 13.6 9.2
-65.0 74.0 13.7 8.9
-64.8 74.0 13.9 8.6
-64.6 74.0 14.1 8.4
-64.4 74.0 14.3 8.2
-64.2 74.0 14.5 8.1
-64.0 74.0 14.8 8.0
-63.8 74.0 15.0 8.0
-63.6 74.0 15.2 8.0
-63.4 74.0 15.4 8.0
-63.2 74.0 15.6 8.0
-63.0 74.0 15.8 8.0
-62.8 74.0 15.9 8.0
-62.6 74.0 16.0 8.0
-62.4 74.0 16.1 8.0
-62.2 74.0 16.2 7.9
-62.0 74.0 16.2 7.9
-61.8 74.0 16.3 7.9
-61.6 74.0 16.3 8.0
-61.4 74.0 16.3 8.1
-61.2 74.0 16.4 8.3
-61.0 74.0 16.5 8.6
-60.8 74.0 16.6 9.0
-60.6 74.0 16.8 9.6
-60.4 74.0 17.1 10.4
-60.2 74.0 17.6 11.3
-60.0 74.0 18.2 12.4
-59.8 74.0 19.0 13.8
-59.6 74.0 20.1 15.3
-59.4 74.0 21.4 16.9
-59.2 74.0 23.0 18.6
-59.0 74.0 25.0 20.4
-58.8 74.0 27.1 22.1
-58.6 74.0 29.6 23.7
-58.4 74.0 32.2 25.1
-58.2 74.0 34.9 26.4
-58.0 74.0 37.7 27.3
-57.8 74.0 40.4 28.0
-57.6 74.0 43.0 28.4
-57.4 74.0 45.4 28.6
-57.2 74.0 47.5 28.6
-57.0 74.0 49.4 28.5
-56.8 74.0 50.9 28.3
-56.6 74.0 52.2 28.0
-56.4 74.0 53.2 27.7
-56.2 74.0 54.0 27.4
-56.0 74.0 54.6 27.2
-55.8 74.0 55.1 27.1
-55.6 74.0 55.5 26.9
-55.4 74.0 55.8 26.9
-55.2 74.0 56.1 26.8
-55.0 74.0 56.3 26.8
-54.8 74.0 56.4 26.8
-54.6 74.0 56.6 26.7
-54.4 74.0 56.7 26.7
-54.2 74.0 56.9 26.7
-54.0 74.0 57.0 26.6
-53.8 74.0 57.0 26.6
-53.6 74.0 57.1 26.6
-53.4 74.0 57.1 26.5
-53.2 74.0 57.2 26.5
-53.0 74.0 57.2 26.5
-52.8 74.0 57.1 26.6
-52.6 74.0 57.1 26.6
-52.4 74.0 57.1 26.7
-52.2 74.0 57.0 26.7
-52.0 74.0 57.0 26.8
-51.8 74.0 57.0 26.8
-51.6 74.0 56.9 26.8
-51.4 74.0 56.8 26.8
-51.2 74.0 56.8 26.7
-51.0 74.0 56.8 26.6
-50.8 74.0 56.8 26.4
-50.6 74.0 56.9 26.3
-50.4 74.0 57.0 26.0
-50.2 74.0 57.2 25.8
-50.0 74.0 57.5 25.5
-49.8 74.0 57.9 25.2
-49.6 74.0 58.2 24.8
-49.4 74.0 58.5 24.5
-49.2 74.0 58.8 24.2
-49.0 74.0 59.0 23.9
-48.8 74.0 59.1 23.6
-48.6 74.0 59.0 23.3
-48.4 74.0 58.9 23.1
-48.2 74.0 58.6 22.9
-48.0 74.0 58.2 22.7
-47.8 74.0 57.8 22.6
-47.6 74.0 57.4 22.4
-47.4 74.0 57.0 22.3
-47.2 74.0 56.7 22.2
-47.0 74.0 56.5 22.0
-46.8 74.0 56.3 21.9
-46.6 74.0 56.2 21.8
-46.4 74.0 56.2 21.7
-46.2 74.0 56.3 21.7
-46.0 74.0 56.4 21.6
-45.8 74.0 56.5 21.6
-45.6 74.0 56.7 21.7
-45.4 74.0 56.9 21.7
-45.2 74.0 57.1 21.8
-45.0 74.0 57.4 21.9
-44.8 74.0 57.8 22.1
-44.6 74.0 58.2 22.2
-44.4 74.0 58.7 22.4
-44.2 74.0 59.2 22.6
-44.0 74.0 59.7 22.8
-43.8 74.0 60.3 23.0
-43.6 74.0 60.8 23.2
-43.4 74.0 61.2 23.4
-43.2 74.0 61.5 23.6
-43.0 74.0 61.6 23.8
-42.8 74.0 61.5 24.0
-42.6 74.0 61.2 24.2
-42.4 74.0 60.8 24.3
-42.2 74.0 60.2 24.5
-42.0 74.0 59.5 24.6
-41.8 74.0 58.7 24.6
-41.6 74.0 57.9 24.7
-41.4 74.0 57.2 24.7
-41.2 74.0 56.5 24.7
-41.0 74.0 55.9 24.7
-40.8 74.0 55.4 24.7
-40.6 74.0 55.0 24.7
-40.4 74.0 54.7 24.7
-40.2 74.0 54.5 24.7
-40.0 74.0 54.3 24.7
-39.8 74.0 54.2 24.6
-39.6 74.0 54.0 24.6
-39.4 74.0 53.9 24.5
-39.2 74.0 53.7 24.4
-39.0 74.0 53.5 24.3
-38.8 74.0 53.2 24.1
-38.6 74.0 52.9 24.0
-38.4 74.0 52.6 23.8
-38.2 74.0 52.2 23.6
-38.0 74.0 51.9 23.4
-37.8 74.0 51.5 23.2
-37.6 74.0 51.2 23.0
-37.4 74.0 50.9 22.8
-37.2 74.0 50.7 22.6
-37.0 74.0 50.5 22.5
-36.8 74.0 50.3 22.4
-36.6 74.0 50.2 22.4
-36.4 74.0 50.2 22.4
-36.2 74.0 50.2 22.4
-36.0 74.0 50.2 22.5
-35.8 74.0 50.2 22.6
-35.6 74.0 50.2 22.8
-35.4 74.0 50.3 22.9
-35.2 74.0 50.3 23.0
-35.0 74.0 50.3 23.0
-34.8 74.0 50.2 23.1
-34.6 74.0 50.1 23.1
-34.4 74.0 50.0 23.0
-34.2 74.0 49.7 23.0
-34.0 74.0 49.4 22.9
-33.8 74.0 49.1 22.8
-33.6 74.0 48.7 22.7
-33.4 74.0 48.2 22.6
-33.2 74.0 47.8 22.5
-33.0 74.0 47.3 22.5
-32.8 74.0 46.9 22.4
-32.6 74.0 46.5 22.4
-32.4 74.0 46.1 22.4
-32.2 74.0 45.8 22.4
-32.0 74.0 45.6 22.3
-31.8 74.0 45.4 22.3
-31.6 74.0 45.3 22.2
-31.4 74.0 45.2 22.0
-31.2 74.0 45.1 21.8
-31.0 74.0 45.0 21.6
-30.8 74.0 44.9 21.4
-30.6 74.0 44.8 21.2
-30.4 74.0 44.6 20.9
-30.2 74.0 44.5 20.7
-30.0 74.0 44.3 20.6
-29.8 74.0 44.1 20.5
-29.6 74.0 43.9 20.4
-29.4 74.0 43.7 20.4
-29.2 74.0 43.5 20.3
-29.0 74.0 43.3 20.3
-28.8 74.0 43.2 20.3
-28.6 74.0 43.0 20.2
-28.4 74.0 42.8 20.2
-28.2 74.0 42.7 20.1
-28.0 74.0 42.5 20.0
-27.8 74.0 42.3 19.8
-27.6 74.0 42.2 19.7
-27.4 74.0 42.0 19.6
-27.2 74.0 41.9 19.5
-27.0 74.0 41.7 19.4
-26.8 74.0 41.6 19.3
-26.6 74.0 41.4 19.3
-26.4 74.0 41.3 19.2
-26.2 74.0 41.2 19.3
-26.0 74.0 41.1 19.3
-25.8 74.0 41.0 19.4
-25.6 74.0 40.9 19.4
-25.4 74.0 40.8 19.5
-25.2 74.0 40.7 19.6
-25.0 74.0 40.5 19.7
-24.8 74.0 40.2 19.8
-24.6 74.0 39.9 19.8
-24.4 74.0 39.5 19.9
-24.2 74.0 39.0 19.9
-24.0 74.0 38.3 19.8
-23.8 74.0 37.5 19.7
-23.6 74.0 36.5 19.5
-23.4 74.0 35.3 19.3
-23.2 74.0 34.0 18.9
-23.0 74.0 32.5 18.5
-22.8 74.0 30.8 18.0
-22.6 74.0 29.0 17.3
-22.4 74.0 27.1 16.6
-22.2 74.0 25.2 15.8
-22.0 74.0 23.3 14.9
-21.8 74.0 21.4 14.0
-21.6 74.0 19.6 13.0
-21.4 74.0 17.9 12.0
-21.2 74.0 16.4 11.0
-21.0 74.0 15.1 10.0
-20.8 74.0 13.9 9.0
-20.6 74.0 12.9 8.1
-20.4 74.0 12.2 7.2
-20.2 74.0 11.6 6.5
-20.0 74.0 11.1 5.7
-19.8 74.0 10.8 5.1
-19.6 74.0 10.5 4.6
-19.4 74.0 10.3 4.1
-19.2 74.0 10.1 3.7
-19.0 74.0 9.9 3.4
-18.8 74.0 9.7 3.1
-18.6 74.0 9.5 2.8
-18.4 74.0 9.2 2.6
-18.2 74.0 8.9 2.3
-18.0 74.0 8.5 2.1
-17.8 74.0 8.2 2.0
-17.6 74.0 7.8 1.8
-17.4 74.0 7.4 1.6
-17.2 74.0 7.0 1.5
-17.0 74.0 6.6 1.3
-16.8 74.0 6.3 1.1
-16.6 74.0 6.0 1.0
-16.4 74.0 5.8 1.0
-16.2 74.0 5.6 1.0
-16.0 74.0 5.5 1.0
-15.8 74.0 5.3 1.0
-15.6 74.0 5.2 1.0
-15.4 74.0 5.2 1.0
-15.2 74.0 5.1 1.0
-15.0 74.0 5.1 1.0
-14.8 74.0 5.1 1.0
-14.6 74.0 5.0 1.0
-14.4 74.0 5.0 1.0
-14.2 74.0 5.0 1.0
-14.0 74.0 5.0 1.0
-13.8 74.0 5.0 1.0
-13.6 74.0 5.0 1.0
-13.4 74.0 5.0 1.0
-13.2 74.0 5.0 1.0
-13.0 74.0 5.0 1.0
-12.8 74.0 5.0 1.0
-12.6 74.0 5.0 1.0
-12.4 74.0 5.0 1.0
-12.2 74.0 5.0 1.0
-12.0 74.0 5.0 1.0
-11.8 74.0 5.0 1.0
-11.6 74.0 5.0 1.0
-11.4 74.0 5.0 1.0
-11.2 74.0 5.0 1.0
-11.0 74.0 5.0 1.0
-10.8 74.0 5.0 1.0
-10.6 74.0 5.0 1.0
-10.4 74.0 5.0 1.0
-10.2 74.0 5.0 1.0
-10.0 74.0 5.0 1.0
-9.8 74.0 5.0 1.0
-9.6 74.0 5.0 1.0
-9.4 74.0 5.0 1.0
-9.2 74.0 5.0 1.0
-9.0 74.0 5.0 1.0
-8.8 74.0 5.0 1.0
-8.6 74.0 5.0 1.0
-8.4 74.0 5.0 1.0
-8.2 74.0 5.0 1.0
-8.0 74.0 5.0 1.0
-76.4 73.8 26.4 8.6
-76.2 73.8 24.8 8.0
-76.0 73.8 23.1 7.3
-75.8 73.8 21.4 6.7
-75.6 73.8 19.8 6.1
-75.4 73.8 18.3 5.6
-75.2 73.8 17.1 5.2
-75.0 73.8 16.2 5.0
-74.8 73.8 15.6 4.9
-74.6 73.8 15.3 5.0
-74.4 73.8 15.5 5.2
-74.2 73.8 15.9 5.6
-74.0 73.8 16.7 6.2
-73.8 73.8 17.7 6.9
-73.6 73.8 19.0 7.6
-73.4 73.8 20.4 8.5
-73.2 73.8 21.8 9.3
-73.0 73.8 23.3 10.1
-72.8 73.8 24.9 11.0
-72.6 73.8 26.3 11.7
-72.4 73.8 27.7 12.4
-72.2 73.8 29.0 13.1
-72.0 73.8 30.2 13.7
-71.8 73.8 31.2 14.2
-71.6 73.8 32.1 14.7
-71.4 73.8 32.8 15.2
-71.2 73.8 33.4 15.6
-71.0 73.8 33.8 15.9
-70.8 73.8 34.0 16.3
-70.6 73.8 34.0 16.6
-70.4 73.8 33.9 16.8
-70.2 73.8 33.7 17.1
-70.0 73.8 33.3 17.4
-69.8 73.8 32.7 17.6
-69.6 73.8 31.9 17.8
-69.4 73.8 31.0 17.9
-69.2 73.8 30.0 18.1
-69.0 73.8 28.7 18.1
-68.8 73.8 27.4 18.1
-68.6 73.8 26.0 18.0
-68.4 73.8 24.5 17.8
-68.2 73.8 23.0 17.5
-68.0 73.8 21.5 17.0
-67.8 73.8 20.0 16.5
-67.6 73.8 18.7 15.8
-67.4 73.8 17.5 15.1
-67.2 73.8 16.5 14.4
-67.0 73.8 15.6 13.6
-66.8 73.8 15.0 12.8
-66.6 73.8 14.4 12.0
-66.4 73.8 14.1 11.2
-66.2 73.8 13.9 10.5
-66.0 73.8 13.8 9.9
-65.8 73.8 13.7 9.3
-65.6 73.8 13.8 8.9
-65.4 73.8 13.9 8.4
-65.2 73.8 14.1 8.1
-65.0 73.8 14.3 7.8
-64.8 73.8 14.5 7.6
-64.6 73.8 14.6 7.4
-64.4 73.8 14.8 7.2
-64.2 73.8 15.0 7.1
-64.0 73.8 15.2 7.1
-63.8 73.8 15.3 7.0
-63.6 73.8 15.4 6.9
-63.4 73.8 15.6 6.9
-63.2 73.8 15.7 6.8
-63.0 73.8 15.8 6.8
-62.8 73.8 15.9 6.7
-62.6 73.8 16.0 6.7
-62.4 73.8 16.1 6.6
-62.2 73.8 16.2 6.6
-62.0 73.8 16.3 6.5
-61.8 73.8 16.4 6.5
-61.6 73.8 16.4 6.5
-61.4 73.8 16.4 6.6
-61.2 73.8 16.5 6.7
-61.0 73.8 16.5 7.0
-60.8 73.8 16.6 7.3
-60.6 73.8 16.7 7.8
-60.4 73.8 16.9 8.5
-60.2 73.8 17.1 9.3
-60.0 73.8 17.6 10.4
-59.8 73.8 18.2 11.6
-59.6 73.8 19.0 13.1
-59.4 73.8 20.0 14.7
-59.2 73.8 21.4 16.5
-59.0 73.8 23.1 18.4
-58.8 73.8 25.0 20.2
-58.6 73.8 27.3 22.0
-58.4 73.8 29.7 23.7
-58.2 73.8 32.4 25.2
-58.0 73.8 35.2 26.3
-57.8 73.8 38.0 27.3
-57.6 73.8 40.7 27.9
-57.4 73.8 43.3 28.3
-57.2 73.8 45.7 28.4
-57.0 73.8 47.9 28.4
-56.8 73.8 49.7 28.2
-56.6 73.8 51.3 28.0
-56.4 73.8 52.6 27.7
-56.2 73.8 53.6 27.5
-56.0 73.8 54.4 27.2
-55.8 73.8 55.0 27.0
-55.6 73.8 55.5 26.8
-55.4 73.8 55.8 26.7
-55.2 73.8 56.0 26.6
-55.0 73.8 56.2 26.5
-54.8 73.8 56.2 26.4
-54.6 73.8 56.3 26.3
-54.4 73.8 56.3 26.2
-54.2 73.8 56.3 26.2
-54.0 73.8 56.3 26.1
-53.8 73.8 56.3 26.1
-53.6 73.8 56.3 26.1
-53.4 73.8 56.3 26.1
-53.2 73.8 56.3 26.1
-53.0 73.8 56.3 26.1
-52.8 73.8 56.3 26.2
-52.6 73.8 56.3 26.3
-52.4 73.8 56.3 26.3
-52.2 73.8 56.3 26.4
-52.0 73.8 56.3 26.5
-51.8 73.8 56.3 26.5
-51.6 73.8 56.3 26.5
-51.4 73.8 56.3 26.5
-51.2 73.8 56.4 26.4
-51.0 73.8 56.5 26.3
-50.8 73.8 56.7 26.1
-50.6 73.8 56.9 25.9
-50.4 73.8 57.2 25.7
-50.2 73.8 57.5 25.4
-50.0 73.8 57.9 25.1
-49.8 73.8 58.4 24.8
-49.6 73.8 58.8 24.5
-49.4 73.8 59.1 24.3
-49.2 73.8 59.4 24.0
-49.0 73.8 59.5 23.8
-48.8 73.8 59.5 23.6
-48.6 73.8 59.4 23.4
-48.4 73.8 59.1 23.2
-48.2 73.8 58.7 23.1
-48.0 73.8 58.3 23.0
-47.8 73.8 57.8 22.8
-47.6 73.8 57.3 22.7
-47.4 73.8 56.9 22.5
-47.2 73.8 56.5 22.4
-47.0 73.8 56.1 22.3
-46.8 73.8 55.9 22.1
-46.6 73.8 55.8 22.0
-46.4 73.8 55.7 21.9
-46.2 73.8 55.7 21.8
-46.0 73.8 55.7 21.8
-45.8 73.8 55.8 21.8
-45.6 73.8 56.0 21.8
-45.4 73.8 56.2 21.9
-45.2 73.8 56.5 22.0
-45.0 73.8 56.8 22.2
-44.8 73.8 57.1 22.4
-44.6 73.8 57.5 22.5
-44.4 73.8 57.9 22.7
-44.2 73.8 58.3 23.0
-44.0 73.8 58.6 23.2
-43.8 73.8 58.9 23.4
-43.6 73.8 59.1 23.5
-43.4 73.8 59.2 23.7
-43.2 73.8 59.2 23.9
-43.0 73.8 59.0 24.0
-42.8 73.8 58.8 24.1
-42.6 73.8 58.3 24.2
-42.4 73.8 57.8 24.3
-42.2 73.8 57.3 24.3
-42.0 73.8 56.6 24.4
-41.8 73.8 56.0 24.4
-41.6 73.8 55.5 24.3
-41.4 73.8 55.0 24.3
-41.2 73.8 54.6 24.3
-41.0 73.8 54.3 24.2
-40.8 73.8 54.1 24.2
-40.6 73.8 53.9 24.2
-40.4 73.8 53.8 24.2
-40.2 73.8 53.8 24.2
-40.0 73.8 53.8 24.2
-39.8 73.8 53.7 24.2
-39.6 73.8 53.6 24.2
-39.4 73.8 53.5 24.2
-39.2 73.8 53.3 24.2
-39.0 73.8 53.1 24.1
-38.8 73.8 52.8 24.0
-38.6 73.8 52.4 23.8
-38.4 73.8 52.0 23.7
-38.2 73.8 51.6 23.5
-38.0 73.8 51.2 23.3
-37.8 73.8 50.9 23.1
-37.6 73.8 50.5 22.9
-37.4 73.8 50.2 22.7
-37.2 73.8 50.0 22.5
-37.0 73.8 49.8 22.3
-36.8 73.8 49.7 22.2
-36.6 73.8 49.6 22.2
-36.4 73.8 49.6 22.1
-36.2 73.8 49.6 22.1
-36.0 73.8 49.6 22.2
-35.8 73.8 49.6 22.3
-35.6 73.8 49.7 22.4
-35.4 73.8 49.7 22.5
-35.2 73.8 49.6 22.6
-35.0 73.8 49.6 22.7
-34.8 73.8 49.5 22.7
-34.6 73.8 49.3 22.7
-34.4 73.8 49.1 22.7
-34.2 73.8 48.9 22.6
-34.0 73.8 48.6 22.5
-33.8 73.8 48.2 22.3
-33.6 73.8 47.8 22.2
-33.4 73.8 47.4 22.1
-33.2 73.8 46.9 21.9
-33.0 73.8 46.4 21.8
-32.8 73.8 46.0 21.8
-32.6 73.8 45.5 21.7
-32.4 73.8 45.1 21.6
-32.2 73.8 44.8 21.6
-32.0 73.8 44.5 21.5
-31.8 73.8 44.3 21.5
-31.6 73.8 44.1 21.4
-31.4 73.8 43.9 21.2
-31.2 73.8 43.8 21.1
-31.0 73.8 43.6 20.9
-30.8 73.8 43.5 20.7
-30.6 73.8 43.3 20.6
-30.4 73.8 43.1 20.4
-30.2 73.8 43.0 20.3
-30.0 73.8 42.8 20.2
-29.8 73.8 42.6 20.1
-29.6 73.8 42.4 20.0
-29.4 73.8 42.3 20.0
-29.2 73.8 42.1 20.0
-29.0 73.8 42.0 20.0
-28.8 73.8 41.9 19.9
-28.6 73.8 41.8 19.9
-28.4 73.8 41.7 19.8
-28.2 73.8 41.5 19.7
-28.0 73.8 41.4 19.6
-27.8 73.8 41.3 19.5
-27.6 73.8 41.1 19.4
-27.4 73.8 41.0 19.3
-27.2 73.8 40.8 19.2
-27.0 73.8 40.7 19.1
-26.8 73.8 40.5 19.1
-26.6 73.8 40.4 19.1
-26.4 73.8 40.3 19.1
-26.2 73.8 40.2 19.1
-26.0 73.8 40.1 19.1
-25.8 73.8 40.0 19.2
-25.6 73.8 39.9 19.2
-25.4 73.8 39.8 19.3
-25.2 73.8 39.6 19.3
-25.0 73.8 39.3 19.4
-24.8 73.8 38.9 19.4
-24.6 73.8 38.5 19.5
-24.4 73.8 37.9 19.5
-24.2 73.8 37.2 19.5
-24.0 73.8 36.3 19.4
-23.8 73.8 35.3 19.2
-23.6 73.8 34.1 19.0
-23.4 73.8 32.7 18.6
-23.2 73.8 31.1 18.1
-23.0 73.8 29.4 17.5
-22.8 73.8 27.6 16.7
-22.6 73.8 25.7 15.9
-22.4 73.8 23.7 14.9
-22.2 73.8 21.8 13.9
-22.0 73.8 20.0 12.9
-21.8 73.8 18.3 11.8
-21.6 73.8 16.7 10.8
-21.4 73.8 15.2 9.7
-21.2 73.8 13.9 8.8
-21.0 73.8 12.9 7.9
-20.8 73.8 12.0 7.1
-20.6 73.8 11.2 6.4
-20.4 73.8 10.6 5.7
-20.2 73.8 10.1 5.2
-20.0 73.8 9.8 4.7
-19.8 73.8 9.5 4.2
-19.6 73.8 9.2 3.8
-19.4 73.8 9.0 3.5
-19.2 73.8 8.8 3.2
-19.0 73.8 8.6 2.9
-18.8 73.8 8.4 2.7
-18.6 73.8 8.2 2.5
-18.4 73.8 7.9 2.2
-18.2 73.8 7.6 2.0
-18.0 73.8 7.3 1.8
-17.8 73.8 7.0 1.7
-17.6 73.8 6.7 1.5
-17.4 73.8 6.4 1.3
-17.2 73.8 6.2 1.2
-17.0 73.8 5.9 1.0
-16.8 73.8 5.7 1.0
-16.6 73.8 5.6 1.0
-16.4 73.8 5.4 1.0
-16.2 73.8 5.3 1.0
-16.0 73.8 5.2 1.0
-15.8 73.8 5.1 1.0
-15.6 73.8 5.1 1.0
-15.4 73.8 5.1 1.0
-15.2 73.8 5.0 1.0
-15.0 73.8 5.0 1.0
-14.8 73.8 5.0 1.0
-14.6 73.8 5.0 1.0
-14.4 73.8 5.0 1.0
-14.2 73.8 5.0 1.0
-14.0 73.8 5.0 1.0
-13.8 73.8 5.0 1.0
-13.6 73.8 5.0 1.0
-13.4 73.8 5.0 1.0
-13.2 73.8 5.0 1.0
-13.0 73.8 5.0 1.0
-12.8 73.8 5.0 1.0
-12.6 73.8 5.0 1.0
-12.4 73.8 5.0 1.0
-12.2 73.8 5.0 1.0
-12.0 73.8 5.0 1.0
-11.8 73.8 5.0 1.0
-11.6 73.8 5.0 1.0
-11.4 73.8 5.0 1.0
-11.2 73.8 5.0 1.0
-11.0 73.8 5.0 1.0
-10.8 73.8 5.0 1.0
-10.6 73.8 5.0 1.0
-10.4 73.8 5.0 1.0
-10.2 73.8 5.0 1.0
-10.0 73.8 5.0 1.0
-9.8 73.8 5.0 1.0
-9.6 73.8 5.0 1.0
-9.4 73.8 5.0 1.0
-9.2 73.8 5.0 1.0
-9.0 73.8 5.0 1.0
-8.8 73.8 5.0 1.0
-8.6 73.8 5.0 1.0
-76.0 73.6 18.3 5.1
-75.8 73.6 16.2 4.2
-75.6 73.6 14.1 3.4
-75.4 73.6 12.3 2.8
-75.2 73.6 10.7 2.2
-75.0 73.6 9.4 1.8
-74.8 73.6 8.5 1.6
-74.6 73.6 8.1 1.5
-74.4 73.6 8.0 1.7
-74.2 73.6 8.3 2.0
-74.0 73.6 9.0 2.6
-73.8 73.6 10.0 3.3
-73.6 73.6 11.2 4.0
-73.4 73.6 12.7 4.9
-73.2 73.6 14.2 5.8
-73.0 73.6 15.9 6.8
-72.8 73.6 17.7 7.7
-72.6 73.6 19.4 8.6
-72.4 73.6 21.2 9.5
-72.2 73.6 22.9 10.4
-72.0 73.6 24.5 11.2
-71.8 73.6 26.0 11.9
-71.6 73.6 27.4 12.6
-71.4 73.6 28.6 13.2
-71.2 73.6 29.6 13.8
-71.0 73.6 30.4 14.4
-70.8 73.6 31.0 14.9
-70.6 73.6 31.4 15.3
-70.4 73.6 31.6 15.7
-70.2 73.6 31.6 16.0
-70.0 73.6 31.4 16.4
-69.8 73.6 31.0 16.6
-69.6 73.6 30.5 16.8
-69.4 73.6 29.7 17.0
-69.2 73.6 28.8 17.1
-69.0 73.6 27.7 17.2
-68.8 73.6 26.4 17.1
-68.6 73.6 25.1 17.0
-68.4 73.6 23.8 16.7
-68.2 73.6 22.4 16.4
-68.0 73.6 21.1 16.0
-67.8 73.6 19.8 15.5
-67.6 73.6 18.7 14.9
-67.4 73.6 17.7 14.2
-67.2 73.6 16.9 13.5
-67.0 73.6 16.2 12.8
-66.8 73.6 15.7 12.1
-66.6 73.6 15.3 11.4
-66.4 73.6 15.1 10.8
-66.2 73.6 15.0 10.2
-66.0 73.6 15.0 9.6
-65.8 73.6 15.0 9.1
-65.6 73.6 15.0 8.7
-65.4 73.6 15.1 8.3
-65.2 73.6 15.2 8.0
-65.0 73.6 15.3 7.8
-64.8 73.6 15.4 7.5
-64.6 73.6 15.5 7.4
-64.4 73.6 15.5 7.2
-64.2 73.6 15.6 7.1
-64.0 73.6 15.6 6.9
-63.8 73.6 15.6 6.8
-63.6 73.6 15.6 6.7
-63.4 73.6 15.6 6.7
-63.2 73.6 15.7 6.6
-63.0 73.6 15.7 6.5
-62.8 73.6 15.8 6.4
-62.6 73.6 15.9 6.4
-62.4 73.6 16.0 6.3
-62.2 73.6 16.1 6.2
-62.0 73.6 16.2 6.2
-61.8 73.6 16.3 6.1
-61.6 73.6 16.4 6.1
-61.4 73.6 16.5 6.2
-61.2 73.6 16.6 6.3
-61.0 73.6 16.6 6.5
-60.8 73.6 16.7 6.8
-60.6 73.6 16.8 7.2
-60.4 73.6 16.9 7.7
-60.2 73.6 17.1 8.5
-60.0 73.6 17.4 9.4
-59.8 73.6 17.9 10.5
-59.6 73.6 18.6 11.9
-59.4 73.6 19.4 13.4
-59.2 73.6 20.6 15.2
-59.0 73.6 22.0 17.0
-58.8 73.6 23.7 18.9
-58.6 73.6 25.7 20.7
-58.4 73.6 28.0 22.5
-58.2 73.6 30.5 24.1
-58.0 73.6 33.1 25.4
-57.8 73.6 35.9 26.5
-57.6 73.6 38.7 27.3
-57.4 73.6 41.4 27.9
-57.2 73.6 43.9 28.2
-57.0 73.6 46.3 28.2
-56.8 73.6 48.4 28.1
-56.6 73.6 50.3 27.9
-56.4 73.6 51.8 27.7
-56.2 73.6 53.1 27.4
-56.0 73.6 54.1 27.1
-55.8 73.6 54.9 26.8
-55.6 73.6 55.5 26.6
-55.4 73.6 55.9 26.4
-55.2 73.6 56.1 26.2
-55.0 73.6 56.3 26.0
-54.8 73.6 56.3 25.9
-54.6 73.6 56.3 25.8
-54.4 73.6 56.2 25.8
-54.2 73.6 56.1 25.8
-54.0 73.6 56.0 25.8
-53.8 73.6 55.9 25.8
-53.6 73.6 55.9 25.8
-53.4 73.6 55.8 25.9
-53.2 73.6 55.8 25.9
-53.0 73.6 55.7 26.0
-52.8 73.6 55.7 26.1
-52.6 73.6 55.7 26.2
-52.4 73.6 55.7 26.3
-52.2 73.6 55.8 26.3
-52.0 73.6 55.8 26.3
-51.8 73.6 55.9 26.3
-51.6 73.6 56.0 26.3
-51.4 73.6 56.1 26.2
-51.2 73.6 56.2 26.0
-51.0 73.6 56.4 25.9
-50.8 73.6 56.7 25.7
-50.6 73.6 57.0 25.4
-50.4 73.6 57.3 25.1
-50.2 73.6 57.7 24.9
-50.0 73.6 58.2 24.6
-49.8 73.6 58.6 24.3
-49.6 73.6 58.9 24.0
-49.4 73.6 59.2 23.8
-49.2 73.6 59.4 23.6
-49.0 73.6 59.4 23.4
-48.8 73.6 59.3 23.3
-48.6 73.6 59.1 23.2
-48.4 73.6 58.7 23.1
-48.2 73.6 58.3 23.0
-48.0 73.6 57.8 22.9
-47.8 73.6 57.3 22.9
-47.6 73.6 56.8 22.8
-47.4 73.6 56.4 22.7
-47.2 73.6 56.0 22.6
-47.0 73.6 55.7 22.5
-46.8 73.6 55.5 22.3
-46.6 73.6 55.3 22.2
-46.4 73.6 55.2 22.1
-46.2 73.6 55.2 22.1
-46.0 73.6 55.2 22.0
-45.8 73.6 55.3 22.0
-45.6 73.6 55.5 22.0
-45.4 73.6 55.7 22.1
-45.2 73.6 56.0 22.2
-45.0 73.6 56.2 22.4
-44.8 73.6 56.5 22.6
-44.6 73.6 56.8 22.8
-44.4 73.6 57.0 22.9
-44.2 73.6 57.2 23.1
-44.0 73.6 57.4 23.3
-43.8 73.6 57.4 23.5
-43.6 73.6 57.4 23.6
-43.4 73.6 57.3 23.7
-43.2 73.6 57.1 23.8
-43.0 73.6 56.7 23.9
-42.8 73.6 56.4 23.9
-42.6 73.6 55.9 24.0
-42.4 73.6 55.4 24.0
-42.2 73.6 54.9 24.0
-42.0 73.6 54.5 23.9
-41.8 73.6 54.1 23.9
-41.6 73.6 53.7 23.9
-41.4 73.6 53.4 23.8
-41.2 73.6 53.2 23.8
-41.0 73.6 53.1 23.8
-40.8 73.6 53.1 23.7
-40.6 73.6 53.1 23.8
-40.4 73.6 53.1 23.8
-40.2 73.6 53.2 23.8
-40.0 73.6 53.2 23.8
-39.8 73.6 53.2 23.9
-39.6 73.6 53.1 23.9
-39.4 73.6 53.0 23.9
-39.2 73.6 52.8 23.9
-39.0 73.6 52.6 23.8
-38.8 73.6 52.2 23.7
-38.6 73.6 51.9 23.6
-38.4 73.6 51.5 23.5
-38.2 73.6 51.1 23.3
-38.0 73.6 50.7 23.2
-37.8 73.6 50.4 23.0
-37.6 73.6 50.0 22.8
-37.4 73.6 49.8 22.5
-37.2 73.6 49.6 22.3
-37.0 73.6 49.4 22.1
-36.8 73.6 49.3 22.0
-36.6 73.6 49.3 21.8
-36.4 73.6 49.3 21.7
-36.2 73.6 49.3 21.7
-36.0 73.6 49.3 21.7
-35.8 73.6 49.2 21.7
-35.6 73.6 49.2 21.8
-35.4 73.6 49.1 21.9
-35.2 73.6 49.0 21.9
-35.0 73.6 48.8 22.0
-34.8 73.6 48.6 22.0
-34.6 73.6 48.4 21.9
-34.4 73.6 48.1 21.9
-34.2 73.6 47.8 21.8
-34.0 73.6 47.5 21.7
-33.8 73.6 47.1 21.5
-33.6 73.6 46.8 21.4
-33.4 73.6 46.3 21.3
-33.2 73.6 45.9 21.1
-33.0 73.6 45.5 21.0
-32.8 73.6 45.1 20.9
-32.6 73.6 44.7 20.8
-32.4 73.6 44.4 20.7
-32.2 73.6 44.1 20.6
-32.0 73.6 43.9 20.6
-31.8 73.6 43.6 20.5
-31.6 73.6 43.5 20.4
-31.4 73.6 43.3 20.3
-31.2 73.6 43.1 20.2
-31.0 73.6 42.9 20.0
-30.8 73.6 42.8 19.9
-30.6 73.6 42.6 19.8
-30.4 73.6 42.4 19.7
-30.2 73.6 42.3 19.6
-30.0 73.6 42.1 19.6
-29.8 73.6 42.0 19.6
-29.6 73.6 41.8 19.6
-29.4 73.6 41.7 19.6
-29.2 73.6 41.6 19.5
-29.0 73.6 41.6 19.5
-28.8 73.6 41.5 19.5
-28.6 73.6 41.4 19.4
-28.4 73.6 41.4 19.3
-28.2 73.6 41.3 19.2
-28.0 73.6 41.1 19.1
-27.8 73.6 41.0 19.0
-27.6 73.6 40.8 18.9
-27.4 73.6 40.6 18.8
-27.2 73.6 40.4 18.8
-27.0 73.6 40.3 18.8
-26.8 73.6 40.1 18.8
-26.6 73.6 39.9 18.8
-26.4 73.6 39.7 18.8
-26.2 73.6 39.6 18.8
-26.0 73.6 39.4 18.8
-25.8 73.6 39.3 18.9
-25.6 73.6 39.1 18.9
-25.4 73.6 38.8 18.9
-25.2 73.6 38.5 19.0
-25.0 73.6 38.1 19.0
-24.8 73.6 37.6 19.0
-24.6 73.6 37.0 19.0
-24.4 73.6 36.3 19.0
-24.2 73.6 35.4 19.0
-24.0 73.6 34.3 18.8
-23.8 73.6 33.1 18.6
-23.6 73.6 31.6 18.3
-23.4 73.6 30.1 17.8
-23.2 73.6 28.3 17.2
-23.0 73.6 26.5 16.4
-22.8 73.6 24.6 15.6
-22.6 73.6 22.7 14.6
-22.4 73.6 20.9 13.5
-22.2 73.6 19.1 12.4
-22.0 73.6 17.4 11.3
-21.8 73.6 15.9 10.2
-21.6 73.6 14.5 9.2
-21.4 73.6 13.3 8.2
-21.2 73.6 12.2 7.4
-21.0 73.6 11.4 6.6
-20.8 73.6 10.6 5.9
-20.6 73.6 10.0 5.4
-20.4 73.6 9.5 4.9
-20.2 73.6 9.1 4.4
-20.0 73.6 8.7 4.0
-19.8 73.6 8.4 3.7
-19.6 73.6 8.2 3.4
-19.4 73.6 7.9 3.1
-19.2 73.6 7.7 2.9
-19.0 73.6 7.5 2.7
-18.8 73.6 7.2 2.4
-18.6 73.6 7.0 2.2
-18.4 73.6 6.8 2.0
-18.2 73.6 6.5 1.8
-18.0 73.6 6.3 1.6
-17.8 73.6 6.1 1.4
-17.6 73.6 5.9 1.2
-17.4 73.6 5.7 1.1
-17.2 73.6 5.6 1.0
-17.0 73.6 5.4 1.0
-16.8 73.6 5.3 1.0
-16.6 73.6 5.2 1.0
-16.4 73.6 5.2 1.0
-16.2 73.6 5.1 1.0
-16.0 73.6 5.1 1.0
-15.8 73.6 5.0 1.0
-15.6 73.6 5.0 1.0
-15.4 73.6 5.0 1.0
-15.2 73.6 5.0 1.0
-15.0 73.6 5.0 1.0
-14.8 73.6 5.0 1.0
-14.6 73.6 5.0 1.0
-14.4 73.6 5.0 1.0
-14.2 73.6 5.0 1.0
-14.0 73.6 5.0 1.0
-13.8 73.6 5.0 1.0
-13.6 73.6 5.0 1.0
-13.4 73.6 5.0 1.0
-13.2 73.6 5.0 1.0
-13.0 73.6 5.0 1.0
-12.8 73.6 5.0 1.0
-12.6 73.6 5.0 1.0
-12.4 73.6 5.0 1.0
-12.2 73.6 5.0 1.0
-12.0 73.6 5.0 1.0
-11.8 73.6 5.0 1.0
-11.6 73.6 5.0 1.0
-11.4 73.6 5.0 1.0
-11.2 73.6 5.0 1.0
-11.0 73.6 5.0 1.0
-10.8 73.6 5.0 1.0
-10.6 73.6 5.0 1.0
-10.4 73.6 5.0 1.0
-10.2 73.6 5.0 1.0
-10.0 73.6 5.0 1.0
-9.8 73.6 5.0 1.0
-9.6 73.6 5.0 1.0
-9.4 73.6 5.0 1.0
-9.2 73.6 5.0 1.0
-9.0 73.6 5.0 1.0
-75.6 73.4 10.1 1.5
-75.4 73.4 8.0 1.0
-75.2 73.4 6.3 1.0
-75.0 73.4 5.0 1.0
-74.8 73.4 5.0 1.0
-74.6 73.4 5.0 1.0
-74.4 73.4 5.0 1.0
-74.2 73.4 5.0 1.0
-74.0 73.4 5.0 1.0
-73.8 73.4 5.0 1.0
-73.6 73.4 5.6 1.1
-73.4 73.4 6.9 1.9
-73.2 73.4 8.4 2.8
-73.0 73.4 9.9 3.6
-72.8 73.4 11.6 4.6
-72.6 73.4 13.3 5.5
-72.4 73.4 15.1 6.4
-72.2 73.4 16.9 7.3
-72.0 73.4 18.6 8.2
-71.8 73.4 20.3 9.1
-71.6 73.4 21.9 9.9
-71.4 73.4 23.4 10.8
-71.2 73.4 24.8 11.5
-71.0 73.4 26.0 12.2
-70.8 73.4 27.0 12.9
-70.6 73.4 27.8 13.5
-70.4 73.4 28.4 14.1
-70.2 73.4 28.8 14.5
-70.0 73.4 29.0 15.0
-69.8 73.4 29.0 15.3
-69.6 73.4 28.8 15.6
-69.4 73.4 28.4 15.9
-69.2 73.4 27.8 16.1
-69.0 73.4 27.0 16.2
-68.8 73.4 26.1 16.2
-68.6 73.4 25.2 16.1
-68.4 73.4 24.1 16.0
-68.2 73.4 23.0 15.7
-68.0 73.4 22.0 15.4
-67.8 73.4 20.9 15.0
-67.6 73.4 20.0 14.5
-67.4 73.4 19.2 14.0
-67.2 73.4 18.5 13.4
-67.0 73.4 18.0 12.8
-66.8 73.4 17.5 12.2
-66.6 73.4 17.2 11.6
-66.4 73.4 16.9 11.1
-66.2 73.4 16.7 10.5
-66.0 73.4 16.6 10.0
-65.8 73.4 16.5 9.6
-65.6 73.4 16.5 9.2
-65.4 73.4 16.4 8.8
-65.2 73.4 16.4 8.5
-65.0 73.4 16.4 8.2
-64.8 73.4 16.3 8.0
-64.6 73.4 16.2 7.7
-64.4 73.4 16.2 7.5
-64.2 73.4 16.1 7.4
-64.0 73.4 16.0 7.2
-63.8 73.4 15.9 7.1
-63.6 73.4 15.8 7.0
-63.4 73.4 15.8 6.9
-63.2 73.4 15.7 6.8
-63.0 73.4 15.7 6.7
-62.8 73.4 15.8 6.6
-62.6 73.4 15.8 6.5
-62.4 73.4 15.9 6.4
-62.2 73.4 16.0 6.4
-62.0 73.4 16.1 6.3
-61.8 73.4 16.2 6.3
-61.6 73.4 16.4 6.3
-61.4 73.4 16.5 6.4
-61.2 73.4 16.6 6.4
-61.0 73.4 16.7 6.6
-60.8 73.4 16.7 6.8
-60.6 73.4 16.8 7.1
-60.4 73.4 17.0 7.6
-60.2 73.4 17.2 8.2
-60.0 73.4 17.4 9.0
-59.8 73.4 17.8 10.1
-59.6 73.4 18.4 11.3
-59.4 73.4 19.1 12.7
-59.2 73.4 20.0 14.3
-59.0 73.4 21.2 16.1
-58.8 73.4 22.7 17.9
-58.6 73.4 24.4 19.7
-58.4 73.4 26.4 21.5
-58.2 73.4 28.7 23.1
-58.0 73.4 31.1 24.6
-57.8 73.4 33.7 25.8
-57.6 73.4 36.4 26.7
-57.4 73.4 39.1 27.4
-57.2 73.4 41.7 27.8
-57.0 73.4 44.2 27.9
-56.8 73.4 46.5 27.9
-56.6 73.4 48.5 27.7
-56.4 73.4 50.3 27.5
-56.2 73.4 51.8 27.2
-56.0 73.4 53.1 26.8
-55.8 73.4 54.1 26.5
-55.6 73.4 54.8 26.2
-55.4 73.4 55.4 25.9
-55.2 73.4 55.7 25.7
-55.0 73.4 55.9 25.5
-54.8 73.4 56.0 25.4
-54.6 73.4 56.0 25.4
-54.4 73.4 55.9 25.4
-54.2 73.4 55.8 25.4
-54.0 73.4 55.7 25.5
-53.8 73.4 55.6 25.6
-53.6 73.4 55.5 25.8
-53.4 73.4 55.4 25.9
-53.2 73.4 55.4 26.1
-53.0 73.4 55.3 26.2
-52.8 73.4 55.3 26.4
-52.6 73.4 55.3 26.5
-52.4 73.4 55.3 26.5
-52.2 73.4 55.4 26.5
-52.0 73.4 55.5 26.5
-51.8 73.4 55.5 26.4
-51.6 73.4 55.6 26.3
-51.4 73.4 55.8 26.1
-51.2 73.4 55.9 25.9
-51.0 73.4 56.2 25.6
-50.8 73.4 56.4 25.4
-50.6 73.4 56.7 25.1
-50.4 73.4 57.1 24.8
-50.2 73.4 57.4 24.5
-50.0 73.4 57.8 24.2
-49.8 73.4 58.1 23.9
-49.6 73.4 58.4 23.7
-49.4 73.4 58.6 23.5
-49.2 73.4 58.7 23.3
-49.0 73.4 58.7 23.1
-48.8 73.4 58.5 23.0
-48.6 73.4 58.3 22.9
-48.4 73.4 58.0 22.8
-48.2 73.4 57.6 22.7
-48.0 73.4 57.2 22.7
-47.8 73.4 56.8 22.6
-47.6 73.4 56.4 22.6
-47.4 73.4 56.1 22.5
-47.2 73.4 55.8 22.5
-47.0 73.4 55.6 22.4
-46.8 73.4 55.4 22.3
-46.6 73.4 55.3 22.2
-46.4 73.4 55.2 22.1
-46.2 73.4 55.2 22.1
-46.0 73.4 55.2 22.0
-45.8 73.4 55.3 22.0
-45.6 73.4 55.4 22.0
-45.4 73.4 55.6 22.1
-45.2 73.4 55.8 22.2
-45.0 73.4 56.0 22.3
-44.8 73.4 56.2 22.5
-44.6 73.4 56.3 22.6
-44.4 73.4 56.5 22.8
-44.2 73.4 56.5 22.9
-44.0 73.4 56.5 23.1
-43.8 73.4 56.4 23.2
-43.6 73.4 56.3 23.2
-43.4 73.4 56.0 23.3
-43.2 73.4 55.7 23.3
-43.0 73.4 55.4 23.4
-42.8 73.4 55.0 23.4
-42.6 73.4 54.6 23.4
-42.4 73.4 54.2 23.4
-42.2 73.4 53.8 23.4
-42.0 73.4 53.5 23.4
-41.8 73.4 53.2 23.4
-41.6 73.4 52.9 23.4
-41.4 73.4 52.7 23.4
-41.2 73.4 52.6 23.4
-41.0 73.4 52.6 23.4
-40.8 73.4 52.6 23.4
-40.6 73.4 52.6 23.4
-40.4 73.4 52.7 23.5
-40.2 73.4 52.7 23.5
-40.0 73.4 52.7 23.6
-39.8 73.4 52.7 23.6
-39.6 73.4 52.6 23.6
-39.4 73.4 52.4 23.6
-39.2 73.4 52.2 23.5
-39.0 73.4 51.9 23.5
-38.8 73.4 51.6 23.4
-38.6 73.4 51.2 23.3
-38.4 73.4 50.9 23.2
-38.2 73.4 50.5 23.0
-38.0 73.4 50.1 22.9
-37.8 73.4 49.8 22.7
-37.6 73.4 49.5 22.5
-37.4 73.4 49.3 22.3
-37.2 73.4 49.1 22.1
-37.0 73.4 49.0 21.8
-36.8 73.4 48.9 21.6
-36.6 73.4 48.8 21.4
-36.4 73.4 48.8 21.3
-36.2 73.4 48.7 21.2
-36.0 73.4 48.7 21.1
-35.8 73.4 48.6 21.1
-35.6 73.4 48.5 21.0
-35.4 73.4 48.4 21.0
-35.2 73.4 48.3 21.0
-35.0 73.4 48.1 21.0
-34.8 73.4 47.8 21.0
-34.6 73.4 47.6 21.0
-34.4 73.4 47.3 20.9
-34.2 73.4 47.0 20.8
-34.0 73.4 46.7 20.7
-33.8 73.4 46.3 20.6
-33.6 73.4 46.0 20.5
-33.4 73.4 45.6 20.4
-33.2 73.4 45.3 20.3
-33.0 73.4 44.9 20.2
-32.8 73.4 44.6 20.1
-32.6 73.4 44.4 20.0
-32.4 73.4 44.1 20.0
-32.2 73.4 43.9 19.9
-32.0 73.4 43.7 19.8
-31.8 73.4 43.6 19.7
-31.6 73.4 43.4 19.6
-31.4 73.4 43.2 19.5
-31.2 73.4 43.1 19.4
-31.0 73.4 42.9 19.3
-30.8 73.4 42.7 19.2
-30.6 73.4 42.5 19.1
-30.4 73.4 42.3 19.1
-30.2 73.4 42.2 19.0
-30.0 73.4 42.0 19.0
-29.8 73.4 41.9 19.0
-29.6 73.4 41.7 19.1
-29.4 73.4 41.6 19.1
-29.2 73.4 41.5 19.1
-29.0 73.4 41.5 19.0
-28.8 73.4 41.4 19.0
-28.6 73.4 41.4 18.9
-28.4 73.4 41.3 18.8
-28.2 73.4 41.2 18.6
-28.0 73.4 41.0 18.5
-27.8 73.4 40.9 18.4
-27.6 73.4 40.7 18.3
-27.4 73.4 40.5 18.3
-27.2 73.4 40.3 18.2
-27.0 73.4 40.0 18.2
-26.8 73.4 39.8 18.2
-26.6 73.4 39.6 18.3
-26.4 73.4 39.3 18.3
-26.2 73.4 39.1 18.3
-26.0 73.4 38.8 18.3
-25.8 73.4 38.5 18.4
-25.6 73.4 38.2 18.4
-25.4 73.4 37.9 18.4
-25.2 73.4 37.4 18.4
-25.0 73.4 36.9 18.4
-24.8 73.4 36.3 18.4
-24.6 73.4 35.5 18.4
-24.4 73.4 34.6 18.4
-24.2 73.4 33.6 18.3
-24.0 73.4 32.3 18.1
-23.8 73.4 30.9 17.9
-23.6 73.4 29.4 17.5
-23.4 73.4 27.7 17.0
-23.2 73.4 25.9 16.3
-23.0 73.4 24.0 15.5
-22.8 73.4 22.1 14.5
-22.6 73.4 20.2 13.5
-22.4 73.4 18.5 12.4
-22.2 73.4 16.8 11.2
-22.0 73.4 15.4 10.1
-21.8 73.4 14.0 9.1
-21.6 73.4 12.9 8.1
-21.4 73.4 11.9 7.2
-21.2 73.4 11.0 6.5
-21.0 73.4 10.3 5.8
-20.8 73.4 9.7 5.3
-20.6 73.4 9.1 4.8
-20.4 73.4 8.7 4.4
-20.2 73.4 8.3 4.0
-20.0 73.4 8.0 3.7
-19.8 73.4 7.7 3.5
-19.6 73.4 7.4 3.2
-19.4 73.4 7.1 3.0
-19.2 73.4 6.9 2.7
-19.0 73.4 6.7 2.5
-18.8 73.4 6.4 2.3
-18.6 73.4 6.2 2.1
-18.4 73.4 6.1 1.8
-18.2 73.4 5.9 1.6
-18.0 73.4 5.7 1.4
-17.8 73.4 5.6 1.2
-17.6 73.4 5.5 1.0
-17.4 73.4 5.4 1.0
-17.2 73.4 5.3 1.0
-17.0 73.4 5.2 1.0
-16.8 73.4 5.1 1.0
-16.6 73.4 5.1 1.0
-16.4 73.4 5.1 1.0
-16.2 73.4 5.0 1.0
-16.0 73.4 5.0 1.0
-15.8 73.4 5.0 1.0
-15.6 73.4 5.0 1.0
-15.4 73.4 5.0 1.0
-15.2 73.4 5.0 1.0
-15.0 73.4 5.0 1.0
-14.8 73.4 5.0 1.0
-14.6 73.4 5.0 1.0
-14.4 73.4 5.0 1.0
-14.2 73.4 5.0 1.0
-14.0 73.4 5.0 1.0
-13.8 73.4 5.0 1.0
-13.6 73.4 5.0 1.0
-13.4 73.4 5.0 1.0
-13.2 73.4 5.0 1.0
-13.0 73.4 5.0 1.0
-12.8 73.4 5.0 1.0
-12.6 73.4 5.0 1.0
-12.4 73.4 5.0 1.0
-12.2 73.4 5.0 1.0
-12.0 73.4 5.0 1.0
-11.8 73.4 5.0 1.0
-11.6 73.4 5.0 1.0
-11.4 73.4 5.0 1.0
-11.2 73.4 5.0 1.0
-11.0 73.4 5.0 1.0
-10.8 73.4 5.0 1.0
-10.6 73.4 5.0 1.0
-10.4 73.4 5.0 1.0
-10.2 73.4 5.0 1.0
-10.0 73.4 5.0 1.0
-9.8 73.4 5.0 1.0
-9.6 73.4 5.0 1.0
-9.4 73.4 5.0 1.0
-75.2 73.2 5.0 1.0
-75.0 73.2 5.0 1.0
-74.8 73.2 5.0 1.0
-74.6 73.2 5.0 1.0
-74.4 73.2 5.0 1.0
-74.2 73.2 5.0 1.0
-74.0 73.2 5.0 1.0
-73.8 73.2 5.0 1.0
-73.6 73.2 5.0 1.0
-73.4 73.2 5.0 1.0
-73.2 73.2 5.0 1.0
-73.0 73.2 6.0 1.2
-72.8 73.2 7.4 2.0
-72.6 73.2 8.8 2.7
-72.4 73.2 10.3 3.6
-72.2 73.2 11.8 4.4
-72.0 73.2 13.3 5.2
-71.8 73.2 14.9 6.1
-71.6 73.2 16.4 7.0
-71.4 73.2 17.9 7.8
-71.2 73.2 19.3 8.7
-71.0 73.2 20.7 9.5
-70.8 73.2 21.9 10.3
-70.6 73.2 23.0 11.0
-70.4 73.2 23.9 11.7
-70.2 73.2 24.7 12.4
-70.0 73.2 25.3 12.9
-69.8 73.2 25.8 13.5
-69.6 73.2 26.1 13.9
-69.4 73.2 26.1 14.3
-69.2 73.2 26.1 14.6
-69.0 73.2 25.8 14.8
-68.8 73.2 25.4 15.0
-68.6 73.2 24.9 15.0
-68.4 73.2 24.3 15.0
-68.2 73.2 23.6 14.9
-68.0 73.2 22.9 14.7
-67.8 73.2 22.2 14.5
-67.6 73.2 21.6 14.2
-67.4 73.2 20.9 13.8
-67.2 73.2 20.4 13.4
-67.0 73.2 19.9 13.0
-66.8 73.2 19.4 12.5
-66.6 73.2 19.1 12.0
-66.4 73.2 18.7 11.6
-66.2 73.2 18.5 11.1
-66.0 73.2 18.2 10.6
-65.8 73.2 18.0 10.2
-65.6 73.2 17.8 9.8
-65.4 73.2 17.6 9.5
-65.2 73.2 17.5 9.1
-65.0 73.2 17.3 8.8
-64.8 73.2 17.1 8.6
-64.6 73.2 17.0 8.3
-64.4 73.2 16.8 8.1
-64.2 73.2 16.7 7.9
-64.0 73.2 16.5 7.7
-63.8 73.2 16.4 7.6
-63.6 73.2 16.3 7.4
-63.4 73.2 16.2 7.3
-63.2 73.2 16.1 7.2
-63.0 73.2 16.1 7.1
-62.8 73.2 16.1 7.0
-62.6 73.2 16.1 6.9
-62.4 73.2 16.1 6.9
-62.2 73.2 16.2 6.8
-62.0 73.2 16.3 6.8
-61.8 73.2 16.4 6.8
-61.6 73.2 16.5 6.8
-61.4 73.2 16.6 6.8
-61.2 73.2 16.7 6.9
-61.0 73.2 16.7 7.0
-60.8 73.2 16.8 7.2
-60.6 73.2 16.9 7.5
-60.4 73.2 17.1 7.9
-60.2 73.2 17.3 8.4
-60.0 73.2 17.5 9.1
-59.8 73.2 17.8 10.0
-59.6 73.2 18.3 11.1
-59.4 73.2 18.9 12.4
-59.2 73.2 19.7 13.9
-59.0 73.2 20.6 15.5
-58.8 73.2 21.8 17.2
-58.6 73.2 23.3 19.0
-58.4 73.2 24.9 20.7
-58.2 73.2 26.8 22.4
-58.0 73.2 29.0 23.8
-57.8 73.2 31.3 25.1
-57.6 73.2 33.7 26.1
-57.4 73.2 36.2 26.9
-57.2 73.2 38.7 27.4
-57.0 73.2 41.2 27.6
-56.8 73.2 43.6 27.7
-56.6 73.2 45.8 27.6
-56.4 73.2 47.8 27.3
-56.2 73.2 49.6 27.0
-56.0 73.2 51.1 26.7
-55.8 73.2 52.3 26.3
-55.6 73.2 53.3 26.0
-55.4 73.2 54.0 25.7
-55.2 73.2 54.6 25.4
-55.0 73.2 54.9 25.2
-54.8 73.2 55.2 25.1
-54.6 73.2 55.3 25.0
-54.4 73.2 55.3 25.1
-54.2 73.2 55.3 25.2
-54.0 73.2 55.3 25.3
-53.8 73.2 55.2 25.5
-53.6 73.2 55.2 25.7
-53.4 73.2 55.1 26.0
-53.2 73.2 55.1 26.2
-53.0 73.2 55.1 26.4
-52.8 73.2 55.0 26.6
-52.6 73.2 55.0 26.8
-52.4 73.2 55.0 26.8
-52.2 73.2 55.1 26.8
-52.0 73.2 55.1 26.8
-51.8 73.2 55.2 26.6
-51.6 73.2 55.3 26.4
-51.4 73.2 55.4 26.2
-51.2 73.2 55.5 26.0
-51.0 73.2 55.7 25.7
-50.8 73.2 55.9 25.4
-50.6 73.2 56.1 25.1
-50.4 73.2 56.3 24.8
-50.2 73.2 56.6 24.5
-50.0 73.2 56.9 24.2
-49.8 73.2 57.1 24.0
-49.6 73.2 57.3 23.7
-49.4 73.2 57.4 23.5
-49.2 73.2 57.5 23.3
-49.0 73.2 57.5 23.1
-48.8 73.2 57.4 22.9
-48.6 73.2 57.3 22.8
-48.4 73.2 57.1 22.7
-48.2 73.2 56.9 22.6
-48.0 73.2 56.7 22.6
-47.8 73.2 56.5 22.5
-47.6 73.2 56.4 22.5
-47.4 73.2 56.2 22.4
-47.2 73.2 56.0 22.3
-47.0 73.2 55.9 22.3
-46.8 73.2 55.8 22.2
-46.6 73.2 55.7 22.1
-46.4 73.2 55.7 22.0
-46.2 73.2 55.7 22.0
-46.0 73.2 55.7 21.9
-45.8 73.2 55.7 21.9
-45.6 73.2 55.8 21.9
-45.4 73.2 55.9 22.0
-45.2 73.2 56.1 22.1
-45.0 73.2 56.3 22.2
-44.8 73.2 56.4 22.3
-44.6 73.2 56.5 22.4
-44.4 73.2 56.6 22.5
-44.2 73.2 56.6 22.6
-44.0 73.2 56.5 22.7
-43.8 73.2 56.4 22.7
-43.6 73.2 56.3 22.8
-43.4 73.2 56.0 22.8
-43.2 73.2 55.7 22.8
-43.0 73.2 55.4 22.8
-42.8 73.2 55.0 22.8
-42.6 73.2 54.6 22.8
-42.4 73.2 54.3 22.9
-42.2 73.2 53.9 22.9
-42.0 73.2 53.5 23.0
-41.8 73.2 53.2 23.0
-41.6 73.2 53.0 23.0
-41.4 73.2 52.8 23.1
-41.2 73.2 52.6 23.1
-41.0 73.2 52.5 23.1
-40.8 73.2 52.5 23.2
-40.6 73.2 52.4 23.2
-40.4 73.2 52.4 23.3
-40.2 73.2 52.4 23.3
-40.0 73.2 52.3 23.3
-39.8 73.2 52.2 23.3
-39.6 73.2 52.0 23.3
-39.4 73.2 51.8 23.3
-39.2 73.2 51.6 23.2
-39.0 73.2 51.3 23.1
-38.8 73.2 50.9 23.0
-38.6 73.2 50.5 22.9
-38.4 73.2 50.1 22.8
-38.2 73.2 49.8 22.6
-38.0 73.2 49.4 22.5
-37.8 73.2 49.1 22.3
-37.6 73.2 48.8 22.1
-37.4 73.2 48.5 21.9
-37.2 73.2 48.3 21.7
-37.0 73.2 48.1 21.5
-36.8 73.2 48.0 21.3
-36.6 73.2 47.9 21.1
-36.4 73.2 47.9 20.9
-36.2 73.2 47.8 20.7
-36.0 73.2 47.7 20.6
-35.8 73.2 47.7 20.5
-35.6 73.2 47.6 20.4
-35.4 73.2 47.5 20.3
-35.2 73.2 47.4 20.3
-35.0 73.2 47.2 20.2
-34.8 73.2 47.0 20.2
-34.6 73.2 46.8 20.1
-34.4 73.2 46.6 20.0
-34.2 73.2 46.3 20.0
-34.0 73.2 46.0 19.9
-33.8 73.2 45.7 19.9
-33.6 73.2 45.3 19.8
-33.4 73.2 45.0 19.7
-33.2 73.2 44.7 19.7
-33.0 73.2 44.4 19.6
-32.8 73.2 44.2 19.6
-32.6 73.2 44.0 19.5
-32.4 73.2 43.8 19.5
-32.2 73.2 43.7 19.4
-32.0 73.2 43.5 19.3
-31.8 73.2 43.4 19.2
-31.6 73.2 43.2 19.1
-31.4 73.2 43.1 19.0
-31.2 73.2 42.9 18.9
-31.0 73.2 42.7 18.8
-30.8 73.2 42.5 18.7
-30.6 73.2 42.3 18.7
-30.4 73.2 42.1 18.7
-30.2 73.2 41.9 18.6
-30.0 73.2 41.7 18.6
-29.8 73.2 41.5 18.7
-29.6 73.2 41.4 18.7
-29.4 73.2 41.3 18.7
-29.2 73.2 41.1 18.6
-29.0 73.2 41.0 18.6
-28.8 73.2 41.0 18.5
-28.6 73.2 40.9 18.4
-28.4 73.2 40.8 18.3
-28.2 73.2 40.6 18.2
-28.0 73.2 40.5 18.1
-27.8 73.2 40.3 17.9
-27.6 73.2 40.2 17.8
-27.4 73.2 40.0 17.8
-27.2 73.2 39.8 17.7
-27.0 73.2 39.5 17.7
-26.8 73.2 39.3 17.7
-26.6 73.2 39.0 17.7
-26.4 73.2 38.7 17.7
-26.2 73.2 38.4 17.7
-26.0 73.2 38.1 17.7
-25.8 73.2 37.7 17.7
-25.6 73.2 37.3 17.7
-25.4 73.2 36.8 17.7
-25.2 73.2 36.3 17.7
-25.0 73.2 35.7 17.7
-24.8 73.2 35.0 17.7
-24.6 73.2 34.2 17.7
-24.4 73.2 33.2 17.6
-24.2 73.2 32.0 17.5
-24.0 73.2 30.7 17.3
-23.8 73.2 29.1 17.0
-23.6 73.2 27.5 16.6
-23.4 73.2 25.7 16.1
-23.2 73.2 23.8 15.4
-23.0 73.2 22.0 14.5
-22.8 73.2 20.1 13.5
-22.6 73.2 18.3 12.5
-22.4 73.2 16.7 11.4
-22.2 73.2 15.2 10.3
-22.0 73.2 13.8 9.2
-21.8 73.2 12.6 8.2
-21.6 73.2 11.6 7.3
-21.4 73.2 10.8 6.5
-21.2 73.2 10.1 5.9
-21.0 73.2 9.4 5.3
-20.8 73.2 8.9 4.8
-20.6 73.2 8.4 4.4
-20.4 73.2 8.0 4.1
-20.2 73.2 7.7 3.8
-20.0 73.2 7.4 3.5
-19.8 73.2 7.1 3.3
-19.6 73.2 6.8 3.1
-19.4 73.2 6.6 2.9
-19.2 73.2 6.3 2.6
-19.0 73.2 6.1 2.4
-18.8 73.2 6.0 2.2
-18.6 73.2 5.8 1.9
-18.4 73.2 5.6 1.7
-18.2 73.2 5.5 1.5
-18.0 73.2 5.4 1.3
-17.8 73.2 5.3 1.1
-17.6 73.2 5.2 1.0
-17.4 73.2 5.2 1.0
-17.2 73.2 5.1 1.0
-17.0 73.2 5.1 1.0
-16.8 73.2 5.1 1.0
-16.6 73.2 5.0 1.0
-16.4 73.2 5.0 1.0
-16.2 73.2 5.0 1.0
-16.0 73.2 5.0 1.0
-15.8 73.2 5.0 1.0
-15.6 73.2 5.0 1.0
-15.4 73.2 5.0 1.0
-15.2 73.2 5.0 1.0
-15.0 73.2 5.0 1.0
-14.8 73.2 5.0 1.0
-14.6 73.2 5.0 1.0
-14.4 73.2 5.0 1.0
-14.2 73.2 5.0 1.0
-14.0 73.2 5.0 1.0
-13.8 73.2 5.0 1.0
-13.6 73.2 5.0 1.0
-13.4 73.2 5.0 1.0
-13.2 73.2 5.0 1.0
-13.0 73.2 5.0 1.0
-12.8 73.2 5.0 1.0
-12.6 73.2 5.0 1.0
-12.4 73.2 5.0 1.0
-12.2 73.2 5.0 1.0
-12.0 73.2 5.0 1.0
-11.8 73.2 5.0 1.0
-11.6 73.2 5.0 1.0
-11.4 73.2 5.0 1.0
-11.2 73.2 5.0 1.0
-11.0 73.2 5.0 1.0
-10.8 73.2 5.0 1.0
-10.6 73.2 5.0 1.0
-10.4 73.2 5.0 1.0
-10.2 73.2 5.0 1.0
-10.0 73.2 5.0 1.0
-9.8 73.2 5.0 1.0
-74.6 73.0 5.0 1.0
-74.4 73.0 5.0 1.0
-74.2 73.0 5.0 1.0
-74.0 73.0 5.0 1.0
-73.8 73.0 5.0 1.0
-73.6 73.0 5.0 1.0
-73.4 73.0 5.0 1.0
-73.2 73.0 5.0 1.0
-73.0 73.0 5.0 1.0
-72.8 73.0 5.0 1.0
-72.6 73.0 5.8 1.0
-72.4 73.0 6.9 1.4
-72.2 73.0 8.0 2.1
-72.0 73.0 9.2 2.8
-71.8 73.0 10.3 3.5
-71.6 73.0 11.5 4.2
-71.4 73.0 12.7 5.0
-71.2 73.0 13.9 5.7
-71.0 73.0 15.1 6.5
-70.8 73.0 16.3 7.3
-70.6 73.0 17.4 8.1
-70.4 73.0 18.5 8.8
-70.2 73.0 19.4 9.6
-70.0 73.0 20.3 10.3
-69.8 73.0 21.1 10.9
-69.6 73.0 21.7 11.5
-69.4 73.0 22.3 12.0
-69.2 73.0 22.7 12.5
-69.0 73.0 23.0 12.9
-68.8 73.0 23.2 13.2
-68.6 73.0 23.2 13.4
-68.4 73.0 23.2 13.6
-68.2 73.0 23.0 13.7
-68.0 73.0 22.8 13.7
-67.8 73.0 22.5 13.6
-67.6 73.0 22.2 13.5
-67.4 73.0 21.9 13.3
-67.2 73.0 21.5 13.1
-67.0 73.0 21.2 12.8
-66.8 73.0 20.9 12.5
-66.6 73.0 20.6 12.2
-66.4 73.0 20.2 11.8
-66.2 73.0 20.0 11.5
-66.0 73.0 19.7 11.1
-65.8 73.0 19.4 10.8
-65.6 73.0 19.1 10.4
-65.4 73.0 18.9 10.1
-65.2 73.0 18.6 9.8
-65.0 73.0 18.4 9.5
-64.8 73.0 18.2 9.2
-64.6 73.0 17.9 9.0
-64.4 73.0 17.7 8.7
-64.2 73.0 17.6 8.5
-64.0 73.0 17.4 8.4
-63.8 73.0 17.3 8.2
-63.6 73.0 17.1 8.0
-63.4 73.0 17.0 7.9
-63.2 73.0 16.9 7.8
-63.0 73.0 16.9 7.7
-62.8 73.0 16.8 7.6
-62.6 73.0 16.8 7.5
-62.4 73.0 16.8 7.4
-62.2 73.0 16.8 7.4
-62.0 73.0 16.8 7.4
-61.8 73.0 16.9 7.3
-61.6 73.0 16.9 7.4
-61.4 73.0 17.0 7.4
-61.2 73.0 17.1 7.5
-61.0 73.0 17.1 7.6
-60.8 73.0 17.2 7.7
-60.6 73.0 17.3 8.0
-60.4 73.0 17.5 8.4
-60.2 73.0 17.6 8.9
-60.0 73.0 17.9 9.5
-59.8 73.0 18.1 10.3
-59.6 73.0 18.5 11.3
-59.4 73.0 19.0 12.5
-59.2 73.0 19.6 13.8
-59.0 73.0 20.3 15.3
-58.8 73.0 21.2 16.9
-58.6 73.0 22.3 18.6
-58.4 73.0 23.6 20.3
-58.2 73.0 25.1 21.9
-58.0 73.0 26.8 23.4
-57.8 73.0 28.8 24.7
-57.6 73.0 30.8 25.7
-57.4 73.0 33.1 26.6
-57.2 73.0 35.4 27.2
-57.0 73.0 37.8 27.6
-56.8 73.0 40.2 27.7
-56.6 73.0 42.5 27.7
-56.4 73.0 44.7 27.5
-56.2 73.0 46.6 27.2
-56.0 73.0 48.4 26.9
-55.8 73.0 49.9 26.5
-55.6 73.0 51.2 26.2
-55.4 73.0 52.3 25.8
-55.2 73.0 53.1 25.5
-55.0 73.0 53.7 25.3
-54.8 73.0 54.1 25.1
-54.6 73.0 54.4 25.0
-54.4 73.0 54.6 24.9
-54.2 73.0 54.8 25.0
-54.0 73.0 54.8 25.1
-53.8 73.0 54.9 25.3
-53.6 73.0 54.9 25.5
-53.4 73.0 55.0 25.8
-53.2 73.0 55.0 26.1
-53.0 73.0 55.0 26.3
-52.8 73.0 54.9 26.6
-52.6 73.0 54.9 26.8
-52.4 73.0 54.9 26.9
-52.2 73.0 54.9 26.9
-52.0 73.0 54.8 26.9
-51.8 73.0 54.9 26.7
-51.6 73.0 54.9 26.6
-51.4 73.0 54.9 26.4
-51.2 73.0 55.0 26.1
-51.0 73.0 55.1 25.8
-50.8 73.0 55.3 25.6
-50.6 73.0 55.4 25.3
-50.4 73.0 55.6 25.0
-50.2 73.0 55.7 24.7
-50.0 73.0 55.9 24.5
-49.8 73.0 56.1 24.2
-49.6 73.0 56.2 23.9
-49.4 73.0 56.3 23.7
-49.2 73.0 56.4 23.4
-49.0 73.0 56.5 23.2
-48.8 73.0 56.5 23.1
-48.6 73.0 56.6 22.9
-48.4 73.0 56.6 22.8
-48.2 73.0 56.6 22.8
-48.0 73.0 56.6 22.7
-47.8 73.0 56.6 22.6
-47.6 73.0 56.6 22.6
-47.4 73.0 56.7 22.5
-47.2 73.0 56.6 22.4
-47.0 73.0 56.6 22.3
-46.8 73.0 56.6 22.2
-46.6 73.0 56.5 22.1
-46.4 73.0 56.5 22.0
-46.2 73.0 56.5 22.0
-46.0 73.0 56.5 21.9
-45.8 73.0 56.5 21.9
-45.6 73.0 56.6 21.9
-45.4 73.0 56.7 21.9
-45.2 73.0 56.8 22.0
-45.0 73.0 57.0 22.1
-44.8 73.0 57.2 22.2
-44.6 73.0 57.3 22.3
-44.4 73.0 57.4 22.4
-44.2 73.0 57.5 22.5
-44.0 73.0 57.5 22.5
-43.8 73.0 57.4 22.5
-43.6 73.0 57.3 22.6
-43.4 73.0 57.1 22.6
-43.2 73.0 56.8 22.6
-43.0 73.0 56.5 22.7
-42.8 73.0 56.1 22.7
-42.6 73.0 55.7 22.8
-42.4 73.0 55.3 22.9
-42.2 73.0 54.8 23.0
-42.0 73.0 54.3 23.0
-41.8 73.0 53.9 23.1
-41.6 73.0 53.5 23.2
-41.4 73.0 53.1 23.2
-41.2 73.0 52.8 23.2
-41.0 73.0 52.6 23.2
-40.8 73.0 52.4 23.2
-40.6 73.0 52.3 23.2
-40.4 73.0 52.1 23.2
-40.2 73.0 52.0 23.1
-40.0 73.0 51.8 23.1
-39.8 73.0 51.7 23.0
-39.6 73.0 51.5 23.0
-39.4 73.0 51.2 22.9
-39.2 73.0 50.9 22.8
-39.0 73.0 50.6 22.7
-38.8 73.0 50.2 22.6
-38.6 73.0 49.8 22.5
-38.4 73.0 49.3 22.3
-38.2 73.0 48.9 22.2
-38.0 73.0 48.5 22.1
-37.8 73.0 48.1 21.9
-37.6 73.0 47.8 21.8
-37.4 73.0 47.5 21.6
-37.2 73.0 47.2 21.4
-37.0 73.0 47.0 21.2
-36.8 73.0 46.8 21.0
-36.6 73.0 46.7 20.7
-36.4 73.0 46.6 20.5
-36.2 73.0 46.5 20.3
-36.0 73.0 46.4 20.2
-35.8 73.0 46.4 20.0
-35.6 73.0 46.3 19.9
-35.4 73.0 46.3 19.8
-35.2 73.0 46.2 19.7
-35.0 73.0 46.1 19.6
-34.8 73.0 46.0 19.5
-34.6 73.0 45.8 19.4
-34.4 73.0 45.5 19.3
-34.2 73.0 45.3 19.3
-34.0 73.0 45.0 19.3
-33.8 73.0 44.6 19.2
-33.6 73.0 44.3 19.2
-33.4 73.0 44.0 19.2
-33.2 73.0 43.7 19.2
-33.0 73.0 43.4 19.2
-32.8 73.0 43.1 19.2
-32.6 73.0 42.9 19.1
-32.4 73.0 42.8 19.1
-32.2 73.0 42.6 19.0
-32.0 73.0 42.5 18.9
-31.8 73.0 42.3 18.8
-31.6 73.0 42.2 18.7
-31.4 73.0 42.0 18.6
-31.2 73.0 41.9 18.6
-31.0 73.0 41.7 18.5
-30.8 73.0 41.5 18.4
-30.6 73.0 41.2 18.4
-30.4 73.0 41.0 18.4
-30.2 73.0 40.8 18.4
-30.0 73.0 40.6 18.3
-29.8 73.0 40.4 18.3
-29.6 73.0 40.3 18.3
-29.4 73.0 40.1 18.3
-29.2 73.0 40.0 18.3
-29.0 73.0 39.9 18.2
-28.8 73.0 39.8 18.1
-28.6 73.0 39.6 18.0
-28.4 73.0 39.5 17.9
-28.2 73.0 39.4 17.8
-28.0 73.0 39.2 17.7
-27.8 73.0 39.1 17.6
-27.6 73.0 38.9 17.4
-27.4 73.0 38.8 17.3
-27.2 73.0 38.6 17.3
-27.0 73.0 38.4 17.2
-26.8 73.0 38.2 17.1
-26.6 73.0 37.9 17.1
-26.4 73.0 37.7 17.1
-26.2 73.0 37.3 17.0
-26.0 73.0 37.0 17.0
-25.8 73.0 36.6 17.0
-25.6 73.0 36.2 17.0
-25.4 73.0 35.8 17.0
-25.2 73.0 35.2 17.0
-25.0 73.0 34.6 16.9
-24.8 73.0 33.9 16.9
-24.6 73.0 33.0 16.9
-24.4 73.0 32.0 16.8
-24.2 73.0 30.9 16.7
-24.0 73.0 29.5 16.5
-23.8 73.0 28.0 16.2
-23.6 73.0 26.3 15.7
-23.4 73.0 24.5 15.2
-23.2 73.0 22.6 14.4
-23.0 73.0 20.7 13.6
-22.8 73.0 18.9 12.6
-22.6 73.0 17.2 11.6
-22.4 73.0 15.6 10.5
-22.2 73.0 14.1 9.4
-22.0 73.0 12.9 8.4
-21.8 73.0 11.8 7.5
-21.6 73.0 10.8 6.6
-21.4 73.0 10.0 5.9
-21.2 73.0 9.4 5.3
-21.0 73.0 8.8 4.8
-20.8 73.0 8.3 4.4
-20.6 73.0 7.9 4.1
-20.4 73.0 7.5 3.8
-20.2 73.0 7.2 3.6
-20.0 73.0 6.9 3.4
-19.8 73.0 6.6 3.2
-19.6 73.0 6.4 2.9
-19.4 73.0 6.1 2.7
-19.2 73.0 6.0 2.5
-19.0 73.0 5.8 2.3
-18.8 73.0 5.6 2.1
-18.6 73.0 5.5 1.8
-18.4 73.0 5.4 1.6
-18.2 73.0 5.3 1.4
-18.0 73.0 5.2 1.2
-17.8 73.0 5.2 1.0
-17.6 73.0 5.1 1.0
-17.4 73.0 5.1 1.0
-17.2 73.0 5.1 1.0
-17.0 73.0 5.0 1.0
-16.8 73.0 5.0 1.0
-16.6 73.0 5.0 1.0
-16.4 73.0 5.0 1.0
-16.2 73.0 5.0 1.0
-16.0 73.0 5.0 1.0
-15.8 73.0 5.0 1.0
-15.6 73.0 5.0 1.0
-15.4 73.0 5.0 1.0
-15.2 73.0 5.0 1.0
-15.0 73.0 5.0 1.0
-14.8 73.0 5.0 1.0
-14.6 73.0 5.0 1.0
-14.4 73.0 5.0 1.0
-14.2 73.0 5.0 1.0
-14.0 73.0 5.0 1.0
-13.8 73.0 5.0 1.0
-13.6 73.0 5.0 1.0
-13.4 73.0 5.0 1.0
-13.2 73.0 5.0 1.0
-13.0 73.0 5.0 1.0
-12.8 73.0 5.0 1.0
-12.6 73.0 5.0 1.0
-12.4 73.0 5.0 1.0
-12.2 73.0 5.0 1.0
-12.0 73.0 5.0 1.0
-11.8 73.0 5.0 1.0
-11.6 73.0 5.0 1.0
-11.4 73.0 5.0 1.0
-11.2 73.0 5.0 1.0
-11.0 73.0 5.0 1.0
-10.8 73.0 5.0 1.0
-10.6 73.0 5.0 1.0
-10.4 73.0 5.0 1.0
-74.2 72.8 5.0 1.0
-74.0 72.8 5.0 1.0
-73.8 72.8 5.0 1.0
-73.6 72.8 5.0 1.0
-73.4 72.8 5.0 1.0
-73.2 72.8 5.0 1.0
-73.0 72.8 5.0 1.0
-72.8 72.8 5.0 1.0
-72.6 72.8 5.0 1.0
-72.4 72.8 5.0 1.0
-72.2 72.8 5.6 1.0
-72.0 72.8 6.4 1.0
-71.8 72.8 7.1 1.5
-71.6 72.8 7.9 2.1
-71.4 72.8 8.7 2.7
-71.2 72.8 9.5 3.3
-71.0 72.8 10.4 3.9
-70.8 72.8 11.2 4.5
-70.6 72.8 12.1 5.2
-70.4 72.8 13.0 5.9
-70.2 72.8 13.8 6.6
-70.0 72.8 14.7 7.3
-69.8 72.8 15.6 8.0
-69.6 72.8 16.4 8.7
-69.4 72.8 17.2 9.3
-69.2 72.8 17.9 9.8
-69.0 72.8 18.6 10.4
-68.8 72.8 19.3 10.8
-68.6 72.8 19.8 11.2
-68.4 72.8 20.3 11.5
-68.2 72.8 20.7 11.8
-68.0 72.8 21.1 12.0
-67.8 72.8 21.3 12.2
-67.6 72.8 21.5 12.3
-67.4 72.8 21.6 12.3
-67.2 72.8 21.6 12.3
-67.0 72.8 21.6 12.3
-66.8 72.8 21.5 12.2
-66.6 72.8 21.4 12.0
-66.4 72.8 21.3 11.8
-66.2 72.8 21.1 11.6
-66.0 72.8 20.9 11.3
-65.8 72.8 20.7 11.1
-65.6 72.8 20.5 10.8
-65.4 72.8 20.3 10.5
-65.2 72.8 20.0 10.3
-65.0 72.8 19.8 10.0
-64.8 72.8 19.5 9.8
-64.6 72.8 19.3 9.6
-64.4 72.8 19.1 9.4
-64.2 72.8 18.9 9.2
-64.0 72.8 18.7 9.1
-63.8 72.8 18.5 8.9
-63.6 72.8 18.4 8.8
-63.4 72.8 18.3 8.6
-63.2 72.8 18.1 8.5
-63.0 72.8 18.0 8.4
-62.8 72.8 18.0 8.3
-62.6 72.8 17.9 8.2
-62.4 72.8 17.8 8.1
-62.2 72.8 17.8 8.1
-62.0 72.8 17.8 8.1
-61.8 72.8 17.8 8.0
-61.6 72.8 17.8 8.1
-61.4 72.8 17.8 8.1
-61.2 72.8 17.9 8.2
-61.0 72.8 18.0 8.3
-60.8 72.8 18.0 8.5
-60.6 72.8 18.2 8.7
-60.4 72.8 18.3 9.1
-60.2 72.8 18.5 9.5
-60.0 72.8 18.7 10.1
-59.8 72.8 18.9 10.9
-59.6 72.8 19.2 11.8
-59.4 72.8 19.5 12.8
-59.2 72.8 20.0 14.0
-59.0 72.8 20.5 15.4
-58.8 72.8 21.2 16.9
-58.6 72.8 22.0 18.4
-58.4 72.8 22.9 20.0
-58.2 72.8 24.0 21.5
-58.0 72.8 25.3 23.0
-57.8 72.8 26.8 24.3
-57.6 72.8 28.5 25.4
-57.4 72.8 30.4 26.3
-57.2 72.8 32.5 27.1
-57.0 72.8 34.7 27.5
-56.8 72.8 37.0 27.8
-56.6 72.8 39.3 27.9
-56.4 72.8 41.6 27.8
-56.2 72.8 43.7 27.6
-56.0 72.8 45.7 27.4
-55.8 72.8 47.5 27.0
-55.6 72.8 49.1 26.7
-55.4 72.8 50.4 26.3
-55.2 72.8 51.5 25.9
-55.0 72.8 52.4 25.6
-54.8 72.8 53.0 25.3
-54.6 72.8 53.6 25.0
-54.4 72.8 54.0 24.9
-54.2 72.8 54.3 24.8
-54.0 72.8 54.5 24.8
-53.8 72.8 54.7 24.9
-53.6 72.8 54.8 25.0
-53.4 72.8 54.9 25.2
-53.2 72.8 55.0 25.5
-53.0 72.8 55.0 25.8
-52.8 72.8 55.0 26.0
-52.6 72.8 55.0 26.2
-52.4 72.8 54.9 26.4
-52.2 72.8 54.9 26.5
-52.0 72.8 54.8 26.5
-51.8 72.8 54.8 26.5
-51.6 72.8 54.7 26.4
-51.4 72.8 54.7 26.3
-51.2 72.8 54.7 26.1
-51.0 72.8 54.8 25.9
-50.8 72.8 54.8 25.6
-50.6 72.8 54.9 25.4
-50.4 72.8 55.0 25.1
-50.2 72.8 55.2 24.9
-50.0 72.8 55.3 24.6
-49.8 72.8 55.4 24.3
-49.6 72.8 55.6 24.0
-49.4 72.8 55.7 23.8
-49.2 72.8 55.8 23.5
-49.0 72.8 56.0 23.3
-48.8 72.8 56.1 23.2
-48.6 72.8 56.3 23.0
-48.4 72.8 56.5 23.0
-48.2 72.8 56.6 22.9
-48.0 72.8 56.8 22.9
-47.8 72.8 57.0 22.8
-47.6 72.8 57.2 22.8
-47.4 72.8 57.3 22.7
-47.2 72.8 57.4 22.6
-47.0 72.8 57.4 22.5
-46.8 72.8 57.4 22.4
-46.6 72.8 57.4 22.3
-46.4 72.8 57.4 22.2
-46.2 72.8 57.4 22.1
-46.0 72.8 57.3 22.0
-45.8 72.8 57.4 21.9
-45.6 72.8 57.4 21.9
-45.4 72.8 57.5 22.0
-45.2 72.8 57.7 22.0
-45.0 72.8 57.9 22.1
-44.8 72.8 58.1 22.2
-44.6 72.8 58.3 22.3
-44.4 72.8 58.5 22.4
-44.2 72.8 58.6 22.5
-44.0 72.8 58.6 22.6
-43.8 72.8 58.7 22.7
-43.6 72.8 58.6 22.7
-43.4 72.8 58.5 22.8
-43.2 72.8 58.2 22.9
-43.0 72.8 57.9 23.0
-42.8 72.8 57.5 23.2
-42.6 72.8 57.1 23.3
-42.4 72.8 56.5 23.4
-42.2 72.8 55.9 23.6
-42.0 72.8 55.3 23.7
-41.8 72.8 54.7 23.7
-41.6 72.8 54.1 23.8
-41.4 72.8 53.6 23.8
-41.2 72.8 53.1 23.7
-41.0 72.8 52.7 23.6
-40.8 72.8 52.4 23.5
-40.6 72.8 52.1 23.4
-40.4 72.8 51.8 23.2
-40.2 72.8 51.6 23.1
-40.0 72.8 51.4 22.9
-39.8 72.8 51.2 22.8
-39.6 72.8 50.9 22.6
-39.4 72.8 50.6 22.5
-39.2 72.8 50.2 22.3
-39.0 72.8 49.8 22.2
-38.8 72.8 49.4 22.1
-38.6 72.8 48.9 22.0
-38.4 72.8 48.4 21.9
-38.2 72.8 47.9 21.8
-38.0 72.8 47.4 21.6
-37.8 72.8 46.9 21.5
-37.6 72.8 46.5 21.3
-37.4 72.8 46.1 21.1
-37.2 72.8 45.8 20.9
-37.0 72.8 45.5 20.7
-36.8 72.8 45.3 20.5
-36.6 72.8 45.1 20.3
-36.4 72.8 45.0 20.1
-36.2 72.8 44.9 19.9
-36.0 72.8 44.8 19.7
-35.8 72.8 44.8 19.5
-35.6 72.8 44.7 19.3
-35.4 72.8 44.6 19.2
-35.2 72.8 44.5 19.1
-35.0 72.8 44.4 18.9
-34.8 72.8 44.3 18.8
-34.6 72.8 44.1 18.7
-34.4 72.8 43.8 18.7
-34.2 72.8 43.6 18.6
-34.0 72.8 43.2 18.6
-33.8 72.8 42.9 18.6
-33.6 72.8 42.5 18.6
-33.4 72.8 42.2 18.6
-33.2 72.8 41.9 18.7
-33.0 72.8 41.6 18.7
-32.8 72.8 41.3 18.7
-32.6 72.8 41.1 18.6
-32.4 72.8 40.9 18.6
-32.2 72.8 40.7 18.5
-32.0 72.8 40.6 18.4
-31.8 72.8 40.5 18.4
-31.6 72.8 40.3 18.3
-31.4 72.8 40.2 18.2
-31.2 72.8 40.0 18.2
-31.0 72.8 39.9 18.1
-30.8 72.8 39.7 18.1
-30.6 72.8 39.5 18.0
-30.4 72.8 39.3 18.0
-30.2 72.8 39.1 18.0
-30.0 72.8 38.9 17.9
-29.8 72.8 38.8 17.9
-29.6 72.8 38.6 17.9
-29.4 72.8 38.5 17.9
-29.2 72.8 38.3 17.8
-29.0 72.8 38.2 17.8
-28.8 72.8 38.1 17.7
-28.6 72.8 37.9 17.6
-28.4 72.8 37.8 17.5
-28.2 72.8 37.6 17.4
-28.0 72.8 37.5 17.3
-27.8 72.8 37.3 17.2
-27.6 72.8 37.2 17.1
-27.4 72.8 37.0 17.0
-27.2 72.8 36.9 16.9
-27.0 72.8 36.7 16.8
-26.8 72.8 36.5 16.8
-26.6 72.8 36.4 16.7
-26.4 72.8 36.1 16.6
-26.2 72.8 35.9 16.6
-26.0 72.8 35.7 16.5
-25.8 72.8 35.4 16.5
-25.6 72.8 35.0 16.4
-25.4 72.8 34.7 16.4
-25.2 72.8 34.2 16.4
-25.0 72.8 33.7 16.3
-24.8 72.8 33.0 16.3
-24.6 72.8 32.2 16.2
-24.4 72.8 31.3 16.1
-24.2 72.8 30.2 16.0
-24.0 72.8 28.9 15.7
-23.8 72.8 27.4 15.4
-23.6 72.8 25.8 14.9
-23.4 72.8 24.0 14.3
-23.2 72.8 22.2 13.6
-23.0 72.8 20.3 12.7
-22.8 72.8 18.5 11.8
-22.6 72.8 16.8 10.7
-22.4 72.8 15.2 9.7
-22.2 72.8 13.8 8.7
-22.0 72.8 12.5 7.7
-21.8 72.8 11.4 6.8
-21.6 72.8 10.5 6.0
-21.4 72.8 9.7 5.4
-21.2 72.8 9.0 4.8
-21.0 72.8 8.4 4.4
-20.8 72.8 7.9 4.1
-20.6 72.8 7.5 3.8
-20.4 72.8 7.2 3.5
-20.2 72.8 6.8 3.3
-20.0 72.8 6.6 3.1
-19.8 72.8 6.3 2.9
-19.6 72.8 6.1 2.8
-19.4 72.8 5.9 2.6
-19.2 72.8 5.7 2.4
-19.0 72.8 5.6 2.1
-18.8 72.8 5.4 1.9
-18.6 72.8 5.3 1.7
-18.4 72.8 5.2 1.5
-18.2 72.8 5.2 1.3
-18.0 72.8 5.1 1.1
-17.8 72.8 5.1 1.0
-17.6 72.8 5.1 1.0
-17.4 72.8 5.0 1.0
-17.2 72.8 5.0 1.0
-17.0 72.8 5.0 1.0
-16.8 72.8 5.0 1.0
-16.6 72.8 5.0 1.0
-16.4 72.8 5.0 1.0
-16.2 72.8 5.0 1.0
-16.0 72.8 5.0 1.0
-15.8 72.8 5.0 1.0
-15.6 72.8 5.0 1.0
-15.4 72.8 5.0 1.0
-15.2 72.8 5.0 1.0
-15.0 72.8 5.0 1.0
-14.8 72.8 5.0 1.0
-14.6 72.8 5.0 1.0
-14.4 72.8 5.0 1.0
-14.2 72.8 5.0 1.0
-14.0 72.8 5.0 1.0
-13.8 72.8 5.0 1.0
-13.6 72.8 5.0 1.0
-13.4 72.8 5.0 1.0
-13.2 72.8 5.0 1.0
-13.0 72.8 5.0 1.0
-12.8 72.8 5.0 1.0
-12.6 72.8 5.0 1.0
-12.4 72.8 5.0 1.0
-12.2 72.8 5.0 1.0
-12.0 72.8 5.0 1.0
-11.8 72.8 5.0 1.0
-11.6 72.8 5.0 1.0
-11.4 72.8 5.0 1.0
-11.2 72.8 5.0 1.0
-11.0 72.8 5.0 1.0
-10.8 72.8 5.0 1.0
-73.8 72.6 5.0 1.0
-73.6 72.6 5.0 1.0
-73.4 72.6 5.0 1.0
-73.2 72.6 5.0 1.0
-73.0 72.6 5.0 1.0
-72.8 72.6 5.0 1.0
-72.6 72.6 5.0 1.0
-72.4 72.6 5.0 1.0
-72.2 72.6 5.0 1.0
-72.0 72.6 5.0 1.0
-71.8 72.6 5.3 1.0
-71.6 72.6 5.7 1.0
-71.4 72.6 6.2 1.1
-71.2 72.6 6.7 1.5
-71.0 72.6 7.2 2.0
-70.8 72.6 7.7 2.5
-70.6 72.6 8.2 3.0
-70.4 72.6 8.7 3.5
-70.2 72.6 9.3 4.1
-70.0 72.6 10.0 4.7
-69.8 72.6 10.7 5.3
-69.6 72.6 11.4 5.9
-69.4 72.6 12.2 6.5
-69.2 72.6 13.0 7.0
-69.0 72.6 13.8 7.6
-68.8 72.6 14.7 8.1
-68.6 72.6 15.6 8.6
-68.4 72.6 16.4 9.1
-68.2 72.6 17.2 9.5
-68.0 72.6 18.0 9.9
-67.8 72.6 18.7 10.3
-67.6 72.6 19.4 10.6
-67.4 72.6 20.0 10.9
-67.2 72.6 20.5 11.1
-67.0 72.6 20.9 11.3
-66.8 72.6 21.3 11.4
-66.6 72.6 21.6 11.4
-66.4 72.6 21.8 11.4
-66.2 72.6 21.9 11.3
-66.0 72.6 22.0 11.2
-65.8 72.6 22.0 11.0
-65.6 72.6 21.9 10.9
-65.4 72.6 21.8 10.7
-65.2 72.6 21.7 10.5
-65.0 72.6 21.5 10.4
-64.8 72.6 21.3 10.2
-64.6 72.6 21.1 10.1
-64.4 72.6 20.8 9.9
-64.2 72.6 20.6 9.8
-64.0 72.6 20.4 9.7
-63.8 72.6 20.2 9.6
-63.6 72.6 20.0 9.5
-63.4 72.6 19.8 9.4
-63.2 72.6 19.7 9.3
-63.0 72.6 19.5 9.2
-62.8 72.6 19.4 9.1
-62.6 72.6 19.3 9.1
-62.4 72.6 19.2 9.0
-62.2 72.6 19.1 8.9
-62.0 72.6 19.0 8.9
-61.8 72.6 19.0 8.9
-61.6 72.6 18.9 8.9
-61.4 72.6 18.9 8.9
-61.2 72.6 19.0 9.0
-61.0 72.6 19.1 9.2
-60.8 72.6 19.2 9.3
-60.6 72.6 19.3 9.6
-60.4 72.6 19.4 9.9
-60.2 72.6 19.6 10.4
-60.0 72.6 19.8 10.9
-59.8 72.6 20.0 11.6
-59.6 72.6 20.2 12.3
-59.4 72.6 20.5 13.3
-59.2 72.6 20.8 14.3
-59.0 72.6 21.2 15.5
-58.8 72.6 21.7 16.8
-58.6 72.6 22.2 18.2
-58.4 72.6 22.9 19.7
-58.2 72.6 23.7 21.1
-58.0 72.6 24.6 22.5
-57.8 72.6 25.8 23.8
-57.6 72.6 27.1 24.9
-57.4 72.6 28.7 25.9
-57.2 72.6 30.4 26.7
-57.0 72.6 32.4 27.3
-56.8 72.6 34.5 27.7
-56.6 72.6 36.8 27.9
-56.4 72.6 39.0 27.9
-56.2 72.6 41.3 27.9
-56.0 72.6 43.4 27.7
-55.8 72.6 45.4 27.4
-55.6 72.6 47.2 27.0
-55.4 72.6 48.7 26.6
-55.2 72.6 50.0 26.2
-55.0 72.6 51.1 25.8
-54.8 72.6 52.0 25.4
-54.6 72.6 52.7 25.0
-54.4 72.6 53.3 24.7
-54.2 72.6 53.8 24.5
-54.0 72.6 54.2 24.3
-53.8 72.6 54.5 24.3
-53.6 72.6 54.8 24.3
-53.4 72.6 55.0 24.4
-53.2 72.6 55.2 24.6
-53.0 72.6 55.3 24.8
-52.8 72.6 55.3 25.1
-52.6 72.6 55.3 25.3
-52.4 72.6 55.3 25.5
-52.2 72.6 55.2 25.7
-52.0 72.6 55.1 25.8
-51.8 72.6 55.0 25.9
-51.6 72.6 54.9 25.9
-51.4 72.6 54.9 25.9
-51.2 72.6 54.8 25.7
-51.0 72.6 54.8 25.6
-50.8 72.6 54.8 25.4
-50.6 72.6 54.8 25.1
-50.4 72.6 54.8 24.8
-50.2 72.6 54.9 24.5
-50.0 72.6 55.0 24.2
-49.8 72.6 55.1 23.9
-49.6 72.6 55.2 23.6
-49.4 72.6 55.4 23.4
-49.2 72.6 55.5 23.1
-49.0 72.6 55.7 22.9
-48.8 72.6 55.9 22.8
-48.6 72.6 56.2 22.7
-48.4 72.6 56.5 22.7
-48.2 72.6 56.8 22.7
-48.0 72.6 57.0 22.8
-47.8 72.6 57.3 22.8
-47.6 72.6 57.6 22.8
-47.4 72.6 57.8 22.8
-47.2 72.6 57.9 22.8
-47.0 72.6 58.0 22.7
-46.8 72.6 58.1 22.6
-46.6 72.6 58.1 22.5
-46.4 72.6 58.0 22.4
-46.2 72.6 58.0 22.2
-46.0 72.6 58.0 22.1
-45.8 72.6 58.0 22.1
-45.6 72.6 58.0 22.0
-45.4 72.6 58.2 22.0
-45.2 72.6 58.3 22.0
-45.0 72.6 58.5 22.1
-44.8 72.6 58.6 22.2
-44.6 72.6 58.8 22.3
-44.4 72.6 59.0 22.4
-44.2 72.6 59.1 22.6
-44.0 72.6 59.2 22.7
-43.8 72.6 59.2 22.8
-43.6 72.6 59.2 23.0
-43.4 72.6 59.1 23.2
-43.2 72.6 58.9 23.4
-43.0 72.6 58.7 23.5
-42.8 72.6 58.3 23.7
-42.6 72.6 57.8 23.9
-42.4 72.6 57.3 24.1
-42.2 72.6 56.7 24.2
-42.0 72.6 56.0 24.3
-41.8 72.6 55.3 24.4
-41.6 72.6 54.6 24.4
-41.4 72.6 53.9 24.3
-41.2 72.6 53.3 24.1
-41.0 72.6 52.8 24.0
-40.8 72.6 52.4 23.8
-40.6 72.6 52.0 23.6
-40.4 72.6 51.6 23.3
-40.2 72.6 51.3 23.1
-40.0 72.6 51.0 22.8
-39.8 72.6 50.7 22.6
-39.6 72.6 50.3 22.3
-39.4 72.6 49.9 22.1
-39.2 72.6 49.4 21.9
-39.0 72.6 48.9 21.7
-38.8 72.6 48.3 21.6
-38.6 72.6 47.7 21.4
-38.4 72.6 47.1 21.3
-38.2 72.6 46.5 21.1
-38.0 72.6 45.9 21.0
-37.8 72.6 45.4 20.8
-37.6 72.6 44.9 20.6
-37.4 72.6 44.4 20.4
-37.2 72.6 44.1 20.2
-37.0 72.6 43.8 20.0
-36.8 72.6 43.5 19.8
-36.6 72.6 43.3 19.5
-36.4 72.6 43.1 19.3
-36.2 72.6 43.0 19.1
-36.0 72.6 42.9 18.9
-35.8 72.6 42.8 18.8
-35.6 72.6 42.7 18.6
-35.4 72.6 42.6 18.4
-35.2 72.6 42.4 18.3
-35.0 72.6 42.3 18.1
-34.8 72.6 42.1 18.0
-34.6 72.6 41.8 17.9
-34.4 72.6 41.5 17.8
-34.2 72.6 41.2 17.8
-34.0 72.6 40.9 17.7
-33.8 72.6 40.6 17.8
-33.6 72.6 40.2 17.8
-33.4 72.6 39.9 17.8
-33.2 72.6 39.5 17.9
-33.0 72.6 39.2 17.9
-32.8 72.6 39.0 17.9
-32.6 72.6 38.8 17.9
-32.4 72.6 38.6 17.9
-32.2 72.6 38.5 17.9
-32.0 72.6 38.4 17.8
-31.8 72.6 38.2 17.8
-31.6 72.6 38.1 17.7
-31.4 72.6 38.0 17.6
-31.2 72.6 37.9 17.6
-31.0 72.6 37.8 17.5
-30.8 72.6 37.7 17.5
-30.6 72.6 37.5 17.5
-30.4 72.6 37.4 17.4
-30.2 72.6 37.2 17.4
-30.0 72.6 37.1 17.4
-29.8 72.6 36.9 17.3
-29.6 72.6 36.8 17.3
-29.4 72.6 36.7 17.3
-29.2 72.6 36.5 17.3
-29.0 72.6 36.4 17.2
-28.8 72.6 36.3 17.2
-28.6 72.6 36.1 17.1
-28.4 72.6 36.0 17.1
-28.2 72.6 35.8 17.0
-28.0 72.6 35.7 17.0
-27.8 72.6 35.5 16.9
-27.6 72.6 35.4 16.8
-27.4 72.6 35.2 16.7
-27.2 72.6 35.1 16.6
-27.0 72.6 35.0 16.6
-26.8 72.6 34.8 16.5
-26.6 72.6 34.7 16.4
-26.4 72.6 34.6 16.4
-26.2 72.6 34.4 16.3
-26.0 72.6 34.3 16.2
-25.8 72.6 34.1 16.2
-25.6 72.6 33.8 16.1
-25.4 72.6 33.6 16.1
-25.2 72.6 33.2 16.0
-25.0 72.6 32.8 15.9
-24.8 72.6 32.3 15.9
-24.6 72.6 31.6 15.7
-24.4 72.6 30.8 15.6
-24.2 72.6 29.8 15.4
-24.0 72.6 28.6 15.1
-23.8 72.6 27.2 14.8
-23.6 72.6 25.7 14.3
-23.4 72.6 24.0 13.7
-23.2 72.6 22.2 12.9
-23.0 72.6 20.4 12.0
-22.8 72.6 18.6 11.1
-22.6 72.6 16.9 10.1
-22.4 72.6 15.3 9.0
-22.2 72.6 13.8 8.0
-22.0 72.6 12.5 7.1
-21.8 72.6 11.4 6.3
-21.6 72.6 10.4 5.6
-21.4 72.6 9.6 5.0
-21.2 72.6 8.9 4.5
-21.0 72.6 8.3 4.1
-20.8 72.6 7.8 3.8
-20.6 72.6 7.4 3.5
-20.4 72.6 7.0 3.3
-20.2 72.6 6.7 3.1
-20.0 72.6 6.4 2.9
-19.8 72.6 6.1 2.7
-19.6 72.6 5.9 2.5
-19.4 72.6 5.7 2.3
-19.2 72.6 5.6 2.1
-19.0 72.6 5.4 1.9
-18.8 72.6 5.3 1.7
-18.6 72.6 5.2 1.5
-18.4 72.6 5.2 1.3
-18.2 72.6 5.1 1.1
-18.0 72.6 5.1 1.0
-17.8 72.6 5.1 1.0
-17.6 72.6 5.0 1.0
-17.4 72.6 5.0 1.0
-17.2 72.6 5.0 1.0
-17.0 72.6 5.0 1.0
-16.8 72.6 5.0 1.0
-16.6 72.6 5.0 1.0
-16.4 72.6 5.0 1.0
-16.2 72.6 5.0 1.0
-16.0 72.6 5.0 1.0
-15.8 72.6 5.0 1.0
-15.6 72.6 5.0 1.0
-15.4 72.6 5.0 1.0
-15.2 72.6 5.0 1.0
-15.0 72.6 5.0 1.0
-14.8 72.6 5.0 1.0
-14.6 72.6 5.0 1.0
-14.4 72.6 5.0 1.0
-14.2 72.6 5.0 1.0
-14.0 72.6 5.0 1.0
-13.8 72.6 5.0 1.0
-13.6 72.6 5.0 1.0
-13.4 72.6 5.0 1.0
-13.2 72.6 5.0 1.0
-13.0 72.6 5.0 1.0
-12.8 72.6 5.0 1.0
-12.6 72.6 5.0 1.0
-12.4 72.6 5.0 1.0
-12.2 72.6 5.0 1.0
-12.0 72.6 5.0 1.0
-11.8 72.6 5.0 1.0
-11.6 72.6 5.0 1.0
-11.4 72.6 5.0 1.0
-11.2 72.6 5.0 1.0
-73.6 72.4 5.0 1.0
-73.4 72.4 5.0 1.0
-73.2 72.4 5.0 1.0
-73.0 72.4 5.0 1.0
-72.8 72.4 5.0 1.0
-72.6 72.4 5.0 1.0
-72.4 72.4 5.0 1.0
-72.2 72.4 5.0 1.0
-72.0 72.4 5.0 1.0
-71.8 72.4 5.0 1.0
-71.6 72.4 5.0 1.0
-71.4 72.4 5.0 1.0
-71.2 72.4 5.2 1.0
-71.0 72.4 5.5 1.0
-70.8 72.4 5.8 1.2
-70.6 72.4 6.0 1.5
-70.4 72.4 6.3 1.9
-70.2 72.4 6.6 2.3
-70.0 72.4 7.0 2.7
-69.8 72.4 7.5 3.2
-69.6 72.4 8.0 3.7
-69.4 72.4 8.6 4.1
-69.2 72.4 9.2 4.6
-69.0 72.4 10.0 5.1
-68.8 72.4 10.8 5.6
-68.6 72.4 11.7 6.1
-68.4 72.4 12.6 6.7
-68.2 72.4 13.6 7.2
-68.0 72.4 14.6 7.7
-67.8 72.4 15.6 8.3
-67.6 72.4 16.6 8.7
-67.4 72.4 17.6 9.2
-67.2 72.4 18.5 9.6
-67.0 72.4 19.4 10.0
-66.8 72.4 20.2 10.2
-66.6 72.4 20.9 10.5
-66.4 72.4 21.5 10.6
-66.2 72.4 22.1 10.7
-66.0 72.4 22.5 10.7
-65.8 72.4 22.9 10.7
-65.6 72.4 23.1 10.6
-65.4 72.4 23.3 10.5
-65.2 72.4 23.3 10.5
-65.0 72.4 23.3 10.4
-64.8 72.4 23.2 10.3
-64.6 72.4 23.1 10.3
-64.4 72.4 22.9 10.3
-64.2 72.4 22.6 10.3
-64.0 72.4 22.4 10.3
-63.8 72.4 22.1 10.3
-63.6 72.4 21.9 10.3
-63.4 72.4 21.6 10.2
-63.2 72.4 21.4 10.2
-63.0 72.4 21.1 10.1
-62.8 72.4 20.9 10.1
-62.6 72.4 20.8 10.0
-62.4 72.4 20.6 9.9
-62.2 72.4 20.5 9.9
-62.0 72.4 20.4 9.8
-61.8 72.4 20.3 9.8
-61.6 72.4 20.2 9.8
-61.4 72.4 20.2 9.9
-61.2 72.4 20.2 9.9
-61.0 72.4 20.3 10.1
-60.8 72.4 20.4 10.3
-60.6 72.4 20.5 10.5
-60.4 72.4 20.6 10.8
-60.2 72.4 20.7 11.2
-60.0 72.4 20.9 11.6
-59.8 72.4 21.1 12.2
-59.6 72.4 21.3 12.8
-59.4 72.4 21.5 13.6
-59.2 72.4 21.8 14.5
-59.0 72.4 22.1 15.5
-58.8 72.4 22.4 16.6
-58.6 72.4 22.8 17.8
-58.4 72.4 23.3 19.1
-58.2 72.4 23.9 20.4
-58.0 72.4 24.6 21.6
-57.8 72.4 25.4 22.8
-57.6 72.4 26.5 23.9
-57.4 72.4 27.7 24.9
-57.2 72.4 29.2 25.7
-57.0 72.4 30.9 26.4
-56.8 72.4 32.8 26.9
-56.6 72.4 34.9 27.3
-56.4 72.4 37.1 27.5
-56.2 72.4 39.3 27.5
-56.0 72.4 41.5 27.4
-55.8 72.4 43.5 27.2
-55.6 72.4 45.4 26.9
-55.4 72.4 47.2 26.6
-55.2 72.4 48.7 26.1
-55.0 72.4 49.9 25.7
-54.8 72.4 51.0 25.2
-54.6 72.4 51.9 24.7
-54.4 72.4 52.7 24.3
-54.2 72.4 53.4 24.0
-54.0 72.4 53.9 23.7
-53.8 72.4 54.4 23.5
-53.6 72.4 54.8 23.5
-53.4 72.4 55.2 23.5
-53.2 72.4 55.5 23.6
-53.0 72.4 55.7 23.7
-52.8 72.4 55.8 24.0
-52.6 72.4 55.9 24.2
-52.4 72.4 55.9 24.5
-52.2 72.4 55.9 24.7
-52.0 72.4 55.8 25.0
-51.8 72.4 55.7 25.1
-51.6 72.4 55.6 25.2
-51.4 72.4 55.4 25.2
-51.2 72.4 55.3 25.1
-51.0 72.4 55.2 25.0
-50.8 72.4 55.1 24.8
-50.6 72.4 55.0 24.5
-50.4 72.4 54.9 24.1
-50.2 72.4 54.9 23.8
-50.0 72.4 54.9 23.4
-49.8 72.4 54.9 23.0
-49.6 72.4 55.0 22.7
-49.4 72.4 55.1 22.4
-49.2 72.4 55.2 22.2
-49.0 72.4 55.4 22.0
-48.8 72.4 55.6 21.9
-48.6 72.4 55.9 21.9
-48.4 72.4 56.2 22.0
-48.2 72.4 56.5 22.1
-48.0 72.4 56.9 22.3
-47.8 72.4 57.2 22.4
-47.6 72.4 57.5 22.6
-47.4 72.4 57.7 22.7
-47.2 72.4 57.9 22.8
-47.0 72.4 58.0 22.9
-46.8 72.4 58.1 22.9
-46.6 72.4 58.1 22.8
-46.4 72.4 58.1 22.8
-46.2 72.4 58.1 22.7
-46.0 72.4 58.1 22.6
-45.8 72.4 58.1 22.5
-45.6 72.4 58.2 22.4
-45.4 72.4 58.2 22.4
-45.2 72.4 58.3 22.4
-45.0 72.4 58.4 22.4
-44.8 72.4 58.5 22.5
-44.6 72.4 58.5 22.6
-44.4 72.4 58.6 22.7
-44.2 72.4 58.6 22.8
-44.0 72.4 58.7 23.0
-43.8 72.4 58.7 23.1
-43.6 72.4 58.6 23.3
-43.4 72.4 58.6 23.5
-43.2 72.4 58.4 23.7
-43.0 72.4 58.2 23.9
-42.8 72.4 57.9 24.1
-42.6 72.4 57.6 24.2
-42.4 72.4 57.1 24.4
-42.2 72.4 56.6 24.5
-42.0 72.4 56.0 24.6
-41.8 72.4 55.3 24.6
-41.6 72.4 54.7 24.6
-41.4 72.4 54.0 24.5
-41.2 72.4 53.4 24.3
-41.0 72.4 52.9 24.1
-40.8 72.4 52.4 23.9
-40.6 72.4 51.9 23.6
-40.4 72.4 51.4 23.3
-40.2 72.4 51.0 23.0
-40.0 72.4 50.5 22.7
-39.8 72.4 50.0 22.4
-39.6 72.4 49.4 22.0
-39.4 72.4 48.8 21.7
-39.2 72.4 48.2 21.4
-39.0 72.4 47.5 21.2
-38.8 72.4 46.8 20.9
-38.6 72.4 46.1 20.7
-38.4 72.4 45.4 20.5
-38.2 72.4 44.7 20.3
-38.0 72.4 44.0 20.0
-37.8 72.4 43.4 19.8
-37.6 72.4 42.9 19.6
-37.4 72.4 42.4 19.3
-37.2 72.4 42.0 19.1
-37.0 72.4 41.7 18.9
-36.8 72.4 41.4 18.7
-36.6 72.4 41.2 18.4
-36.4 72.4 41.0 18.2
-36.2 72.4 40.8 18.0
-36.0 72.4 40.6 17.9
-35.8 72.4 40.5 17.7
-35.6 72.4 40.3 17.5
-35.4 72.4 40.1 17.4
-35.2 72.4 39.9 17.3
-35.0 72.4 39.7 17.1
-34.8 72.4 39.5 17.0
-34.6 72.4 39.2 16.9
-34.4 72.4 38.9 16.8
-34.2 72.4 38.6 16.8
-34.0 72.4 38.3 16.7
-33.8 72.4 38.0 16.8
-33.6 72.4 37.7 16.8
-33.4 72.4 37.4 16.8
-33.2 72.4 37.1 16.9
-33.0 72.4 36.9 17.0
-32.8 72.4 36.7 17.0
-32.6 72.4 36.5 17.1
-32.4 72.4 36.4 17.1
-32.2 72.4 36.3 17.1
-32.0 72.4 36.2 17.1
-31.8 72.4 36.1 17.1
-31.6 72.4 36.0 17.0
-31.4 72.4 36.0 17.0
-31.2 72.4 35.9 17.0
-31.0 72.4 35.8 16.9
-30.8 72.4 35.7 16.9
-30.6 72.4 35.6 16.8
-30.4 72.4 35.5 16.8
-30.2 72.4 35.4 16.7
-30.0 72.4 35.4 16.7
-29.8 72.4 35.3 16.7
-29.6 72.4 35.2 16.7
-29.4 72.4 35.1 16.7
-29.2 72.4 35.0 16.6
-29.0 72.4 34.9 16.6
-28.8 72.4 34.7 16.6
-28.6 72.4 34.6 16.6
-28.4 72.4 34.5 16.6
-28.2 72.4 34.3 16.5
-28.0 72.4 34.2 16.5
-27.8 72.4 34.0 16.4
-27.6 72.4 33.9 16.4
-27.4 72.4 33.8 16.3
-27.2 72.4 33.7 16.3
-27.0 72.4 33.6 16.2
-26.8 72.4 33.5 16.2
-26.6 72.4 33.4 16.1
-26.4 72.4 33.3 16.1
-26.2 72.4 33.2 16.0
-26.0 72.4 33.1 16.0
-25.8 72.4 32.9 15.9
-25.6 72.4 32.8 15.9
-25.4 72.4 32.6 15.8
-25.2 72.4 32.3 15.8
-25.0 72.4 31.9 15.7
-24.8 72.4 31.5 15.6
-24.6 72.4 30.9 15.4
-24.4 72.4 30.2 15.2
-24.2 72.4 29.2 15.0
-24.0 72.4 28.2 14.7
-23.8 72.4 26.9 14.3
-23.6 72.4 25.4 13.8
-23.4 72.4 23.8 13.1
-23.2 72.4 22.1 12.3
-23.0 72.4 20.3 11.4
-22.8 72.4 18.6 10.5
-22.6 72.4 16.9 9.5
-22.4 72.4 15.3 8.5
-22.2 72.4 13.9 7.5
-22.0 72.4 12.6 6.6
-21.8 72.4 11.5 5.9
-21.6 72.4 10.5 5.2
-21.4 72.4 9.7 4.6
-21.2 72.4 9.0 4.2
-21.0 72.4 8.4 3.8
-20.8 72.4 7.8 3.5
-20.6 72.4 7.4 3.3
-20.4 72.4 7.0 3.1
-20.2 72.4 6.6 2.9
-20.0 72.4 6.3 2.7
-19.8 72.4 6.1 2.5
-19.6 72.4 5.8 2.3
-19.4 72.4 5.7 2.1
-19.2 72.4 5.5 1.9
-19.0 72.4 5.4 1.6
-18.8 72.4 5.3 1.4
-18.6 72.4 5.2 1.3
-18.4 72.4 5.1 1.1
-18.2 72.4 5.1 1.0
-18.0 72.4 5.1 1.0
-17.8 72.4 5.0 1.0
-17.6 72.4 5.0 1.0
-17.4 72.4 5.0 1.0
-17.2 72.4 5.0 1.0
-17.0 72.4 5.0 1.0
-16.8 72.4 5.0 1.0
-16.6 72.4 5.0 1.0
-16.4 72.4 5.0 1.0
-16.2 72.4 5.0 1.0
-16.0 72.4 5.0 1.0
-15.8 72.4 5.0 1.0
-15.6 72.4 5.0 1.0
-15.4 72.4 5.0 1.0
-15.2 72.4 5.0 1.0
-15.0 72.4 5.0 1.0
-14.8 72.4 5.0 1.0
-14.6 72.4 5.0 1.0
-14.4 72.4 5.0 1.0
-14.2 72.4 5.0 1.0
-14.0 72.4 5.0 1.0
-13.8 72.4 5.0 1.0
-13.6 72.4 5.0 1.0
-13.4 72.4 5.0 1.0
-13.2 72.4 5.0 1.0
-13.0 72.4 5.0 1.0
-12.8 72.4 5.0 1.0
-12.6 72.4 5.0 1.0
-12.4 72.4 5.0 1.0
-12.2 72.4 5.0 1.0
-12.0 72.4 5.0 1.0
-11.8 72.4 5.0 1.0
-11.6 72.4 5.0 1.0
-11.4 72.4 5.0 1.0
-73.2 72.2 5.0 1.0
-73.0 72.2 5.0 1.0
-72.8 72.2 5.0 1.0
-72.6 72.2 5.0 1.0
-72.4 72.2 5.0 1.0
-72.2 72.2 5.0 1.0
-72.0 72.2 5.0 1.0
-71.8 72.2 5.0 1.0
-71.6 72.2 5.0 1.0
-71.4 72.2 5.0 1.0
-71.2 72.2 5.0 1.0
-71.0 72.2 5.0 1.0
-70.8 72.2 5.0 1.0
-70.6 72.2 5.1 1.0
-70.4 72.2 5.3 1.0
-70.2 72.2 5.5 1.3
-70.0 72.2 5.7 1.6
-69.8 72.2 5.9 1.9
-69.6 72.2 6.3 2.2
-69.4 72.2 6.6 2.6
-69.2 72.2 7.1 2.9
-69.0 72.2 7.6 3.3
-68.8 72.2 8.2 3.7
-68.6 72.2 9.0 4.2
-68.4 72.2 9.7 4.7
-68.2 72.2 10.6 5.2
-68.0 72.2 11.6 5.7
-67.8 72.2 12.6 6.3
-67.6 72.2 13.7 6.9
-67.4 72.2 14.8 7.4
-67.2 72.2 15.9 8.0
-67.0 72.2 17.1 8.5
-66.8 72.2 18.2 8.9
-66.6 72.2 19.3 9.3
-66.4 72.2 20.4 9.6
-66.2 72.2 21.4 9.8
-66.0 72.2 22.2 9.9
-65.8 72.2 23.0 10.1
-65.6 72.2 23.6 10.1
-65.4 72.2 24.1 10.1
-65.2 72.2 24.5 10.2
-65.0 72.2 24.7 10.2
-64.8 72.2 24.9 10.2
-64.6 72.2 24.8 10.3
-64.4 72.2 24.7 10.4
-64.2 72.2 24.6 10.5
-64.0 72.2 24.3 10.6
-63.8 72.2 24.0 10.7
-63.6 72.2 23.7 10.7
-63.4 72.2 23.4 10.8
-63.2 72.2 23.1 10.8
-63.0 72.2 22.9 10.8
-62.8 72.2 22.6 10.8
-62.6 72.2 22.3 10.8
-62.4 72.2 22.1 10.7
-62.2 72.2 21.9 10.7
-62.0 72.2 21.7 10.7
-61.8 72.2 21.6 10.6
-61.6 72.2 21.5 10.6
-61.4 72.2 21.5 10.7
-61.2 72.2 21.4 10.7
-61.0 72.2 21.4 10.8
-60.8 72.2 21.5 11.0
-60.6 72.2 21.5 11.2
-60.4 72.2 21.6 11.4
-60.2 72.2 21.8 11.7
-60.0 72.2 21.9 12.0
-59.8 72.2 22.0 12.5
-59.6 72.2 22.2 13.0
-59.4 72.2 22.4 13.6
-59.2 72.2 22.6 14.3
-59.0 72.2 22.8 15.1
-58.8 72.2 23.1 16.0
-58.6 72.2 23.4 17.0
-58.4 72.2 23.8 18.1
-58.2 72.2 24.2 19.1
-58.0 72.2 24.7 20.2
-57.8 72.2 25.4 21.3
-57.6 72.2 26.2 22.4
-57.4 72.2 27.2 23.3
-57.2 72.2 28.4 24.2
-57.0 72.2 29.9 24.9
-56.8 72.2 31.5 25.6
-56.6 72.2 33.4 26.1
-56.4 72.2 35.4 26.4
-56.2 72.2 37.5 26.6
-56.0 72.2 39.6 26.6
-55.8 72.2 41.7 26.6
-55.6 72.2 43.7 26.4
-55.4 72.2 45.6 26.1
-55.2 72.2 47.2 25.7
-55.0 72.2 48.7 25.2
-54.8 72.2 50.0 24.8
-54.6 72.2 51.1 24.3
-54.4 72.2 52.0 23.8
-54.2 72.2 52.9 23.4
-54.0 72.2 53.6 23.1
-53.8 72.2 54.2 22.8
-53.6 72.2 54.8 22.7
-53.4 72.2 55.3 22.6
-53.2 72.2 55.8 22.7
-53.0 72.2 56.2 22.8
-52.8 72.2 56.4 23.0
-52.6 72.2 56.7 23.2
-52.4 72.2 56.8 23.5
-52.2 72.2 56.8 23.8
-52.0 72.2 56.8 24.1
-51.8 72.2 56.7 24.3
-51.6 72.2 56.6 24.5
-51.4 72.2 56.4 24.5
-51.2 72.2 56.1 24.5
-51.0 72.2 55.9 24.4
-50.8 72.2 55.6 24.1
-50.6 72.2 55.4 23.8
-50.4 72.2 55.1 23.4
-50.2 72.2 54.9 23.0
-50.0 72.2 54.7 22.6
-49.8 72.2 54.6 22.2
-49.6 72.2 54.5 21.8
-49.4 72.2 54.5 21.5
-49.2 72.2 54.5 21.3
-49.0 72.2 54.7 21.1
-48.8 72.2 54.9 21.1
-48.6 72.2 55.1 21.2
-48.4 72.2 55.4 21.3
-48.2 72.2 55.8 21.6
-48.0 72.2 56.1 21.9
-47.8 72.2 56.4 22.2
-47.6 72.2 56.7 22.5
-47.4 72.2 57.0 22.8
-47.2 72.2 57.2 23.1
-47.0 72.2 57.4 23.3
-46.8 72.2 57.5 23.4
-46.6 72.2 57.5 23.5
-46.4 72.2 57.6 23.5
-46.2 72.2 57.6 23.5
-46.0 72.2 57.6 23.4
-45.8 72.2 57.7 23.3
-45.6 72.2 57.7 23.3
-45.4 72.2 57.7 23.3
-45.2 72.2 57.8 23.2
-45.0 72.2 57.8 23.3
-44.8 72.2 57.7 23.3
-44.6 72.2 57.7 23.4
-44.4 72.2 57.6 23.4
-44.2 72.2 57.5 23.5
-44.0 72.2 57.5 23.6
-43.8 72.2 57.4 23.6
-43.6 72.2 57.3 23.7
-43.4 72.2 57.2 23.8
-43.2 72.2 57.1 23.9
-43.0 72.2 57.0 23.9
-42.8 72.2 56.8 24.0
-42.6 72.2 56.5 24.1
-42.4 72.2 56.2 24.2
-42.2 72.2 55.8 24.3
-42.0 72.2 55.4 24.3
-41.8 72.2 54.9 24.4
-41.6 72.2 54.4 24.3
-41.4 72.2 53.8 24.3
-41.2 72.2 53.3 24.1
-41.0 72.2 52.7 24.0
-40.8 72.2 52.1 23.7
-40.6 72.2 51.5 23.4
-40.4 72.2 50.9 23.1
-40.2 72.2 50.3 22.8
-40.0 72.2 49.6 22.4
-39.8 72.2 48.9 22.0
-39.6 72.2 48.1 21.5
-39.4 72.2 47.3 21.1
-39.2 72.2 46.5 20.7
-39.0 72.2 45.6 20.4
-38.8 72.2 44.8 20.0
-38.6 72.2 44.0 19.7
-38.4 72.2 43.2 19.4
-38.2 72.2 42.4 19.1
-38.0 72.2 41.8 18.8
-37.8 72.2 41.2 18.5
-37.6 72.2 40.6 18.3
-37.4 72.2 40.2 18.0
-37.2 72.2 39.8 17.8
-37.0 72.2 39.4 17.6
-36.8 72.2 39.1 17.3
-36.6 72.2 38.8 17.1
-36.4 72.2 38.6 17.0
-36.2 72.2 38.4 16.8
-36.0 72.2 38.1 16.6
-35.8 72.2 37.9 16.5
-35.6 72.2 37.7 16.4
-35.4 72.2 37.5 16.2
-35.2 72.2 37.3 16.1
-35.0 72.2 37.0 16.0
-34.8 72.2 36.8 15.9
-34.6 72.2 36.5 15.8
-34.4 72.2 36.3 15.8
-34.2 72.2 36.0 15.7
-34.0 72.2 35.8 15.7
-33.8 72.2 35.6 15.7
-33.6 72.2 35.4 15.8
-33.4 72.2 35.1 15.9
-33.2 72.2 35.0 15.9
-33.0 72.2 34.8 16.0
-32.8 72.2 34.7 16.1
-32.6 72.2 34.5 16.2
-32.4 72.2 34.4 16.3
-32.2 72.2 34.4 16.3
-32.0 72.2 34.3 16.3
-31.8 72.2 34.2 16.3
-31.6 72.2 34.2 16.3
-31.4 72.2 34.1 16.3
-31.2 72.2 34.1 16.2
-31.0 72.2 34.1 16.2
-30.8 72.2 34.0 16.1
-30.6 72.2 34.0 16.1
-30.4 72.2 34.0 16.0
-30.2 72.2 33.9 16.0
-30.0 72.2 33.9 16.0
-29.8 72.2 33.8 16.0
-29.6 72.2 33.8 16.0
-29.4 72.2 33.7 16.0
-29.2 72.2 33.7 16.0
-29.0 72.2 33.6 16.0
-28.8 72.2 33.5 16.0
-28.6 72.2 33.4 15.9
-28.4 72.2 33.3 15.9
-28.2 72.2 33.2 15.9
-28.0 72.2 33.1 15.9
-27.8 72.2 32.9 15.8
-27.6 72.2 32.8 15.8
-27.4 72.2 32.7 15.8
-27.2 72.2 32.6 15.7
-27.0 72.2 32.5 15.7
-26.8 72.2 32.5 15.6
-26.6 72.2 32.4 15.6
-26.4 72.2 32.3 15.6
-26.2 72.2 32.2 15.5
-26.0 72.2 32.1 15.5
-25.8 72.2 32.0 15.5
-25.6 72.2 31.8 15.4
-25.4 72.2 31.6 15.4
-25.2 72.2 31.3 15.3
-25.0 72.2 31.0 15.3
-24.8 72.2 30.6 15.2
-24.6 72.2 30.0 15.0
-24.4 72.2 29.4 14.8
-24.2 72.2 28.5 14.6
-24.0 72.2 27.5 14.2
-23.8 72.2 26.2 13.8
-23.6 72.2 24.8 13.2
-23.4 72.2 23.3 12.5
-23.2 72.2 21.7 11.7
-23.0 72.2 20.0 10.8
-22.8 72.2 18.3 9.9
-22.6 72.2 16.7 8.9
-22.4 72.2 15.2 7.9
-22.2 72.2 13.8 7.0
-22.0 72.2 12.6 6.2
-21.8 72.2 11.5 5.5
-21.6 72.2 10.6 4.9
-21.4 72.2 9.7 4.4
-21.2 72.2 9.0 4.0
-21.0 72.2 8.4 3.6
-20.8 72.2 7.9 3.4
-20.6 72.2 7.4 3.1
-20.4 72.2 7.0 2.9
-20.2 72.2 6.6 2.7
-20.0 72.2 6.3 2.4
-19.8 72.2 6.0 2.2
-19.6 72.2 5.8 2.0
-19.4 72.2 5.6 1.8
-19.2 72.2 5.4 1.5
-19.0 72.2 5.3 1.3
-18.8 72.2 5.2 1.1
-18.6 72.2 5.2 1.0
-18.4 72.2 5.1 1.0
-18.2 72.2 5.1 1.0
-18.0 72.2 5.0 1.0
-17.8 72.2 5.0 1.0
-17.6 72.2 5.0 1.0
-17.4 72.2 5.0 1.0
-17.2 72.2 5.0 1.0
-17.0 72.2 5.0 1.0
-16.8 72.2 5.0 1.0
-16.6 72.2 5.0 1.0
-16.4 72.2 5.0 1.0
-16.2 72.2 5.0 1.0
-16.0 72.2 5.0 1.0
-15.8 72.2 5.0 1.0
-15.6 72.2 5.1 1.0
-15.4 72.2 5.1 1.0
-15.2 72.2 5.1 1.0
-15.0 72.2 5.1 1.0
-14.8 72.2 5.1 1.0
-14.6 72.2 5.1 1.0
-14.4 72.2 5.0 1.0
-14.2 72.2 5.0 1.0
-14.0 72.2 5.0 1.0
-13.8 72.2 5.0 1.0
-13.6 72.2 5.0 1.0
-13.4 72.2 5.0 1.0
-13.2 72.2 5.0 1.0
-13.0 72.2 5.0 1.0
-12.8 72.2 5.0 1.0
-12.6 72.2 5.0 1.0
-12.4 72.2 5.0 1.0
-12.2 72.2 5.0 1.0
-12.0 72.2 5.0 1.0
-11.8 72.2 5.0 1.0
-72.8 72.0 5.0 1.0
-72.6 72.0 5.0 1.0
-72.4 72.0 5.0 1.0
-72.2 72.0 5.0 1.0
-72.0 72.0 5.0 1.0
-71.8 72.0 5.0 1.0
-71.6 72.0 5.0 1.0
-71.4 72.0 5.0 1.0
-71.2 72.0 5.0 1.0
-71.0 72.0 5.0 1.0
-70.8 72.0 5.0 1.0
-70.6 72.0 5.0 1.0
-70.4 72.0 5.0 1.0
-70.2 72.0 5.1 1.0
-70.0 72.0 5.3 1.1
-69.8 72.0 5.4 1.3
-69.6 72.0 5.6 1.5
-69.4 72.0 5.9 1.7
-69.2 72.0 6.2 1.9
-69.0 72.0 6.5 2.2
-68.8 72.0 6.9 2.5
-68.6 72.0 7.3 2.8
-68.4 72.0 7.9 3.2
-68.2 72.0 8.5 3.6
-68.0 72.0 9.2 4.1
-67.8 72.0 10.1 4.6
-67.6 72.0 11.0 5.2
-67.4 72.0 12.0 5.7
-67.2 72.0 13.1 6.3
-67.0 72.0 14.3 6.9
-66.8 72.0 15.6 7.4
-66.6 72.0 16.8 7.9
-66.4 72.0 18.1 8.3
-66.2 72.0 19.4 8.7
-66.0 72.0 20.6 9.0
-65.8 72.0 21.7 9.2
-65.6 72.0 22.7 9.4
-65.4 72.0 23.6 9.6
-65.2 72.0 24.3 9.7
-65.0 72.0 24.9 9.9
-64.8 72.0 25.3 10.0
-64.6 72.0 25.6 10.1
-64.4 72.0 25.7 10.3
-64.2 72.0 25.7 10.4
-64.0 72.0 25.6 10.5
-63.8 72.0 25.4 10.7
-63.6 72.0 25.2 10.8
-63.4 72.0 24.9 10.9
-63.2 72.0 24.6 11.0
-63.0 72.0 24.3 11.1
-62.8 72.0 24.0 11.1
-62.6 72.0 23.7 11.1
-62.4 72.0 23.5 11.1
-62.2 72.0 23.2 11.1
-62.0 72.0 23.0 11.1
-61.8 72.0 22.8 11.1
-61.6 72.0 22.6 11.1
-61.4 72.0 22.5 11.1
-61.2 72.0 22.4 11.1
-61.0 72.0 22.4 11.2
-60.8 72.0 22.4 11.3
-60.6 72.0 22.4 11.4
-60.4 72.0 22.4 11.6
-60.2 72.0 22.5 11.8
-60.0 72.0 22.6 12.0
-59.8 72.0 22.7 12.3
-59.6 72.0 22.8 12.7
-59.4 72.0 23.0 13.2
-59.2 72.0 23.1 13.7
-59.0 72.0 23.3 14.3
-58.8 72.0 23.5 15.0
-58.6 72.0 23.8 15.8
-58.4 72.0 24.0 16.6
-58.2 72.0 24.3 17.5
-58.0 72.0 24.7 18.5
-57.8 72.0 25.2 19.4
-57.6 72.0 25.8 20.4
-57.4 72.0 26.6 21.3
-57.2 72.0 27.5 22.2
-57.0 72.0 28.7 23.0
-56.8 72.0 30.1 23.8
-56.6 72.0 31.7 24.4
-56.4 72.0 33.5 24.9
-56.2 72.0 35.4 25.3
-56.0 72.0 37.5 25.5
-55.8 72.0 39.6 25.6
-55.6 72.0 41.6 25.6
-55.4 72.0 43.6 25.4
-55.2 72.0 45.4 25.1
-55.0 72.0 47.1 24.8
-54.8 72.0 48.6 24.4
-54.6 72.0 49.9 23.9
-54.4 72.0 51.1 23.5
-54.2 72.0 52.1 23.1
-54.0 72.0 53.0 22.7
-53.8 72.0 53.8 22.4
-53.6 72.0 54.5 22.2
-53.4 72.0 55.2 22.1
-53.2 72.0 55.8 22.1
-53.0 72.0 56.3 22.2
-52.8 72.0 56.7 22.3
-52.6 72.0 57.0 22.6
-52.4 72.0 57.3 22.9
-52.2 72.0 57.4 23.2
-52.0 72.0 57.5 23.5
-51.8 72.0 57.4 23.7
-51.6 72.0 57.3 23.9
-51.4 72.0 57.0 24.0
-51.2 72.0 56.7 24.0
-51.0 72.0 56.3 23.9
-50.8 72.0 55.8 23.7
-50.6 72.0 55.4 23.5
-50.4 72.0 54.9 23.1
-50.2 72.0 54.5 22.7
-50.0 72.0 54.1 22.4
-49.8 72.0 53.8 22.0
-49.6 72.0 53.6 21.6
-49.4 72.0 53.5 21.4
-49.2 72.0 53.5 21.1
-49.0 72.0 53.5 21.0
-48.8 72.0 53.7 21.0
-48.6 72.0 53.9 21.1
-48.4 72.0 54.2 21.3
-48.2 72.0 54.6 21.6
-48.0 72.0 54.9 22.0
-47.8 72.0 55.3 22.4
-47.6 72.0 55.6 22.8
-47.4 72.0 55.9 23.2
-47.2 72.0 56.1 23.5
-47.0 72.0 56.3 23.8
-46.8 72.0 56.4 24.0
-46.6 72.0 56.5 24.2
-46.4 72.0 56.5 24.3
-46.2 72.0 56.6 24.3
-46.0 72.0 56.6 24.3
-45.8 72.0 56.7 24.3
-45.6 72.0 56.7 24.3
-45.4 72.0 56.7 24.3
-45.2 72.0 56.7 24.3
-45.0 72.0 56.7 24.3
-44.8 72.0 56.6 24.3
-44.6 72.0 56.5 24.3
-44.4 72.0 56.4 24.3
-44.2 72.0 56.3 24.3
-44.0 72.0 56.2 24.2
-43.8 72.0 56.1 24.2
-43.6 72.0 56.0 24.1
-43.4 72.0 56.0 24.0
-43.2 72.0 55.9 23.9
-43.0 72.0 55.8 23.9
-42.8 72.0 55.7 23.8
-42.6 72.0 55.6 23.8
-42.4 72.0 55.3 23.8
-42.2 72.0 55.1 23.9
-42.0 72.0 54.7 23.9
-41.8 72.0 54.3 23.9
-41.6 72.0 53.9 23.9
-41.4 72.0 53.4 23.8
-41.2 72.0 52.8 23.7
-41.0 72.0 52.1 23.6
-40.8 72.0 51.4 23.3
-40.6 72.0 50.7 23.0
-40.4 72.0 49.9 22.6
-40.2 72.0 49.0 22.2
-40.0 72.0 48.1 21.7
-39.8 72.0 47.2 21.2
-39.6 72.0 46.2 20.7
-39.4 72.0 45.2 20.2
-39.2 72.0 44.3 19.7
-39.0 72.0 43.3 19.2
-38.8 72.0 42.4 18.8
-38.6 72.0 41.6 18.4
-38.4 72.0 40.8 18.1
-38.2 72.0 40.0 17.7
-38.0 72.0 39.4 17.5
-37.8 72.0 38.8 17.2
-37.6 72.0 38.2 16.9
-37.4 72.0 37.8 16.7
-37.2 72.0 37.4 16.5
-37.0 72.0 37.0 16.3
-36.8 72.0 36.7 16.1
-36.6 72.0 36.4 15.9
-36.4 72.0 36.1 15.8
-36.2 72.0 35.8 15.7
-36.0 72.0 35.5 15.5
-35.8 72.0 35.3 15.4
-35.6 72.0 35.1 15.3
-35.4 72.0 34.8 15.2
-35.2 72.0 34.6 15.1
-35.0 72.0 34.4 15.0
-34.8 72.0 34.2 15.0
-34.6 72.0 34.0 14.9
-34.4 72.0 33.8 14.8
-34.2 72.0 33.7 14.8
-34.0 72.0 33.5 14.8
-33.8 72.0 33.4 14.8
-33.6 72.0 33.2 14.9
-33.4 72.0 33.1 14.9
-33.2 72.0 33.0 15.0
-33.0 72.0 33.0 15.1
-32.8 72.0 32.9 15.2
-32.6 72.0 32.8 15.2
-32.4 72.0 32.8 15.3
-32.2 72.0 32.7 15.3
-32.0 72.0 32.7 15.4
-31.8 72.0 32.6 15.4
-31.6 72.0 32.6 15.4
-31.4 72.0 32.6 15.4
-31.2 72.0 32.6 15.4
-31.0 72.0 32.6 15.3
-30.8 72.0 32.6 15.3
-30.6 72.0 32.6 15.3
-30.4 72.0 32.6 15.2
-30.2 72.0 32.6 15.2
-30.0 72.0 32.6 15.2
-29.8 72.0 32.6 15.2
-29.6 72.0 32.6 15.2
-29.4 72.0 32.6 15.2
-29.2 72.0 32.6 15.2
-29.0 72.0 32.5 15.2
-28.8 72.0 32.5 15.2
-28.6 72.0 32.4 15.2
-28.4 72.0 32.3 15.2
-28.2 72.0 32.2 15.2
-28.0 72.0 32.1 15.1
-27.8 72.0 32.0 15.1
-27.6 72.0 31.9 15.1
-27.4 72.0 31.8 15.0
-27.2 72.0 31.7 15.0
-27.0 72.0 31.6 14.9
-26.8 72.0 31.5 14.9
-26.6 72.0 31.4 14.8
-26.4 72.0 31.3 14.8
-26.2 72.0 31.2 14.8
-26.0 72.0 31.1 14.8
-25.8 72.0 31.0 14.7
-25.6 72.0 30.8 14.7
-25.4 72.0 30.6 14.7
-25.2 72.0 30.3 14.7
-25.0 72.0 30.0 14.6
-24.8 72.0 29.6 14.6
-24.6 72.0 29.1 14.4
-24.4 72.0 28.4 14.2
-24.2 72.0 27.6 14.0
-24.0 72.0 26.6 13.6
-23.8 72.0 25.4 13.1
-23.6 72.0 24.1 12.5
-23.4 72.0 22.6 11.8
-23.2 72.0 21.0 11.0
-23.0 72.0 19.4 10.1
-22.8 72.0 17.8 9.1
-22.6 72.0 16.3 8.2
-22.4 72.0 14.8 7.3
-22.2 72.0 13.5 6.5
-22.0 72.0 12.4 5.8
-21.8 72.0 11.3 5.1
-21.6 72.0 10.4 4.6
-21.4 72.0 9.7 4.2
-21.2 72.0 9.0 3.8
-21.0 72.0 8.4 3.5
-20.8 72.0 7.8 3.2
-20.6 72.0 7.3 2.9
-20.4 72.0 6.9 2.7
-20.2 72.0 6.5 2.4
-20.0 72.0 6.2 2.2
-19.8 72.0 5.9 1.9
-19.6 72.0 5.7 1.7
-19.4 72.0 5.5 1.4
-19.2 72.0 5.4 1.2
-19.0 72.0 5.3 1.0
-18.8 72.0 5.2 1.0
-18.6 72.0 5.1 1.0
-18.4 72.0 5.1 1.0
-18.2 72.0 5.1 1.0
-18.0 72.0 5.0 1.0
-17.8 72.0 5.0 1.0
-17.6 72.0 5.0 1.0
-17.4 72.0 5.0 1.0
-17.2 72.0 5.0 1.0
-17.0 72.0 5.0 1.0
-16.8 72.0 5.0 1.0
-16.6 72.0 5.0 1.0
-16.4 72.0 5.1 1.0
-16.2 72.0 5.1 1.0
-16.0 72.0 5.1 1.0
-15.8 72.0 5.1 1.0
-15.6 72.0 5.1 1.0
-15.4 72.0 5.1 1.0
-15.2 72.0 5.1 1.0
-15.0 72.0 5.1 1.0
-14.8 72.0 5.1 1.0
-14.6 72.0 5.1 1.0
-14.4 72.0 5.1 1.0
-14.2 72.0 5.1 1.0
-14.0 72.0 5.0 1.0
-13.8 72.0 5.0 1.0
-13.6 72.0 5.0 1.0
-13.4 72.0 5.0 1.0
-13.2 72.0 5.0 1.0
-13.0 72.0 5.0 1.0
-12.8 72.0 5.0 1.0
-12.6 72.0 5.0 1.0
-12.4 72.0 5.0 1.0
-12.2 72.0 5.0 1.0
-72.4 71.8 5.0 1.0
-72.2 71.8 5.0 1.0
-72.0 71.8 5.0 1.0
-71.8 71.8 5.0 1.0
-71.6 71.8 5.0 1.0
-71.4 71.8 5.0 1.0
-71.2 71.8 5.0 1.0
-71.0 71.8 5.0 1.0
-70.8 71.8 5.0 1.0
-70.6 71.8 5.0 1.0
-70.4 71.8 5.0 1.0
-70.2 71.8 5.1 1.0
-70.0 71.8 5.2 1.0
-69.8 71.8 5.3 1.1
-69.6 71.8 5.5 1.2
-69.4 71.8 5.6 1.4
-69.2 71.8 5.8 1.5
-69.0 71.8 6.0 1.7
-68.8 71.8 6.2 1.9
-68.6 71.8 6.4 2.1
-68.4 71.8 6.7 2.3
-68.2 71.8 7.1 2.6
-68.0 71.8 7.6 2.9
-67.8 71.8 8.1 3.3
-67.6 71.8 8.8 3.8
-67.4 71.8 9.5 4.2
-67.2 71.8 10.4 4.7
-67.0 71.8 11.4 5.3
-66.8 71.8 12.5 5.8
-66.6 71.8 13.7 6.4
-66.4 71.8 15.0 6.9
-66.2 71.8 16.3 7.4
-66.0 71.8 17.6 7.8
-65.8 71.8 18.9 8.2
-65.6 71.8 20.1 8.6
-65.4 71.8 21.3 8.9
-65.2 71.8 22.3 9.1
-65.0 71.8 23.2 9.4
-64.8 71.8 23.9 9.6
-64.6 71.8 24.5 9.7
-64.4 71.8 24.9 9.9
-64.2 71.8 25.2 10.1
-64.0 71.8 25.4 10.2
-63.8 71.8 25.5 10.4
-63.6 71.8 25.5 10.5
-63.4 71.8 25.4 10.6
-63.2 71.8 25.2 10.7
-63.0 71.8 25.0 10.8
-62.8 71.8 24.7 10.9
-62.6 71.8 24.5 10.9
-62.4 71.8 24.2 10.9
-62.2 71.8 23.9 10.9
-62.0 71.8 23.7 10.9
-61.8 71.8 23.5 11.0
-61.6 71.8 23.3 11.0
-61.4 71.8 23.1 11.0
-61.2 71.8 23.0 11.0
-61.0 71.8 22.9 11.1
-60.8 71.8 22.9 11.1
-60.6 71.8 22.8 11.2
-60.4 71.8 22.8 11.3
-60.2 71.8 22.9 11.5
-60.0 71.8 22.9 11.6
-59.8 71.8 23.0 11.8
-59.6 71.8 23.1 12.1
-59.4 71.8 23.2 12.4
-59.2 71.8 23.3 12.8
-59.0 71.8 23.4 13.3
-58.8 71.8 23.6 13.8
-58.6 71.8 23.7 14.4
-58.4 71.8 23.9 15.0
-58.2 71.8 24.1 15.8
-58.0 71.8 24.4 16.6
-57.8 71.8 24.7 17.4
-57.6 71.8 25.1 18.3
-57.4 71.8 25.7 19.2
-57.2 71.8 26.4 20.1
-57.0 71.8 27.2 21.0
-56.8 71.8 28.3 21.9
-56.6 71.8 29.6 22.6
-56.4 71.8 31.2 23.4
-56.2 71.8 32.9 23.9
-56.0 71.8 34.8 24.4
-55.8 71.8 36.8 24.7
-55.6 71.8 38.8 24.8
-55.4 71.8 40.9 24.9
-55.2 71.8 42.9 24.7
-55.0 71.8 44.9 24.5
-54.8 71.8 46.6 24.2
-54.6 71.8 48.2 23.9
-54.4 71.8 49.6 23.5
-54.2 71.8 50.9 23.2
-54.0 71.8 52.0 22.8
-53.8 71.8 52.9 22.5
-53.6 71.8 53.8 22.3
-53.4 71.8 54.5 22.1
-53.2 71.8 55.2 22.0
-53.0 71.8 55.7 22.1
-52.8 71.8 56.2 22.2
-52.6 71.8 56.6 22.3
-52.4 71.8 56.9 22.6
-52.2 71.8 57.1 22.9
-52.0 71.8 57.1 23.1
-51.8 71.8 57.1 23.4
-51.6 71.8 56.9 23.6
-51.4 71.8 56.6 23.7
-51.2 71.8 56.2 23.8
-51.0 71.8 55.7 23.8
-50.8 71.8 55.2 23.7
-50.6 71.8 54.6 23.5
-50.4 71.8 54.0 23.3
-50.2 71.8 53.5 23.0
-50.0 71.8 53.0 22.8
-49.8 71.8 52.7 22.5
-49.6 71.8 52.4 22.3
-49.4 71.8 52.2 22.1
-49.2 71.8 52.1 21.9
-49.0 71.8 52.2 21.8
-48.8 71.8 52.3 21.9
-48.6 71.8 52.5 21.9
-48.4 71.8 52.8 22.1
-48.2 71.8 53.2 22.4
-48.0 71.8 53.6 22.7
-47.8 71.8 54.0 23.0
-47.6 71.8 54.3 23.4
-47.4 71.8 54.6 23.7
-47.2 71.8 54.8 24.0
-47.0 71.8 55.0 24.3
-46.8 71.8 55.1 24.5
-46.6 71.8 55.1 24.6
-46.4 71.8 55.1 24.7
-46.2 71.8 55.1 24.8
-46.0 71.8 55.2 24.8
-45.8 71.8 55.2 24.8
-45.6 71.8 55.2 24.8
-45.4 71.8 55.2 24.8
-45.2 71.8 55.2 24.8
-45.0 71.8 55.2 24.8
-44.8 71.8 55.2 24.7
-44.6 71.8 55.1 24.7
-44.4 71.8 55.1 24.6
-44.2 71.8 55.0 24.5
-44.0 71.8 55.0 24.4
-43.8 71.8 55.0 24.2
-43.6 71.8 55.0 24.1
-43.4 71.8 55.1 23.9
-43.2 71.8 55.1 23.8
-43.0 71.8 55.1 23.7
-42.8 71.8 55.1 23.6
-42.6 71.8 55.0 23.5
-42.4 71.8 54.8 23.5
-42.2 71.8 54.6 23.6
-42.0 71.8 54.3 23.6
-41.8 71.8 53.8 23.6
-41.6 71.8 53.3 23.6
-41.4 71.8 52.7 23.5
-41.2 71.8 52.0 23.3
-41.0 71.8 51.1 23.1
-40.8 71.8 50.2 22.8
-40.6 71.8 49.3 22.4
-40.4 71.8 48.2 21.9
-40.2 71.8 47.1 21.3
-40.0 71.8 46.0 20.7
-39.8 71.8 44.9 20.1
-39.6 71.8 43.8 19.5
-39.4 71.8 42.8 18.9
-39.2 71.8 41.8 18.3
-39.0 71.8 40.8 17.8
-38.8 71.8 39.9 17.4
-38.6 71.8 39.1 17.0
-38.4 71.8 38.4 16.6
-38.2 71.8 37.7 16.4
-38.0 71.8 37.0 16.1
-37.8 71.8 36.5 15.9
-37.6 71.8 35.9 15.7
-37.4 71.8 35.5 15.5
-37.2 71.8 35.0 15.4
-37.0 71.8 34.6 15.2
-36.8 71.8 34.3 15.1
-36.6 71.8 33.9 15.0
-36.4 71.8 33.6 14.9
-36.2 71.8 33.3 14.7
-36.0 71.8 33.0 14.6
-35.8 71.8 32.8 14.5
-35.6 71.8 32.5 14.5
-35.4 71.8 32.3 14.4
-35.2 71.8 32.1 14.3
-35.0 71.8 31.9 14.2
-34.8 71.8 31.8 14.2
-34.6 71.8 31.7 14.1
-34.4 71.8 31.6 14.1
-34.2 71.8 31.5 14.0
-34.0 71.8 31.4 14.0
-33.8 71.8 31.4 14.0
-33.6 71.8 31.3 14.0
-33.4 71.8 31.3 14.0
-33.2 71.8 31.3 14.0
-33.0 71.8 31.3 14.1
-32.8 71.8 31.2 14.1
-32.6 71.8 31.2 14.2
-32.4 71.8 31.2 14.2
-32.2 71.8 31.2 14.2
-32.0 71.8 31.2 14.3
-31.8 71.8 31.2 14.3
-31.6 71.8 31.2 14.3
-31.4 71.8 31.3 14.3
-31.2 71.8 31.3 14.3
-31.0 71.8 31.3 14.4
-30.8 71.8 31.4 14.4
-30.6 71.8 31.4 14.4
-30.4 71.8 31.4 14.4
-30.2 71.8 31.5 14.4
-30.0 71.8 31.5 14.4
-29.8 71.8 31.5 14.4
-29.6 71.8 31.5 14.4
-29.4 71.8 31.5 14.4
-29.2 71.8 31.5 14.4
-29.0 71.8 31.5 14.4
-28.8 71.8 31.4 14.4
-28.6 71.8 31.4 14.4
-28.4 71.8 31.3 14.4
-28.2 71.8 31.2 14.4
-28.0 71.8 31.1 14.3
-27.8 71.8 31.0 14.3
-27.6 71.8 30.9 14.2
-27.4 71.8 30.8 14.2
-27.2 71.8 30.7 14.1
-27.0 71.8 30.6 14.1
-26.8 71.8 30.5 14.0
-26.6 71.8 30.4 13.9
-26.4 71.8 30.3 13.9
-26.2 71.8 30.2 13.9
-26.0 71.8 30.1 13.9
-25.8 71.8 29.9 13.9
-25.6 71.8 29.7 13.9
-25.4 71.8 29.5 13.9
-25.2 71.8 29.3 13.9
-25.0 71.8 29.0 13.9
-24.8 71.8 28.6 13.9
-24.6 71.8 28.1 13.8
-24.4 71.8 27.5 13.6
-24.2 71.8 26.7 13.3
-24.0 71.8 25.7 12.9
-23.8 71.8 24.6 12.4
-23.6 71.8 23.3 11.8
-23.4 71.8 21.8 11.1
-23.2 71.8 20.3 10.3
-23.0 71.8 18.8 9.4
-22.8 71.8 17.3 8.5
-22.6 71.8 15.8 7.7
-22.4 71.8 14.5 6.9
-22.2 71.8 13.2 6.1
-22.0 71.8 12.1 5.5
-21.8 71.8 11.1 4.9
-21.6 71.8 10.3 4.4
-21.4 71.8 9.5 4.0
-21.2 71.8 8.8 3.7
-21.0 71.8 8.2 3.4
-20.8 71.8 7.7 3.1
-20.6 71.8 7.2 2.8
-20.4 71.8 6.8 2.5
-20.2 71.8 6.4 2.2
-20.0 71.8 6.1 1.9
-19.8 71.8 5.8 1.7
-19.6 71.8 5.6 1.4
-19.4 71.8 5.5 1.2
-19.2 71.8 5.3 1.0
-19.0 71.8 5.2 1.0
-18.8 71.8 5.1 1.0
-18.6 71.8 5.1 1.0
-18.4 71.8 5.1 1.0
-18.2 71.8 5.0 1.0
-18.0 71.8 5.0 1.0
-17.8 71.8 5.0 1.0
-17.6 71.8 5.0 1.0
-17.4 71.8 5.0 1.0
-17.2 71.8 5.0 1.0
-17.0 71.8 5.0 1.0
-16.8 71.8 5.1 1.0
-16.6 71.8 5.1 1.0
-16.4 71.8 5.1 1.0
-16.2 71.8 5.1 1.0
-16.0 71.8 5.1 1.0
-15.8 71.8 5.1 1.0
-15.6 71.8 5.1 1.0
-15.4 71.8 5.1 1.0
-15.2 71.8 5.1 1.0
-15.0 71.8 5.1 1.0
-14.8 71.8 5.1 1.0
-14.6 71.8 5.1 1.0
-14.4 71.8 5.1 1.0
-14.2 71.8 5.1 1.0
-14.0 71.8 5.1 1.0
-13.8 71.8 5.1 1.0
-13.6 71.8 5.0 1.0
-13.4 71.8 5.0 1.0
-13.2 71.8 5.0 1.0
-13.0 71.8 5.0 1.0
-12.8 71.8 5.0 1.0
-12.6 71.8 5.0 1.0
-72.0 71.6 5.0 1.0
-71.8 71.6 5.0 1.0
-71.6 71.6 5.0 1.0
-71.4 71.6 5.0 1.0
-71.2 71.6 5.0 1.0
-71.0 71.6 5.0 1.0
-70.8 71.6 5.0 1.0
-70.6 71.6 5.0 1.0
-70.4 71.6 5.0 1.0
-70.2 71.6 5.0 1.0
-70.0 71.6 5.1 1.0
-69.8 71.6 5.3 1.2
-69.6 71.6 5.4 1.3
-69.4 71.6 5.5 1.4
-69.2 71.6 5.6 1.5
-69.0 71.6 5.7 1.6
-68.8 71.6 5.8 1.7
-68.6 71.6 5.9 1.8
-68.4 71.6 6.1 1.9
-68.2 71.6 6.3 2.1
-68.0 71.6 6.5 2.3
-67.8 71.6 6.8 2.5
-67.6 71.6 7.1 2.8
-67.4 71.6 7.6 3.1
-67.2 71.6 8.2 3.5
-67.0 71.6 8.9 3.9
-66.8 71.6 9.7 4.4
-66.6 71.6 10.6 4.9
-66.4 71.6 11.7 5.4
-66.2 71.6 12.8 5.9
-66.0 71.6 14.0 6.5
-65.8 71.6 15.3 7.0
-65.6 71.6 16.5 7.4
-65.4 71.6 17.7 7.9
-65.2 71.6 18.9 8.3
-65.0 71.6 20.0 8.6
-64.8 71.6 20.9 8.9
-64.6 71.6 21.8 9.1
-64.4 71.6 22.5 9.4
-64.2 71.6 23.1 9.5
-64.0 71.6 23.5 9.7
-63.8 71.6 23.9 9.8
-63.6 71.6 24.1 9.9
-63.4 71.6 24.3 10.0
-63.2 71.6 24.3 10.1
-63.0 71.6 24.3 10.2
-62.8 71.6 24.2 10.2
-62.6 71.6 24.0 10.3
-62.4 71.6 23.9 10.4
-62.2 71.6 23.7 10.4
-62.0 71.6 23.5 10.5
-61.8 71.6 23.3 10.5
-61.6 71.6 23.2 10.6
-61.4 71.6 23.1 10.6
-61.2 71.6 23.0 10.7
-61.0 71.6 22.9 10.7
-60.8 71.6 22.9 10.8
-60.6 71.6 22.8 10.8
-60.4 71.6 22.8 10.9
-60.2 71.6 22.8 11.0
-60.0 71.6 22.8 11.1
-59.8 71.6 22.9 11.2
-59.6 71.6 22.9 11.4
-59.4 71.6 23.0 11.6
-59.2 71.6 23.1 11.9
-59.0 71.6 23.1 12.2
-58.8 71.6 23.2 12.6
-58.6 71.6 23.3 13.0
-58.4 71.6 23.4 13.5
-58.2 71.6 23.5 14.1
-58.0 71.6 23.6 14.8
-57.8 71.6 23.8 15.5
-57.6 71.6 24.1 16.3
-57.4 71.6 24.5 17.2
-57.2 71.6 24.9 18.1
-57.0 71.6 25.6 19.1
-56.8 71.6 26.4 20.0
-56.6 71.6 27.4 20.9
-56.4 71.6 28.6 21.8
-56.2 71.6 30.1 22.6
-56.0 71.6 31.7 23.3
-55.8 71.6 33.6 23.8
-55.6 71.6 35.7 24.2
-55.4 71.6 37.8 24.4
-55.2 71.6 40.0 24.5
-55.0 71.6 42.2 24.5
-54.8 71.6 44.2 24.4
-54.6 71.6 46.2 24.1
-54.4 71.6 47.9 23.9
-54.2 71.6 49.4 23.6
-54.0 71.6 50.7 23.3
-53.8 71.6 51.8 23.1
-53.6 71.6 52.8 22.9
-53.4 71.6 53.5 22.7
-53.2 71.6 54.2 22.6
-53.0 71.6 54.7 22.5
-52.8 71.6 55.1 22.5
-52.6 71.6 55.4 22.6
-52.4 71.6 55.6 22.7
-52.2 71.6 55.7 22.9
-52.0 71.6 55.7 23.0
-51.8 71.6 55.6 23.2
-51.6 71.6 55.4 23.4
-51.4 71.6 55.0 23.5
-51.2 71.6 54.6 23.6
-51.0 71.6 54.2 23.6
-50.8 71.6 53.6 23.7
-50.6 71.6 53.1 23.6
-50.4 71.6 52.5 23.6
-50.2 71.6 52.1 23.5
-50.0 71.6 51.6 23.4
-49.8 71.6 51.3 23.3
-49.6 71.6 51.0 23.2
-49.4 71.6 50.8 23.2
-49.2 71.6 50.8 23.1
-49.0 71.6 50.8 23.0
-48.8 71.6 50.9 23.1
-48.6 71.6 51.1 23.1
-48.4 71.6 51.4 23.2
-48.2 71.6 51.8 23.3
-48.0 71.6 52.1 23.5
-47.8 71.6 52.5 23.6
-47.6 71.6 52.8 23.8
-47.4 71.6 53.0 24.0
-47.2 71.6 53.2 24.2
-47.0 71.6 53.4 24.4
-46.8 71.6 53.4 24.5
-46.6 71.6 53.4 24.6
-46.4 71.6 53.4 24.7
-46.2 71.6 53.4 24.7
-46.0 71.6 53.4 24.7
-45.8 71.6 53.4 24.7
-45.6 71.6 53.4 24.7
-45.4 71.6 53.5 24.7
-45.2 71.6 53.6 24.6
-45.0 71.6 53.7 24.5
-44.8 71.6 53.7 24.4
-44.6 71.6 53.8 24.3
-44.4 71.6 53.9 24.2
-44.2 71.6 54.0 24.0
-44.0 71.6 54.1 23.9
-43.8 71.6 54.2 23.7
-43.6 71.6 54.4 23.6
-43.4 71.6 54.5 23.5
-43.2 71.6 54.7 23.4
-43.0 71.6 54.8 23.4
-42.8 71.6 54.8 23.3
-42.6 71.6 54.7 23.4
-42.4 71.6 54.6 23.4
-42.2 71.6 54.3 23.4
-42.0 71.6 53.8 23.5
-41.8 71.6 53.3 23.5
-41.6 71.6 52.6 23.4
-41.4 71.6 51.7 23.3
-41.2 71.6 50.8 23.0
-41.0 71.6 49.7 22.7
-40.8 71.6 48.6 22.2
-40.6 71.6 47.4 21.7
-40.4 71.6 46.1 21.1
-40.2 71.6 44.8 20.4
-40.0 71.6 43.6 19.6
-39.8 71.6 42.4 18.9
-39.6 71.6 41.2 18.2
-39.4 71.6 40.1 17.5
-39.2 71.6 39.2 16.9
-39.0 71.6 38.3 16.4
-38.8 71.6 37.5 16.0
-38.6 71.6 36.7 15.6
-38.4 71.6 36.1 15.3
-38.2 71.6 35.4 15.1
-38.0 71.6 34.9 14.9
-37.8 71.6 34.3 14.7
-37.6 71.6 33.8 14.6
-37.4 71.6 33.3 14.5
-37.2 71.6 32.9 14.4
-37.0 71.6 32.5 14.3
-36.8 71.6 32.1 14.2
-36.6 71.6 31.7 14.1
-36.4 71.6 31.3 14.1
-36.2 71.6 31.0 14.0
-36.0 71.6 30.7 13.9
-35.8 71.6 30.4 13.8
-35.6 71.6 30.2 13.8
-35.4 71.6 30.0 13.7
-35.2 71.6 29.8 13.6
-35.0 71.6 29.7 13.5
-34.8 71.6 29.6 13.5
-34.6 71.6 29.5 13.4
-34.4 71.6 29.5 13.3
-34.2 71.6 29.5 13.3
-34.0 71.6 29.5 13.2
-33.8 71.6 29.5 13.2
-33.6 71.6 29.5 13.1
-33.4 71.6 29.5 13.1
-33.2 71.6 29.5 13.1
-33.0 71.6 29.5 13.1
-32.8 71.6 29.6 13.1
-32.6 71.6 29.6 13.1
-32.4 71.6 29.7 13.1
-32.2 71.6 29.7 13.1
-32.0 71.6 29.8 13.1
-31.8 71.6 29.8 13.2
-31.6 71.6 29.9 13.2
-31.4 71.6 29.9 13.3
-31.2 71.6 30.0 13.3
-31.0 71.6 30.1 13.4
-30.8 71.6 30.1 13.5
-30.6 71.6 30.2 13.5
-30.4 71.6 30.2 13.5
-30.2 71.6 30.2 13.6
-30.0 71.6 30.3 13.6
-29.8 71.6 30.3 13.6
-29.6 71.6 30.3 13.6
-29.4 71.6 30.3 13.6
-29.2 71.6 30.3 13.6
-29.0 71.6 30.2 13.6
-28.8 71.6 30.2 13.6
-28.6 71.6 30.2 13.6
-28.4 71.6 30.1 13.6
-28.2 71.6 30.0 13.5
-28.0 71.6 30.0 13.5
-27.8 71.6 29.9 13.4
-27.6 71.6 29.8 13.4
-27.4 71.6 29.7 13.3
-27.2 71.6 29.6 13.3
-27.0 71.6 29.5 13.2
-26.8 71.6 29.4 13.1
-26.6 71.6 29.3 13.1
-26.4 71.6 29.2 13.1
-26.2 71.6 29.1 13.0
-26.0 71.6 29.0 13.1
-25.8 71.6 28.8 13.1
-25.6 71.6 28.7 13.1
-25.4 71.6 28.5 13.2
-25.2 71.6 28.3 13.2
-25.0 71.6 28.0 13.3
-24.8 71.6 27.6 13.3
-24.6 71.6 27.2 13.2
-24.4 71.6 26.6 13.0
-24.2 71.6 25.8 12.8
-24.0 71.6 24.9 12.5
-23.8 71.6 23.8 12.0
-23.6 71.6 22.6 11.4
-23.4 71.6 21.3 10.7
-23.2 71.6 19.8 9.9
-23.0 71.6 18.4 9.1
-22.8 71.6 17.0 8.3
-22.6 71.6 15.6 7.5
-22.4 71.6 14.3 6.8
-22.2 71.6 13.2 6.1
-22.0 71.6 12.1 5.5
-21.8 71.6 11.2 5.0
-21.6 71.6 10.3 4.5
-21.4 71.6 9.6 4.1
-21.2 71.6 8.8 3.7
-21.0 71.6 8.2 3.4
-20.8 71.6 7.6 3.0
-20.6 71.6 7.1 2.7
-20.4 71.6 6.7 2.3
-20.2 71.6 6.3 2.0
-20.0 71.6 6.0 1.7
-19.8 71.6 5.7 1.4
-19.6 71.6 5.5 1.1
-19.4 71.6 5.4 1.0
-19.2 71.6 5.2 1.0
-19.0 71.6 5.2 1.0
-18.8 71.6 5.1 1.0
-18.6 71.6 5.1 1.0
-18.4 71.6 5.0 1.0
-18.2 71.6 5.0 1.0
-18.0 71.6 5.0 1.0
-17.8 71.6 5.0 1.0
-17.6 71.6 5.0 1.0
-17.4 71.6 5.1 1.0
-17.2 71.6 5.1 1.0
-17.0 71.6 5.1 1.0
-16.8 71.6 5.1 1.0
-16.6 71.6 5.1 1.0
-16.4 71.6 5.1 1.0
-16.2 71.6 5.1 1.0
-16.0 71.6 5.2 1.0
-15.8 71.6 5.2 1.0
-15.6 71.6 5.2 1.0
-15.4 71.6 5.2 1.0
-15.2 71.6 5.2 1.0
-15.0 71.6 5.2 1.0
-14.8 71.6 5.2 1.0
-14.6 71.6 5.2 1.0
-14.4 71.6 5.2 1.0
-14.2 71.6 5.2 1.0
-14.0 71.6 5.1 1.0
-13.8 71.6 5.1 1.0
-13.6 71.6 5.0 1.0
-13.4 71.6 5.0 1.0
-13.2 71.6 5.0 1.0
-13.0 71.6 5.0 1.0
-71.8 71.4 5.0 1.0
-71.6 71.4 5.0 1.0
-71.4 71.4 5.0 1.0
-71.2 71.4 5.0 1.0
-71.0 71.4 5.0 1.0
-70.8 71.4 5.0 1.0
-70.6 71.4 5.0 1.0
-70.4 71.4 5.0 1.0
-70.2 71.4 5.0 1.0
-70.0 71.4 5.0 1.2
-69.8 71.4 5.2 1.3
-69.6 71.4 5.3 1.4
-69.4 71.4 5.4 1.5
-69.2 71.4 5.5 1.6
-69.0 71.4 5.6 1.7
-68.8 71.4 5.7 1.7
-68.6 71.4 5.7 1.8
-68.4 71.4 5.8 1.9
-68.2 71.4 5.9 1.9
-68.0 71.4 5.9 2.0
-67.8 71.4 6.1 2.2
-67.6 71.4 6.2 2.3
-67.4 71.4 6.4 2.5
-67.2 71.4 6.7 2.7
-67.0 71.4 7.2 3.0
-66.8 71.4 7.7 3.4
-66.6 71.4 8.3 3.8
-66.4 71.4 9.1 4.2
-66.2 71.4 9.9 4.7
-66.0 71.4 10.9 5.2
-65.8 71.4 11.9 5.7
-65.6 71.4 13.1 6.2
-65.4 71.4 14.2 6.8
-65.2 71.4 15.3 7.2
-65.0 71.4 16.4 7.7
-64.8 71.4 17.5 8.1
-64.6 71.4 18.4 8.4
-64.4 71.4 19.3 8.6
-64.2 71.4 20.1 8.9
-64.0 71.4 20.8 9.0
-63.8 71.4 21.3 9.2
-63.6 71.4 21.8 9.3
-63.4 71.4 22.2 9.3
-63.2 71.4 22.4 9.4
-63.0 71.4 22.6 9.5
-62.8 71.4 22.7 9.5
-62.6 71.4 22.7 9.6
-62.4 71.4 22.7 9.7
-62.2 71.4 22.6 9.8
-62.0 71.4 22.6 9.8
-61.8 71.4 22.5 9.9
-61.6 71.4 22.5 10.0
-61.4 71.4 22.5 10.1
-61.2 71.4 22.5 10.2
-61.0 71.4 22.4 10.3
-60.8 71.4 22.4 10.3
-60.6 71.4 22.4 10.4
-60.4 71.4 22.4 10.5
-60.2 71.4 22.4 10.5
-60.0 71.4 22.4 10.6
-59.8 71.4 22.4 10.7
-59.6 71.4 22.4 10.8
-59.4 71.4 22.4 10.9
-59.2 71.4 22.4 11.1
-59.0 71.4 22.5 11.3
-58.8 71.4 22.5 11.5
-58.6 71.4 22.5 11.8
-58.4 71.4 22.5 12.2
-58.2 71.4 22.6 12.6
-58.0 71.4 22.7 13.2
-57.8 71.4 22.8 13.8
-57.6 71.4 22.9 14.5
-57.4 71.4 23.1 15.3
-57.2 71.4 23.4 16.2
-57.0 71.4 23.9 17.2
-56.8 71.4 24.4 18.2
-56.6 71.4 25.2 19.2
-56.4 71.4 26.2 20.2
-56.2 71.4 27.4 21.2
-56.0 71.4 28.9 22.1
-55.8 71.4 30.7 22.9
-55.6 71.4 32.7 23.6
-55.4 71.4 34.9 24.0
-55.2 71.4 37.2 24.4
-55.0 71.4 39.6 24.6
-54.8 71.4 41.9 24.6
-54.6 71.4 44.1 24.6
-54.4 71.4 46.1 24.5
-54.2 71.4 47.9 24.3
-54.0 71.4 49.4 24.1
-53.8 71.4 50.7 23.9
-53.6 71.4 51.7 23.8
-53.4 71.4 52.5 23.6
-53.2 71.4 53.1 23.4
-53.0 71.4 53.5 23.3
-52.8 71.4 53.8 23.2
-52.6 71.4 54.0 23.2
-52.4 71.4 54.0 23.1
-52.2 71.4 54.0 23.1
-52.0 71.4 53.9 23.2
-51.8 71.4 53.7 23.2
-51.6 71.4 53.4 23.3
-51.4 71.4 53.1 23.4
-51.2 71.4 52.7 23.4
-51.0 71.4 52.3 23.5
-50.8 71.4 51.8 23.6
-50.6 71.4 51.4 23.7
-50.4 71.4 51.0 23.8
-50.2 71.4 50.6 23.9
-50.0 71.4 50.3 23.9
-49.8 71.4 50.0 24.0
-49.6 71.4 49.9 24.0
-49.4 71.4 49.8 24.1
-49.2 71.4 49.7 24.1
-49.0 71.4 49.7 24.0
-48.8 71.4 49.8 24.0
-48.6 71.4 50.0 24.0
-48.4 71.4 50.2 24.0
-48.2 71.4 50.4 24.0
-48.0 71.4 50.7 24.0
-47.8 71.4 50.9 24.0
-47.6 71.4 51.2 24.0
-47.4 71.4 51.3 24.1
-47.2 71.4 51.5 24.1
-47.0 71.4 51.5 24.2
-46.8 71.4 51.6 24.2
-46.6 71.4 51.6 24.3
-46.4 71.4 51.6 24.3
-46.2 71.4 51.6 24.4
-46.0 71.4 51.6 24.4
-45.8 71.4 51.7 24.4
-45.6 71.4 51.8 24.3
-45.4 71.4 51.9 24.3
-45.2 71.4 52.1 24.1
-45.0 71.4 52.3 24.0
-44.8 71.4 52.5 23.8
-44.6 71.4 52.7 23.7
-44.4 71.4 52.9 23.5
-44.2 71.4 53.1 23.3
-44.0 71.4 53.3 23.2
-43.8 71.4 53.6 23.1
-43.6 71.4 53.8 23.0
-43.4 71.4 54.0 23.0
-43.2 71.4 54.2 23.0
-43.0 71.4 54.4 23.0
-42.8 71.4 54.4 23.1
-42.6 71.4 54.3 23.2
-42.4 71.4 54.1 23.3
-42.2 71.4 53.7 23.4
-42.0 71.4 53.1 23.5
-41.8 71.4 52.4 23.5
-41.6 71.4 51.5 23.4
-41.4 71.4 50.4 23.1
-41.2 71.4 49.2 22.8
-41.0 71.4 48.0 22.3
-40.8 71.4 46.6 21.7
-40.6 71.4 45.2 21.0
-40.4 71.4 43.8 20.2
-40.2 71.4 42.4 19.4
-40.0 71.4 41.1 18.6
-39.8 71.4 39.8 17.8
-39.6 71.4 38.7 17.1
-39.4 71.4 37.6 16.4
-39.2 71.4 36.7 15.8
-39.0 71.4 35.9 15.3
-38.8 71.4 35.1 14.9
-38.6 71.4 34.5 14.6
-38.4 71.4 33.9 14.3
-38.2 71.4 33.4 14.1
-38.0 71.4 32.9 14.0
-37.8 71.4 32.4 13.9
-37.6 71.4 31.9 13.8
-37.4 71.4 31.4 13.7
-37.2 71.4 31.0 13.6
-37.0 71.4 30.5 13.5
-36.8 71.4 30.1 13.5
-36.6 71.4 29.7 13.4
-36.4 71.4 29.3 13.4
-36.2 71.4 29.0 13.3
-36.0 71.4 28.6 13.3
-35.8 71.4 28.4 13.2
-35.6 71.4 28.1 13.1
-35.4 71.4 28.0 13.1
-35.2 71.4 27.8 13.0
-35.0 71.4 27.7 12.9
-34.8 71.4 27.7 12.8
-34.6 71.4 27.6 12.7
-34.4 71.4 27.6 12.6
-34.2 71.4 27.6 12.5
-34.0 71.4 27.6 12.5
-33.8 71.4 27.6 12.4
-33.6 71.4 27.6 12.4
-33.4 71.4 27.7 12.3
-33.2 71.4 27.7 12.3
-33.0 71.4 27.8 12.3
-32.8 71.4 27.8 12.2
-32.6 71.4 27.9 12.2
-32.4 71.4 28.0 12.2
-32.2 71.4 28.1 12.2
-32.0 71.4 28.1 12.3
-31.8 71.4 28.2 12.3
-31.6 71.4 28.3 12.4
-31.4 71.4 28.4 12.4
-31.2 71.4 28.5 12.5
-31.0 71.4 28.5 12.6
-30.8 71.4 28.6 12.7
-30.6 71.4 28.6 12.8
-30.4 71.4 28.7 12.8
-30.2 71.4 28.7 12.9
-30.0 71.4 28.7 12.9
-29.8 71.4 28.7 12.9
-29.6 71.4 28.7 12.9
-29.4 71.4 28.7 12.9
-29.2 71.4 28.7 12.9
-29.0 71.4 28.7 12.9
-28.8 71.4 28.7 12.9
-28.6 71.4 28.7 12.9
-28.4 71.4 28.7 12.8
-28.2 71.4 28.6 12.8
-28.0 71.4 28.6 12.8
-27.8 71.4 28.5 12.7
-27.6 71.4 28.5 12.7
-27.4 71.4 28.4 12.6
-27.2 71.4 28.4 12.5
-27.0 71.4 28.3 12.5
-26.8 71.4 28.3 12.5
-26.6 71.4 28.2 12.4
-26.4 71.4 28.1 12.4
-26.2 71.4 28.0 12.4
-26.0 71.4 27.9 12.5
-25.8 71.4 27.8 12.5
-25.6 71.4 27.7 12.6
-25.4 71.4 27.5 12.7
-25.2 71.4 27.3 12.7
-25.0 71.4 27.1 12.8
-24.8 71.4 26.8 12.8
-24.6 71.4 26.3 12.8
-24.4 71.4 25.8 12.7
-24.2 71.4 25.1 12.5
-24.0 71.4 24.3 12.2
-23.8 71.4 23.3 11.8
-23.6 71.4 22.2 11.3
-23.4 71.4 21.0 10.7
-23.2 71.4 19.7 10.0
-23.0 71.4 18.4 9.3
-22.8 71.4 17.1 8.6
-22.6 71.4 15.9 7.9
-22.4 71.4 14.8 7.2
-22.2 71.4 13.7 6.6
-22.0 71.4 12.7 6.0
-21.8 71.4 11.7 5.5
-21.6 71.4 10.8 5.0
-21.4 71.4 10.0 4.5
-21.2 71.4 9.2 4.0
-21.0 71.4 8.5 3.6
-20.8 71.4 7.8 3.1
-20.6 71.4 7.2 2.7
-20.4 71.4 6.7 2.3
-20.2 71.4 6.3 1.9
-20.0 71.4 5.9 1.6
-19.8 71.4 5.6 1.3
-19.6 71.4 5.4 1.0
-19.4 71.4 5.3 1.0
-19.2 71.4 5.2 1.0
-19.0 71.4 5.1 1.0
-18.8 71.4 5.1 1.0
-18.6 71.4 5.0 1.0
-18.4 71.4 5.0 1.0
-18.2 71.4 5.0 1.0
-18.0 71.4 5.0 1.0
-17.8 71.4 5.1 1.0
-17.6 71.4 5.1 1.0
-17.4 71.4 5.1 1.0
-17.2 71.4 5.1 1.0
-17.0 71.4 5.1 1.0
-16.8 71.4 5.1 1.0
-16.6 71.4 5.2 1.0
-16.4 71.4 5.2 1.0
-16.2 71.4 5.2 1.0
-16.0 71.4 5.2 1.0
-15.8 71.4 5.3 1.0
-15.6 71.4 5.3 1.0
-15.4 71.4 5.3 1.0
-15.2 71.4 5.3 1.0
-15.0 71.4 5.3 1.0
-14.8 71.4 5.3 1.0
-14.6 71.4 5.3 1.0
-14.4 71.4 5.2 1.0
-14.2 71.4 5.2 1.0
-14.0 71.4 5.2 1.0
-13.8 71.4 5.1 1.0
-13.6 71.4 5.1 1.0
-13.4 71.4 5.0 1.0
-13.2 71.4 5.0 1.0
-71.4 71.2 5.0 1.0
-71.2 71.2 5.0 1.0
-71.0 71.2 5.0 1.0
-70.8 71.2 5.0 1.0
-70.6 71.2 5.0 1.0
-70.4 71.2 5.0 1.0
-70.2 71.2 5.0 1.0
-70.0 71.2 5.0 1.0
-69.8 71.2 5.1 1.5
-69.6 71.2 5.3 1.6
-69.4 71.2 5.4 1.7
-69.2 71.2 5.5 1.8
-69.0 71.2 5.6 1.9
-68.8 71.2 5.7 1.9
-68.6 71.2 5.7 1.9
-68.4 71.2 5.7 2.0
-68.2 71.2 5.8 2.0
-68.0 71.2 5.8 2.1
-67.8 71.2 5.8 2.1
-67.6 71.2 5.8 2.2
-67.4 71.2 5.9 2.3
-67.2 71.2 6.1 2.4
-67.0 71.2 6.3 2.6
-66.8 71.2 6.6 2.8
-66.6 71.2 7.0 3.1
-66.4 71.2 7.5 3.4
-66.2 71.2 8.1 3.8
-66.0 71.2 8.8 4.2
-65.8 71.2 9.6 4.7
-65.6 71.2 10.5 5.2
-65.4 71.2 11.5 5.7
-65.2 71.2 12.5 6.2
-65.0 71.2 13.5 6.7
-64.8 71.2 14.5 7.2
-64.6 71.2 15.5 7.6
-64.4 71.2 16.4 7.9
-64.2 71.2 17.3 8.2
-64.0 71.2 18.1 8.4
-63.8 71.2 18.8 8.5
-63.6 71.2 19.4 8.6
-63.4 71.2 19.9 8.7
-63.2 71.2 20.3 8.8
-63.0 71.2 20.7 8.9
-62.8 71.2 20.9 8.9
-62.6 71.2 21.1 9.0
-62.4 71.2 21.3 9.1
-62.2 71.2 21.4 9.2
-62.0 71.2 21.5 9.3
-61.8 71.2 21.6 9.4
-61.6 71.2 21.7 9.5
-61.4 71.2 21.7 9.6
-61.2 71.2 21.8 9.7
-61.0 71.2 21.8 9.7
-60.8 71.2 21.8 9.8
-60.6 71.2 21.8 9.9
-60.4 71.2 21.7 10.0
-60.2 71.2 21.7 10.1
-60.0 71.2 21.7 10.1
-59.8 71.2 21.6 10.2
-59.6 71.2 21.6 10.3
-59.4 71.2 21.5 10.3
-59.2 71.2 21.5 10.4
-59.0 71.2 21.5 10.5
-58.8 71.2 21.5 10.7
-58.6 71.2 21.5 10.8
-58.4 71.2 21.5 11.1
-58.2 71.2 21.5 11.4
-58.0 71.2 21.5 11.8
-57.8 71.2 21.6 12.3
-57.6 71.2 21.7 12.9
-57.4 71.2 21.8 13.6
-57.2 71.2 22.0 14.4
-57.0 71.2 22.3 15.3
-56.8 71.2 22.7 16.4
-56.6 71.2 23.3 17.5
-56.4 71.2 24.1 18.6
-56.2 71.2 25.2 19.8
-56.0 71.2 26.6 20.9
-55.8 71.2 28.2 21.9
-55.6 71.2 30.2 22.8
-55.4 71.2 32.4 23.6
-55.2 71.2 34.7 24.2
-55.0 71.2 37.2 24.6
-54.8 71.2 39.7 24.9
-54.6 71.2 42.1 25.1
-54.4 71.2 44.4 25.1
-54.2 71.2 46.4 25.1
-54.0 71.2 48.1 25.0
-53.8 71.2 49.5 24.9
-53.6 71.2 50.6 24.7
-53.4 71.2 51.5 24.6
-53.2 71.2 52.1 24.4
-53.0 71.2 52.4 24.2
-52.8 71.2 52.7 24.1
-52.6 71.2 52.7 23.9
-52.4 71.2 52.7 23.7
-52.2 71.2 52.6 23.6
-52.0 71.2 52.4 23.5
-51.8 71.2 52.1 23.4
-51.6 71.2 51.8 23.4
-51.4 71.2 51.4 23.4
-51.2 71.2 51.1 23.4
-51.0 71.2 50.7 23.5
-50.8 71.2 50.4 23.6
-50.6 71.2 50.0 23.8
-50.4 71.2 49.8 23.9
-50.2 71.2 49.5 24.1
-50.0 71.2 49.3 24.3
-49.8 71.2 49.1 24.4
-49.6 71.2 49.0 24.5
-49.4 71.2 49.0 24.5
-49.2 71.2 49.0 24.5
-49.0 71.2 49.0 24.5
-48.8 71.2 49.1 24.5
-48.6 71.2 49.2 24.4
-48.4 71.2 49.3 24.3
-48.2 71.2 49.4 24.2
-48.0 71.2 49.6 24.2
-47.8 71.2 49.7 24.1
-47.6 71.2 49.8 24.0
-47.4 71.2 49.9 24.0
-47.2 71.2 50.0 24.0
-47.0 71.2 50.0 24.0
-46.8 71.2 50.0 24.0
-46.6 71.2 50.0 24.1
-46.4 71.2 50.0 24.2
-46.2 71.2 50.1 24.2
-46.0 71.2 50.1 24.2
-45.8 71.2 50.2 24.2
-45.6 71.2 50.4 24.1
-45.4 71.2 50.6 24.1
-45.2 71.2 50.8 23.9
-45.0 71.2 51.1 23.7
-44.8 71.2 51.4 23.6
-44.6 71.2 51.6 23.3
-44.4 71.2 51.9 23.2
-44.2 71.2 52.3 23.0
-44.0 71.2 52.6 22.8
-43.8 71.2 52.9 22.7
-43.6 71.2 53.2 22.7
-43.4 71.2 53.4 22.7
-43.2 71.2 53.6 22.8
-43.0 71.2 53.7 22.9
-42.8 71.2 53.7 23.1
-42.6 71.2 53.5 23.3
-42.4 71.2 53.2 23.4
-42.2 71.2 52.7 23.5
-42.0 71.2 52.0 23.6
-41.8 71.2 51.1 23.5
-41.6 71.2 50.1 23.3
-41.4 71.2 48.9 23.0
-41.2 71.2 47.6 22.5
-41.0 71.2 46.2 21.9
-40.8 71.2 44.7 21.2
-40.6 71.2 43.2 20.4
-40.4 71.2 41.7 19.5
-40.2 71.2 40.3 18.7
-40.0 71.2 38.9 17.8
-39.8 71.2 37.6 17.0
-39.6 71.2 36.5 16.3
-39.4 71.2 35.4 15.7
-39.2 71.2 34.5 15.1
-39.0 71.2 33.7 14.7
-38.8 71.2 33.1 14.3
-38.6 71.2 32.5 14.0
-38.4 71.2 31.9 13.8
-38.2 71.2 31.5 13.6
-38.0 71.2 31.0 13.5
-37.8 71.2 30.6 13.3
-37.6 71.2 30.1 13.2
-37.4 71.2 29.7 13.1
-37.2 71.2 29.3 13.0
-37.0 71.2 28.8 13.0
-36.8 71.2 28.4 12.9
-36.6 71.2 28.0 12.9
-36.4 71.2 27.6 12.8
-36.2 71.2 27.2 12.8
-36.0 71.2 26.9 12.8
-35.8 71.2 26.7 12.7
-35.6 71.2 26.5 12.6
-35.4 71.2 26.3 12.5
-35.2 71.2 26.2 12.4
-35.0 71.2 26.1 12.3
-34.8 71.2 26.1 12.2
-34.6 71.2 26.1 12.1
-34.4 71.2 26.1 12.0
-34.2 71.2 26.1 12.0
-34.0 71.2 26.1 11.9
-33.8 71.2 26.1 11.9
-33.6 71.2 26.1 11.8
-33.4 71.2 26.1 11.8
-33.2 71.2 26.1 11.8
-33.0 71.2 26.1 11.7
-32.8 71.2 26.2 11.7
-32.6 71.2 26.2 11.7
-32.4 71.2 26.3 11.7
-32.2 71.2 26.3 11.7
-32.0 71.2 26.4 11.7
-31.8 71.2 26.5 11.7
-31.6 71.2 26.5 11.8
-31.4 71.2 26.6 11.8
-31.2 71.2 26.7 11.9
-31.0 71.2 26.7 12.0
-30.8 71.2 26.8 12.1
-30.6 71.2 26.8 12.1
-30.4 71.2 26.8 12.2
-30.2 71.2 26.8 12.2
-30.0 71.2 26.8 12.3
-29.8 71.2 26.8 12.3
-29.6 71.2 26.8 12.3
-29.4 71.2 26.8 12.3
-29.2 71.2 26.8 12.3
-29.0 71.2 26.9 12.3
-28.8 71.2 26.9 12.3
-28.6 71.2 26.9 12.2
-28.4 71.2 26.9 12.2
-28.2 71.2 27.0 12.2
-28.0 71.2 26.9 12.1
-27.8 71.2 26.9 12.1
-27.6 71.2 26.9 12.0
-27.4 71.2 26.9 11.9
-27.2 71.2 26.9 11.9
-27.0 71.2 26.9 11.9
-26.8 71.2 26.9 11.8
-26.6 71.2 26.9 11.9
-26.4 71.2 26.9 11.9
-26.2 71.2 26.8 11.9
-26.0 71.2 26.8 12.0
-25.8 71.2 26.7 12.1
-25.6 71.2 26.6 12.2
-25.4 71.2 26.5 12.3
-25.2 71.2 26.4 12.4
-25.0 71.2 26.2 12.4
-24.8 71.2 25.9 12.5
-24.6 71.2 25.6 12.5
-24.4 71.2 25.1 12.5
-24.2 71.2 24.5 12.4
-24.0 71.2 23.9 12.2
-23.8 71.2 23.0 11.9
-23.6 71.2 22.1 11.5
-23.4 71.2 21.1 11.0
-23.2 71.2 20.1 10.5
-23.0 71.2 19.0 9.9
-22.8 71.2 17.9 9.3
-22.6 71.2 16.9 8.7
-22.4 71.2 15.9 8.1
-22.2 71.2 14.9 7.5
-22.0 71.2 13.9 6.9
-21.8 71.2 12.9 6.4
-21.6 71.2 11.9 5.8
-21.4 71.2 11.0 5.2
-21.2 71.2 10.1 4.7
-21.0 71.2 9.2 4.1
-20.8 71.2 8.3 3.6
-20.6 71.2 7.6 3.0
-20.4 71.2 7.0 2.5
-20.2 71.2 6.4 2.0
-20.0 71.2 6.0 1.6
-19.8 71.2 5.7 1.3
-19.6 71.2 5.4 1.0
-19.4 71.2 5.3 1.0
-19.2 71.2 5.2 1.0
-19.0 71.2 5.1 1.0
-18.8 71.2 5.0 1.0
-18.6 71.2 5.0 1.0
-18.4 71.2 5.0 1.0
-18.2 71.2 5.0 1.0
-18.0 71.2 5.1 1.0
-17.8 71.2 5.1 1.0
-17.6 71.2 5.1 1.0
-17.4 71.2 5.1 1.0
-17.2 71.2 5.2 1.0
-17.0 71.2 5.2 1.0
-16.8 71.2 5.2 1.0
-16.6 71.2 5.3 1.0
-16.4 71.2 5.3 1.0
-16.2 71.2 5.3 1.0
-16.0 71.2 5.3 1.0
-15.8 71.2 5.4 1.0
-15.6 71.2 5.4 1.0
-15.4 71.2 5.4 1.0
-15.2 71.2 5.4 1.0
-15.0 71.2 5.4 1.0
-14.8 71.2 5.4 1.0
-14.6 71.2 5.3 1.0
-14.4 71.2 5.3 1.0
-14.2 71.2 5.3 1.0
-14.0 71.2 5.2 1.0
-13.8 71.2 5.2 1.0
-13.6 71.2 5.1 1.0
-71.0 71.0 5.0 1.0
-70.8 71.0 5.0 1.0
-70.6 71.0 5.0 1.0
-70.4 71.0 5.0 1.0
-70.2 71.0 5.0 1.0
-70.0 71.0 5.0 1.0
-69.8 71.0 5.1 1.7
-69.6 71.0 5.3 1.8
-69.4 71.0 5.5 1.9
-69.2 71.0 5.6 2.0
-69.0 71.0 5.8 2.0
-68.8 71.0 5.8 2.1
-68.6 71.0 5.9 2.1
-68.4 71.0 5.9 2.2
-68.2 71.0 5.9 2.2
-68.0 71.0 5.9 2.2
-67.8 71.0 5.9 2.2
-67.6 71.0 5.9 2.3
-67.4 71.0 5.9 2.3
-67.2 71.0 5.9 2.4
-67.0 71.0 6.0 2.5
-66.8 71.0 6.2 2.6
-66.6 71.0 6.4 2.8
-66.4 71.0 6.7 3.0
-66.2 71.0 7.1 3.3
-66.0 71.0 7.6 3.6
-65.8 71.0 8.2 4.0
-65.6 71.0 8.8 4.4
-65.4 71.0 9.6 4.9
-65.2 71.0 10.5 5.4
-65.0 71.0 11.4 5.9
-64.8 71.0 12.3 6.4
-64.6 71.0 13.2 6.8
-64.4 71.0 14.2 7.2
-64.2 71.0 15.1 7.5
-64.0 71.0 15.9 7.8
-63.8 71.0 16.7 8.0
-63.6 71.0 17.5 8.1
-63.4 71.0 18.1 8.3
-63.2 71.0 18.7 8.4
-63.0 71.0 19.2 8.4
-62.8 71.0 19.6 8.5
-62.6 71.0 19.9 8.6
-62.4 71.0 20.2 8.6
-62.2 71.0 20.5 8.7
-62.0 71.0 20.7 8.8
-61.8 71.0 20.9 8.9
-61.6 71.0 21.0 8.9
-61.4 71.0 21.1 9.0
-61.2 71.0 21.2 9.1
-61.0 71.0 21.2 9.2
-60.8 71.0 21.2 9.3
-60.6 71.0 21.1 9.4
-60.4 71.0 21.0 9.5
-60.2 71.0 20.9 9.6
-60.0 71.0 20.8 9.6
-59.8 71.0 20.7 9.7
-59.6 71.0 20.6 9.8
-59.4 71.0 20.6 9.8
-59.2 71.0 20.5 9.9
-59.0 71.0 20.4 10.0
-58.8 71.0 20.4 10.0
-58.6 71.0 20.4 10.1
-58.4 71.0 20.4 10.3
-58.2 71.0 20.4 10.5
-58.0 71.0 20.4 10.7
-57.8 71.0 20.4 11.1
-57.6 71.0 20.5 11.6
-57.4 71.0 20.6 12.2
-57.2 71.0 20.7 12.9
-57.0 71.0 21.0 13.8
-56.8 71.0 21.3 14.8
-56.6 71.0 21.8 15.9
-56.4 71.0 22.5 17.1
-56.2 71.0 23.5 18.4
-56.0 71.0 24.7 19.6
-55.8 71.0 26.3 20.9
-55.6 71.0 28.1 22.0
-55.4 71.0 30.3 23.1
-55.2 71.0 32.7 23.9
-55.0 71.0 35.2 24.6
-54.8 71.0 37.8 25.1
-54.6 71.0 40.4 25.5
-54.4 71.0 42.8 25.7
-54.2 71.0 44.9 25.8
-54.0 71.0 46.7 25.8
-53.8 71.0 48.3 25.7
-53.6 71.0 49.4 25.6
-53.4 71.0 50.3 25.5
-53.2 71.0 51.0 25.3
-53.0 71.0 51.4 25.1
-52.8 71.0 51.6 24.8
-52.6 71.0 51.6 24.6
-52.4 71.0 51.5 24.3
-52.2 71.0 51.4 24.1
-52.0 71.0 51.1 23.9
-51.8 71.0 50.9 23.7
-51.6 71.0 50.5 23.6
-51.4 71.0 50.2 23.6
-51.2 71.0 49.9 23.6
-51.0 71.0 49.6 23.7
-50.8 71.0 49.3 23.8
-50.6 71.0 49.1 24.0
-50.4 71.0 48.9 24.1
-50.2 71.0 48.7 24.3
-50.0 71.0 48.6 24.4
-49.8 71.0 48.5 24.5
-49.6 71.0 48.5 24.6
-49.4 71.0 48.5 24.5
-49.2 71.0 48.5 24.5
-49.0 71.0 48.5 24.4
-48.8 71.0 48.6 24.3
-48.6 71.0 48.6 24.2
-48.4 71.0 48.7 24.1
-48.2 71.0 48.8 24.1
-48.0 71.0 48.9 24.0
-47.8 71.0 48.9 23.9
-47.6 71.0 49.0 23.9
-47.4 71.0 49.0 23.9
-47.2 71.0 49.0 23.9
-47.0 71.0 49.0 24.0
-46.8 71.0 49.0 24.0
-46.6 71.0 49.0 24.1
-46.4 71.0 49.0 24.2
-46.2 71.0 49.0 24.2
-46.0 71.0 49.1 24.2
-45.8 71.0 49.2 24.2
-45.6 71.0 49.3 24.1
-45.4 71.0 49.5 24.0
-45.2 71.0 49.8 23.9
-45.0 71.0 50.0 23.7
-44.8 71.0 50.3 23.6
-44.6 71.0 50.6 23.4
-44.4 71.0 51.0 23.2
-44.2 71.0 51.3 23.0
-44.0 71.0 51.7 22.9
-43.8 71.0 52.0 22.8
-43.6 71.0 52.3 22.8
-43.4 71.0 52.5 22.9
-43.2 71.0 52.7 23.0
-43.0 71.0 52.8 23.1
-42.8 71.0 52.7 23.3
-42.6 71.0 52.5 23.5
-42.4 71.0 52.1 23.6
-42.2 71.0 51.5 23.7
-42.0 71.0 50.7 23.7
-41.8 71.0 49.7 23.5
-41.6 71.0 48.6 23.3
-41.4 71.0 47.3 22.8
-41.2 71.0 45.9 22.2
-41.0 71.0 44.5 21.5
-40.8 71.0 42.9 20.7
-40.6 71.0 41.4 19.8
-40.4 71.0 39.9 18.9
-40.2 71.0 38.4 18.0
-40.0 71.0 37.0 17.2
-39.8 71.0 35.8 16.4
-39.6 71.0 34.6 15.8
-39.4 71.0 33.6 15.2
-39.2 71.0 32.7 14.7
-39.0 71.0 31.9 14.3
-38.8 71.0 31.2 13.9
-38.6 71.0 30.6 13.7
-38.4 71.0 30.1 13.5
-38.2 71.0 29.7 13.3
-38.0 71.0 29.2 13.2
-37.8 71.0 28.8 13.1
-37.6 71.0 28.4 13.0
-37.4 71.0 28.0 12.8
-37.2 71.0 27.6 12.8
-37.0 71.0 27.2 12.7
-36.8 71.0 26.8 12.6
-36.6 71.0 26.4 12.5
-36.4 71.0 26.1 12.5
-36.2 71.0 25.8 12.4
-36.0 71.0 25.5 12.4
-35.8 71.0 25.3 12.3
-35.6 71.0 25.2 12.2
-35.4 71.0 25.1 12.1
-35.2 71.0 25.0 12.0
-35.0 71.0 25.0 11.9
-34.8 71.0 25.0 11.8
-34.6 71.0 25.0 11.7
-34.4 71.0 25.0 11.6
-34.2 71.0 25.0 11.5
-34.0 71.0 25.0 11.5
-33.8 71.0 25.0 11.5
-33.6 71.0 25.0 11.5
-33.4 71.0 24.9 11.5
-33.2 71.0 24.9 11.4
-33.0 71.0 24.8 11.4
-32.8 71.0 24.8 11.4
-32.6 71.0 24.8 11.4
-32.4 71.0 24.8 11.3
-32.2 71.0 24.8 11.3
-32.0 71.0 24.8 11.3
-31.8 71.0 24.8 11.3
-31.6 71.0 24.8 11.4
-31.4 71.0 24.9 11.4
-31.2 71.0 24.9 11.5
-31.0 71.0 24.9 11.5
-30.8 71.0 25.0 11.6
-30.6 71.0 25.0 11.6
-30.4 71.0 24.9 11.7
-30.2 71.0 24.9 11.7
-30.0 71.0 24.9 11.7
-29.8 71.0 24.9 11.7
-29.6 71.0 24.9 11.7
-29.4 71.0 24.9 11.7
-29.2 71.0 24.9 11.7
-29.0 71.0 25.0 11.7
-28.8 71.0 25.0 11.7
-28.6 71.0 25.1 11.6
-28.4 71.0 25.1 11.6
-28.2 71.0 25.1 11.5
-28.0 71.0 25.1 11.4
-27.8 71.0 25.0 11.3
-27.6 71.0 25.0 11.2
-27.4 71.0 24.9 11.1
-27.2 71.0 24.9 11.1
-27.0 71.0 24.9 11.0
-26.8 71.0 24.9 11.0
-26.6 71.0 24.9 11.0
-26.4 71.0 25.0 11.1
-26.2 71.0 25.0 11.2
-26.0 71.0 25.1 11.3
-25.8 71.0 25.1 11.4
-25.6 71.0 25.2 11.6
-25.4 71.0 25.2 11.7
-25.2 71.0 25.1 11.9
-25.0 71.0 25.1 12.0
-24.8 71.0 24.9 12.1
-24.6 71.0 24.7 12.2
-24.4 71.0 24.4 12.2
-24.2 71.0 24.1 12.2
-24.0 71.0 23.6 12.1
-23.8 71.0 23.0 12.0
-23.6 71.0 22.4 11.7
-23.4 71.0 21.6 11.4
-23.2 71.0 20.9 11.0
-23.0 71.0 20.1 10.6
-22.8 71.0 19.3 10.1
-22.6 71.0 18.4 9.7
-22.4 71.0 17.6 9.2
-22.2 71.0 16.7 8.6
-22.0 71.0 15.7 8.1
-21.8 71.0 14.7 7.5
-21.6 71.0 13.7 6.9
-21.4 71.0 12.6 6.3
-21.2 71.0 11.5 5.6
-21.0 71.0 10.4 4.9
-20.8 71.0 9.3 4.2
-20.6 71.0 8.4 3.5
-20.4 71.0 7.5 2.9
-20.2 71.0 6.8 2.3
-20.0 71.0 6.3 1.8
-19.8 71.0 5.9 1.4
-19.6 71.0 5.5 1.1
-19.4 71.0 5.3 1.0
-19.2 71.0 5.2 1.0
-19.0 71.0 5.1 1.0
-18.8 71.0 5.1 1.0
-18.6 71.0 5.0 1.0
-18.4 71.0 5.1 1.0
-18.2 71.0 5.1 1.0
-18.0 71.0 5.1 1.0
-17.8 71.0 5.1 1.0
-17.6 71.0 5.2 1.0
-17.4 71.0 5.2 1.0
-17.2 71.0 5.2 1.0
-17.0 71.0 5.3 1.0
-16.8 71.0 5.3 1.0
-16.6 71.0 5.4 1.0
-16.4 71.0 5.4 1.0
-16.2 71.0 5.4 1.0
-16.0 71.0 5.5 1.0
-15.8 71.0 5.5 1.0
-15.6 71.0 5.5 1.0
-15.4 71.0 5.5 1.0
-15.2 71.0 5.5 1.0
-15.0 71.0 5.5 1.0
-14.8 71.0 5.5 1.0
-14.6 71.0 5.4 1.0
-14.4 71.0 5.4 1.0
-14.2 71.0 5.4 1.0
-14.0 71.0 5.3 1.0
-70.8 70.8 5.0 1.0
-70.6 70.8 5.0 1.0
-70.4 70.8 5.0 1.0
-70.2 70.8 5.0 1.0
-70.0 70.8 5.0 1.0
-69.8 70.8 5.2 1.8
-69.6 70.8 5.5 1.9
-69.4 70.8 5.7 2.0
-69.2 70.8 5.9 2.1
-69.0 70.8 6.1 2.2
-68.8 70.8 6.2 2.3
-68.6 70.8 6.2 2.3
-68.4 70.8 6.2 2.3
-68.2 70.8 6.2 2.4
-68.0 70.8 6.2 2.4
-67.8 70.8 6.2 2.4
-67.6 70.8 6.1 2.5
-67.4 70.8 6.1 2.5
-67.2 70.8 6.1 2.6
-67.0 70.8 6.1 2.6
-66.8 70.8 6.2 2.7
-66.6 70.8 6.3 2.8
-66.4 70.8 6.5 3.0
-66.2 70.8 6.7 3.2
-66.0 70.8 7.0 3.4
-65.8 70.8 7.5 3.7
-65.6 70.8 8.0 4.1
-65.4 70.8 8.6 4.5
-65.2 70.8 9.2 4.9
-65.0 70.8 10.0 5.3
-64.8 70.8 10.8 5.8
-64.6 70.8 11.7 6.2
-64.4 70.8 12.6 6.6
-64.2 70.8 13.5 6.9
-64.0 70.8 14.4 7.2
-63.8 70.8 15.3 7.5
-63.6 70.8 16.1 7.7
-63.4 70.8 16.9 7.9
-63.2 70.8 17.5 8.0
-63.0 70.8 18.1 8.1
-62.8 70.8 18.6 8.2
-62.6 70.8 19.1 8.2
-62.4 70.8 19.5 8.3
-62.2 70.8 19.8 8.3
-62.0 70.8 20.1 8.4
-61.8 70.8 20.3 8.4
-61.6 70.8 20.4 8.4
-61.4 70.8 20.5 8.5
-61.2 70.8 20.6 8.6
-61.0 70.8 20.6 8.6
-60.8 70.8 20.5 8.7
-60.6 70.8 20.4 8.8
-60.4 70.8 20.3 9.0
-60.2 70.8 20.2 9.1
-60.0 70.8 20.0 9.2
-59.8 70.8 19.9 9.3
-59.6 70.8 19.8 9.4
-59.4 70.8 19.7 9.4
-59.2 70.8 19.6 9.5
-59.0 70.8 19.5 9.5
-58.8 70.8 19.5 9.6
-58.6 70.8 19.5 9.6
-58.4 70.8 19.4 9.7
-58.2 70.8 19.4 9.9
-58.0 70.8 19.4 10.1
-57.8 70.8 19.4 10.3
-57.6 70.8 19.5 10.7
-57.4 70.8 19.5 11.2
-57.2 70.8 19.6 11.8
-57.0 70.8 19.8 12.6
-56.8 70.8 20.1 13.6
-56.6 70.8 20.6 14.6
-56.4 70.8 21.2 15.9
-56.2 70.8 22.1 17.2
-56.0 70.8 23.3 18.6
-55.8 70.8 24.8 19.9
-55.6 70.8 26.6 21.3
-55.4 70.8 28.8 22.5
-55.2 70.8 31.2 23.6
-55.0 70.8 33.7 24.5
-54.8 70.8 36.4 25.2
-54.6 70.8 39.0 25.8
-54.4 70.8 41.5 26.1
-54.2 70.8 43.7 26.3
-54.0 70.8 45.6 26.4
-53.8 70.8 47.2 26.4
-53.6 70.8 48.4 26.3
-53.4 70.8 49.4 26.1
-53.2 70.8 50.0 25.9
-53.0 70.8 50.4 25.6
-52.8 70.8 50.6 25.3
-52.6 70.8 50.6 25.0
-52.4 70.8 50.5 24.7
-52.2 70.8 50.4 24.4
-52.0 70.8 50.1 24.2
-51.8 70.8 49.9 24.0
-51.6 70.8 49.6 23.9
-51.4 70.8 49.3 23.8
-51.2 70.8 49.0 23.9
-51.0 70.8 48.8 23.9
-50.8 70.8 48.6 24.0
-50.6 70.8 48.4 24.1
-50.4 70.8 48.3 24.3
-50.2 70.8 48.2 24.4
-50.0 70.8 48.1 24.4
-49.8 70.8 48.1 24.4
-49.6 70.8 48.1 24.3
-49.4 70.8 48.1 24.2
-49.2 70.8 48.1 24.1
-49.0 70.8 48.2 24.0
-48.8 70.8 48.3 23.8
-48.6 70.8 48.3 23.7
-48.4 70.8 48.4 23.7
-48.2 70.8 48.4 23.6
-48.0 70.8 48.5 23.6
-47.8 70.8 48.5 23.6
-47.6 70.8 48.6 23.7
-47.4 70.8 48.6 23.8
-47.2 70.8 48.6 23.8
-47.0 70.8 48.5 23.9
-46.8 70.8 48.5 24.0
-46.6 70.8 48.5 24.1
-46.4 70.8 48.5 24.1
-46.2 70.8 48.4 24.1
-46.0 70.8 48.5 24.1
-45.8 70.8 48.5 24.0
-45.6 70.8 48.6 23.9
-45.4 70.8 48.7 23.8
-45.2 70.8 48.9 23.7
-45.0 70.8 49.1 23.5
-44.8 70.8 49.4 23.4
-44.6 70.8 49.7 23.3
-44.4 70.8 50.0 23.2
-44.2 70.8 50.3 23.1
-44.0 70.8 50.7 23.0
-43.8 70.8 51.0 23.0
-43.6 70.8 51.3 23.0
-43.4 70.8 51.6 23.1
-43.2 70.8 51.7 23.3
-43.0 70.8 51.7 23.4
-42.8 70.8 51.6 23.6
-42.6 70.8 51.3 23.7
-42.4 70.8 50.9 23.8
-42.2 70.8 50.2 23.8
-42.0 70.8 49.4 23.7
-41.8 70.8 48.4 23.4
-41.6 70.8 47.2 23.1
-41.4 70.8 45.8 22.5
-41.2 70.8 44.4 21.8
-41.0 70.8 42.8 21.0
-40.8 70.8 41.3 20.1
-40.6 70.8 39.7 19.2
-40.4 70.8 38.2 18.2
-40.2 70.8 36.7 17.3
-40.0 70.8 35.3 16.5
-39.8 70.8 34.1 15.8
-39.6 70.8 32.9 15.1
-39.4 70.8 31.9 14.6
-39.2 70.8 31.0 14.1
-39.0 70.8 30.2 13.7
-38.8 70.8 29.6 13.5
-38.6 70.8 29.0 13.3
-38.4 70.8 28.5 13.1
-38.2 70.8 28.0 13.0
-38.0 70.8 27.6 12.9
-37.8 70.8 27.2 12.8
-37.6 70.8 26.9 12.7
-37.4 70.8 26.5 12.6
-37.2 70.8 26.1 12.5
-37.0 70.8 25.8 12.4
-36.8 70.8 25.4 12.3
-36.6 70.8 25.1 12.3
-36.4 70.8 24.8 12.2
-36.2 70.8 24.5 12.1
-36.0 70.8 24.3 12.0
-35.8 70.8 24.2 11.9
-35.6 70.8 24.1 11.8
-35.4 70.8 24.1 11.7
-35.2 70.8 24.1 11.6
-35.0 70.8 24.1 11.5
-34.8 70.8 24.2 11.4
-34.6 70.8 24.2 11.3
-34.4 70.8 24.3 11.3
-34.2 70.8 24.3 11.2
-34.0 70.8 24.3 11.2
-33.8 70.8 24.2 11.2
-33.6 70.8 24.1 11.2
-33.4 70.8 24.0 11.2
-33.2 70.8 23.9 11.1
-33.0 70.8 23.8 11.1
-32.8 70.8 23.7 11.1
-32.6 70.8 23.6 11.1
-32.4 70.8 23.6 11.1
-32.2 70.8 23.5 11.0
-32.0 70.8 23.5 11.0
-31.8 70.8 23.5 11.0
-31.6 70.8 23.5 11.0
-31.4 70.8 23.5 11.1
-31.2 70.8 23.4 11.1
-31.0 70.8 23.4 11.1
-30.8 70.8 23.4 11.1
-30.6 70.8 23.3 11.1
-30.4 70.8 23.3 11.2
-30.2 70.8 23.2 11.2
-30.0 70.8 23.2 11.2
-29.8 70.8 23.1 11.2
-29.6 70.8 23.1 11.2
-29.4 70.8 23.1 11.2
-29.2 70.8 23.1 11.1
-29.0 70.8 23.2 11.1
-28.8 70.8 23.2 11.1
-28.6 70.8 23.2 11.0
-28.4 70.8 23.2 10.9
-28.2 70.8 23.1 10.8
-28.0 70.8 22.9 10.6
-27.8 70.8 22.7 10.4
-27.6 70.8 22.5 10.2
-27.4 70.8 22.3 10.0
-27.2 70.8 22.1 9.9
-27.0 70.8 22.0 9.7
-26.8 70.8 21.9 9.7
-26.6 70.8 21.9 9.7
-26.4 70.8 22.0 9.8
-26.2 70.8 22.2 9.9
-26.0 70.8 22.5 10.1
-25.8 70.8 22.8 10.4
-25.6 70.8 23.0 10.7
-25.4 70.8 23.3 10.9
-25.2 70.8 23.5 11.2
-25.0 70.8 23.7 11.4
-24.8 70.8 23.8 11.6
-24.6 70.8 23.8 11.8
-24.4 70.8 23.8 11.9
-24.2 70.8 23.6 11.9
-24.0 70.8 23.4 11.9
-23.8 70.8 23.1 11.9
-23.6 70.8 22.8 11.8
-23.4 70.8 22.3 11.6
-23.2 70.8 21.9 11.4
-23.0 70.8 21.4 11.2
-22.8 70.8 20.8 10.9
-22.6 70.8 20.2 10.5
-22.4 70.8 19.5 10.1
-22.2 70.8 18.7 9.7
-22.0 70.8 17.8 9.2
-21.8 70.8 16.8 8.6
-21.6 70.8 15.7 8.0
-21.4 70.8 14.5 7.3
-21.2 70.8 13.2 6.5
-21.0 70.8 11.9 5.7
-20.8 70.8 10.6 4.9
-20.6 70.8 9.4 4.1
-20.4 70.8 8.4 3.3
-20.2 70.8 7.5 2.6
-20.0 70.8 6.8 2.1
-19.8 70.8 6.2 1.6
-19.6 70.8 5.8 1.2
-19.4 70.8 5.5 1.0
-19.2 70.8 5.3 1.0
-19.0 70.8 5.2 1.0
-18.8 70.8 5.1 1.0
-18.6 70.8 5.1 1.0
-18.4 70.8 5.1 1.0
-18.2 70.8 5.1 1.0
-18.0 70.8 5.1 1.0
-17.8 70.8 5.2 1.0
-17.6 70.8 5.2 1.0
-17.4 70.8 5.3 1.0
-17.2 70.8 5.3 1.0
-17.0 70.8 5.4 1.0
-16.8 70.8 5.4 1.0
-16.6 70.8 5.5 1.0
-16.4 70.8 5.5 1.0
-16.2 70.8 5.6 1.0
-16.0 70.8 5.6 1.0
-15.8 70.8 5.6 1.0
-15.6 70.8 5.6 1.0
-15.4 70.8 5.6 1.0
-15.2 70.8 5.6 1.0
-15.0 70.8 5.6 1.0
-14.8 70.8 5.6 1.0
-14.6 70.8 5.5 1.0
-14.4 70.8 5.5 1.0
-14.2 70.8 5.4 1.0
-70.4 70.6 5.0 1.0
-70.2 70.6 5.0 1.0
-70.0 70.6 5.0 1.0
-69.8 70.6 5.4 1.8
-69.6 70.6 5.7 2.0
-69.4 70.6 6.0 2.1
-69.2 70.6 6.3 2.3
-69.0 70.6 6.5 2.4
-68.8 70.6 6.6 2.4
-68.6 70.6 6.7 2.5
-68.4 70.6 6.7 2.6
-68.2 70.6 6.7 2.6
-68.0 70.6 6.7 2.7
-67.8 70.6 6.6 2.7
-67.6 70.6 6.6 2.8
-67.4 70.6 6.5 2.8
-67.2 70.6 6.5 2.9
-67.0 70.6 6.5 2.9
-66.8 70.6 6.5 3.0
-66.6 70.6 6.6 3.1
-66.4 70.6 6.7 3.2
-66.2 70.6 6.8 3.4
-66.0 70.6 7.0 3.5
-65.8 70.6 7.3 3.8
-65.6 70.6 7.7 4.1
-65.4 70.6 8.2 4.4
-65.2 70.6 8.7 4.7
-65.0 70.6 9.4 5.1
-64.8 70.6 10.1 5.5
-64.6 70.6 10.9 5.9
-64.4 70.6 11.7 6.3
-64.2 70.6 12.6 6.6
-64.0 70.6 13.5 6.9
-63.8 70.6 14.4 7.2
-63.6 70.6 15.2 7.4
-63.4 70.6 16.0 7.6
-63.2 70.6 16.7 7.7
-63.0 70.6 17.3 7.8
-62.8 70.6 17.9 7.9
-62.6 70.6 18.3 8.0
-62.4 70.6 18.7 8.0
-62.2 70.6 19.0 8.0
-62.0 70.6 19.3 8.1
-61.8 70.6 19.5 8.1
-61.6 70.6 19.6 8.1
-61.4 70.6 19.7 8.1
-61.2 70.6 19.8 8.2
-61.0 70.6 19.8 8.2
-60.8 70.6 19.7 8.3
-60.6 70.6 19.7 8.4
-60.4 70.6 19.6 8.5
-60.2 70.6 19.5 8.6
-60.0 70.6 19.4 8.8
-59.8 70.6 19.3 8.9
-59.6 70.6 19.2 9.0
-59.4 70.6 19.1 9.1
-59.2 70.6 19.0 9.2
-59.0 70.6 18.9 9.2
-58.8 70.6 18.8 9.3
-58.6 70.6 18.8 9.3
-58.4 70.6 18.7 9.4
-58.2 70.6 18.7 9.5
-58.0 70.6 18.6 9.6
-57.8 70.6 18.6 9.9
-57.6 70.6 18.6 10.2
-57.4 70.6 18.7 10.6
-57.2 70.6 18.8 11.2
-57.0 70.6 19.0 11.9
-56.8 70.6 19.3 12.8
-56.6 70.6 19.7 13.8
-56.4 70.6 20.3 15.1
-56.2 70.6 21.2 16.4
-56.0 70.6 22.4 17.8
-55.8 70.6 23.9 19.3
-55.6 70.6 25.8 20.8
-55.4 70.6 27.9 22.2
-55.2 70.6 30.4 23.4
-55.0 70.6 33.0 24.4
-54.8 70.6 35.7 25.3
-54.6 70.6 38.3 25.9
-54.4 70.6 40.8 26.3
-54.2 70.6 43.1 26.6
-54.0 70.6 45.0 26.7
-53.8 70.6 46.6 26.7
-53.6 70.6 47.9 26.5
-53.4 70.6 48.8 26.4
-53.2 70.6 49.4 26.1
-53.0 70.6 49.7 25.8
-52.8 70.6 49.9 25.5
-52.6 70.6 49.9 25.2
-52.4 70.6 49.8 24.8
-52.2 70.6 49.6 24.6
-52.0 70.6 49.4 24.3
-51.8 70.6 49.1 24.1
-51.6 70.6 48.8 24.0
-51.4 70.6 48.6 23.9
-51.2 70.6 48.3 23.9
-51.0 70.6 48.1 23.9
-50.8 70.6 48.0 23.9
-50.6 70.6 47.9 24.0
-50.4 70.6 47.8 24.0
-50.2 70.6 47.7 24.0
-50.0 70.6 47.7 24.0
-49.8 70.6 47.7 23.9
-49.6 70.6 47.8 23.8
-49.4 70.6 47.8 23.6
-49.2 70.6 47.9 23.5
-49.0 70.6 48.0 23.3
-48.8 70.6 48.1 23.2
-48.6 70.6 48.1 23.2
-48.4 70.6 48.2 23.1
-48.2 70.6 48.3 23.1
-48.0 70.6 48.4 23.2
-47.8 70.6 48.4 23.3
-47.6 70.6 48.5 23.4
-47.4 70.6 48.5 23.5
-47.2 70.6 48.5 23.6
-47.0 70.6 48.5 23.7
-46.8 70.6 48.4 23.8
-46.6 70.6 48.4 23.8
-46.4 70.6 48.3 23.8
-46.2 70.6 48.3 23.7
-46.0 70.6 48.2 23.6
-45.8 70.6 48.2 23.5
-45.6 70.6 48.2 23.4
-45.4 70.6 48.2 23.2
-45.2 70.6 48.3 23.1
-45.0 70.6 48.4 23.0
-44.8 70.6 48.6 22.9
-44.6 70.6 48.8 22.9
-44.4 70.6 49.1 22.9
-44.2 70.6 49.4 22.9
-44.0 70.6 49.7 22.9
-43.8 70.6 50.1 23.0
-43.6 70.6 50.3 23.1
-43.4 70.6 50.6 23.2
-43.2 70.6 50.7 23.3
-43.0 70.6 50.7 23.5
-42.8 70.6 50.6 23.6
-42.6 70.6 50.3 23.7
-42.4 70.6 49.8 23.7
-42.2 70.6 49.1 23.6
-42.0 70.6 48.2 23.4
-41.8 70.6 47.1 23.1
-41.6 70.6 45.8 22.6
-41.4 70.6 44.4 22.0
-41.2 70.6 42.9 21.2
-41.0 70.6 41.3 20.3
-40.8 70.6 39.7 19.3
-40.6 70.6 38.1 18.4
-40.4 70.6 36.6 17.4
-40.2 70.6 35.1 16.5
-40.0 70.6 33.8 15.6
-39.8 70.6 32.5 14.9
-39.6 70.6 31.4 14.3
-39.4 70.6 30.5 13.7
-39.2 70.6 29.6 13.3
-39.0 70.6 28.9 13.0
-38.8 70.6 28.3 12.8
-38.6 70.6 27.7 12.6
-38.4 70.6 27.2 12.5
-38.2 70.6 26.8 12.4
-38.0 70.6 26.4 12.3
-37.8 70.6 26.0 12.3
-37.6 70.6 25.7 12.2
-37.4 70.6 25.3 12.2
-37.2 70.6 25.0 12.1
-37.0 70.6 24.7 12.0
-36.8 70.6 24.3 11.9
-36.6 70.6 24.1 11.8
-36.4 70.6 23.8 11.7
-36.2 70.6 23.6 11.6
-36.0 70.6 23.4 11.5
-35.8 70.6 23.3 11.5
-35.6 70.6 23.3 11.4
-35.4 70.6 23.3 11.3
-35.2 70.6 23.3 11.2
-35.0 70.6 23.3 11.1
-34.8 70.6 23.4 11.0
-34.6 70.6 23.4 11.0
-34.4 70.6 23.4 10.9
-34.2 70.6 23.4 10.9
-34.0 70.6 23.4 10.9
-33.8 70.6 23.3 10.9
-33.6 70.6 23.2 10.8
-33.4 70.6 23.1 10.8
-33.2 70.6 23.0 10.8
-33.0 70.6 22.8 10.8
-32.8 70.6 22.7 10.8
-32.6 70.6 22.6 10.7
-32.4 70.6 22.5 10.7
-32.2 70.6 22.5 10.7
-32.0 70.6 22.4 10.7
-31.8 70.6 22.4 10.7
-31.6 70.6 22.4 10.7
-31.4 70.6 22.4 10.7
-31.2 70.6 22.3 10.7
-31.0 70.6 22.2 10.7
-30.8 70.6 22.2 10.7
-30.6 70.6 22.1 10.7
-30.4 70.6 22.0 10.7
-30.2 70.6 21.9 10.8
-30.0 70.6 21.8 10.8
-29.8 70.6 21.7 10.8
-29.6 70.6 21.7 10.8
-29.4 70.6 21.7 10.7
-29.2 70.6 21.7 10.7
-29.0 70.6 21.7 10.6
-28.8 70.6 21.7 10.5
-28.6 70.6 21.6 10.4
-28.4 70.6 21.5 10.2
-28.2 70.6 21.2 10.0
-28.0 70.6 20.8 9.7
-27.8 70.6 20.4 9.4
-27.6 70.6 19.9 9.1
-27.4 70.6 19.4 8.8
-27.2 70.6 19.0 8.5
-27.0 70.6 18.6 8.3
-26.8 70.6 18.4 8.2
-26.6 70.6 18.5 8.2
-26.4 70.6 18.6 8.3
-26.2 70.6 19.0 8.5
-26.0 70.6 19.5 8.8
-25.8 70.6 20.1 9.2
-25.6 70.6 20.7 9.6
-25.4 70.6 21.3 10.0
-25.2 70.6 21.8 10.4
-25.0 70.6 22.3 10.7
-24.8 70.6 22.7 11.0
-24.6 70.6 23.0 11.3
-24.4 70.6 23.2 11.4
-24.2 70.6 23.3 11.6
-24.0 70.6 23.3 11.6
-23.8 70.6 23.2 11.7
-23.6 70.6 23.1 11.7
-23.4 70.6 22.9 11.6
-23.2 70.6 22.7 11.6
-23.0 70.6 22.4 11.4
-22.8 70.6 22.0 11.3
-22.6 70.6 21.6 11.0
-22.4 70.6 21.1 10.7
-22.2 70.6 20.4 10.4
-22.0 70.6 19.6 9.9
-21.8 70.6 18.6 9.3
-21.6 70.6 17.4 8.7
-21.4 70.6 16.1 7.9
-21.2 70.6 14.7 7.1
-21.0 70.6 13.3 6.2
-20.8 70.6 11.8 5.3
-20.6 70.6 10.4 4.4
-20.4 70.6 9.2 3.6
-20.2 70.6 8.1 2.8
-20.0 70.6 7.2 2.2
-19.8 70.6 6.5 1.7
-19.6 70.6 5.9 1.3
-19.4 70.6 5.6 1.0
-19.2 70.6 5.3 1.0
-19.0 70.6 5.2 1.0
-18.8 70.6 5.1 1.0
-18.6 70.6 5.1 1.0
-18.4 70.6 5.1 1.0
-18.2 70.6 5.1 1.0
-18.0 70.6 5.2 1.0
-17.8 70.6 5.2 1.0
-17.6 70.6 5.3 1.0
-17.4 70.6 5.4 1.0
-17.2 70.6 5.4 1.0
-17.0 70.6 5.5 1.0
-16.8 70.6 5.5 1.0
-16.6 70.6 5.6 1.0
-16.4 70.6 5.7 1.0
-16.2 70.6 5.7 1.0
-16.0 70.6 5.7 1.0
-15.8 70.6 5.8 1.0
-15.6 70.6 5.8 1.0
-15.4 70.6 5.8 1.0
-15.2 70.6 5.8 1.0
-15.0 70.6 5.7 1.0
-14.8 70.6 5.7 1.0
-14.6 70.6 5.7 1.0
-70.2 70.4 5.0 1.0
-70.0 70.4 5.0 1.0
-69.8 70.4 5.5 1.9
-69.6 70.4 5.9 2.1
-69.4 70.4 6.3 2.2
-69.2 70.4 6.6 2.4
-69.0 70.4 6.9 2.5
-68.8 70.4 7.0 2.7
-68.6 70.4 7.2 2.8
-68.4 70.4 7.2 2.9
-68.2 70.4 7.3 3.0
-68.0 70.4 7.3 3.1
-67.8 70.4 7.3 3.2
-67.6 70.4 7.2 3.2
-67.4 70.4 7.2 3.3
-67.2 70.4 7.2 3.4
-67.0 70.4 7.1 3.5
-66.8 70.4 7.2 3.5
-66.6 70.4 7.2 3.6
-66.4 70.4 7.2 3.7
-66.2 70.4 7.3 3.9
-66.0 70.4 7.5 4.0
-65.8 70.4 7.7 4.2
-65.6 70.4 8.0 4.4
-65.4 70.4 8.4 4.7
-65.2 70.4 8.8 5.0
-65.0 70.4 9.4 5.3
-64.8 70.4 10.0 5.6
-64.6 70.4 10.7 6.0
-64.4 70.4 11.5 6.3
-64.2 70.4 12.3 6.6
-64.0 70.4 13.1 6.8
-63.8 70.4 13.9 7.1
-63.6 70.4 14.7 7.2
-63.4 70.4 15.4 7.4
-63.2 70.4 16.0 7.5
-63.0 70.4 16.6 7.7
-62.8 70.4 17.0 7.7
-62.6 70.4 17.4 7.8
-62.4 70.4 17.7 7.9
-62.2 70.4 18.0 7.9
-62.0 70.4 18.2 7.9
-61.8 70.4 18.3 7.9
-61.6 70.4 18.5 7.9
-61.4 70.4 18.6 7.9
-61.2 70.4 18.7 7.9
-61.0 70.4 18.7 8.0
-60.8 70.4 18.8 8.0
-60.6 70.4 18.8 8.1
-60.4 70.4 18.8 8.2
-60.2 70.4 18.8 8.3
-60.0 70.4 18.7 8.4
-59.8 70.4 18.7 8.6
-59.6 70.4 18.6 8.7
-59.4 70.4 18.5 8.8
-59.2 70.4 18.4 8.9
-59.0 70.4 18.4 8.9
-58.8 70.4 18.3 9.0
-58.6 70.4 18.2 9.0
-58.4 70.4 18.2 9.1
-58.2 70.4 18.1 9.2
-58.0 70.4 18.1 9.3
-57.8 70.4 18.0 9.5
-57.6 70.4 18.0 9.8
-57.4 70.4 18.1 10.2
-57.2 70.4 18.2 10.7
-57.0 70.4 18.4 11.5
-56.8 70.4 18.7 12.3
-56.6 70.4 19.2 13.4
-56.4 70.4 19.9 14.7
-56.2 70.4 20.8 16.1
-56.0 70.4 22.1 17.5
-55.8 70.4 23.7 19.1
-55.6 70.4 25.6 20.6
-55.4 70.4 27.8 22.0
-55.2 70.4 30.3 23.2
-55.0 70.4 33.0 24.3
-54.8 70.4 35.7 25.2
-54.6 70.4 38.4 25.8
-54.4 70.4 40.9 26.2
-54.2 70.4 43.1 26.5
-54.0 70.4 45.0 26.6
-53.8 70.4 46.5 26.5
-53.6 70.4 47.6 26.4
-53.4 70.4 48.5 26.2
-53.2 70.4 49.0 25.9
-53.0 70.4 49.3 25.7
-52.8 70.4 49.4 25.3
-52.6 70.4 49.3 25.0
-52.4 70.4 49.2 24.7
-52.2 70.4 49.0 24.4
-52.0 70.4 48.7 24.1
-51.8 70.4 48.4 23.9
-51.6 70.4 48.2 23.7
-51.4 70.4 48.0 23.6
-51.2 70.4 47.8 23.6
-51.0 70.4 47.6 23.5
-50.8 70.4 47.5 23.5
-50.6 70.4 47.4 23.5
-50.4 70.4 47.4 23.5
-50.2 70.4 47.4 23.4
-50.0 70.4 47.4 23.3
-49.8 70.4 47.5 23.2
-49.6 70.4 47.5 23.1
-49.4 70.4 47.6 23.0
-49.2 70.4 47.7 22.8
-49.0 70.4 47.8 22.7
-48.8 70.4 48.0 22.7
-48.6 70.4 48.1 22.6
-48.4 70.4 48.2 22.6
-48.2 70.4 48.3 22.7
-48.0 70.4 48.4 22.7
-47.8 70.4 48.5 22.8
-47.6 70.4 48.6 23.0
-47.4 70.4 48.7 23.1
-47.2 70.4 48.7 23.2
-47.0 70.4 48.8 23.3
-46.8 70.4 48.8 23.3
-46.6 70.4 48.7 23.3
-46.4 70.4 48.6 23.2
-46.2 70.4 48.5 23.1
-46.0 70.4 48.4 23.0
-45.8 70.4 48.3 22.8
-45.6 70.4 48.2 22.6
-45.4 70.4 48.1 22.5
-45.2 70.4 48.0 22.3
-45.0 70.4 48.0 22.3
-44.8 70.4 48.0 22.3
-44.6 70.4 48.2 22.3
-44.4 70.4 48.3 22.4
-44.2 70.4 48.6 22.5
-44.0 70.4 48.8 22.7
-43.8 70.4 49.1 22.8
-43.6 70.4 49.4 23.0
-43.4 70.4 49.6 23.1
-43.2 70.4 49.7 23.3
-43.0 70.4 49.7 23.4
-42.8 70.4 49.6 23.5
-42.6 70.4 49.2 23.5
-42.4 70.4 48.7 23.5
-42.2 70.4 47.9 23.3
-42.0 70.4 47.0 23.1
-41.8 70.4 45.8 22.7
-41.6 70.4 44.5 22.1
-41.4 70.4 43.0 21.4
-41.2 70.4 41.4 20.5
-41.0 70.4 39.8 19.6
-40.8 70.4 38.1 18.5
-40.6 70.4 36.5 17.5
-40.4 70.4 35.0 16.5
-40.2 70.4 33.6 15.6
-40.0 70.4 32.3 14.7
-39.8 70.4 31.2 14.0
-39.6 70.4 30.1 13.4
-39.4 70.4 29.2 12.9
-39.2 70.4 28.5 12.5
-39.0 70.4 27.8 12.2
-38.8 70.4 27.3 11.9
-38.6 70.4 26.8 11.8
-38.4 70.4 26.3 11.7
-38.2 70.4 26.0 11.6
-38.0 70.4 25.6 11.6
-37.8 70.4 25.2 11.5
-37.6 70.4 24.9 11.5
-37.4 70.4 24.6 11.5
-37.2 70.4 24.3 11.4
-37.0 70.4 24.0 11.4
-36.8 70.4 23.7 11.3
-36.6 70.4 23.4 11.2
-36.4 70.4 23.1 11.1
-36.2 70.4 22.9 11.0
-36.0 70.4 22.8 10.9
-35.8 70.4 22.7 10.9
-35.6 70.4 22.6 10.8
-35.4 70.4 22.5 10.8
-35.2 70.4 22.5 10.7
-35.0 70.4 22.5 10.7
-34.8 70.4 22.5 10.7
-34.6 70.4 22.5 10.7
-34.4 70.4 22.5 10.6
-34.2 70.4 22.5 10.6
-34.0 70.4 22.4 10.6
-33.8 70.4 22.3 10.6
-33.6 70.4 22.2 10.5
-33.4 70.4 22.1 10.5
-33.2 70.4 22.0 10.5
-33.0 70.4 21.8 10.4
-32.8 70.4 21.7 10.4
-32.6 70.4 21.6 10.4
-32.4 70.4 21.6 10.4
-32.2 70.4 21.5 10.4
-32.0 70.4 21.5 10.4
-31.8 70.4 21.5 10.4
-31.6 70.4 21.4 10.4
-31.4 70.4 21.4 10.4
-31.2 70.4 21.4 10.4
-31.0 70.4 21.3 10.4
-30.8 70.4 21.2 10.5
-30.6 70.4 21.1 10.5
-30.4 70.4 21.0 10.5
-30.2 70.4 20.9 10.5
-30.0 70.4 20.9 10.6
-29.8 70.4 20.8 10.6
-29.6 70.4 20.8 10.6
-29.4 70.4 20.7 10.5
-29.2 70.4 20.7 10.4
-29.0 70.4 20.7 10.3
-28.8 70.4 20.6 10.1
-28.6 70.4 20.5 9.9
-28.4 70.4 20.2 9.7
-28.2 70.4 19.9 9.4
-28.0 70.4 19.4 9.1
-27.8 70.4 18.7 8.7
-27.6 70.4 18.0 8.3
-27.4 70.4 17.4 8.0
-27.2 70.4 16.8 7.6
-27.0 70.4 16.3 7.4
-26.8 70.4 16.1 7.2
-26.6 70.4 16.1 7.2
-26.4 70.4 16.4 7.3
-26.2 70.4 16.8 7.6
-26.0 70.4 17.5 7.9
-25.8 70.4 18.3 8.4
-25.6 70.4 19.2 8.9
-25.4 70.4 20.0 9.3
-25.2 70.4 20.8 9.8
-25.0 70.4 21.5 10.2
-24.8 70.4 22.1 10.5
-24.6 70.4 22.6 10.8
-24.4 70.4 22.9 11.0
-24.2 70.4 23.1 11.2
-24.0 70.4 23.2 11.3
-23.8 70.4 23.3 11.4
-23.6 70.4 23.3 11.4
-23.4 70.4 23.2 11.5
-23.2 70.4 23.1 11.4
-23.0 70.4 22.9 11.4
-22.8 70.4 22.7 11.3
-22.6 70.4 22.4 11.1
-22.4 70.4 22.0 10.9
-22.2 70.4 21.4 10.6
-22.0 70.4 20.7 10.2
-21.8 70.4 19.7 9.6
-21.6 70.4 18.6 9.0
-21.4 70.4 17.2 8.2
-21.2 70.4 15.8 7.4
-21.0 70.4 14.2 6.5
-20.8 70.4 12.6 5.5
-20.6 70.4 11.1 4.6
-20.4 70.4 9.7 3.7
-20.2 70.4 8.4 3.0
-20.0 70.4 7.4 2.3
-19.8 70.4 6.6 1.7
-19.6 70.4 6.0 1.3
-19.4 70.4 5.6 1.0
-19.2 70.4 5.3 1.0
-19.0 70.4 5.2 1.0
-18.8 70.4 5.1 1.0
-18.6 70.4 5.1 1.0
-18.4 70.4 5.1 1.0
-18.2 70.4 5.2 1.0
-18.0 70.4 5.2 1.0
-17.8 70.4 5.3 1.0
-17.6 70.4 5.4 1.0
-17.4 70.4 5.5 1.0
-17.2 70.4 5.5 1.0
-17.0 70.4 5.6 1.0
-16.8 70.4 5.7 1.0
-16.6 70.4 5.7 1.0
-16.4 70.4 5.8 1.0
-16.2 70.4 5.9 1.0
-16.0 70.4 5.9 1.0
-15.8 70.4 5.9 1.0
-15.6 70.4 5.9 1.0
-15.4 70.4 5.9 1.0
-15.2 70.4 5.9 1.0
-15.0 70.4 5.9 1.0
-14.8 70.4 5.8 1.0
-69.8 70.2 5.4 1.9
-69.6 70.2 5.9 2.2
-69.4 70.2 6.4 2.4
-69.2 70.2 6.8 2.6
-69.0 70.2 7.1 2.8
-68.8 70.2 7.4 3.0
-68.6 70.2 7.6 3.1
-68.4 70.2 7.8 3.3
-68.2 70.2 7.9 3.4
-68.0 70.2 8.0 3.6
-67.8 70.2 8.1 3.7
-67.6 70.2 8.1 3.8
-67.4 70.2 8.1 4.0
-67.2 70.2 8.2 4.1
-67.0 70.2 8.2 4.2
-66.8 70.2 8.2 4.3
-66.6 70.2 8.2 4.4
-66.4 70.2 8.3 4.5
-66.2 70.2 8.3 4.6
-66.0 70.2 8.5 4.8
-65.8 70.2 8.6 5.0
-65.6 70.2 8.8 5.1
-65.4 70.2 9.1 5.4
-65.2 70.2 9.5 5.6
-65.0 70.2 10.0 5.8
-64.8 70.2 10.5 6.1
-64.6 70.2 11.1 6.3
-64.4 70.2 11.7 6.5
-64.2 70.2 12.3 6.7
-64.0 70.2 13.0 6.9
-63.8 70.2 13.7 7.1
-63.6 70.2 14.3 7.2
-63.4 70.2 14.8 7.3
-63.2 70.2 15.3 7.4
-63.0 70.2 15.8 7.5
-62.8 70.2 16.1 7.6
-62.6 70.2 16.4 7.7
-62.4 70.2 16.6 7.8
-62.2 70.2 16.8 7.8
-62.0 70.2 17.0 7.8
-61.8 70.2 17.1 7.8
-61.6 70.2 17.2 7.8
-61.4 70.2 17.4 7.8
-61.2 70.2 17.5 7.8
-61.0 70.2 17.7 7.8
-60.8 70.2 17.8 7.8
-60.6 70.2 17.9 7.9
-60.4 70.2 18.0 8.0
-60.2 70.2 18.0 8.1
-60.0 70.2 18.0 8.2
-59.8 70.2 18.0 8.3
-59.6 70.2 18.0 8.4
-59.4 70.2 18.0 8.5
-59.2 70.2 17.9 8.6
-59.0 70.2 17.9 8.7
-58.8 70.2 17.8 8.7
-58.6 70.2 17.8 8.8
-58.4 70.2 17.7 8.8
-58.2 70.2 17.7 8.9
-58.0 70.2 17.7 9.0
-57.8 70.2 17.7 9.2
-57.6 70.2 17.7 9.5
-57.4 70.2 17.8 9.9
-57.2 70.2 18.0 10.5
-57.0 70.2 18.2 11.3
-56.8 70.2 18.6 12.2
-56.6 70.2 19.1 13.3
-56.4 70.2 19.9 14.6
-56.2 70.2 20.9 16.0
-56.0 70.2 22.3 17.5
-55.8 70.2 23.9 19.1
-55.6 70.2 25.9 20.5
-55.4 70.2 28.2 21.9
-55.2 70.2 30.8 23.1
-55.0 70.2 33.5 24.1
-54.8 70.2 36.2 24.9
-54.6 70.2 38.8 25.4
-54.4 70.2 41.3 25.8
-54.2 70.2 43.4 26.0
-54.0 70.2 45.2 26.1
-53.8 70.2 46.6 26.0
-53.6 70.2 47.6 25.9
-53.4 70.2 48.3 25.7
-53.2 70.2 48.7 25.5
-53.0 70.2 48.9 25.3
-52.8 70.2 48.9 25.0
-52.6 70.2 48.8 24.7
-52.4 70.2 48.6 24.4
-52.2 70.2 48.4 24.1
-52.0 70.2 48.1 23.8
-51.8 70.2 47.9 23.6
-51.6 70.2 47.6 23.4
-51.4 70.2 47.4 23.3
-51.2 70.2 47.3 23.2
-51.0 70.2 47.2 23.1
-50.8 70.2 47.2 23.1
-50.6 70.2 47.2 23.0
-50.4 70.2 47.2 22.9
-50.2 70.2 47.2 22.8
-50.0 70.2 47.3 22.7
-49.8 70.2 47.4 22.6
-49.6 70.2 47.6 22.5
-49.4 70.2 47.7 22.4
-49.2 70.2 47.8 22.4
-49.0 70.2 47.9 22.3
-48.8 70.2 48.1 22.3
-48.6 70.2 48.2 22.3
-48.4 70.2 48.4 22.3
-48.2 70.2 48.6 22.3
-48.0 70.2 48.7 22.4
-47.8 70.2 48.9 22.5
-47.6 70.2 49.1 22.7
-47.4 70.2 49.3 22.8
-47.2 70.2 49.4 22.9
-47.0 70.2 49.6 23.0
-46.8 70.2 49.7 23.0
-46.6 70.2 49.7 22.9
-46.4 70.2 49.6 22.8
-46.2 70.2 49.5 22.6
-46.0 70.2 49.3 22.3
-45.8 70.2 49.0 22.1
-45.6 70.2 48.7 21.9
-45.4 70.2 48.4 21.8
-45.2 70.2 48.2 21.7
-45.0 70.2 47.9 21.6
-44.8 70.2 47.8 21.7
-44.6 70.2 47.7 21.8
-44.4 70.2 47.8 22.0
-44.2 70.2 47.9 22.2
-44.0 70.2 48.0 22.4
-43.8 70.2 48.2 22.6
-43.6 70.2 48.4 22.8
-43.4 70.2 48.6 23.0
-43.2 70.2 48.7 23.2
-43.0 70.2 48.7 23.3
-42.8 70.2 48.5 23.4
-42.6 70.2 48.1 23.4
-42.4 70.2 47.5 23.3
-42.2 70.2 46.7 23.1
-42.0 70.2 45.7 22.7
-41.8 70.2 44.5 22.3
-41.6 70.2 43.1 21.6
-41.4 70.2 41.6 20.8
-41.2 70.2 39.9 19.9
-41.0 70.2 38.3 18.8
-40.8 70.2 36.6 17.8
-40.6 70.2 35.0 16.7
-40.4 70.2 33.6 15.7
-40.2 70.2 32.2 14.8
-40.0 70.2 31.0 14.0
-39.8 70.2 29.9 13.2
-39.6 70.2 28.9 12.6
-39.4 70.2 28.1 12.1
-39.2 70.2 27.4 11.7
-39.0 70.2 26.8 11.4
-38.8 70.2 26.3 11.2
-38.6 70.2 25.9 11.0
-38.4 70.2 25.5 10.9
-38.2 70.2 25.1 10.9
-38.0 70.2 24.8 10.8
-37.8 70.2 24.5 10.8
-37.6 70.2 24.2 10.8
-37.4 70.2 23.9 10.7
-37.2 70.2 23.6 10.7
-37.0 70.2 23.3 10.6
-36.8 70.2 23.1 10.6
-36.6 70.2 22.8 10.5
-36.4 70.2 22.6 10.5
-36.2 70.2 22.4 10.4
-36.0 70.2 22.2 10.4
-35.8 70.2 22.1 10.3
-35.6 70.2 22.0 10.3
-35.4 70.2 21.9 10.3
-35.2 70.2 21.8 10.3
-35.0 70.2 21.8 10.3
-34.8 70.2 21.8 10.3
-34.6 70.2 21.8 10.3
-34.4 70.2 21.7 10.3
-34.2 70.2 21.7 10.3
-34.0 70.2 21.6 10.3
-33.8 70.2 21.5 10.2
-33.6 70.2 21.4 10.2
-33.4 70.2 21.3 10.1
-33.2 70.2 21.2 10.1
-33.0 70.2 21.0 10.1
-32.8 70.2 20.9 10.1
-32.6 70.2 20.8 10.1
-32.4 70.2 20.8 10.1
-32.2 70.2 20.7 10.1
-32.0 70.2 20.7 10.2
-31.8 70.2 20.7 10.2
-31.6 70.2 20.7 10.2
-31.4 70.2 20.6 10.3
-31.2 70.2 20.6 10.3
-31.0 70.2 20.6 10.3
-30.8 70.2 20.5 10.4
-30.6 70.2 20.5 10.4
-30.4 70.2 20.4 10.4
-30.2 70.2 20.3 10.5
-30.0 70.2 20.3 10.5
-29.8 70.2 20.2 10.5
-29.6 70.2 20.2 10.5
-29.4 70.2 20.2 10.4
-29.2 70.2 20.2 10.3
-29.0 70.2 20.1 10.2
-28.8 70.2 20.1 10.0
-28.6 70.2 19.9 9.7
-28.4 70.2 19.7 9.5
-28.2 70.2 19.3 9.2
-28.0 70.2 18.8 8.9
-27.8 70.2 18.2 8.5
-27.6 70.2 17.6 8.2
-27.4 70.2 17.0 7.8
-27.2 70.2 16.4 7.5
-27.0 70.2 16.0 7.3
-26.8 70.2 15.8 7.1
-26.6 70.2 15.9 7.1
-26.4 70.2 16.2 7.2
-26.2 70.2 16.7 7.4
-26.0 70.2 17.4 7.7
-25.8 70.2 18.2 8.1
-25.6 70.2 19.1 8.6
-25.4 70.2 20.0 9.0
-25.2 70.2 20.8 9.5
-25.0 70.2 21.5 9.8
-24.8 70.2 22.1 10.2
-24.6 70.2 22.6 10.4
-24.4 70.2 22.9 10.6
-24.2 70.2 23.2 10.8
-24.0 70.2 23.3 11.0
-23.8 70.2 23.3 11.1
-23.6 70.2 23.3 11.1
-23.4 70.2 23.3 11.2
-23.2 70.2 23.2 11.2
-23.0 70.2 23.1 11.2
-22.8 70.2 23.0 11.1
-22.6 70.2 22.7 11.0
-22.4 70.2 22.4 10.9
-22.2 70.2 21.9 10.6
-22.0 70.2 21.2 10.3
-21.8 70.2 20.3 9.8
-21.6 70.2 19.2 9.2
-21.4 70.2 17.9 8.5
-21.2 70.2 16.5 7.7
-21.0 70.2 14.9 6.8
-20.8 70.2 13.2 5.9
-20.6 70.2 11.6 5.0
-20.4 70.2 10.1 4.1
-20.2 70.2 8.8 3.3
-20.0 70.2 7.7 2.6
-19.8 70.2 6.8 2.1
-19.6 70.2 6.2 1.6
-19.4 70.2 5.7 1.3
-19.2 70.2 5.4 1.0
-19.0 70.2 5.2 1.0
-18.8 70.2 5.2 1.0
-18.6 70.2 5.1 1.0
-18.4 70.2 5.2 1.0
-18.2 70.2 5.2 1.0
-18.0 70.2 5.3 1.0
-17.8 70.2 5.4 1.0
-17.6 70.2 5.5 1.0
-17.4 70.2 5.6 1.0
-17.2 70.2 5.7 1.0
-17.0 70.2 5.7 1.0
-16.8 70.2 5.8 1.0
-16.6 70.2 5.9 1.0
-16.4 70.2 6.0 1.0
-16.2 70.2 6.0 1.0
-16.0 70.2 6.1 1.0
-15.8 70.2 6.1 1.0
-15.6 70.2 6.1 1.0
-15.4 70.2 6.1 1.0
-15.2 70.2 6.1 1.0
-69.6 70.0 5.8 2.3
-69.4 70.0 6.3 2.6
-69.2 70.0 6.7 2.8
-69.0 70.0 7.1 3.1
-68.8 70.0 7.5 3.3
-68.6 70.0 7.8 3.5
-68.4 70.0 8.1 3.7
-68.2 70.0 8.3 3.9
-68.0 70.0 8.6 4.1
-67.8 70.0 8.8 4.3
-67.6 70.0 9.0 4.4
-67.4 70.0 9.1 4.6
-67.2 70.0 9.2 4.7
-67.0 70.0 9.3 4.9
-66.8 70.0 9.4 5.1
-66.6 70.0 9.5 5.2
-66.4 70.0 9.6 5.4
-66.2 70.0 9.6 5.5
-66.0 70.0 9.7 5.6
-65.8 70.0 9.9 5.8
-65.6 70.0 10.1 5.9
-65.4 70.0 10.3 6.1
-65.2 70.0 10.6 6.2
-65.0 70.0 10.9 6.4
-64.8 70.0 11.3 6.5
-64.6 70.0 11.7 6.6
-64.4 70.0 12.2 6.8
-64.2 70.0 12.6 6.9
-64.0 70.0 13.1 7.0
-63.8 70.0 13.6 7.1
-63.6 70.0 14.0 7.2
-63.4 70.0 14.4 7.2
-63.2 70.0 14.7 7.3
-63.0 70.0 15.0 7.4
-62.8 70.0 15.3 7.4
-62.6 70.0 15.5 7.5
-62.4 70.0 15.6 7.5
-62.2 70.0 15.7 7.6
-62.0 70.0 15.9 7.6
-61.8 70.0 16.0 7.6
-61.6 70.0 16.1 7.6
-61.4 70.0 16.3 7.6
-61.2 70.0 16.5 7.6
-61.0 70.0 16.6 7.6
-60.8 70.0 16.8 7.7
-60.6 70.0 17.0 7.7
-60.4 70.0 17.2 7.8
-60.2 70.0 17.3 7.9
-60.0 70.0 17.4 8.0
-59.8 70.0 17.4 8.2
-59.6 70.0 17.4 8.3
-59.4 70.0 17.5 8.4
-59.2 70.0 17.5 8.5
-59.0 70.0 17.5 8.6
-58.8 70.0 17.5 8.6
-58.6 70.0 17.5 8.7
-58.4 70.0 17.5 8.8
-58.2 70.0 17.5 8.9
-58.0 70.0 17.5 9.0
-57.8 70.0 17.6 9.2
-57.6 70.0 17.6 9.5
-57.4 70.0 17.8 10.0
-57.2 70.0 18.0 10.6
-57.0 70.0 18.3 11.4
-56.8 70.0 18.8 12.3
-56.6 70.0 19.4 13.5
-56.4 70.0 20.3 14.8
-56.2 70.0 21.4 16.2
-56.0 70.0 22.8 17.7
-55.8 70.0 24.6 19.1
-55.6 70.0 26.7 20.5
-55.4 70.0 29.0 21.8
-55.2 70.0 31.6 22.8
-55.0 70.0 34.3 23.7
-54.8 70.0 36.9 24.3
-54.6 70.0 39.4 24.8
-54.4 70.0 41.7 25.1
-54.2 70.0 43.7 25.3
-54.0 70.0 45.3 25.3
-53.8 70.0 46.6 25.3
-53.6 70.0 47.5 25.2
-53.4 70.0 48.0 25.1
-53.2 70.0 48.4 25.0
-53.0 70.0 48.5 24.8
-52.8 70.0 48.4 24.5
-52.6 70.0 48.3 24.3
-52.4 70.0 48.0 24.1
-52.2 70.0 47.8 23.8
-52.0 70.0 47.5 23.6
-51.8 70.0 47.3 23.4
-51.6 70.0 47.2 23.2
-51.4 70.0 47.0 23.0
-51.2 70.0 47.0 22.9
-51.0 70.0 47.0 22.8
-50.8 70.0 47.0 22.7
-50.6 70.0 47.1 22.7
-50.4 70.0 47.3 22.6
-50.2 70.0 47.5 22.5
-50.0 70.0 47.7 22.5
-49.8 70.0 47.9 22.4
-49.6 70.0 48.0 22.3
-49.4 70.0 48.2 22.3
-49.2 70.0 48.3 22.2
-49.0 70.0 48.4 22.2
-48.8 70.0 48.5 22.2
-48.6 70.0 48.6 22.2
-48.4 70.0 48.8 22.2
-48.2 70.0 49.0 22.3
-48.0 70.0 49.2 22.4
-47.8 70.0 49.5 22.6
-47.6 70.0 49.8 22.8
-47.4 70.0 50.1 22.9
-47.2 70.0 50.5 23.0
-47.0 70.0 50.8 23.1
-46.8 70.0 51.0 23.1
-46.6 70.0 51.1 23.0
-46.4 70.0 51.1 22.8
-46.2 70.0 51.0 22.5
-46.0 70.0 50.7 22.2
-45.8 70.0 50.3 21.9
-45.6 70.0 49.8 21.6
-45.4 70.0 49.2 21.4
-45.2 70.0 48.7 21.3
-45.0 70.0 48.2 21.2
-44.8 70.0 47.8 21.3
-44.6 70.0 47.6 21.4
-44.4 70.0 47.4 21.6
-44.2 70.0 47.3 21.8
-44.0 70.0 47.3 22.1
-43.8 70.0 47.4 22.3
-43.6 70.0 47.5 22.6
-43.4 70.0 47.6 22.8
-43.2 70.0 47.6 23.0
-43.0 70.0 47.6 23.1
-42.8 70.0 47.3 23.2
-42.6 70.0 46.9 23.2
-42.4 70.0 46.3 23.1
-42.2 70.0 45.4 22.8
-42.0 70.0 44.4 22.4
-41.8 70.0 43.1 21.8
-41.6 70.0 41.6 21.1
-41.4 70.0 40.0 20.2
-41.2 70.0 38.3 19.2
-41.0 70.0 36.7 18.1
-40.8 70.0 35.0 17.0
-40.6 70.0 33.5 16.0
-40.4 70.0 32.0 15.0
-40.2 70.0 30.7 14.1
-40.0 70.0 29.6 13.3
-39.8 70.0 28.5 12.6
-39.6 70.0 27.7 12.0
-39.4 70.0 26.9 11.5
-39.2 70.0 26.3 11.1
-39.0 70.0 25.7 10.8
-38.8 70.0 25.3 10.6
-38.6 70.0 24.8 10.4
-38.4 70.0 24.5 10.3
-38.2 70.0 24.1 10.2
-38.0 70.0 23.8 10.1
-37.8 70.0 23.5 10.1
-37.6 70.0 23.2 10.1
-37.4 70.0 23.0 10.1
-37.2 70.0 22.8 10.0
-37.0 70.0 22.5 10.0
-36.8 70.0 22.3 10.0
-36.6 70.0 22.1 9.9
-36.4 70.0 21.9 9.9
-36.2 70.0 21.7 9.8
-36.0 70.0 21.5 9.8
-35.8 70.0 21.4 9.8
-35.6 70.0 21.3 9.8
-35.4 70.0 21.3 9.8
-35.2 70.0 21.2 9.8
-35.0 70.0 21.2 9.8
-34.8 70.0 21.2 9.8
-34.6 70.0 21.2 9.9
-34.4 70.0 21.2 9.9
-34.2 70.0 21.2 9.9
-34.0 70.0 21.1 9.8
-33.8 70.0 21.0 9.8
-33.6 70.0 20.9 9.8
-33.4 70.0 20.8 9.8
-33.2 70.0 20.7 9.8
-33.0 70.0 20.6 9.8
-32.8 70.0 20.5 9.8
-32.6 70.0 20.4 9.8
-32.4 70.0 20.3 9.8
-32.2 70.0 20.2 9.9
-32.0 70.0 20.2 9.9
-31.8 70.0 20.2 10.0
-31.6 70.0 20.2 10.1
-31.4 70.0 20.2 10.1
-31.2 70.0 20.2 10.2
-31.0 70.0 20.2 10.3
-30.8 70.0 20.1 10.3
-30.6 70.0 20.1 10.4
-30.4 70.0 20.0 10.4
-30.2 70.0 20.0 10.5
-30.0 70.0 19.9 10.5
-29.8 70.0 19.9 10.5
-29.6 70.0 19.8 10.5
-29.4 70.0 19.8 10.4
-29.2 70.0 19.8 10.3
-29.0 70.0 19.8 10.1
-28.8 70.0 19.8 10.0
-28.6 70.0 19.7 9.7
-28.4 70.0 19.5 9.5
-28.2 70.0 19.3 9.2
-28.0 70.0 19.0 8.9
-27.8 70.0 18.7 8.6
-27.6 70.0 18.3 8.3
-27.4 70.0 17.9 8.1
-27.2 70.0 17.5 7.8
-27.0 70.0 17.3 7.6
-26.8 70.0 17.2 7.5
-26.6 70.0 17.3 7.5
-26.4 70.0 17.5 7.5
-26.2 70.0 18.0 7.7
-26.0 70.0 18.6 7.9
-25.8 70.0 19.2 8.2
-25.6 70.0 19.9 8.5
-25.4 70.0 20.7 8.9
-25.2 70.0 21.3 9.2
-25.0 70.0 21.9 9.5
-24.8 70.0 22.4 9.8
-24.6 70.0 22.8 10.0
-24.4 70.0 23.0 10.3
-24.2 70.0 23.2 10.4
-24.0 70.0 23.3 10.6
-23.8 70.0 23.3 10.7
-23.6 70.0 23.3 10.8
-23.4 70.0 23.3 10.9
-23.2 70.0 23.2 10.9
-23.0 70.0 23.1 10.9
-22.8 70.0 23.0 10.9
-22.6 70.0 22.8 10.9
-22.4 70.0 22.5 10.8
-22.2 70.0 22.1 10.6
-22.0 70.0 21.6 10.4
-21.8 70.0 20.8 10.0
-21.6 70.0 19.8 9.6
-21.4 70.0 18.6 9.0
-21.2 70.0 17.3 8.3
-21.0 70.0 15.7 7.5
-20.8 70.0 14.1 6.7
-20.6 70.0 12.5 5.8
-20.4 70.0 11.0 5.0
-20.2 70.0 9.6 4.2
-20.0 70.0 8.3 3.5
-19.8 70.0 7.3 2.8
-19.6 70.0 6.6 2.3
-19.4 70.0 6.0 1.9
-19.2 70.0 5.7 1.6
-19.0 70.0 5.4 1.4
-18.8 70.0 5.3 1.2
-18.6 70.0 5.3 1.1
-18.4 70.0 5.3 1.0
-18.2 70.0 5.3 1.0
-18.0 70.0 5.4 1.0
-17.8 70.0 5.5 1.0
-17.6 70.0 5.6 1.0
-17.4 70.0 5.7 1.0
-17.2 70.0 5.8 1.0
-17.0 70.0 5.9 1.0
-16.8 70.0 6.0 1.0
-16.6 70.0 6.1 1.0
-16.4 70.0 6.1 1.0
-16.2 70.0 6.2 1.0
-16.0 70.0 6.2 1.0
-15.8 70.0 6.3 1.0
-15.6 70.0 6.3 1.0
-15.4 70.0 6.3 1.0
-69.4 69.8 5.9 2.8
-69.2 69.8 6.3 3.1
-69.0 69.8 6.8 3.3
-68.8 69.8 7.2 3.6
-68.6 69.8 7.6 3.8
-68.4 69.8 8.0 4.1
-68.2 69.8 8.4 4.3
-68.0 69.8 8.7 4.5
-67.8 69.8 9.1 4.7
-67.6 69.8 9.5 4.9
-67.4 69.8 9.8 5.1
-67.2 69.8 10.1 5.3
-67.0 69.8 10.3 5.4
-66.8 69.8 10.5 5.6
-66.6 69.8 10.7 5.8
-66.4 69.8 10.8 6.0
-66.2 69.8 10.9 6.1
-66.0 69.8 11.0 6.2
-65.8 69.8 11.1 6.4
-65.6 69.8 11.3 6.5
-65.4 69.8 11.4 6.5
-65.2 69.8 11.6 6.6
-65.0 69.8 11.8 6.7
-64.8 69.8 12.1 6.8
-64.6 69.8 12.3 6.8
-64.4 69.8 12.6 6.9
-64.2 69.8 12.9 6.9
-64.0 69.8 13.2 7.0
-63.8 69.8 13.6 7.0
-63.6 69.8 13.8 7.1
-63.4 69.8 14.1 7.1
-63.2 69.8 14.3 7.1
-63.0 69.8 14.6 7.2
-62.8 69.8 14.7 7.2
-62.6 69.8 14.9 7.2
-62.4 69.8 15.0 7.2
-62.2 69.8 15.1 7.2
-62.0 69.8 15.1 7.3
-61.8 69.8 15.2 7.3
-61.6 69.8 15.4 7.3
-61.4 69.8 15.5 7.3
-61.2 69.8 15.7 7.4
-61.0 69.8 15.8 7.4
-60.8 69.8 16.0 7.5
-60.6 69.8 16.2 7.6
-60.4 69.8 16.4 7.7
-60.2 69.8 16.6 7.8
-60.0 69.8 16.7 8.0
-59.8 69.8 16.8 8.1
-59.6 69.8 16.9 8.3
-59.4 69.8 17.0 8.4
-59.2 69.8 17.0 8.5
-59.0 69.8 17.1 8.7
-58.8 69.8 17.2 8.8
-58.6 69.8 17.2 8.9
-58.4 69.8 17.3 9.0
-58.2 69.8 17.4 9.1
-58.0 69.8 17.5 9.3
-57.8 69.8 17.6 9.5
-57.6 69.8 17.8 9.8
-57.4 69.8 18.0 10.3
-57.2 69.8 18.3 10.9
-57.0 69.8 18.8 11.7
-56.8 69.8 19.3 12.7
-56.6 69.8 20.1 13.8
-56.4 69.8 21.1 15.1
-56.2 69.8 22.3 16.5
-56.0 69.8 23.9 17.9
-55.8 69.8 25.7 19.2
-55.6 69.8 27.8 20.4
-55.4 69.8 30.2 21.5
-55.2 69.8 32.7 22.4
-55.0 69.8 35.3 23.1
-54.8 69.8 37.8 23.7
-54.6 69.8 40.1 24.0
-54.4 69.8 42.2 24.3
-54.2 69.8 44.0 24.4
-54.0 69.8 45.4 24.5
-53.8 69.8 46.4 24.5
-53.6 69.8 47.2 24.5
-53.4 69.8 47.6 24.4
-53.2 69.8 47.8 24.4
-53.0 69.8 47.9 24.2
-52.8 69.8 47.8 24.1
-52.6 69.8 47.6 23.9
-52.4 69.8 47.4 23.7
-52.2 69.8 47.2 23.5
-52.0 69.8 47.0 23.4
-51.8 69.8 46.8 23.2
-51.6 69.8 46.7 23.0
-51.4 69.8 46.7 22.9
-51.2 69.8 46.8 22.8
-51.0 69.8 46.9 22.7
-50.8 69.8 47.1 22.7
-50.6 69.8 47.4 22.6
-50.4 69.8 47.8 22.6
-50.2 69.8 48.1 22.5
-50.0 69.8 48.4 22.5
-49.8 69.8 48.7 22.5
-49.6 69.8 49.0 22.4
-49.4 69.8 49.1 22.4
-49.2 69.8 49.2 22.4
-49.0 69.8 49.2 22.4
-48.8 69.8 49.2 22.4
-48.6 69.8 49.3 22.4
-48.4 69.8 49.4 22.5
-48.2 69.8 49.5 22.6
-48.0 69.8 49.8 22.8
-47.8 69.8 50.1 23.0
-47.6 69.8 50.5 23.2
-47.4 69.8 50.9 23.4
-47.2 69.8 51.4 23.5
-47.0 69.8 51.8 23.6
-46.8 69.8 52.1 23.6
-46.6 69.8 52.3 23.5
-46.4 69.8 52.4 23.2
-46.2 69.8 52.2 22.9
-46.0 69.8 51.8 22.6
-45.8 69.8 51.3 22.2
-45.6 69.8 50.6 21.9
-45.4 69.8 49.9 21.6
-45.2 69.8 49.2 21.4
-45.0 69.8 48.5 21.3
-44.8 69.8 47.9 21.2
-44.6 69.8 47.4 21.3
-44.4 69.8 47.1 21.4
-44.2 69.8 46.8 21.6
-44.0 69.8 46.7 21.8
-43.8 69.8 46.7 22.1
-43.6 69.8 46.7 22.3
-43.4 69.8 46.7 22.6
-43.2 69.8 46.7 22.8
-43.0 69.8 46.5 22.9
-42.8 69.8 46.2 23.0
-42.6 69.8 45.7 23.0
-42.4 69.8 45.0 22.8
-42.2 69.8 44.1 22.5
-42.0 69.8 42.9 22.0
-41.8 69.8 41.5 21.4
-41.6 69.8 40.0 20.5
-41.4 69.8 38.3 19.6
-41.2 69.8 36.6 18.5
-41.0 69.8 34.9 17.4
-40.8 69.8 33.3 16.3
-40.6 69.8 31.8 15.2
-40.4 69.8 30.4 14.2
-40.2 69.8 29.1 13.3
-40.0 69.8 28.1 12.6
-39.8 69.8 27.1 11.9
-39.6 69.8 26.3 11.3
-39.4 69.8 25.6 10.9
-39.2 69.8 25.0 10.5
-39.0 69.8 24.5 10.2
-38.8 69.8 24.1 9.9
-38.6 69.8 23.7 9.7
-38.4 69.8 23.3 9.6
-38.2 69.8 23.0 9.5
-38.0 69.8 22.7 9.5
-37.8 69.8 22.4 9.4
-37.6 69.8 22.2 9.4
-37.4 69.8 21.9 9.4
-37.2 69.8 21.7 9.4
-37.0 69.8 21.6 9.4
-36.8 69.8 21.4 9.3
-36.6 69.8 21.2 9.3
-36.4 69.8 21.0 9.2
-36.2 69.8 20.9 9.2
-36.0 69.8 20.8 9.2
-35.8 69.8 20.7 9.2
-35.6 69.8 20.6 9.2
-35.4 69.8 20.6 9.2
-35.2 69.8 20.6 9.2
-35.0 69.8 20.7 9.3
-34.8 69.8 20.8 9.3
-34.6 69.8 20.8 9.3
-34.4 69.8 20.9 9.3
-34.2 69.8 20.9 9.4
-34.0 69.8 20.8 9.4
-33.8 69.8 20.8 9.4
-33.6 69.8 20.7 9.4
-33.4 69.8 20.6 9.4
-33.2 69.8 20.5 9.4
-33.0 69.8 20.3 9.4
-32.8 69.8 20.2 9.4
-32.6 69.8 20.1 9.5
-32.4 69.8 20.1 9.5
-32.2 69.8 20.0 9.6
-32.0 69.8 20.0 9.7
-31.8 69.8 19.9 9.8
-31.6 69.8 19.9 9.8
-31.4 69.8 19.9 9.9
-31.2 69.8 19.9 10.0
-31.0 69.8 19.9 10.1
-30.8 69.8 19.8 10.2
-30.6 69.8 19.8 10.3
-30.4 69.8 19.7 10.3
-30.2 69.8 19.6 10.4
-30.0 69.8 19.5 10.4
-29.8 69.8 19.5 10.4
-29.6 69.8 19.4 10.4
-29.4 69.8 19.4 10.4
-29.2 69.8 19.4 10.3
-29.0 69.8 19.5 10.2
-28.8 69.8 19.5 10.0
-28.6 69.8 19.5 9.8
-28.4 69.8 19.5 9.6
-28.2 69.8 19.5 9.4
-28.0 69.8 19.5 9.1
-27.8 69.8 19.3 8.8
-27.6 69.8 19.2 8.5
-27.4 69.8 19.1 8.3
-27.2 69.8 18.9 8.0
-27.0 69.8 18.8 7.8
-26.8 69.8 18.8 7.7
-26.6 69.8 18.8 7.6
-26.4 69.8 19.0 7.6
-26.2 69.8 19.3 7.7
-26.0 69.8 19.7 7.8
-25.8 69.8 20.1 8.0
-25.6 69.8 20.6 8.2
-25.4 69.8 21.1 8.4
-25.2 69.8 21.6 8.7
-25.0 69.8 22.1 9.0
-24.8 69.8 22.4 9.2
-24.6 69.8 22.7 9.5
-24.4 69.8 22.9 9.7
-24.2 69.8 23.0 9.9
-24.0 69.8 23.0 10.1
-23.8 69.8 23.0 10.2
-23.6 69.8 23.0 10.3
-23.4 69.8 23.0 10.5
-23.2 69.8 22.9 10.5
-23.0 69.8 22.9 10.6
-22.8 69.8 22.8 10.6
-22.6 69.8 22.7 10.7
-22.4 69.8 22.5 10.6
-22.2 69.8 22.1 10.6
-22.0 69.8 21.7 10.4
-21.8 69.8 21.1 10.2
-21.6 69.8 20.2 9.9
-21.4 69.8 19.2 9.4
-21.2 69.8 18.0 8.9
-21.0 69.8 16.6 8.3
-20.8 69.8 15.2 7.6
-20.6 69.8 13.6 6.9
-20.4 69.8 12.1 6.2
-20.2 69.8 10.7 5.4
-20.0 69.8 9.4 4.7
-19.8 69.8 8.3 4.1
-19.6 69.8 7.4 3.5
-19.4 69.8 6.7 2.9
-19.2 69.8 6.2 2.5
-19.0 69.8 5.8 2.2
-18.8 69.8 5.6 1.9
-18.6 69.8 5.5 1.7
-18.4 69.8 5.5 1.5
-18.2 69.8 5.5 1.4
-18.0 69.8 5.5 1.4
-17.8 69.8 5.6 1.3
-17.6 69.8 5.7 1.3
-17.4 69.8 5.8 1.3
-17.2 69.8 5.9 1.2
-17.0 69.8 6.0 1.2
-16.8 69.8 6.2 1.1
-16.6 69.8 6.2 1.1
-16.4 69.8 6.3 1.0
-16.2 69.8 6.4 1.0
-16.0 69.8 6.4 1.0
-15.8 69.8 6.5 1.0
-15.6 69.8 6.5 1.0
-69.0 69.6 6.1 3.5
-68.8 69.6 6.5 3.8
-68.6 69.6 7.0 4.1
-68.4 69.6 7.4 4.3
-68.2 69.6 8.0 4.6
-68.0 69.6 8.5 4.8
-67.8 69.6 9.0 5.0
-67.6 69.6 9.6 5.2
-67.4 69.6 10.1 5.4
-67.2 69.6 10.5 5.6
-67.0 69.6 10.9 5.8
-66.8 69.6 11.2 5.9
-66.6 69.6 11.5 6.1
-66.4 69.6 11.7 6.2
-66.2 69.6 11.8 6.4
-66.0 69.6 11.9 6.5
-65.8 69.6 12.0 6.6
-65.6 69.6 12.1 6.6
-65.4 69.6 12.2 6.7
-65.2 69.6 12.3 6.7
-65.0 69.6 12.4 6.7
-64.8 69.6 12.6 6.8
-64.6 69.6 12.7 6.8
-64.4 69.6 12.9 6.9
-64.2 69.6 13.1 6.9
-64.0 69.6 13.3 7.0
-63.8 69.6 13.5 7.0
-63.6 69.6 13.8 7.0
-63.4 69.6 14.0 7.0
-63.2 69.6 14.2 7.0
-63.0 69.6 14.3 7.0
-62.8 69.6 14.5 7.0
-62.6 69.6 14.6 6.9
-62.4 69.6 14.7 6.9
-62.2 69.6 14.8 6.9
-62.0 69.6 14.8 6.9
-61.8 69.6 14.9 6.9
-61.6 69.6 15.0 7.0
-61.4 69.6 15.1 7.0
-61.2 69.6 15.2 7.1
-61.0 69.6 15.3 7.2
-60.8 69.6 15.5 7.4
-60.6 69.6 15.7 7.5
-60.4 69.6 15.8 7.7
-60.2 69.6 16.0 7.8
-60.0 69.6 16.1 8.0
-59.8 69.6 16.3 8.2
-59.6 69.6 16.4 8.4
-59.4 69.6 16.6 8.6
-59.2 69.6 16.7 8.7
-59.0 69.6 16.9 8.9
-58.8 69.6 17.0 9.0
-58.6 69.6 17.1 9.1
-58.4 69.6 17.3 9.3
-58.2 69.6 17.5 9.5
-58.0 69.6 17.6 9.7
-57.8 69.6 17.9 9.9
-57.6 69.6 18.1 10.3
-57.4 69.6 18.4 10.8
-57.2 69.6 18.9 11.4
-57.0 69.6 19.4 12.2
-56.8 69.6 20.1 13.2
-56.6 69.6 21.0 14.3
-56.4 69.6 22.2 15.5
-56.2 69.6 23.6 16.8
-56.0 69.6 25.3 18.1
-55.8 69.6 27.3 19.3
-55.6 69.6 29.5 20.4
-55.4 69.6 31.8 21.4
-55.2 69.6 34.3 22.2
-55.0 69.6 36.7 22.8
-54.8 69.6 39.0 23.2
-54.6 69.6 41.1 23.5
-54.4 69.6 42.9 23.7
-54.2 69.6 44.4 23.9
-54.0 69.6 45.5 23.9
-53.8 69.6 46.4 23.9
-53.6 69.6 46.9 23.9
-53.4 69.6 47.2 23.9
-53.2 69.6 47.3 23.8
-53.0 69.6 47.3 23.7
-52.8 69.6 47.2 23.6
-52.6 69.6 47.0 23.5
-52.4 69.6 46.8 23.3
-52.2 69.6 46.6 23.2
-52.0 69.6 46.5 23.0
-51.8 69.6 46.4 22.9
-51.6 69.6 46.4 22.8
-51.4 69.6 46.4 22.7
-51.2 69.6 46.6 22.7
-51.0 69.6 46.9 22.7
-50.8 69.6 47.3 22.6
-50.6 69.6 47.7 22.7
-50.4 69.6 48.2 22.7
-50.2 69.6 48.7 22.7
-50.0 69.6 49.1 22.7
-49.8 69.6 49.5 22.7
-49.6 69.6 49.7 22.7
-49.4 69.6 49.9 22.7
-49.2 69.6 49.9 22.7
-49.0 69.6 49.9 22.7
-48.8 69.6 49.8 22.8
-48.6 69.6 49.8 22.8
-48.4 69.6 49.9 22.9
-48.2 69.6 50.0 23.0
-48.0 69.6 50.2 23.1
-47.8 69.6 50.6 23.3
-47.6 69.6 50.9 23.5
-47.4 69.6 51.4 23.7
-47.2 69.6 51.8 23.9
-47.0 69.6 52.2 24.0
-46.8 69.6 52.5 24.0
-46.6 69.6 52.6 23.9
-46.4 69.6 52.6 23.7
-46.2 69.6 52.4 23.5
-46.0 69.6 51.9 23.2
-45.8 69.6 51.4 22.8
-45.6 69.6 50.6 22.5
-45.4 69.6 49.9 22.2
-45.2 69.6 49.1 21.9
-45.0 69.6 48.3 21.7
-44.8 69.6 47.6 21.6
-44.6 69.6 47.1 21.6
-44.4 69.6 46.6 21.6
-44.2 69.6 46.3 21.7
-44.0 69.6 46.1 21.9
-43.8 69.6 46.0 22.1
-43.6 69.6 45.9 22.3
-43.4 69.6 45.9 22.5
-43.2 69.6 45.8 22.7
-43.0 69.6 45.5 22.8
-42.8 69.6 45.1 22.9
-42.6 69.6 44.5 22.8
-42.4 69.6 43.7 22.6
-42.2 69.6 42.6 22.2
-42.0 69.6 41.3 21.6
-41.8 69.6 39.8 20.9
-41.6 69.6 38.2 19.9
-41.4 69.6 36.4 18.9
-41.2 69.6 34.7 17.7
-41.0 69.6 33.0 16.5
-40.8 69.6 31.4 15.4
-40.6 69.6 29.9 14.3
-40.4 69.6 28.6 13.3
-40.2 69.6 27.5 12.5
-40.0 69.6 26.5 11.7
-39.8 69.6 25.7 11.1
-39.6 69.6 25.0 10.6
-39.4 69.6 24.4 10.1
-39.2 69.6 23.9 9.8
-39.0 69.6 23.4 9.5
-38.8 69.6 23.0 9.2
-38.6 69.6 22.6 9.1
-38.4 69.6 22.3 8.9
-38.2 69.6 22.0 8.8
-38.0 69.6 21.7 8.8
-37.8 69.6 21.4 8.8
-37.6 69.6 21.2 8.7
-37.4 69.6 21.0 8.7
-37.2 69.6 20.8 8.7
-37.0 69.6 20.6 8.7
-36.8 69.6 20.5 8.6
-36.6 69.6 20.3 8.6
-36.4 69.6 20.2 8.5
-36.2 69.6 20.1 8.5
-36.0 69.6 20.0 8.5
-35.8 69.6 20.0 8.5
-35.6 69.6 20.0 8.5
-35.4 69.6 20.0 8.5
-35.2 69.6 20.1 8.5
-35.0 69.6 20.2 8.6
-34.8 69.6 20.3 8.6
-34.6 69.6 20.4 8.7
-34.4 69.6 20.5 8.7
-34.2 69.6 20.5 8.8
-34.0 69.6 20.5 8.8
-33.8 69.6 20.4 8.8
-33.6 69.6 20.3 8.9
-33.4 69.6 20.2 8.9
-33.2 69.6 20.1 8.9
-33.0 69.6 20.0 8.9
-32.8 69.6 19.9 9.0
-32.6 69.6 19.9 9.0
-32.4 69.6 19.8 9.1
-32.2 69.6 19.7 9.2
-32.0 69.6 19.7 9.3
-31.8 69.6 19.6 9.4
-31.6 69.6 19.6 9.4
-31.4 69.6 19.6 9.5
-31.2 69.6 19.5 9.6
-31.0 69.6 19.5 9.7
-30.8 69.6 19.4 9.8
-30.6 69.6 19.3 9.9
-30.4 69.6 19.2 10.0
-30.2 69.6 19.1 10.1
-30.0 69.6 19.0 10.1
-29.8 69.6 18.9 10.2
-29.6 69.6 18.9 10.2
-29.4 69.6 18.9 10.2
-29.2 69.6 18.9 10.2
-29.0 69.6 19.0 10.1
-28.8 69.6 19.1 10.1
-28.6 69.6 19.2 9.9
-28.4 69.6 19.3 9.7
-28.2 69.6 19.5 9.5
-28.0 69.6 19.6 9.2
-27.8 69.6 19.6 8.9
-27.6 69.6 19.7 8.6
-27.4 69.6 19.7 8.3
-27.2 69.6 19.6 8.1
-27.0 69.6 19.6 7.8
-26.8 69.6 19.6 7.6
-26.6 69.6 19.6 7.4
-26.4 69.6 19.7 7.3
-26.2 69.6 19.8 7.2
-26.0 69.6 20.0 7.2
-25.8 69.6 20.3 7.3
-25.6 69.6 20.6 7.5
-25.4 69.6 21.0 7.7
-25.2 69.6 21.3 7.9
-25.0 69.6 21.6 8.2
-24.8 69.6 21.9 8.5
-24.6 69.6 22.1 8.8
-24.4 69.6 22.2 9.1
-24.2 69.6 22.3 9.3
-24.0 69.6 22.3 9.5
-23.8 69.6 22.3 9.7
-23.6 69.6 22.3 9.8
-23.4 69.6 22.3 10.0
-23.2 69.6 22.3 10.1
-23.0 69.6 22.2 10.1
-22.8 69.6 22.1 10.2
-22.6 69.6 22.0 10.2
-22.4 69.6 21.8 10.2
-22.2 69.6 21.5 10.1
-22.0 69.6 21.0 10.0
-21.8 69.6 20.5 9.9
-21.6 69.6 19.8 9.7
-21.4 69.6 18.9 9.4
-21.2 69.6 17.9 9.0
-21.0 69.6 16.7 8.6
-20.8 69.6 15.5 8.1
-20.6 69.6 14.1 7.6
-20.4 69.6 12.7 7.0
-20.2 69.6 11.4 6.4
-20.0 69.6 10.2 5.8
-19.8 69.6 9.1 5.2
-19.6 69.6 8.1 4.6
-19.4 69.6 7.3 4.0
-19.2 69.6 6.7 3.5
-19.0 69.6 6.3 3.1
-18.8 69.6 5.9 2.7
-18.6 69.6 5.7 2.4
-18.4 69.6 5.6 2.1
-18.2 69.6 5.6 2.0
-18.0 69.6 5.7 1.8
-17.8 69.6 5.7 1.7
-17.6 69.6 5.8 1.6
-17.4 69.6 5.9 1.6
-17.2 69.6 6.1 1.5
-17.0 69.6 6.2 1.4
-16.8 69.6 6.3 1.4
-16.6 69.6 6.4 1.3
-16.4 69.6 6.5 1.2
-16.2 69.6 6.6 1.1
-16.0 69.6 6.6 1.0
-68.8 69.4 5.8 4.2
-68.6 69.4 6.2 4.5
-68.4 69.4 6.8 4.7
-68.2 69.4 7.3 5.0
-68.0 69.4 8.0 5.2
-67.8 69.4 8.7 5.4
-67.6 69.4 9.3 5.6
-67.4 69.4 10.0 5.7
-67.2 69.4 10.6 5.9
-67.0 69.4 11.1 6.0
-66.8 69.4 11.5 6.1
-66.6 69.4 11.8 6.2
-66.4 69.4 12.1 6.3
-66.2 69.4 12.2 6.4
-66.0 69.4 12.4 6.5
-65.8 69.4 12.5 6.6
-65.6 69.4 12.5 6.6
-65.4 69.4 12.6 6.7
-65.2 69.4 12.6 6.7
-65.0 69.4 12.7 6.7
-64.8 69.4 12.8 6.8
-64.6 69.4 12.9 6.8
-64.4 69.4 13.0 6.9
-64.2 69.4 13.2 7.0
-64.0 69.4 13.3 7.0
-63.8 69.4 13.5 7.0
-63.6 69.4 13.7 7.0
-63.4 69.4 13.9 7.0
-63.2 69.4 14.1 7.0
-63.0 69.4 14.3 6.9
-62.8 69.4 14.4 6.9
-62.6 69.4 14.5 6.8
-62.4 69.4 14.6 6.7
-62.2 69.4 14.7 6.7
-62.0 69.4 14.8 6.7
-61.8 69.4 14.8 6.7
-61.6 69.4 14.9 6.8
-61.4 69.4 15.0 6.8
-61.2 69.4 15.0 7.0
-61.0 69.4 15.1 7.1
-60.8 69.4 15.2 7.3
-60.6 69.4 15.3 7.5
-60.4 69.4 15.5 7.7
-60.2 69.4 15.6 7.9
-60.0 69.4 15.8 8.1
-59.8 69.4 16.0 8.3
-59.6 69.4 16.2 8.5
-59.4 69.4 16.4 8.7
-59.2 69.4 16.6 8.8
-59.0 69.4 16.8 9.0
-58.8 69.4 17.0 9.2
-58.6 69.4 17.2 9.3
-58.4 69.4 17.4 9.5
-58.2 69.4 17.6 9.7
-58.0 69.4 17.9 10.0
-57.8 69.4 18.2 10.3
-57.6 69.4 18.6 10.8
-57.4 69.4 19.0 11.3
-57.2 69.4 19.6 11.9
-57.0 69.4 20.3 12.7
-56.8 69.4 21.2 13.7
-56.6 69.4 22.3 14.8
-56.4 69.4 23.7 15.9
-56.2 69.4 25.3 17.2
-56.0 69.4 27.1 18.4
-55.8 69.4 29.2 19.6
-55.6 69.4 31.5 20.6
-55.4 69.4 33.8 21.5
-55.2 69.4 36.1 22.3
-55.0 69.4 38.3 22.8
-54.8 69.4 40.4 23.2
-54.6 69.4 42.2 23.5
-54.4 69.4 43.7 23.6
-54.2 69.4 44.9 23.7
-54.0 69.4 45.8 23.7
-53.8 69.4 46.4 23.7
-53.6 69.4 46.8 23.6
-53.4 69.4 46.9 23.5
-53.2 69.4 46.9 23.4
-53.0 69.4 46.8 23.3
-52.8 69.4 46.6 23.2
-52.6 69.4 46.4 23.0
-52.4 69.4 46.2 22.9
-52.2 69.4 46.1 22.7
-52.0 69.4 46.0 22.6
-51.8 69.4 45.9 22.6
-51.6 69.4 46.0 22.5
-51.4 69.4 46.1 22.5
-51.2 69.4 46.4 22.5
-51.0 69.4 46.7 22.5
-50.8 69.4 47.1 22.6
-50.6 69.4 47.6 22.7
-50.4 69.4 48.2 22.8
-50.2 69.4 48.7 22.8
-50.0 69.4 49.1 22.9
-49.8 69.4 49.5 23.0
-49.6 69.4 49.8 23.1
-49.4 69.4 49.9 23.1
-49.2 69.4 50.0 23.1
-49.0 69.4 50.0 23.1
-48.8 69.4 50.0 23.1
-48.6 69.4 50.0 23.1
-48.4 69.4 50.2 23.1
-48.2 69.4 50.4 23.2
-48.0 69.4 50.7 23.2
-47.8 69.4 51.0 23.4
-47.6 69.4 51.3 23.5
-47.4 69.4 51.7 23.7
-47.2 69.4 51.9 23.8
-47.0 69.4 52.1 23.9
-46.8 69.4 52.2 24.0
-46.6 69.4 52.1 24.0
-46.4 69.4 51.9 23.9
-46.2 69.4 51.6 23.7
-46.0 69.4 51.0 23.5
-45.8 69.4 50.4 23.2
-45.6 69.4 49.7 22.9
-45.4 69.4 48.9 22.7
-45.2 69.4 48.2 22.4
-45.0 69.4 47.5 22.3
-44.8 69.4 46.9 22.1
-44.6 69.4 46.3 22.1
-44.4 69.4 45.9 22.1
-44.2 69.4 45.6 22.2
-44.0 69.4 45.4 22.3
-43.8 69.4 45.3 22.4
-43.6 69.4 45.2 22.6
-43.4 69.4 45.1 22.7
-43.2 69.4 44.9 22.9
-43.0 69.4 44.6 22.9
-42.8 69.4 44.1 22.9
-42.6 69.4 43.3 22.8
-42.4 69.4 42.3 22.5
-42.2 69.4 41.1 22.0
-42.0 69.4 39.6 21.3
-41.8 69.4 38.0 20.4
-41.6 69.4 36.2 19.3
-41.4 69.4 34.4 18.1
-41.2 69.4 32.6 16.8
-41.0 69.4 30.9 15.6
-40.8 69.4 29.4 14.4
-40.6 69.4 28.1 13.3
-40.4 69.4 26.9 12.3
-40.2 69.4 25.9 11.5
-40.0 69.4 25.0 10.8
-39.8 69.4 24.3 10.2
-39.6 69.4 23.8 9.7
-39.4 69.4 23.3 9.3
-39.2 69.4 22.9 9.0
-39.0 69.4 22.5 8.7
-38.8 69.4 22.1 8.5
-38.6 69.4 21.8 8.4
-38.4 69.4 21.5 8.3
-38.2 69.4 21.2 8.2
-38.0 69.4 20.9 8.1
-37.8 69.4 20.7 8.1
-37.6 69.4 20.4 8.1
-37.4 69.4 20.2 8.0
-37.2 69.4 20.0 8.0
-37.0 69.4 19.8 8.0
-36.8 69.4 19.7 7.9
-36.6 69.4 19.6 7.9
-36.4 69.4 19.5 7.9
-36.2 69.4 19.4 7.8
-36.0 69.4 19.4 7.8
-35.8 69.4 19.4 7.8
-35.6 69.4 19.4 7.8
-35.4 69.4 19.5 7.8
-35.2 69.4 19.6 7.8
-35.0 69.4 19.7 7.8
-34.8 69.4 19.8 7.9
-34.6 69.4 19.9 7.9
-34.4 69.4 19.9 8.0
-34.2 69.4 19.9 8.1
-34.0 69.4 19.9 8.2
-33.8 69.4 19.8 8.2
-33.6 69.4 19.7 8.3
-33.4 69.4 19.6 8.3
-33.2 69.4 19.5 8.4
-33.0 69.4 19.5 8.4
-32.8 69.4 19.4 8.5
-32.6 69.4 19.3 8.5
-32.4 69.4 19.3 8.6
-32.2 69.4 19.2 8.7
-32.0 69.4 19.2 8.7
-31.8 69.4 19.1 8.8
-31.6 69.4 19.1 8.9
-31.4 69.4 19.0 9.0
-31.2 69.4 18.9 9.1
-31.0 69.4 18.8 9.2
-30.8 69.4 18.7 9.3
-30.6 69.4 18.6 9.4
-30.4 69.4 18.5 9.5
-30.2 69.4 18.4 9.6
-30.0 69.4 18.3 9.7
-29.8 69.4 18.3 9.7
-29.6 69.4 18.2 9.8
-29.4 69.4 18.3 9.9
-29.2 69.4 18.3 9.9
-29.0 69.4 18.4 9.9
-28.8 69.4 18.5 9.9
-28.6 69.4 18.7 9.8
-28.4 69.4 18.9 9.7
-28.2 69.4 19.1 9.5
-28.0 69.4 19.2 9.3
-27.8 69.4 19.4 9.0
-27.6 69.4 19.5 8.7
-27.4 69.4 19.6 8.3
-27.2 69.4 19.7 8.0
-27.0 69.4 19.7 7.6
-26.8 69.4 19.7 7.3
-26.6 69.4 19.6 7.0
-26.4 69.4 19.6 6.8
-26.2 69.4 19.7 6.6
-26.0 69.4 19.8 6.5
-25.8 69.4 19.9 6.6
-25.6 69.4 20.1 6.7
-25.4 69.4 20.3 6.9
-25.2 69.4 20.5 7.1
-25.0 69.4 20.7 7.4
-24.8 69.4 20.9 7.8
-24.6 69.4 21.1 8.1
-24.4 69.4 21.2 8.4
-24.2 69.4 21.3 8.7
-24.0 69.4 21.3 8.9
-23.8 69.4 21.3 9.1
-23.6 69.4 21.3 9.3
-23.4 69.4 21.2 9.4
-23.2 69.4 21.1 9.5
-23.0 69.4 21.0 9.5
-22.8 69.4 20.8 9.5
-22.6 69.4 20.5 9.4
-22.4 69.4 20.2 9.3
-22.2 69.4 19.7 9.1
-22.0 69.4 19.1 8.9
-21.8 69.4 18.5 8.7
-21.6 69.4 17.8 8.5
-21.4 69.4 17.0 8.3
-21.2 69.4 16.1 8.0
-21.0 69.4 15.2 7.8
-20.8 69.4 14.2 7.5
-20.6 69.4 13.1 7.3
-20.4 69.4 12.1 6.9
-20.2 69.4 11.0 6.6
-20.0 69.4 10.0 6.2
-19.8 69.4 9.0 5.7
-19.6 69.4 8.2 5.2
-19.4 69.4 7.5 4.7
-19.2 69.4 6.9 4.2
-19.0 69.4 6.4 3.8
-18.8 69.4 6.1 3.4
-18.6 69.4 5.9 3.0
-18.4 69.4 5.8 2.7
-18.2 69.4 5.7 2.5
-18.0 69.4 5.7 2.3
-17.8 69.4 5.8 2.1
-17.6 69.4 5.9 2.0
-17.4 69.4 6.1 1.9
-17.2 69.4 6.2 1.8
-17.0 69.4 6.4 1.7
-16.8 69.4 6.5 1.6
-16.6 69.4 6.6 1.5
-16.4 69.4 6.7 1.4
-16.2 69.4 6.8 1.3
-68.6 69.2 5.6 5.0
-68.4 69.2 6.2 5.3
-68.2 69.2 6.8 5.6
-68.0 69.2 7.5 5.9
-67.8 69.2 8.3 6.1
-67.6 69.2 9.0 6.2
-67.4 69.2 9.8 6.3
-67.2 69.2 10.4 6.3
-67.0 69.2 11.0 6.4
-66.8 69.2 11.5 6.4
-66.6 69.2 11.9 6.4
-66.4 69.2 12.1 6.5
-66.2 69.2 12.3 6.5
-66.0 69.2 12.5 6.6
-65.8 69.2 12.5 6.6
-65.6 69.2 12.6 6.7
-65.4 69.2 12.6 6.7
-65.2 69.2 12.7 6.8
-65.0 69.2 12.7 6.8
-64.8 69.2 12.8 6.9
-64.6 69.2 12.9 7.0
-64.4 69.2 13.0 7.0
-64.2 69.2 13.2 7.1
-64.0 69.2 13.3 7.1
-63.8 69.2 13.5 7.1
-63.6 69.2 13.7 7.1
-63.4 69.2 13.9 7.1
-63.2 69.2 14.1 7.0
-63.0 69.2 14.3 7.0
-62.8 69.2 14.4 6.9
-62.6 69.2 14.6 6.8
-62.4 69.2 14.7 6.7
-62.2 69.2 14.8 6.7
-62.0 69.2 14.9 6.6
-61.8 69.2 14.9 6.7
-61.6 69.2 15.0 6.7
-61.4 69.2 15.0 6.8
-61.2 69.2 15.1 6.9
-61.0 69.2 15.1 7.1
-60.8 69.2 15.2 7.3
-60.6 69.2 15.3 7.5
-60.4 69.2 15.4 7.7
-60.2 69.2 15.6 7.9
-60.0 69.2 15.8 8.1
-59.8 69.2 16.0 8.3
-59.6 69.2 16.2 8.5
-59.4 69.2 16.4 8.7
-59.2 69.2 16.7 8.8
-59.0 69.2 16.9 9.0
-58.8 69.2 17.2 9.2
-58.6 69.2 17.4 9.4
-58.4 69.2 17.7 9.7
-58.2 69.2 18.0 10.0
-58.0 69.2 18.3 10.3
-57.8 69.2 18.7 10.7
-57.6 69.2 19.2 11.2
-57.4 69.2 19.7 11.8
-57.2 69.2 20.5 12.5
-57.0 69.2 21.4 13.3
-56.8 69.2 22.5 14.3
-56.6 69.2 23.8 15.4
-56.4 69.2 25.4 16.6
-56.2 69.2 27.2 17.8
-56.0 69.2 29.2 19.0
-55.8 69.2 31.4 20.1
-55.6 69.2 33.6 21.1
-55.4 69.2 35.9 21.9
-55.2 69.2 38.0 22.6
-55.0 69.2 40.0 23.1
-54.8 69.2 41.8 23.4
-54.6 69.2 43.3 23.6
-54.4 69.2 44.6 23.7
-54.2 69.2 45.5 23.7
-54.0 69.2 46.2 23.7
-53.8 69.2 46.6 23.6
-53.6 69.2 46.7 23.5
-53.4 69.2 46.8 23.4
-53.2 69.2 46.7 23.2
-53.0 69.2 46.5 23.0
-52.8 69.2 46.2 22.8
-52.6 69.2 46.0 22.6
-52.4 69.2 45.8 22.4
-52.2 69.2 45.6 22.3
-52.0 69.2 45.5 22.2
-51.8 69.2 45.4 22.2
-51.6 69.2 45.5 22.2
-51.4 69.2 45.6 22.2
-51.2 69.2 45.9 22.2
-51.0 69.2 46.2 22.3
-50.8 69.2 46.6 22.4
-50.6 69.2 47.1 22.5
-50.4 69.2 47.5 22.7
-50.2 69.2 48.0 22.9
-50.0 69.2 48.4 23.1
-49.8 69.2 48.7 23.2
-49.6 69.2 49.0 23.3
-49.4 69.2 49.2 23.4
-49.2 69.2 49.3 23.5
-49.0 69.2 49.5 23.4
-48.8 69.2 49.7 23.4
-48.6 69.2 50.0 23.3
-48.4 69.2 50.3 23.3
-48.2 69.2 50.7 23.3
-48.0 69.2 51.1 23.3
-47.8 69.2 51.5 23.3
-47.6 69.2 51.8 23.4
-47.4 69.2 52.0 23.5
-47.2 69.2 52.1 23.5
-47.0 69.2 52.0 23.6
-46.8 69.2 51.8 23.6
-46.6 69.2 51.5 23.6
-46.4 69.2 51.0 23.5
-46.2 69.2 50.5 23.4
-46.0 69.2 49.8 23.2
-45.8 69.2 49.1 23.0
-45.6 69.2 48.4 22.8
-45.4 69.2 47.7 22.6
-45.2 69.2 47.0 22.5
-45.0 69.2 46.4 22.4
-44.8 69.2 45.8 22.4
-44.6 69.2 45.4 22.4
-44.4 69.2 45.1 22.5
-44.2 69.2 44.8 22.6
-44.0 69.2 44.7 22.7
-43.8 69.2 44.6 22.8
-43.6 69.2 44.4 23.0
-43.4 69.2 44.3 23.1
-43.2 69.2 44.0 23.2
-43.0 69.2 43.6 23.2
-42.8 69.2 42.9 23.1
-42.6 69.2 42.0 22.8
-42.4 69.2 40.8 22.4
-42.2 69.2 39.4 21.7
-42.0 69.2 37.8 20.9
-41.8 69.2 36.0 19.8
-41.6 69.2 34.1 18.5
-41.4 69.2 32.3 17.2
-41.2 69.2 30.5 15.8
-41.0 69.2 28.8 14.5
-40.8 69.2 27.4 13.3
-40.6 69.2 26.2 12.2
-40.4 69.2 25.1 11.3
-40.2 69.2 24.3 10.5
-40.0 69.2 23.6 9.8
-39.8 69.2 23.1 9.3
-39.6 69.2 22.6 8.9
-39.4 69.2 22.2 8.5
-39.2 69.2 21.9 8.2
-39.0 69.2 21.6 8.0
-38.8 69.2 21.4 7.8
-38.6 69.2 21.1 7.7
-38.4 69.2 20.8 7.6
-38.2 69.2 20.6 7.6
-38.0 69.2 20.3 7.5
-37.8 69.2 20.0 7.5
-37.6 69.2 19.7 7.5
-37.4 69.2 19.5 7.4
-37.2 69.2 19.2 7.4
-37.0 69.2 19.1 7.4
-36.8 69.2 18.9 7.3
-36.6 69.2 18.8 7.3
-36.4 69.2 18.8 7.2
-36.2 69.2 18.7 7.2
-36.0 69.2 18.8 7.2
-35.8 69.2 18.8 7.1
-35.6 69.2 18.8 7.1
-35.4 69.2 18.9 7.1
-35.2 69.2 19.0 7.1
-35.0 69.2 19.0 7.2
-34.8 69.2 19.1 7.2
-34.6 69.2 19.1 7.3
-34.4 69.2 19.1 7.3
-34.2 69.2 19.0 7.4
-34.0 69.2 19.0 7.5
-33.8 69.2 18.9 7.6
-33.6 69.2 18.8 7.7
-33.4 69.2 18.7 7.7
-33.2 69.2 18.7 7.8
-33.0 69.2 18.6 7.9
-32.8 69.2 18.6 7.9
-32.6 69.2 18.6 8.0
-32.4 69.2 18.6 8.0
-32.2 69.2 18.5 8.1
-32.0 69.2 18.5 8.1
-31.8 69.2 18.4 8.2
-31.6 69.2 18.3 8.2
-31.4 69.2 18.2 8.3
-31.2 69.2 18.1 8.4
-31.0 69.2 18.0 8.5
-30.8 69.2 17.9 8.6
-30.6 69.2 17.8 8.7
-30.4 69.2 17.7 8.8
-30.2 69.2 17.7 8.9
-30.0 69.2 17.7 9.0
-29.8 69.2 17.7 9.1
-29.6 69.2 17.7 9.2
-29.4 69.2 17.8 9.3
-29.2 69.2 17.9 9.4
-29.0 69.2 18.0 9.5
-28.8 69.2 18.1 9.5
-28.6 69.2 18.2 9.5
-28.4 69.2 18.4 9.4
-28.2 69.2 18.6 9.2
-28.0 69.2 18.8 9.1
-27.8 69.2 19.0 8.8
-27.6 69.2 19.1 8.6
-27.4 69.2 19.3 8.2
-27.2 69.2 19.3 7.9
-27.0 69.2 19.4 7.5
-26.8 69.2 19.4 7.1
-26.6 69.2 19.3 6.7
-26.4 69.2 19.3 6.4
-26.2 69.2 19.3 6.2
-26.0 69.2 19.3 6.0
-25.8 69.2 19.3 6.0
-25.6 69.2 19.4 6.1
-25.4 69.2 19.5 6.2
-25.2 69.2 19.6 6.5
-25.0 69.2 19.8 6.8
-24.8 69.2 19.9 7.1
-24.6 69.2 20.1 7.5
-24.4 69.2 20.2 7.8
-24.2 69.2 20.2 8.1
-24.0 69.2 20.2 8.4
-23.8 69.2 20.2 8.6
-23.6 69.2 20.2 8.7
-23.4 69.2 20.0 8.8
-23.2 69.2 19.8 8.8
-23.0 69.2 19.5 8.7
-22.8 69.2 19.1 8.6
-22.6 69.2 18.6 8.3
-22.4 69.2 17.9 8.0
-22.2 69.2 17.2 7.6
-22.0 69.2 16.4 7.3
-21.8 69.2 15.5 6.9
-21.6 69.2 14.6 6.6
-21.4 69.2 13.8 6.3
-21.2 69.2 13.0 6.1
-21.0 69.2 12.2 6.0
-20.8 69.2 11.4 5.9
-20.6 69.2 10.7 5.9
-20.4 69.2 10.0 5.8
-20.2 69.2 9.3 5.8
-20.0 69.2 8.6 5.6
-19.8 69.2 8.0 5.4
-19.6 69.2 7.4 5.2
-19.4 69.2 6.9 4.9
-19.2 69.2 6.5 4.5
-19.0 69.2 6.2 4.2
-18.8 69.2 5.9 3.8
-18.6 69.2 5.8 3.5
-18.4 69.2 5.7 3.2
-18.2 69.2 5.7 2.9
-18.0 69.2 5.8 2.7
-17.8 69.2 5.9 2.5
-17.6 69.2 6.0 2.3
-17.4 69.2 6.2 2.2
-17.2 69.2 6.4 2.1
-17.0 69.2 6.5 1.9
-16.8 69.2 6.7 1.8
-16.6 69.2 6.8 1.7
-16.4 69.2 6.9 1.6
-68.2 69.0 6.5 6.3
-68.0 69.0 7.3 6.6
-67.8 69.0 8.1 6.8
-67.6 69.0 8.9 6.9
-67.4 69.0 9.6 6.9
-67.2 69.0 10.3 6.9
-67.0 69.0 10.9 6.9
-66.8 69.0 11.4 6.9
-66.6 69.0 11.8 6.8
-66.4 69.0 12.1 6.8
-66.2 69.0 12.3 6.8
-66.0 69.0 12.5 6.8
-65.8 69.0 12.5 6.8
-65.6 69.0 12.6 6.9
-65.4 69.0 12.7 6.9
-65.2 69.0 12.7 7.0
-65.0 69.0 12.8 7.0
-64.8 69.0 12.9 7.1
-64.6 69.0 13.0 7.1
-64.4 69.0 13.1 7.1
-64.2 69.0 13.3 7.2
-64.0 69.0 13.4 7.2
-63.8 69.0 13.6 7.2
-63.6 69.0 13.7 7.2
-63.4 69.0 13.9 7.1
-63.2 69.0 14.1 7.1
-63.0 69.0 14.3 7.0
-62.8 69.0 14.5 6.9
-62.6 69.0 14.6 6.8
-62.4 69.0 14.8 6.8
-62.2 69.0 14.9 6.7
-62.0 69.0 15.0 6.7
-61.8 69.0 15.1 6.7
-61.6 69.0 15.1 6.8
-61.4 69.0 15.2 6.9
-61.2 69.0 15.2 7.0
-61.0 69.0 15.3 7.1
-60.8 69.0 15.4 7.3
-60.6 69.0 15.5 7.4
-60.4 69.0 15.7 7.6
-60.2 69.0 15.9 7.8
-60.0 69.0 16.1 8.0
-59.8 69.0 16.3 8.2
-59.6 69.0 16.5 8.4
-59.4 69.0 16.8 8.6
-59.2 69.0 17.1 8.8
-59.0 69.0 17.3 9.1
-58.8 69.0 17.6 9.3
-58.6 69.0 17.9 9.6
-58.4 69.0 18.2 9.9
-58.2 69.0 18.5 10.2
-58.0 69.0 18.9 10.6
-57.8 69.0 19.4 11.1
-57.6 69.0 20.0 11.6
-57.4 69.0 20.7 12.3
-57.2 69.0 21.6 13.1
-57.0 69.0 22.7 14.0
-56.8 69.0 24.1 15.1
-56.6 69.0 25.6 16.2
-56.4 69.0 27.4 17.4
-56.2 69.0 29.4 18.5
-56.0 69.0 31.5 19.7
-55.8 69.0 33.6 20.7
-55.6 69.0 35.8 21.6
-55.4 69.0 37.9 22.4
-55.2 69.0 39.8 23.0
-55.0 69.0 41.6 23.4
-54.8 69.0 43.0 23.6
-54.6 69.0 44.3 23.7
-54.4 69.0 45.2 23.8
-54.2 69.0 45.9 23.7
-54.0 69.0 46.3 23.6
-53.8 69.0 46.5 23.5
-53.6 69.0 46.6 23.3
-53.4 69.0 46.5 23.1
-53.2 69.0 46.3 22.9
-53.0 69.0 46.0 22.7
-52.8 69.0 45.8 22.5
-52.6 69.0 45.5 22.3
-52.4 69.0 45.3 22.1
-52.2 69.0 45.1 22.0
-52.0 69.0 44.9 22.0
-51.8 69.0 44.9 22.0
-51.6 69.0 44.9 22.0
-51.4 69.0 45.0 22.0
-51.2 69.0 45.2 22.0
-51.0 69.0 45.5 22.1
-50.8 69.0 45.9 22.2
-50.6 69.0 46.2 22.4
-50.4 69.0 46.6 22.6
-50.2 69.0 47.0 22.8
-50.0 69.0 47.3 23.0
-49.8 69.0 47.6 23.2
-49.6 69.0 47.9 23.3
-49.4 69.0 48.2 23.4
-49.2 69.0 48.5 23.5
-49.0 69.0 48.9 23.5
-48.8 69.0 49.3 23.5
-48.6 69.0 49.7 23.4
-48.4 69.0 50.2 23.4
-48.2 69.0 50.6 23.3
-48.0 69.0 51.1 23.3
-47.8 69.0 51.5 23.3
-47.6 69.0 51.8 23.4
-47.4 69.0 51.9 23.4
-47.2 69.0 51.9 23.4
-47.0 69.0 51.7 23.3
-46.8 69.0 51.3 23.3
-46.6 69.0 50.8 23.1
-46.4 69.0 50.2 23.0
-46.2 69.0 49.5 22.8
-46.0 69.0 48.7 22.6
-45.8 69.0 48.0 22.4
-45.6 69.0 47.2 22.2
-45.4 69.0 46.5 22.1
-45.2 69.0 45.9 22.1
-45.0 69.0 45.4 22.2
-44.8 69.0 44.9 22.3
-44.6 69.0 44.5 22.5
-44.4 69.0 44.3 22.7
-44.2 69.0 44.1 22.9
-44.0 69.0 44.0 23.0
-43.8 69.0 43.9 23.2
-43.6 69.0 43.7 23.3
-43.4 69.0 43.5 23.4
-43.2 69.0 43.1 23.4
-43.0 69.0 42.5 23.3
-42.8 69.0 41.6 23.1
-42.6 69.0 40.5 22.7
-42.4 69.0 39.2 22.1
-42.2 69.0 37.5 21.3
-42.0 69.0 35.8 20.3
-41.8 69.0 33.8 19.0
-41.6 69.0 31.9 17.6
-41.4 69.0 30.1 16.2
-41.2 69.0 28.3 14.7
-41.0 69.0 26.8 13.4
-40.8 69.0 25.5 12.2
-40.6 69.0 24.4 11.1
-40.4 69.0 23.5 10.2
-40.2 69.0 22.8 9.5
-40.0 69.0 22.2 9.0
-39.8 69.0 21.7 8.5
-39.6 69.0 21.4 8.1
-39.4 69.0 21.1 7.8
-39.2 69.0 20.9 7.6
-39.0 69.0 20.7 7.4
-38.8 69.0 20.5 7.3
-38.6 69.0 20.2 7.1
-38.4 69.0 20.0 7.1
-38.2 69.0 19.8 7.0
-38.0 69.0 19.5 7.0
-37.8 69.0 19.2 6.9
-37.6 69.0 18.9 6.9
-37.4 69.0 18.7 6.9
-37.2 69.0 18.5 6.9
-37.0 69.0 18.3 6.8
-36.8 69.0 18.2 6.8
-36.6 69.0 18.1 6.8
-36.4 69.0 18.1 6.8
-36.2 69.0 18.1 6.7
-36.0 69.0 18.1 6.7
-35.8 69.0 18.1 6.7
-35.6 69.0 18.1 6.7
-35.4 69.0 18.2 6.6
-35.2 69.0 18.2 6.6
-35.0 69.0 18.2 6.6
-34.8 69.0 18.2 6.7
-34.6 69.0 18.2 6.7
-34.4 69.0 18.1 6.8
-34.2 69.0 18.1 6.9
-34.0 69.0 18.0 7.0
-33.8 69.0 17.9 7.1
-33.6 69.0 17.9 7.2
-33.4 69.0 17.8 7.2
-33.2 69.0 17.8 7.3
-33.0 69.0 17.8 7.3
-32.8 69.0 17.8 7.4
-32.6 69.0 17.7 7.4
-32.4 69.0 17.7 7.5
-32.2 69.0 17.6 7.5
-32.0 69.0 17.6 7.5
-31.8 69.0 17.5 7.5
-31.6 69.0 17.3 7.6
-31.4 69.0 17.2 7.6
-31.2 69.0 17.1 7.7
-31.0 69.0 17.1 7.8
-30.8 69.0 17.0 7.8
-30.6 69.0 17.0 7.9
-30.4 69.0 17.0 8.0
-30.2 69.0 17.1 8.2
-30.0 69.0 17.2 8.3
-29.8 69.0 17.2 8.4
-29.6 69.0 17.3 8.5
-29.4 69.0 17.5 8.6
-29.2 69.0 17.6 8.7
-29.0 69.0 17.7 8.8
-28.8 69.0 17.8 8.8
-28.6 69.0 18.0 8.8
-28.4 69.0 18.1 8.8
-28.2 69.0 18.3 8.7
-28.0 69.0 18.5 8.6
-27.8 69.0 18.7 8.5
-27.6 69.0 18.8 8.3
-27.4 69.0 19.0 8.0
-27.2 69.0 19.1 7.7
-27.0 69.0 19.1 7.4
-26.8 69.0 19.1 7.1
-26.6 69.0 19.0 6.7
-26.4 69.0 18.9 6.4
-26.2 69.0 18.8 6.2
-26.0 69.0 18.8 6.0
-25.8 69.0 18.8 5.9
-25.6 69.0 18.8 5.9
-25.4 69.0 18.8 6.0
-25.2 69.0 18.9 6.2
-25.0 69.0 19.1 6.5
-24.8 69.0 19.2 6.8
-24.6 69.0 19.3 7.1
-24.4 69.0 19.4 7.4
-24.2 69.0 19.5 7.6
-24.0 69.0 19.5 7.9
-23.8 69.0 19.5 8.1
-23.6 69.0 19.4 8.2
-23.4 69.0 19.2 8.2
-23.2 69.0 18.9 8.1
-23.0 69.0 18.4 7.9
-22.8 69.0 17.8 7.6
-22.6 69.0 17.0 7.2
-22.4 69.0 16.0 6.7
-22.2 69.0 15.0 6.2
-22.0 69.0 13.9 5.6
-21.8 69.0 12.8 5.1
-21.6 69.0 11.7 4.6
-21.4 69.0 10.7 4.3
-21.2 69.0 9.9 4.1
-21.0 69.0 9.1 4.0
-20.8 69.0 8.5 4.1
-20.6 69.0 8.0 4.2
-20.4 69.0 7.5 4.3
-20.2 69.0 7.1 4.5
-20.0 69.0 6.8 4.6
-19.8 69.0 6.5 4.7
-19.6 69.0 6.2 4.7
-19.4 69.0 5.9 4.6
-19.2 69.0 5.7 4.4
-19.0 69.0 5.6 4.2
-18.8 69.0 5.5 4.0
-18.6 69.0 5.5 3.7
-18.4 69.0 5.5 3.5
-18.2 69.0 5.6 3.3
-18.0 69.0 5.7 3.0
-17.8 69.0 5.9 2.8
-17.6 69.0 6.1 2.7
-17.4 69.0 6.3 2.5
-17.2 69.0 6.5 2.3
-17.0 69.0 6.7 2.2
-16.8 69.0 6.9 2.0
-68.0 68.8 7.3 7.2
-67.8 68.8 8.2 7.4
-67.6 68.8 9.0 7.5
-67.4 68.8 9.7 7.5
-67.2 68.8 10.4 7.5
-67.0 68.8 11.1 7.4
-66.8 68.8 11.6 7.3
-66.6 68.8 11.9 7.2
-66.4 68.8 12.2 7.1
-66.2 68.8 12.4 7.1
-66.0 68.8 12.6 7.0
-65.8 68.8 12.7 7.0
-65.6 68.8 12.8 7.0
-65.4 68.8 12.9 7.1
-65.2 68.8 13.0 7.1
-65.0 68.8 13.0 7.1
-64.8 68.8 13.1 7.1
-64.6 68.8 13.2 7.2
-64.4 68.8 13.3 7.2
-64.2 68.8 13.5 7.2
-64.0 68.8 13.6 7.2
-63.8 68.8 13.7 7.2
-63.6 68.8 13.8 7.2
-63.4 68.8 14.0 7.1
-63.2 68.8 14.2 7.1
-63.0 68.8 14.3 7.0
-62.8 68.8 14.5 7.0
-62.6 68.8 14.7 7.0
-62.4 68.8 14.9 6.9
-62.2 68.8 15.0 6.9
-62.0 68.8 15.2 6.9
-61.8 68.8 15.3 6.9
-61.6 68.8 15.4 6.9
-61.4 68.8 15.4 7.0
-61.2 68.8 15.5 7.1
-61.0 68.8 15.6 7.2
-60.8 68.8 15.7 7.3
-60.6 68.8 15.9 7.4
-60.4 68.8 16.1 7.6
-60.2 68.8 16.3 7.8
-60.0 68.8 16.5 8.0
-59.8 68.8 16.8 8.2
-59.6 68.8 17.1 8.4
-59.4 68.8 17.3 8.7
-59.2 68.8 17.6 8.9
-59.0 68.8 17.9 9.2
-58.8 68.8 18.2 9.5
-58.6 68.8 18.5 9.8
-58.4 68.8 18.9 10.1
-58.2 68.8 19.2 10.5
-58.0 68.8 19.7 11.0
-57.8 68.8 20.3 11.6
-57.6 68.8 21.0 12.2
-57.4 68.8 21.9 13.0
-57.2 68.8 23.0 13.8
-57.0 68.8 24.4 14.8
-56.8 68.8 25.9 15.9
-56.6 68.8 27.7 17.0
-56.4 68.8 29.6 18.2
-56.2 68.8 31.7 19.3
-56.0 68.8 33.8 20.4
-55.8 68.8 35.9 21.4
-55.6 68.8 37.9 22.2
-55.4 68.8 39.7 22.8
-55.2 68.8 41.4 23.3
-55.0 68.8 42.8 23.6
-54.8 68.8 43.9 23.8
-54.6 68.8 44.9 23.8
-54.4 68.8 45.5 23.7
-54.2 68.8 46.0 23.6
-54.0 68.8 46.2 23.4
-53.8 68.8 46.3 23.2
-53.6 68.8 46.2 23.0
-53.4 68.8 46.0 22.8
-53.2 68.8 45.8 22.5
-53.0 68.8 45.5 22.3
-52.8 68.8 45.2 22.2
-52.6 68.8 45.0 22.0
-52.4 68.8 44.7 22.0
-52.2 68.8 44.6 22.0
-52.0 68.8 44.5 22.0
-51.8 68.8 44.4 22.1
-51.6 68.8 44.5 22.1
-51.4 68.8 44.6 22.1
-51.2 68.8 44.8 22.1
-51.0 68.8 45.1 22.2
-50.8 68.8 45.4 22.2
-50.6 68.8 45.7 22.3
-50.4 68.8 46.1 22.4
-50.2 68.8 46.4 22.5
-50.0 68.8 46.8 22.6
-49.8 68.8 47.1 22.8
-49.6 68.8 47.4 22.9
-49.4 68.8 47.8 23.0
-49.2 68.8 48.1 23.1
-49.0 68.8 48.5 23.1
-48.8 68.8 48.9 23.2
-48.6 68.8 49.3 23.2
-48.4 68.8 49.8 23.2
-48.2 68.8 50.2 23.3
-48.0 68.8 50.6 23.4
-47.8 68.8 51.0 23.4
-47.6 68.8 51.2 23.5
-47.4 68.8 51.2 23.5
-47.2 68.8 51.1 23.4
-47.0 68.8 50.8 23.3
-46.8 68.8 50.4 23.1
-46.6 68.8 49.9 22.9
-46.4 68.8 49.2 22.6
-46.2 68.8 48.5 22.3
-46.0 68.8 47.8 22.0
-45.8 68.8 47.1 21.8
-45.6 68.8 46.4 21.7
-45.4 68.8 45.7 21.6
-45.2 68.8 45.1 21.7
-45.0 68.8 44.6 21.9
-44.8 68.8 44.2 22.2
-44.6 68.8 43.9 22.5
-44.4 68.8 43.7 22.8
-44.2 68.8 43.5 23.1
-44.0 68.8 43.4 23.3
-43.8 68.8 43.2 23.5
-43.6 68.8 43.0 23.6
-43.4 68.8 42.6 23.6
-43.2 68.8 42.1 23.6
-43.0 68.8 41.3 23.4
-42.8 68.8 40.3 23.0
-42.6 68.8 38.9 22.5
-42.4 68.8 37.4 21.7
-42.2 68.8 35.6 20.7
-42.0 68.8 33.7 19.4
-41.8 68.8 31.7 18.0
-41.6 68.8 29.8 16.5
-41.4 68.8 28.0 15.0
-41.2 68.8 26.4 13.6
-41.0 68.8 25.0 12.3
-40.8 68.8 23.8 11.1
-40.6 68.8 22.8 10.2
-40.4 68.8 22.0 9.4
-40.2 68.8 21.4 8.8
-40.0 68.8 20.9 8.3
-39.8 68.8 20.5 7.9
-39.6 68.8 20.1 7.6
-39.4 68.8 19.9 7.3
-39.2 68.8 19.7 7.1
-39.0 68.8 19.5 6.9
-38.8 68.8 19.3 6.8
-38.6 68.8 19.1 6.7
-38.4 68.8 18.9 6.6
-38.2 68.8 18.7 6.6
-38.0 68.8 18.5 6.5
-37.8 68.8 18.2 6.5
-37.6 68.8 18.0 6.5
-37.4 68.8 17.8 6.5
-37.2 68.8 17.7 6.5
-37.0 68.8 17.5 6.4
-36.8 68.8 17.4 6.4
-36.6 68.8 17.3 6.4
-36.4 68.8 17.3 6.4
-36.2 68.8 17.3 6.4
-36.0 68.8 17.2 6.4
-35.8 68.8 17.2 6.4
-35.6 68.8 17.2 6.3
-35.4 68.8 17.2 6.3
-35.2 68.8 17.1 6.3
-35.0 68.8 17.1 6.3
-34.8 68.8 17.1 6.3
-34.6 68.8 17.1 6.4
-34.4 68.8 17.1 6.5
-34.2 68.8 17.1 6.5
-34.0 68.8 17.0 6.6
-33.8 68.8 17.0 6.7
-33.6 68.8 17.0 6.8
-33.4 68.8 17.0 6.8
-33.2 68.8 16.9 6.9
-33.0 68.8 16.9 6.9
-32.8 68.8 16.9 6.9
-32.6 68.8 16.8 6.9
-32.4 68.8 16.7 6.9
-32.2 68.8 16.6 6.9
-32.0 68.8 16.5 6.9
-31.8 68.8 16.4 6.9
-31.6 68.8 16.3 6.9
-31.4 68.8 16.2 6.9
-31.2 68.8 16.1 7.0
-31.0 68.8 16.1 7.0
-30.8 68.8 16.1 7.1
-30.6 68.8 16.1 7.2
-30.4 68.8 16.2 7.2
-30.2 68.8 16.4 7.3
-30.0 68.8 16.5 7.4
-29.8 68.8 16.7 7.6
-29.6 68.8 16.8 7.7
-29.4 68.8 17.0 7.8
-29.2 68.8 17.2 7.9
-29.0 68.8 17.3 7.9
-28.8 68.8 17.5 8.0
-28.6 68.8 17.7 8.0
-28.4 68.8 17.9 8.1
-28.2 68.8 18.0 8.0
-28.0 68.8 18.2 8.0
-27.8 68.8 18.4 7.9
-27.6 68.8 18.6 7.8
-27.4 68.8 18.7 7.7
-27.2 68.8 18.7 7.6
-27.0 68.8 18.8 7.4
-26.8 68.8 18.7 7.1
-26.6 68.8 18.7 6.9
-26.4 68.8 18.6 6.7
-26.2 68.8 18.5 6.5
-26.0 68.8 18.4 6.3
-25.8 68.8 18.4 6.2
-25.6 68.8 18.4 6.1
-25.4 68.8 18.4 6.1
-25.2 68.8 18.5 6.2
-25.0 68.8 18.7 6.4
-24.8 68.8 18.8 6.6
-24.6 68.8 19.0 6.8
-24.4 68.8 19.1 7.0
-24.2 68.8 19.2 7.2
-24.0 68.8 19.2 7.4
-23.8 68.8 19.2 7.5
-23.6 68.8 19.0 7.6
-23.4 68.8 18.8 7.6
-23.2 68.8 18.4 7.5
-23.0 68.8 17.9 7.3
-22.8 68.8 17.1 7.0
-22.6 68.8 16.2 6.5
-22.4 68.8 15.1 5.9
-22.2 68.8 13.8 5.3
-22.0 68.8 12.5 4.6
-21.8 68.8 11.2 4.0
-21.6 68.8 9.9 3.4
-21.4 68.8 8.8 3.0
-21.2 68.8 7.9 2.8
-21.0 68.8 7.1 2.7
-20.8 68.8 6.4 2.7
-20.6 68.8 6.0 2.9
-20.4 68.8 5.6 3.1
-20.2 68.8 5.4 3.4
-20.0 68.8 5.2 3.7
-19.8 68.8 5.0 3.9
-19.6 68.8 5.0 1.0
-19.4 68.8 5.0 1.0
-19.2 68.8 5.0 1.0
-19.0 68.8 5.0 1.0
-18.8 68.8 5.0 4.0
-18.6 68.8 5.1 3.9
-18.4 68.8 5.3 3.7
-18.2 68.8 5.5 3.5
-18.0 68.8 5.7 3.3
-17.8 68.8 5.9 3.1
-17.6 68.8 6.2 2.9
-17.4 68.8 6.4 2.7
-17.2 68.8 6.7 2.5
-17.0 68.8 6.9 2.4
-67.8 68.6 8.5 7.8
-67.6 68.6 9.3 7.9
-67.4 68.6 10.1 8.0
-67.2 68.6 10.8 7.9
-67.0 68.6 11.4 7.8
-66.8 68.6 11.9 7.6
-66.6 68.6 12.3 7.5
-66.4 68.6 12.6 7.3
-66.2 68.6 12.9 7.2
-66.0 68.6 13.1 7.1
-65.8 68.6 13.2 7.1
-65.6 68.6 13.3 7.0
-65.4 68.6 13.4 7.0
-65.2 68.6 13.5 7.0
-65.0 68.6 13.6 7.1
-64.8 68.6 13.6 7.1
-64.6 68.6 13.7 7.2
-64.4 68.6 13.8 7.2
-64.2 68.6 13.8 7.2
-64.0 68.6 13.9 7.3
-63.8 68.6 14.0 7.3
-63.6 68.6 14.0 7.3
-63.4 68.6 14.1 7.2
-63.2 68.6 14.2 7.2
-63.0 68.6 14.4 7.2
-62.8 68.6 14.5 7.2
-62.6 68.6 14.7 7.2
-62.4 68.6 14.9 7.2
-62.2 68.6 15.1 7.2
-62.0 68.6 15.3 7.2
-61.8 68.6 15.4 7.2
-61.6 68.6 15.6 7.2
-61.4 68.6 15.7 7.2
-61.2 68.6 15.8 7.2
-61.0 68.6 15.9 7.3
-60.8 68.6 16.1 7.4
-60.6 68.6 16.3 7.5
-60.4 68.6 16.5 7.7
-60.2 68.6 16.7 7.9
-60.0 68.6 17.0 8.1
-59.8 68.6 17.3 8.3
-59.6 68.6 17.6 8.5
-59.4 68.6 17.9 8.8
-59.2 68.6 18.2 9.0
-59.0 68.6 18.6 9.3
-58.8 68.6 18.9 9.6
-58.6 68.6 19.2 10.0
-58.4 68.6 19.6 10.4
-58.2 68.6 20.1 10.9
-58.0 68.6 20.7 11.4
-57.8 68.6 21.4 12.0
-57.6 68.6 22.3 12.8
-57.4 68.6 23.4 13.6
-57.2 68.6 24.7 14.5
-57.0 68.6 26.3 15.5
-56.8 68.6 28.0 16.6
-56.6 68.6 29.9 17.8
-56.4 68.6 32.0 18.9
-56.2 68.6 34.0 20.0
-56.0 68.6 36.1 21.0
-55.8 68.6 38.0 21.9
-55.6 68.6 39.8 22.6
-55.4 68.6 41.3 23.2
-55.2 68.6 42.7 23.6
-55.0 68.6 43.8 23.8
-54.8 68.6 44.6 23.8
-54.6 68.6 45.2 23.8
-54.4 68.6 45.6 23.6
-54.2 68.6 45.9 23.4
-54.0 68.6 45.9 23.2
-53.8 68.6 45.9 22.9
-53.6 68.6 45.7 22.7
-53.4 68.6 45.5 22.4
-53.2 68.6 45.2 22.2
-53.0 68.6 44.9 22.0
-52.8 68.6 44.7 21.9
-52.6 68.6 44.4 21.9
-52.4 68.6 44.3 21.9
-52.2 68.6 44.1 22.0
-52.0 68.6 44.1 22.1
-51.8 68.6 44.1 22.2
-51.6 68.6 44.2 22.3
-51.4 68.6 44.4 22.3
-51.2 68.6 44.7 22.3
-51.0 68.6 45.0 22.3
-50.8 68.6 45.4 22.2
-50.6 68.6 45.9 22.2
-50.4 68.6 46.3 22.2
-50.2 68.6 46.8 22.2
-50.0 68.6 47.3 22.2
-49.8 68.6 47.7 22.2
-49.6 68.6 48.1 22.3
-49.4 68.6 48.4 22.3
-49.2 68.6 48.7 22.4
-49.0 68.6 49.0 22.5
-48.8 68.6 49.3 22.7
-48.6 68.6 49.5 22.8
-48.4 68.6 49.8 22.9
-48.2 68.6 50.1 23.1
-48.0 68.6 50.3 23.3
-47.8 68.6 50.5 23.4
-47.6 68.6 50.5 23.5
-47.4 68.6 50.5 23.5
-47.2 68.6 50.3 23.5
-47.0 68.6 50.0 23.4
-46.8 68.6 49.5 23.2
-46.6 68.6 49.0 22.9
-46.4 68.6 48.3 22.6
-46.2 68.6 47.7 22.3
-46.0 68.6 47.0 22.1
-45.8 68.6 46.3 21.8
-45.6 68.6 45.7 21.7
-45.4 68.6 45.1 21.7
-45.2 68.6 44.5 21.8
-45.0 68.6 44.1 22.1
-44.8 68.6 43.7 22.4
-44.6 68.6 43.4 22.8
-44.4 68.6 43.2 23.2
-44.2 68.6 43.0 23.5
-44.0 68.6 42.8 23.8
-43.8 68.6 42.6 24.0
-43.6 68.6 42.3 24.1
-43.4 68.6 41.8 24.1
-43.2 68.6 41.1 23.8
-43.0 68.6 40.1 23.5
-42.8 68.6 38.9 22.9
-42.6 68.6 37.3 22.1
-42.4 68.6 35.6 21.1
-42.2 68.6 33.7 19.8
-42.0 68.6 31.7 18.4
-41.8 68.6 29.8 16.9
-41.6 68.6 27.9 15.3
-41.4 68.6 26.2 13.8
-41.2 68.6 24.8 12.4
-41.0 68.6 23.5 11.2
-40.8 68.6 22.5 10.1
-40.6 68.6 21.6 9.3
-40.4 68.6 20.9 8.6
-40.2 68.6 20.3 8.1
-40.0 68.6 19.8 7.8
-39.8 68.6 19.3 7.5
-39.6 68.6 19.0 7.2
-39.4 68.6 18.7 7.0
-39.2 68.6 18.4 6.9
-39.0 68.6 18.2 6.7
-38.8 68.6 18.0 6.6
-38.6 68.6 17.8 6.5
-38.4 68.6 17.6 6.4
-38.2 68.6 17.5 6.3
-38.0 68.6 17.3 6.3
-37.8 68.6 17.1 6.3
-37.6 68.6 17.0 6.2
-37.4 68.6 16.9 6.2
-37.2 68.6 16.7 6.2
-37.0 68.6 16.6 6.2
-36.8 68.6 16.5 6.3
-36.6 68.6 16.4 6.3
-36.4 68.6 16.3 6.2
-36.2 68.6 16.3 6.2
-36.0 68.6 16.2 6.2
-35.8 68.6 16.1 6.2
-35.6 68.6 16.0 6.1
-35.4 68.6 16.0 6.1
-35.2 68.6 16.0 6.1
-35.0 68.6 16.0 6.1
-34.8 68.6 16.0 6.1
-34.6 68.6 16.0 6.2
-34.4 68.6 16.0 6.2
-34.2 68.6 16.0 6.3
-34.0 68.6 16.0 6.4
-33.8 68.6 16.0 6.4
-33.6 68.6 16.0 6.5
-33.4 68.6 16.0 6.5
-33.2 68.6 16.0 6.6
-33.0 68.6 15.9 6.6
-32.8 68.6 15.8 6.5
-32.6 68.6 15.7 6.5
-32.4 68.6 15.6 6.5
-32.2 68.6 15.5 6.4
-32.0 68.6 15.3 6.4
-31.8 68.6 15.2 6.3
-31.6 68.6 15.1 6.3
-31.4 68.6 15.0 6.3
-31.2 68.6 14.9 6.3
-31.0 68.6 14.9 6.3
-30.8 68.6 15.0 6.3
-30.6 68.6 15.1 6.4
-30.4 68.6 15.2 6.5
-30.2 68.6 15.3 6.6
-30.0 68.6 15.5 6.7
-29.8 68.6 15.7 6.8
-29.6 68.6 15.9 6.9
-29.4 68.6 16.2 7.0
-29.2 68.6 16.4 7.1
-29.0 68.6 16.6 7.2
-28.8 68.6 16.8 7.2
-28.6 68.6 17.1 7.3
-28.4 68.6 17.3 7.3
-28.2 68.6 17.5 7.4
-28.0 68.6 17.7 7.4
-27.8 68.6 17.9 7.4
-27.6 68.6 18.1 7.4
-27.4 68.6 18.2 7.4
-27.2 68.6 18.3 7.3
-27.0 68.6 18.3 7.3
-26.8 68.6 18.3 7.2
-26.6 68.6 18.3 7.1
-26.4 68.6 18.2 6.9
-26.2 68.6 18.2 6.8
-26.0 68.6 18.1 6.6
-25.8 68.6 18.1 6.5
-25.6 68.6 18.2 6.4
-25.4 68.6 18.2 6.3
-25.2 68.6 18.4 6.3
-25.0 68.6 18.5 6.3
-24.8 68.6 18.7 6.4
-24.6 68.6 18.9 6.5
-24.4 68.6 19.0 6.7
-24.2 68.6 19.1 6.8
-24.0 68.6 19.1 6.9
-23.8 68.6 19.0 7.1
-23.6 68.6 18.9 7.1
-23.4 68.6 18.6 7.1
-23.2 68.6 18.2 7.1
-23.0 68.6 17.6 6.9
-22.8 68.6 16.8 6.6
-22.6 68.6 15.8 6.2
-22.4 68.6 14.6 5.6
-22.2 68.6 13.2 4.9
-22.0 68.6 11.8 4.3
-21.8 68.6 10.4 3.6
-21.6 68.6 9.1 3.0
-21.4 68.6 7.8 2.5
-21.2 68.6 6.8 2.2
-21.0 68.6 5.9 2.0
-20.8 68.6 5.2 2.0
-20.6 68.6 5.0 1.0
-20.4 68.6 5.0 1.0
-20.2 68.6 5.0 1.0
-20.0 68.6 5.0 1.0
-19.8 68.6 5.0 1.0
-19.6 68.6 5.0 1.0
-19.4 68.6 5.0 1.0
-19.2 68.6 5.0 1.0
-19.0 68.6 5.0 1.0
-18.8 68.6 5.0 1.0
-18.6 68.6 5.0 1.0
-18.4 68.6 5.1 3.8
-18.2 68.6 5.4 3.6
-18.0 68.6 5.7 3.5
-17.8 68.6 6.0 3.3
-17.6 68.6 6.3 3.1
-17.4 68.6 6.6 2.9
-17.2 68.6 6.8 2.7
-67.6 68.4 9.9 8.1
-67.4 68.4 10.7 8.1
-67.2 68.4 11.4 8.1
-67.0 68.4 12.0 7.9
-66.8 68.4 12.6 7.8
-66.6 68.4 13.0 7.6
-66.4 68.4 13.3 7.4
-66.2 68.4 13.6 7.2
-66.0 68.4 13.8 7.1
-65.8 68.4 14.0 7.0
-65.6 68.4 14.1 6.9
-65.4 68.4 14.2 6.9
-65.2 68.4 14.3 6.9
-65.0 68.4 14.3 7.0
-64.8 68.4 14.4 7.1
-64.6 68.4 14.4 7.1
-64.4 68.4 14.4 7.2
-64.2 68.4 14.4 7.3
-64.0 68.4 14.3 7.4
-63.8 68.4 14.3 7.4
-63.6 68.4 14.3 7.4
-63.4 68.4 14.4 7.4
-63.2 68.4 14.4 7.5
-63.0 68.4 14.5 7.5
-62.8 68.4 14.7 7.5
-62.6 68.4 14.8 7.5
-62.4 68.4 15.0 7.5
-62.2 68.4 15.2 7.5
-62.0 68.4 15.4 7.5
-61.8 68.4 15.6 7.5
-61.6 68.4 15.8 7.4
-61.4 68.4 15.9 7.4
-61.2 68.4 16.1 7.4
-61.0 68.4 16.2 7.4
-60.8 68.4 16.4 7.5
-60.6 68.4 16.6 7.6
-60.4 68.4 16.8 7.8
-60.2 68.4 17.1 8.0
-60.0 68.4 17.4 8.2
-59.8 68.4 17.7 8.4
-59.6 68.4 18.1 8.6
-59.4 68.4 18.4 8.9
-59.2 68.4 18.8 9.1
-59.0 68.4 19.1 9.4
-58.8 68.4 19.5 9.8
-58.6 68.4 19.9 10.2
-58.4 68.4 20.4 10.6
-58.2 68.4 21.0 11.1
-58.0 68.4 21.7 11.7
-57.8 68.4 22.6 12.4
-57.6 68.4 23.7 13.2
-57.4 68.4 25.0 14.0
-57.2 68.4 26.5 15.0
-57.0 68.4 28.2 16.1
-56.8 68.4 30.1 17.2
-56.6 68.4 32.1 18.3
-56.4 68.4 34.2 19.4
-56.2 68.4 36.2 20.5
-56.0 68.4 38.1 21.4
-55.8 68.4 39.8 22.2
-55.6 68.4 41.3 22.9
-55.4 68.4 42.6 23.4
-55.2 68.4 43.7 23.7
-55.0 68.4 44.5 23.8
-54.8 68.4 45.1 23.8
-54.6 68.4 45.5 23.7
-54.4 68.4 45.7 23.5
-54.2 68.4 45.7 23.2
-54.0 68.4 45.7 22.9
-53.8 68.4 45.5 22.6
-53.6 68.4 45.3 22.3
-53.4 68.4 45.0 22.1
-53.2 68.4 44.7 21.9
-53.0 68.4 44.4 21.7
-52.8 68.4 44.2 21.6
-52.6 68.4 44.0 21.6
-52.4 68.4 43.8 21.7
-52.2 68.4 43.8 21.8
-52.0 68.4 43.8 22.0
-51.8 68.4 43.9 22.1
-51.6 68.4 44.1 22.2
-51.4 68.4 44.4 22.2
-51.2 68.4 44.8 22.2
-51.0 68.4 45.3 22.1
-50.8 68.4 45.8 22.0
-50.6 68.4 46.4 21.9
-50.4 68.4 47.1 21.8
-50.2 68.4 47.8 21.7
-50.0 68.4 48.4 21.7
-49.8 68.4 49.0 21.7
-49.6 68.4 49.5 21.7
-49.4 68.4 49.9 21.8
-49.2 68.4 50.2 21.9
-49.0 68.4 50.4 22.1
-48.8 68.4 50.5 22.3
-48.6 68.4 50.5 22.5
-48.4 68.4 50.6 22.7
-48.2 68.4 50.6 22.9
-48.0 68.4 50.6 23.1
-47.8 68.4 50.6 23.2
-47.6 68.4 50.5 23.4
-47.4 68.4 50.2 23.4
-47.2 68.4 49.9 23.5
-47.0 68.4 49.5 23.4
-46.8 68.4 48.9 23.3
-46.6 68.4 48.3 23.2
-46.4 68.4 47.6 23.0
-46.2 68.4 46.9 22.9
-46.0 68.4 46.2 22.7
-45.8 68.4 45.6 22.6
-45.6 68.4 45.0 22.5
-45.4 68.4 44.4 22.5
-45.2 68.4 44.0 22.6
-45.0 68.4 43.6 22.8
-44.8 68.4 43.2 23.0
-44.6 68.4 43.0 23.4
-44.4 68.4 42.7 23.7
-44.2 68.4 42.5 24.1
-44.0 68.4 42.3 24.3
-43.8 68.4 42.0 24.5
-43.6 68.4 41.6 24.5
-43.4 68.4 40.9 24.3
-43.2 68.4 40.1 24.0
-43.0 68.4 38.9 23.4
-42.8 68.4 37.5 22.6
-42.6 68.4 35.9 21.6
-42.4 68.4 34.0 20.4
-42.2 68.4 32.1 18.9
-42.0 68.4 30.1 17.3
-41.8 68.4 28.2 15.7
-41.6 68.4 26.5 14.1
-41.4 68.4 24.9 12.6
-41.2 68.4 23.6 11.3
-41.0 68.4 22.5 10.2
-40.8 68.4 21.6 9.3
-40.6 68.4 20.8 8.6
-40.4 68.4 20.1 8.1
-40.2 68.4 19.4 7.7
-40.0 68.4 18.9 7.4
-39.8 68.4 18.4 7.2
-39.6 68.4 18.0 7.1
-39.4 68.4 17.7 6.9
-39.2 68.4 17.3 6.8
-39.0 68.4 17.0 6.7
-38.8 68.4 16.8 6.6
-38.6 68.4 16.6 6.5
-38.4 68.4 16.4 6.4
-38.2 68.4 16.2 6.3
-38.0 68.4 16.1 6.2
-37.8 68.4 16.0 6.2
-37.6 68.4 15.9 6.1
-37.4 68.4 15.8 6.1
-37.2 68.4 15.7 6.1
-37.0 68.4 15.6 6.1
-36.8 68.4 15.5 6.1
-36.6 68.4 15.4 6.1
-36.4 68.4 15.3 6.1
-36.2 68.4 15.2 6.1
-36.0 68.4 15.1 6.0
-35.8 68.4 15.0 6.0
-35.6 68.4 14.9 6.0
-35.4 68.4 14.9 5.9
-35.2 68.4 14.9 5.9
-35.0 68.4 14.8 5.9
-34.8 68.4 14.8 5.9
-34.6 68.4 14.9 6.0
-34.4 68.4 14.9 6.0
-34.2 68.4 14.9 6.1
-34.0 68.4 14.9 6.1
-33.8 68.4 14.9 6.2
-33.6 68.4 14.9 6.2
-33.4 68.4 14.9 6.2
-33.2 68.4 14.8 6.2
-33.0 68.4 14.7 6.2
-32.8 68.4 14.6 6.1
-32.6 68.4 14.5 6.1
-32.4 68.4 14.4 6.0
-32.2 68.4 14.3 5.9
-32.0 68.4 14.1 5.9
-31.8 68.4 14.0 5.8
-31.6 68.4 13.9 5.7
-31.4 68.4 13.8 5.7
-31.2 68.4 13.8 5.7
-31.0 68.4 13.8 5.7
-30.8 68.4 13.8 5.7
-30.6 68.4 13.9 5.7
-30.4 68.4 14.0 5.8
-30.2 68.4 14.1 5.9
-30.0 68.4 14.3 6.0
-29.8 68.4 14.5 6.1
-29.6 68.4 14.7 6.2
-29.4 68.4 14.9 6.4
-29.2 68.4 15.2 6.5
-29.0 68.4 15.4 6.5
-28.8 68.4 15.7 6.6
-28.6 68.4 16.0 6.7
-28.4 68.4 16.3 6.7
-28.2 68.4 16.6 6.8
-28.0 68.4 16.9 6.8
-27.8 68.4 17.1 6.9
-27.6 68.4 17.4 6.9
-27.4 68.4 17.6 7.0
-27.2 68.4 17.7 7.0
-27.0 68.4 17.8 7.1
-26.8 68.4 17.8 7.1
-26.6 68.4 17.9 7.0
-26.4 68.4 17.9 7.0
-26.2 68.4 17.9 6.9
-26.0 68.4 17.9 6.8
-25.8 68.4 17.9 6.7
-25.6 68.4 18.0 6.6
-25.4 68.4 18.1 6.5
-25.2 68.4 18.3 6.4
-25.0 68.4 18.4 6.4
-24.8 68.4 18.6 6.3
-24.6 68.4 18.7 6.4
-24.4 68.4 18.8 6.4
-24.2 68.4 18.8 6.5
-24.0 68.4 18.8 6.5
-23.8 68.4 18.6 6.6
-23.6 68.4 18.3 6.7
-23.4 68.4 17.9 6.7
-23.2 68.4 17.4 6.6
-23.0 68.4 16.7 6.5
-22.8 68.4 15.8 6.2
-22.6 68.4 14.7 5.8
-22.4 68.4 13.5 5.3
-22.2 68.4 12.2 4.7
-22.0 68.4 10.8 4.1
-21.8 68.4 9.5 3.4
-21.6 68.4 8.2 2.8
-21.4 68.4 7.0 2.3
-21.2 68.4 6.0 1.9
-21.0 68.4 5.2 1.7
-20.8 68.4 5.0 1.0
-20.6 68.4 5.0 1.0
-20.4 68.4 5.0 1.0
-20.2 68.4 5.0 1.0
-20.0 68.4 5.0 1.0
-19.8 68.4 5.0 1.0
-19.6 68.4 5.0 1.0
-19.4 68.4 5.0 1.0
-19.2 68.4 5.0 1.0
-19.0 68.4 5.0 1.0
-18.8 68.4 5.0 1.0
-18.6 68.4 5.0 1.0
-18.4 68.4 5.0 1.0
-18.2 68.4 5.3 3.7
-18.0 68.4 5.7 3.6
-17.8 68.4 6.1 3.4
-17.6 68.4 6.4 3.2
-17.4 68.4 6.7 3.0
-67.2 68.2 12.0 8.0
-67.0 68.2 12.6 7.9
-66.8 68.2 13.2 7.7
-66.6 68.2 13.7 7.5
-66.4 68.2 14.0 7.3
-66.2 68.2 14.3 7.1
-66.0 68.2 14.6 7.0
-65.8 68.2 14.8 6.9
-65.6 68.2 14.9 6.8
-65.4 68.2 15.0 6.8
-65.2 68.2 15.1 6.8
-65.0 68.2 15.1 6.9
-64.8 68.2 15.1 7.0
-64.6 68.2 15.1 7.1
-64.4 68.2 15.0 7.2
-64.2 68.2 14.9 7.4
-64.0 68.2 14.9 7.4
-63.8 68.2 14.8 7.5
-63.6 68.2 14.8 7.6
-63.4 68.2 14.8 7.6
-63.2 68.2 14.8 7.6
-63.0 68.2 14.9 7.7
-62.8 68.2 15.0 7.7
-62.6 68.2 15.2 7.7
-62.4 68.2 15.4 7.8
-62.2 68.2 15.6 7.8
-62.0 68.2 15.8 7.8
-61.8 68.2 16.0 7.7
-61.6 68.2 16.2 7.7
-61.4 68.2 16.4 7.6
-61.2 68.2 16.5 7.6
-61.0 68.2 16.7 7.6
-60.8 68.2 16.9 7.7
-60.6 68.2 17.1 7.8
-60.4 68.2 17.3 7.9
-60.2 68.2 17.6 8.1
-60.0 68.2 17.9 8.3
-59.8 68.2 18.2 8.5
-59.6 68.2 18.6 8.7
-59.4 68.2 18.9 9.0
-59.2 68.2 19.3 9.3
-59.0 68.2 19.7 9.6
-58.8 68.2 20.2 10.0
-58.6 68.2 20.7 10.4
-58.4 68.2 21.3 10.9
-58.2 68.2 22.0 11.4
-58.0 68.2 22.8 12.0
-57.8 68.2 23.8 12.7
-57.6 68.2 25.1 13.5
-57.4 68.2 26.5 14.4
-57.2 68.2 28.2 15.4
-57.0 68.2 30.1 16.4
-56.8 68.2 32.0 17.6
-56.6 68.2 34.0 18.7
-56.4 68.2 36.0 19.8
-56.2 68.2 37.9 20.8
-56.0 68.2 39.6 21.7
-55.8 68.2 41.1 22.4
-55.6 68.2 42.4 22.9
-55.4 68.2 43.5 23.3
-55.2 68.2 44.3 23.6
-55.0 68.2 44.9 23.7
-54.8 68.2 45.3 23.6
-54.6 68.2 45.5 23.4
-54.4 68.2 45.6 23.2
-54.2 68.2 45.5 22.9
-54.0 68.2 45.4 22.6
-53.8 68.2 45.2 22.3
-53.6 68.2 44.9 22.0
-53.4 68.2 44.6 21.7
-53.2 68.2 44.3 21.5
-53.0 68.2 44.0 21.3
-52.8 68.2 43.8 21.3
-52.6 68.2 43.6 21.3
-52.4 68.2 43.4 21.3
-52.2 68.2 43.4 21.4
-52.0 68.2 43.4 21.6
-51.8 68.2 43.6 21.7
-51.6 68.2 43.8 21.8
-51.4 68.2 44.2 21.8
-51.2 68.2 44.7 21.8
-51.0 68.2 45.3 21.8
-50.8 68.2 46.0 21.7
-50.6 68.2 46.8 21.6
-50.4 68.2 47.6 21.5
-50.2 68.2 48.5 21.4
-50.0 68.2 49.3 21.3
-49.8 68.2 50.0 21.3
-49.6 68.2 50.6 21.4
-49.4 68.2 51.0 21.4
-49.2 68.2 51.3 21.6
-49.0 68.2 51.5 21.8
-48.8 68.2 51.5 21.9
-48.6 68.2 51.4 22.2
-48.4 68.2 51.3 22.4
-48.2 68.2 51.2 22.5
-48.0 68.2 51.0 22.7
-47.8 68.2 50.8 22.9
-47.6 68.2 50.5 23.0
-47.4 68.2 50.1 23.1
-47.2 68.2 49.5 23.2
-47.0 68.2 48.9 23.3
-46.8 68.2 48.3 23.4
-46.6 68.2 47.5 23.5
-46.4 68.2 46.8 23.5
-46.2 68.2 46.1 23.5
-46.0 68.2 45.4 23.5
-45.8 68.2 44.8 23.5
-45.6 68.2 44.3 23.5
-45.4 68.2 43.8 23.5
-45.2 68.2 43.4 23.6
-45.0 68.2 43.0 23.6
-44.8 68.2 42.7 23.8
-44.6 68.2 42.5 24.0
-44.4 68.2 42.3 24.2
-44.2 68.2 42.0 24.3
-44.0 68.2 41.8 24.5
-43.8 68.2 41.4 24.5
-43.6 68.2 40.9 24.5
-43.4 68.2 40.1 24.2
-43.2 68.2 39.2 23.8
-43.0 68.2 37.9 23.1
-42.8 68.2 36.4 22.1
-42.6 68.2 34.6 21.0
-42.4 68.2 32.7 19.6
-42.2 68.2 30.8 18.0
-42.0 68.2 28.8 16.3
-41.8 68.2 27.0 14.6
-41.6 68.2 25.4 13.0
-41.4 68.2 24.0 11.5
-41.2 68.2 22.8 10.3
-41.0 68.2 21.7 9.3
-40.8 68.2 20.9 8.5
-40.6 68.2 20.1 8.0
-40.4 68.2 19.4 7.6
-40.2 68.2 18.8 7.3
-40.0 68.2 18.2 7.2
-39.8 68.2 17.7 7.0
-39.6 68.2 17.2 7.0
-39.4 68.2 16.7 6.9
-39.2 68.2 16.3 6.8
-39.0 68.2 16.0 6.7
-38.8 68.2 15.7 6.6
-38.6 68.2 15.4 6.5
-38.4 68.2 15.2 6.4
-38.2 68.2 15.1 6.3
-38.0 68.2 15.0 6.2
-37.8 68.2 14.9 6.1
-37.6 68.2 14.8 6.0
-37.4 68.2 14.7 6.0
-37.2 68.2 14.6 6.0
-37.0 68.2 14.5 5.9
-36.8 68.2 14.4 5.9
-36.6 68.2 14.4 5.9
-36.4 68.2 14.3 5.9
-36.2 68.2 14.2 5.9
-36.0 68.2 14.2 5.8
-35.8 68.2 14.1 5.8
-35.6 68.2 14.1 5.8
-35.4 68.2 14.0 5.7
-35.2 68.2 14.0 5.7
-35.0 68.2 13.9 5.7
-34.8 68.2 13.9 5.8
-34.6 68.2 13.9 5.8
-34.4 68.2 13.8 5.8
-34.2 68.2 13.8 5.8
-34.0 68.2 13.8 5.9
-33.8 68.2 13.7 5.9
-33.6 68.2 13.7 5.9
-33.4 68.2 13.6 5.9
-33.2 68.2 13.6 5.9
-33.0 68.2 13.5 5.8
-32.8 68.2 13.4 5.8
-32.6 68.2 13.3 5.7
-32.4 68.2 13.2 5.6
-32.2 68.2 13.1 5.5
-32.0 68.2 13.0 5.4
-31.8 68.2 12.9 5.4
-31.6 68.2 12.9 5.3
-31.4 68.2 12.8 5.2
-31.2 68.2 12.8 5.2
-31.0 68.2 12.8 5.2
-30.8 68.2 12.8 5.2
-30.6 68.2 12.9 5.3
-30.4 68.2 12.9 5.3
-30.2 68.2 13.0 5.4
-30.0 68.2 13.2 5.6
-29.8 68.2 13.3 5.7
-29.6 68.2 13.5 5.8
-29.4 68.2 13.7 5.9
-29.2 68.2 13.9 6.0
-29.0 68.2 14.2 6.1
-28.8 68.2 14.4 6.2
-28.6 68.2 14.8 6.2
-28.4 68.2 15.1 6.3
-28.2 68.2 15.4 6.4
-28.0 68.2 15.8 6.4
-27.8 68.2 16.1 6.5
-27.6 68.2 16.5 6.5
-27.4 68.2 16.8 6.6
-27.2 68.2 17.0 6.7
-27.0 68.2 17.2 6.8
-26.8 68.2 17.3 6.8
-26.6 68.2 17.4 6.9
-26.4 68.2 17.5 6.9
-26.2 68.2 17.5 6.9
-26.0 68.2 17.6 6.8
-25.8 68.2 17.6 6.8
-25.6 68.2 17.7 6.7
-25.4 68.2 17.8 6.6
-25.2 68.2 18.0 6.6
-25.0 68.2 18.1 6.5
-24.8 68.2 18.2 6.4
-24.6 68.2 18.2 6.4
-24.4 68.2 18.2 6.4
-24.2 68.2 18.0 6.3
-24.0 68.2 17.8 6.3
-23.8 68.2 17.4 6.3
-23.6 68.2 16.9 6.2
-23.4 68.2 16.3 6.1
-23.2 68.2 15.6 5.9
-23.0 68.2 14.7 5.7
-22.8 68.2 13.7 5.4
-22.6 68.2 12.6 5.1
-22.4 68.2 11.5 4.6
-22.2 68.2 10.3 4.1
-22.0 68.2 9.1 3.5
-21.8 68.2 8.0 2.9
-21.6 68.2 6.9 2.4
-21.4 68.2 6.0 1.9
-21.2 68.2 5.1 1.5
-21.0 68.2 5.0 1.0
-20.8 68.2 5.0 1.0
-20.6 68.2 5.0 1.0
-20.4 68.2 5.0 1.0
-20.2 68.2 5.0 1.0
-20.0 68.2 5.0 1.0
-19.8 68.2 5.0 1.0
-19.6 68.2 5.0 1.0
-19.4 68.2 5.0 1.0
-19.2 68.2 5.0 1.0
-19.0 68.2 5.0 1.0
-18.8 68.2 5.0 1.0
-18.6 68.2 5.0 1.0
-18.4 68.2 5.0 1.0
-18.2 68.2 5.4 3.7
-18.0 68.2 5.8 3.6
-17.8 68.2 6.2 3.5
-67.0 68.0 13.0 7.8
-66.8 68.0 13.6 7.6
-66.6 68.0 14.1 7.5
-66.4 68.0 14.4 7.3
-66.2 68.0 14.8 7.1
-66.0 68.0 15.0 7.0
-65.8 68.0 15.2 6.8
-65.6 68.0 15.4 6.8
-65.4 68.0 15.5 6.8
-65.2 68.0 15.5 6.8
-65.0 68.0 15.5 6.8
-64.8 68.0 15.5 6.9
-64.6 68.0 15.5 7.1
-64.4 68.0 15.4 7.2
-64.2 68.0 15.3 7.3
-64.0 68.0 15.3 7.4
-63.8 68.0 15.3 7.5
-63.6 68.0 15.3 7.5
-63.4 68.0 15.3 7.6
-63.2 68.0 15.4 7.6
-63.0 68.0 15.5 7.7
-62.8 68.0 15.6 7.7
-62.6 68.0 15.8 7.8
-62.4 68.0 16.1 7.8
-62.2 68.0 16.3 7.8
-62.0 68.0 16.5 7.8
-61.8 68.0 16.8 7.8
-61.6 68.0 17.0 7.8
-61.4 68.0 17.1 7.8
-61.2 68.0 17.3 7.8
-61.0 68.0 17.5 7.8
-60.8 68.0 17.7 7.9
-60.6 68.0 17.9 8.0
-60.4 68.0 18.2 8.1
-60.2 68.0 18.4 8.3
-60.0 68.0 18.7 8.4
-59.8 68.0 19.1 8.7
-59.6 68.0 19.4 8.9
-59.4 68.0 19.8 9.2
-59.2 68.0 20.2 9.5
-59.0 68.0 20.6 9.9
-58.8 68.0 21.2 10.3
-58.6 68.0 21.7 10.7
-58.4 68.0 22.4 11.2
-58.2 68.0 23.2 11.7
-58.0 68.0 24.1 12.3
-57.8 68.0 25.2 13.0
-57.6 68.0 26.5 13.8
-57.4 68.0 28.0 14.7
-57.2 68.0 29.7 15.7
-57.0 68.0 31.5 16.7
-56.8 68.0 33.4 17.8
-56.6 68.0 35.3 18.9
-56.4 68.0 37.1 19.9
-56.2 68.0 38.9 20.8
-56.0 68.0 40.5 21.6
-55.8 68.0 41.8 22.3
-55.6 68.0 42.9 22.8
-55.4 68.0 43.8 23.1
-55.2 68.0 44.5 23.3
-55.0 68.0 45.0 23.3
-54.8 68.0 45.2 23.2
-54.6 68.0 45.4 23.1
-54.4 68.0 45.4 22.8
-54.2 68.0 45.2 22.5
-54.0 68.0 45.0 22.2
-53.8 68.0 44.8 21.9
-53.6 68.0 44.5 21.6
-53.4 68.0 44.2 21.3
-53.2 68.0 43.8 21.2
-53.0 68.0 43.6 21.1
-52.8 68.0 43.3 21.0
-52.6 68.0 43.1 21.1
-52.4 68.0 42.9 21.2
-52.2 68.0 42.8 21.3
-52.0 68.0 42.8 21.4
-51.8 68.0 43.0 21.6
-51.6 68.0 43.2 21.7
-51.4 68.0 43.7 21.7
-51.2 68.0 44.2 21.7
-51.0 68.0 44.9 21.7
-50.8 68.0 45.7 21.7
-50.6 68.0 46.6 21.6
-50.4 68.0 47.5 21.5
-50.2 68.0 48.4 21.4
-50.0 68.0 49.2 21.3
-49.8 68.0 49.9 21.2
-49.6 68.0 50.5 21.2
-49.4 68.0 50.9 21.3
-49.2 68.0 51.1 21.3
-49.0 68.0 51.2 21.5
-48.8 68.0 51.2 21.6
-48.6 68.0 51.1 21.7
-48.4 68.0 50.9 21.8
-48.2 68.0 50.6 22.0
-48.0 68.0 50.4 22.1
-47.8 68.0 50.0 22.2
-47.6 68.0 49.6 22.4
-47.4 68.0 49.1 22.6
-47.2 68.0 48.5 22.8
-47.0 68.0 47.8 23.0
-46.8 68.0 47.1 23.3
-46.6 68.0 46.4 23.5
-46.4 68.0 45.7 23.7
-46.2 68.0 45.0 23.9
-46.0 68.0 44.4 24.0
-45.8 68.0 43.9 24.1
-45.6 68.0 43.4 24.2
-45.4 68.0 43.1 24.2
-45.2 68.0 42.7 24.2
-45.0 68.0 42.4 24.2
-44.8 68.0 42.2 24.2
-44.6 68.0 42.0 24.2
-44.4 68.0 41.8 24.3
-44.2 68.0 41.6 24.3
-44.0 68.0 41.3 24.3
-43.8 68.0 40.8 24.2
-43.6 68.0 40.3 24.0
-43.4 68.0 39.4 23.7
-43.2 68.0 38.4 23.2
-43.0 68.0 37.0 22.5
-42.8 68.0 35.4 21.5
-42.6 68.0 33.6 20.3
-42.4 68.0 31.7 18.8
-42.2 68.0 29.7 17.1
-42.0 68.0 27.8 15.4
-41.8 68.0 26.0 13.7
-41.6 68.0 24.4 12.2
-41.4 68.0 23.1 10.8
-41.2 68.0 22.0 9.6
-41.0 68.0 21.0 8.7
-40.8 68.0 20.2 8.0
-40.6 68.0 19.5 7.5
-40.4 68.0 18.8 7.2
-40.2 68.0 18.2 7.0
-40.0 68.0 17.6 6.9
-39.8 68.0 17.0 6.8
-39.6 68.0 16.5 6.8
-39.4 68.0 16.0 6.7
-39.2 68.0 15.5 6.7
-39.0 68.0 15.1 6.6
-38.8 68.0 14.7 6.5
-38.6 68.0 14.5 6.4
-38.4 68.0 14.2 6.3
-38.2 68.0 14.1 6.2
-38.0 68.0 14.0 6.1
-37.8 68.0 13.9 6.0
-37.6 68.0 13.8 5.9
-37.4 68.0 13.7 5.8
-37.2 68.0 13.6 5.7
-37.0 68.0 13.5 5.7
-36.8 68.0 13.4 5.6
-36.6 68.0 13.4 5.6
-36.4 68.0 13.4 5.6
-36.2 68.0 13.4 5.6
-36.0 68.0 13.4 5.6
-35.8 68.0 13.5 5.6
-35.6 68.0 13.5 5.6
-35.4 68.0 13.4 5.6
-35.2 68.0 13.4 5.6
-35.0 68.0 13.3 5.6
-34.8 68.0 13.2 5.6
-34.6 68.0 13.1 5.6
-34.4 68.0 12.9 5.6
-34.2 68.0 12.8 5.6
-34.0 68.0 12.7 5.6
-33.8 68.0 12.7 5.6
-33.6 68.0 12.6 5.6
-33.4 68.0 12.6 5.6
-33.2 68.0 12.5 5.5
-33.0 68.0 12.4 5.5
-32.8 68.0 12.4 5.5
-32.6 68.0 12.3 5.4
-32.4 68.0 12.3 5.3
-32.2 68.0 12.2 5.2
-32.0 68.0 12.1 5.2
-31.8 68.0 12.1 5.1
-31.6 68.0 12.1 5.0
-31.4 68.0 12.1 4.9
-31.2 68.0 12.1 4.9
-31.0 68.0 12.1 4.9
-30.8 68.0 12.1 4.9
-30.6 68.0 12.2 4.9
-30.4 68.0 12.2 5.0
-30.2 68.0 12.3 5.1
-30.0 68.0 12.4 5.3
-29.8 68.0 12.5 5.4
-29.6 68.0 12.6 5.5
-29.4 68.0 12.7 5.6
-29.2 68.0 12.9 5.7
-29.0 68.0 13.1 5.8
-28.8 68.0 13.3 5.9
-28.6 68.0 13.6 6.0
-28.4 68.0 14.0 6.0
-28.2 68.0 14.3 6.1
-28.0 68.0 14.7 6.1
-27.8 68.0 15.1 6.2
-27.6 68.0 15.5 6.3
-27.4 68.0 15.9 6.3
-27.2 68.0 16.3 6.4
-27.0 68.0 16.6 6.5
-26.8 68.0 16.8 6.6
-26.6 68.0 17.0 6.7
-26.4 68.0 17.1 6.7
-26.2 68.0 17.2 6.8
-26.0 68.0 17.3 6.8
-25.8 68.0 17.3 6.8
-25.6 68.0 17.4 6.8
-25.4 68.0 17.4 6.8
-25.2 68.0 17.5 6.8
-25.0 68.0 17.4 6.7
-24.8 68.0 17.4 6.6
-24.6 68.0 17.2 6.5
-24.4 68.0 17.0 6.4
-24.2 68.0 16.6 6.3
-24.0 68.0 16.1 6.1
-23.8 68.0 15.4 5.9
-23.6 68.0 14.7 5.7
-23.4 68.0 13.9 5.4
-23.2 68.0 12.9 5.0
-23.0 68.0 12.0 4.6
-22.8 68.0 11.0 4.2
-22.6 68.0 10.0 3.8
-22.4 68.0 9.0 3.3
-22.2 68.0 8.0 2.9
-22.0 68.0 7.2 2.4
-21.8 68.0 6.4 1.9
-21.6 68.0 5.6 1.5
-21.4 68.0 5.0 1.0
-21.2 68.0 5.0 1.0
-21.0 68.0 5.0 1.0
-20.8 68.0 5.0 1.0
-20.6 68.0 5.0 1.0
-20.4 68.0 5.0 1.0
-20.2 68.0 5.0 1.0
-20.0 68.0 5.0 1.0
-19.8 68.0 5.0 1.0
-19.6 68.0 5.0 1.0
-19.4 68.0 5.0 1.0
-19.2 68.0 5.0 1.0
-19.0 68.0 5.0 1.0
-18.8 68.0 5.0 1.0
-18.6 68.0 5.0 1.0
-18.4 68.0 5.1 3.8
-18.2 68.0 5.5 3.7
-18.0 68.0 6.0 3.6
-66.8 67.8 13.5 7.5
-66.6 67.8 14.0 7.4
-66.4 67.8 14.3 7.3
-66.2 67.8 14.6 7.1
-66.0 67.8 14.9 7.0
-65.8 67.8 15.0 6.9
-65.6 67.8 15.2 6.8
-65.4 67.8 15.3 6.8
-65.2 67.8 15.4 6.8
-65.0 67.8 15.4 6.8
-64.8 67.8 15.4 6.9
-64.6 67.8 15.4 6.9
-64.4 67.8 15.4 7.0
-64.2 67.8 15.4 7.1
-64.0 67.8 15.5 7.2
-63.8 67.8 15.5 7.3
-63.6 67.8 15.6 7.3
-63.4 67.8 15.7 7.4
-63.2 67.8 15.9 7.4
-63.0 67.8 16.1 7.5
-62.8 67.8 16.3 7.5
-62.6 67.8 16.5 7.6
-62.4 67.8 16.8 7.7
-62.2 67.8 17.1 7.7
-62.0 67.8 17.3 7.7
-61.8 67.8 17.6 7.8
-61.6 67.8 17.8 7.8
-61.4 67.8 18.0 7.8
-61.2 67.8 18.2 7.8
-61.0 67.8 18.4 7.9
-60.8 67.8 18.7 8.0
-60.6 67.8 18.9 8.1
-60.4 67.8 19.2 8.2
-60.2 67.8 19.5 8.4
-60.0 67.8 19.9 8.6
-59.8 67.8 20.2 8.9
-59.6 67.8 20.6 9.2
-59.4 67.8 21.1 9.5
-59.2 67.8 21.5 9.8
-59.0 67.8 22.0 10.2
-58.8 67.8 22.6 10.6
-58.6 67.8 23.2 11.0
-58.4 67.8 23.9 11.5
-58.2 67.8 24.6 12.1
-58.0 67.8 25.5 12.7
-57.8 67.8 26.6 13.4
-57.6 67.8 27.8 14.1
-57.4 67.8 29.1 15.0
-57.2 67.8 30.7 15.9
-57.0 67.8 32.3 16.9
-56.8 67.8 34.1 17.9
-56.6 67.8 35.9 18.9
-56.4 67.8 37.6 19.8
-56.2 67.8 39.2 20.7
-56.0 67.8 40.6 21.4
-55.8 67.8 41.9 22.0
-55.6 67.8 42.9 22.4
-55.4 67.8 43.7 22.7
-55.2 67.8 44.3 22.8
-55.0 67.8 44.7 22.9
-54.8 67.8 44.9 22.8
-54.6 67.8 44.9 22.7
-54.4 67.8 44.9 22.5
-54.2 67.8 44.7 22.2
-54.0 67.8 44.5 22.0
-53.8 67.8 44.3 21.7
-53.6 67.8 43.9 21.5
-53.4 67.8 43.6 21.3
-53.2 67.8 43.3 21.2
-53.0 67.8 43.0 21.2
-52.8 67.8 42.8 21.3
-52.6 67.8 42.5 21.4
-52.4 67.8 42.3 21.6
-52.2 67.8 42.2 21.8
-52.0 67.8 42.2 22.0
-51.8 67.8 42.3 22.1
-51.6 67.8 42.6 22.2
-51.4 67.8 43.0 22.3
-51.2 67.8 43.7 22.3
-51.0 67.8 44.5 22.3
-50.8 67.8 45.4 22.2
-50.6 67.8 46.3 22.0
-50.4 67.8 47.3 21.9
-50.2 67.8 48.2 21.8
-50.0 67.8 48.9 21.7
-49.8 67.8 49.4 21.6
-49.6 67.8 49.8 21.5
-49.4 67.8 50.0 21.5
-49.2 67.8 50.0 21.5
-49.0 67.8 50.0 21.5
-48.8 67.8 49.8 21.5
-48.6 67.8 49.5 21.5
-48.4 67.8 49.3 21.5
-48.2 67.8 48.9 21.5
-48.0 67.8 48.6 21.6
-47.8 67.8 48.2 21.7
-47.6 67.8 47.8 21.9
-47.4 67.8 47.3 22.1
-47.2 67.8 46.7 22.3
-47.0 67.8 46.1 22.7
-46.8 67.8 45.6 23.0
-46.6 67.8 45.0 23.3
-46.4 67.8 44.4 23.6
-46.2 67.8 43.9 23.8
-46.0 67.8 43.4 24.0
-45.8 67.8 43.0 24.2
-45.6 67.8 42.6 24.3
-45.4 67.8 42.3 24.3
-45.2 67.8 42.1 24.3
-45.0 67.8 41.9 24.3
-44.8 67.8 41.7 24.2
-44.6 67.8 41.5 24.2
-44.4 67.8 41.3 24.1
-44.2 67.8 41.1 24.1
-44.0 67.8 40.8 24.0
-43.8 67.8 40.4 23.8
-43.6 67.8 39.7 23.6
-43.4 67.8 38.9 23.2
-43.2 67.8 37.7 22.7
-43.0 67.8 36.3 22.0
-42.8 67.8 34.6 20.9
-42.6 67.8 32.8 19.7
-42.4 67.8 30.8 18.2
-42.2 67.8 28.8 16.5
-42.0 67.8 26.8 14.8
-41.8 67.8 25.1 13.2
-41.6 67.8 23.5 11.6
-41.4 67.8 22.2 10.3
-41.2 67.8 21.1 9.2
-41.0 67.8 20.2 8.3
-40.8 67.8 19.5 7.6
-40.6 67.8 18.8 7.2
-40.4 67.8 18.2 6.9
-40.2 67.8 17.7 6.7
-40.0 67.8 17.1 6.6
-39.8 67.8 16.6 6.5
-39.6 67.8 16.0 6.5
-39.4 67.8 15.5 6.4
-39.2 67.8 15.0 6.4
-39.0 67.8 14.6 6.3
-38.8 67.8 14.2 6.2
-38.6 67.8 13.9 6.2
-38.4 67.8 13.6 6.1
-38.2 67.8 13.4 6.0
-38.0 67.8 13.2 5.9
-37.8 67.8 13.0 5.8
-37.6 67.8 12.9 5.7
-37.4 67.8 12.7 5.6
-37.2 67.8 12.6 5.5
-37.0 67.8 12.5 5.4
-36.8 67.8 12.5 5.4
-36.6 67.8 12.5 5.3
-36.4 67.8 12.6 5.3
-36.2 67.8 12.7 5.3
-36.0 67.8 12.8 5.3
-35.8 67.8 12.9 5.4
-35.6 67.8 12.9 5.4
-35.4 67.8 12.9 5.4
-35.2 67.8 12.9 5.4
-35.0 67.8 12.8 5.4
-34.8 67.8 12.6 5.4
-34.6 67.8 12.5 5.4
-34.4 67.8 12.3 5.4
-34.2 67.8 12.2 5.4
-34.0 67.8 12.0 5.4
-33.8 67.8 11.9 5.4
-33.6 67.8 11.8 5.3
-33.4 67.8 11.8 5.3
-33.2 67.8 11.8 5.3
-33.0 67.8 11.7 5.3
-32.8 67.8 11.7 5.2
-32.6 67.8 11.6 5.2
-32.4 67.8 11.6 5.1
-32.2 67.8 11.6 5.1
-32.0 67.8 11.5 5.0
-31.8 67.8 11.5 4.9
-31.6 67.8 11.5 4.8
-31.4 67.8 11.5 4.8
-31.2 67.8 11.5 4.7
-31.0 67.8 11.5 4.7
-30.8 67.8 11.6 4.7
-30.6 67.8 11.7 4.8
-30.4 67.8 11.7 4.8
-30.2 67.8 11.8 5.0
-30.0 67.8 11.9 5.1
-29.8 67.8 12.0 5.2
-29.6 67.8 12.1 5.4
-29.4 67.8 12.2 5.5
-29.2 67.8 12.3 5.6
-29.0 67.8 12.5 5.7
-28.8 67.8 12.7 5.8
-28.6 67.8 13.0 5.8
-28.4 67.8 13.3 5.9
-28.2 67.8 13.6 5.9
-28.0 67.8 14.0 6.0
-27.8 67.8 14.4 6.0
-27.6 67.8 14.9 6.1
-27.4 67.8 15.3 6.1
-27.2 67.8 15.7 6.2
-27.0 67.8 16.0 6.3
-26.8 67.8 16.3 6.4
-26.6 67.8 16.5 6.4
-26.4 67.8 16.7 6.5
-26.2 67.8 16.8 6.6
-26.0 67.8 16.9 6.7
-25.8 67.8 16.9 6.8
-25.6 67.8 16.9 6.8
-25.4 67.8 16.9 6.8
-25.2 67.8 16.8 6.8
-25.0 67.8 16.6 6.8
-24.8 67.8 16.4 6.7
-24.6 67.8 16.0 6.5
-24.4 67.8 15.5 6.3
-24.2 67.8 14.8 6.1
-24.0 67.8 14.1 5.7
-23.8 67.8 13.2 5.3
-23.6 67.8 12.2 4.9
-23.4 67.8 11.3 4.4
-23.2 67.8 10.3 3.8
-23.0 67.8 9.3 3.3
-22.8 67.8 8.5 2.8
-22.6 67.8 7.7 2.3
-22.4 67.8 6.9 1.9
-22.2 67.8 6.3 1.5
-22.0 67.8 5.7 1.1
-21.8 67.8 5.2 1.0
-21.6 67.8 5.0 1.0
-21.4 67.8 5.0 1.0
-21.2 67.8 5.0 1.0
-21.0 67.8 5.0 1.0
-20.8 67.8 5.0 1.0
-20.6 67.8 5.0 1.0
-20.4 67.8 5.0 1.0
-20.2 67.8 5.0 1.0
-20.0 67.8 5.0 1.0
-19.8 67.8 5.0 1.0
-19.6 67.8 5.0 1.0
-19.4 67.8 5.0 1.0
-19.2 67.8 5.0 1.0
-19.0 67.8 5.0 1.0
-18.8 67.8 5.0 1.0
-18.6 67.8 5.0 1.0
-18.4 67.8 5.3 3.7
-18.2 67.8 5.8 3.6
-66.6 67.6 13.4 7.4
-66.4 67.6 13.7 7.3
-66.2 67.6 13.9 7.2
-66.0 67.6 14.1 7.1
-65.8 67.6 14.3 7.0
-65.6 67.6 14.4 6.9
-65.4 67.6 14.6 6.8
-65.2 67.6 14.7 6.8
-65.0 67.6 14.8 6.8
-64.8 67.6 14.9 6.8
-64.6 67.6 15.0 6.8
-64.4 67.6 15.1 6.9
-64.2 67.6 15.2 7.0
-64.0 67.6 15.4 7.0
-63.8 67.6 15.5 7.1
-63.6 67.6 15.7 7.1
-63.4 67.6 15.9 7.2
-63.2 67.6 16.2 7.3
-63.0 67.6 16.4 7.3
-62.8 67.6 16.7 7.4
-62.6 67.6 17.0 7.5
-62.4 67.6 17.3 7.5
-62.2 67.6 17.6 7.6
-62.0 67.6 17.9 7.6
-61.8 67.6 18.1 7.7
-61.6 67.6 18.3 7.7
-61.4 67.6 18.6 7.8
-61.2 67.6 18.8 7.8
-61.0 67.6 19.0 7.9
-60.8 67.6 19.3 8.1
-60.6 67.6 19.6 8.3
-60.4 67.6 20.0 8.4
-60.2 67.6 20.4 8.7
-60.0 67.6 20.9 8.9
-59.8 67.6 21.5 9.2
-59.6 67.6 22.0 9.5
-59.4 67.6 22.6 9.8
-59.2 67.6 23.1 10.1
-59.0 67.6 23.7 10.5
-58.8 67.6 24.3 10.9
-58.6 67.6 24.8 11.4
-58.4 67.6 25.4 11.9
-58.2 67.6 26.1 12.4
-58.0 67.6 26.8 13.0
-57.8 67.6 27.7 13.6
-57.6 67.6 28.7 14.4
-57.4 67.6 29.9 15.2
-57.2 67.6 31.3 16.0
-57.0 67.6 32.8 16.9
-56.8 67.6 34.3 17.8
-56.6 67.6 36.0 18.8
-56.4 67.6 37.6 19.6
-56.2 67.6 39.1 20.4
-56.0 67.6 40.4 21.1
-55.8 67.6 41.6 21.7
-55.6 67.6 42.5 22.1
-55.4 67.6 43.3 22.3
-55.2 67.6 43.8 22.5
-55.0 67.6 44.1 22.5
-54.8 67.6 44.3 22.5
-54.6 67.6 44.4 22.4
-54.4 67.6 44.3 22.2
-54.2 67.6 44.1 22.1
-54.0 67.6 43.9 21.9
-53.8 67.6 43.6 21.8
-53.6 67.6 43.3 21.7
-53.4 67.6 43.0 21.6
-53.2 67.6 42.8 21.6
-53.0 67.6 42.5 21.7
-52.8 67.6 42.3 21.8
-52.6 67.6 42.1 22.0
-52.4 67.6 41.9 22.3
-52.2 67.6 41.8 22.5
-52.0 67.6 41.9 22.7
-51.8 67.6 42.0 22.9
-51.6 67.6 42.4 23.0
-51.4 67.6 42.9 23.0
-51.2 67.6 43.7 23.0
-51.0 67.6 44.6 22.9
-50.8 67.6 45.7 22.8
-50.6 67.6 46.8 22.6
-50.4 67.6 47.8 22.5
-50.2 67.6 48.6 22.4
-50.0 67.6 49.3 22.3
-49.8 67.6 49.6 22.2
-49.6 67.6 49.7 22.2
-49.4 67.6 49.6 22.1
-49.2 67.6 49.3 22.0
-49.0 67.6 48.9 21.9
-48.8 67.6 48.5 21.8
-48.6 67.6 48.0 21.7
-48.4 67.6 47.5 21.6
-48.2 67.6 47.1 21.6
-48.0 67.6 46.7 21.6
-47.8 67.6 46.3 21.6
-47.6 67.6 45.8 21.7
-47.4 67.6 45.4 21.9
-47.2 67.6 45.0 22.2
-47.0 67.6 44.5 22.4
-46.8 67.6 44.1 22.8
-46.6 67.6 43.7 23.0
-46.4 67.6 43.2 23.3
-46.2 67.6 42.9 23.5
-46.0 67.6 42.5 23.7
-45.8 67.6 42.2 23.8
-45.6 67.6 41.9 23.9
-45.4 67.6 41.7 24.0
-45.2 67.6 41.5 24.0
-45.0 67.6 41.4 24.0
-44.8 67.6 41.2 24.0
-44.6 67.6 41.1 24.0
-44.4 67.6 40.9 23.9
-44.2 67.6 40.7 23.9
-44.0 67.6 40.4 23.8
-43.8 67.6 40.0 23.6
-43.6 67.6 39.3 23.4
-43.4 67.6 38.4 23.0
-43.2 67.6 37.2 22.5
-43.0 67.6 35.7 21.7
-42.8 67.6 34.0 20.7
-42.6 67.6 32.1 19.4
-42.4 67.6 30.1 17.9
-42.2 67.6 28.1 16.3
-42.0 67.6 26.2 14.6
-41.8 67.6 24.4 12.9
-41.6 67.6 22.9 11.4
-41.4 67.6 21.6 10.1
-41.2 67.6 20.5 9.0
-41.0 67.6 19.6 8.2
-40.8 67.6 18.9 7.5
-40.6 67.6 18.3 7.1
-40.4 67.6 17.8 6.8
-40.2 67.6 17.3 6.5
-40.0 67.6 16.8 6.4
-39.8 67.6 16.3 6.3
-39.6 67.6 15.8 6.2
-39.4 67.6 15.3 6.1
-39.2 67.6 14.9 6.1
-39.0 67.6 14.4 6.0
-38.8 67.6 14.1 5.9
-38.6 67.6 13.7 5.8
-38.4 67.6 13.4 5.8
-38.2 67.6 13.1 5.7
-38.0 67.6 12.8 5.7
-37.8 67.6 12.5 5.6
-37.6 67.6 12.3 5.5
-37.4 67.6 12.1 5.5
-37.2 67.6 11.9 5.4
-37.0 67.6 11.8 5.3
-36.8 67.6 11.8 5.2
-36.6 67.6 11.9 5.2
-36.4 67.6 12.0 5.2
-36.2 67.6 12.1 5.2
-36.0 67.6 12.2 5.2
-35.8 67.6 12.4 5.2
-35.6 67.6 12.4 5.3
-35.4 67.6 12.4 5.3
-35.2 67.6 12.4 5.3
-35.0 67.6 12.3 5.3
-34.8 67.6 12.2 5.3
-34.6 67.6 12.0 5.3
-34.4 67.6 11.9 5.3
-34.2 67.6 11.7 5.3
-34.0 67.6 11.6 5.2
-33.8 67.6 11.5 5.2
-33.6 67.6 11.4 5.2
-33.4 67.6 11.3 5.2
-33.2 67.6 11.3 5.1
-33.0 67.6 11.3 5.1
-32.8 67.6 11.2 5.1
-32.6 67.6 11.2 5.1
-32.4 67.6 11.1 5.0
-32.2 67.6 11.1 5.0
-32.0 67.6 11.0 4.9
-31.8 67.6 11.0 4.8
-31.6 67.6 11.0 4.8
-31.4 67.6 11.0 4.7
-31.2 67.6 11.0 4.7
-31.0 67.6 11.1 4.7
-30.8 67.6 11.2 4.7
-30.6 67.6 11.3 4.7
-30.4 67.6 11.4 4.8
-30.2 67.6 11.5 4.9
-30.0 67.6 11.6 5.1
-29.8 67.6 11.7 5.2
-29.6 67.6 11.8 5.3
-29.4 67.6 12.0 5.5
-29.2 67.6 12.2 5.6
-29.0 67.6 12.4 5.7
-28.8 67.6 12.6 5.7
-28.6 67.6 12.9 5.8
-28.4 67.6 13.2 5.8
-28.2 67.6 13.6 5.9
-28.0 67.6 13.9 5.9
-27.8 67.6 14.3 5.9
-27.6 67.6 14.6 5.9
-27.4 67.6 15.0 6.0
-27.2 67.6 15.3 6.0
-27.0 67.6 15.6 6.1
-26.8 67.6 15.8 6.2
-26.6 67.6 16.1 6.3
-26.4 67.6 16.2 6.3
-26.2 67.6 16.4 6.4
-26.0 67.6 16.4 6.5
-25.8 67.6 16.5 6.6
-25.6 67.6 16.5 6.7
-25.4 67.6 16.4 6.7
-25.2 67.6 16.2 6.7
-25.0 67.6 16.0 6.7
-24.8 67.6 15.6 6.5
-24.6 67.6 15.0 6.3
-24.4 67.6 14.3 6.0
-24.2 67.6 13.5 5.5
-24.0 67.6 12.5 5.1
-23.8 67.6 11.5 4.5
-23.6 67.6 10.5 3.9
-23.4 67.6 9.4 3.3
-23.2 67.6 8.5 2.7
-23.0 67.6 7.6 2.2
-22.8 67.6 6.9 1.7
-22.6 67.6 6.2 1.2
-22.4 67.6 5.7 1.0
-22.2 67.6 5.3 1.0
-22.0 67.6 5.0 1.0
-21.8 67.6 5.0 1.0
-21.6 67.6 5.0 1.0
-21.4 67.6 5.0 1.0
-21.2 67.6 5.0 1.0
-21.0 67.6 5.0 1.0
-20.8 67.6 5.0 1.0
-20.6 67.6 5.0 1.0
-20.4 67.6 5.0 1.0
-20.2 67.6 5.0 1.0
-20.0 67.6 5.0 1.0
-19.8 67.6 5.0 1.0
-19.6 67.6 5.0 1.0
-19.4 67.6 5.0 1.0
-19.2 67.6 5.0 1.0
-19.0 67.6 5.0 1.0
-18.8 67.6 5.0 1.0
-18.6 67.6 5.1 3.5
-18.4 67.6 5.6 3.6
-66.4 67.4 12.6 7.4
-66.2 67.4 12.7 7.4
-66.0 67.4 12.9 7.3
-65.8 67.4 13.0 7.1
-65.6 67.4 13.1 7.0
-65.4 67.4 13.3 6.9
-65.2 67.4 13.5 6.8
-65.0 67.4 13.7 6.7
-64.8 67.4 14.0 6.7
-64.6 67.4 14.2 6.7
-64.4 67.4 14.5 6.8
-64.2 67.4 14.8 6.9
-64.0 67.4 15.0 6.9
-63.8 67.4 15.3 7.0
-63.6 67.4 15.6 7.1
-63.4 67.4 15.9 7.2
-63.2 67.4 16.2 7.3
-63.0 67.4 16.5 7.3
-62.8 67.4 16.8 7.4
-62.6 67.4 17.1 7.5
-62.4 67.4 17.4 7.5
-62.2 67.4 17.7 7.6
-62.0 67.4 17.9 7.6
-61.8 67.4 18.1 7.7
-61.6 67.4 18.3 7.8
-61.4 67.4 18.5 7.9
-61.2 67.4 18.7 8.0
-61.0 67.4 19.0 8.1
-60.8 67.4 19.3 8.3
-60.6 67.4 19.8 8.5
-60.4 67.4 20.3 8.8
-60.2 67.4 20.9 9.0
-60.0 67.4 21.6 9.3
-59.8 67.4 22.4 9.5
-59.6 67.4 23.2 9.8
-59.4 67.4 23.9 10.1
-59.2 67.4 24.6 10.5
-59.0 67.4 25.2 10.8
-58.8 67.4 25.8 11.2
-58.6 67.4 26.3 11.6
-58.4 67.4 26.7 12.1
-58.2 67.4 27.2 12.6
-58.0 67.4 27.8 13.2
-57.8 67.4 28.5 13.8
-57.6 67.4 29.4 14.5
-57.4 67.4 30.4 15.2
-57.2 67.4 31.6 16.0
-57.0 67.4 33.0 16.9
-56.8 67.4 34.5 17.8
-56.6 67.4 36.0 18.6
-56.4 67.4 37.4 19.5
-56.2 67.4 38.8 20.3
-56.0 67.4 40.1 20.9
-55.8 67.4 41.2 21.5
-55.6 67.4 42.1 21.9
-55.4 67.4 42.8 22.1
-55.2 67.4 43.3 22.3
-55.0 67.4 43.6 22.3
-54.8 67.4 43.7 22.3
-54.6 67.4 43.7 22.2
-54.4 67.4 43.7 22.2
-54.2 67.4 43.5 22.1
-54.0 67.4 43.3 22.0
-53.8 67.4 43.0 21.9
-53.6 67.4 42.7 21.9
-53.4 67.4 42.5 22.0
-53.2 67.4 42.3 22.1
-53.0 67.4 42.1 22.2
-52.8 67.4 42.0 22.3
-52.6 67.4 41.9 22.5
-52.4 67.4 41.9 22.6
-52.2 67.4 42.0 22.8
-52.0 67.4 42.2 22.9
-51.8 67.4 42.6 23.0
-51.6 67.4 43.1 23.1
-51.4 67.4 43.8 23.1
-51.2 67.4 44.6 23.0
-51.0 67.4 45.7 23.0
-50.8 67.4 46.8 22.9
-50.6 67.4 47.9 22.9
-50.4 67.4 48.9 22.9
-50.2 67.4 49.7 22.9
-50.0 67.4 50.3 22.9
-49.8 67.4 50.5 22.9
-49.6 67.4 50.4 22.8
-49.4 67.4 50.0 22.8
-49.2 67.4 49.4 22.7
-49.0 67.4 48.7 22.6
-48.8 67.4 47.9 22.4
-48.6 67.4 47.2 22.3
-48.4 67.4 46.6 22.2
-48.2 67.4 46.0 22.1
-48.0 67.4 45.5 22.1
-47.8 67.4 45.0 22.0
-47.6 67.4 44.6 22.1
-47.4 67.4 44.2 22.2
-47.2 67.4 43.9 22.4
-47.0 67.4 43.5 22.5
-46.8 67.4 43.1 22.7
-46.6 67.4 42.8 22.9
-46.4 67.4 42.5 23.1
-46.2 67.4 42.2 23.2
-46.0 67.4 41.9 23.3
-45.8 67.4 41.6 23.4
-45.6 67.4 41.4 23.5
-45.4 67.4 41.2 23.5
-45.2 67.4 41.1 23.5
-45.0 67.4 41.0 23.6
-44.8 67.4 40.8 23.6
-44.6 67.4 40.7 23.6
-44.4 67.4 40.6 23.7
-44.2 67.4 40.4 23.7
-44.0 67.4 40.0 23.6
-43.8 67.4 39.6 23.6
-43.6 67.4 38.9 23.4
-43.4 67.4 38.0 23.1
-43.2 67.4 36.8 22.6
-43.0 67.4 35.3 21.8
-42.8 67.4 33.6 20.8
-42.6 67.4 31.7 19.5
-42.4 67.4 29.7 18.0
-42.2 67.4 27.8 16.3
-42.0 67.4 25.9 14.6
-41.8 67.4 24.1 13.0
-41.6 67.4 22.6 11.5
-41.4 67.4 21.3 10.2
-41.2 67.4 20.2 9.2
-41.0 67.4 19.4 8.3
-40.8 67.4 18.6 7.7
-40.6 67.4 18.0 7.2
-40.4 67.4 17.5 6.9
-40.2 67.4 17.0 6.6
-40.0 67.4 16.6 6.4
-39.8 67.4 16.1 6.3
-39.6 67.4 15.7 6.2
-39.4 67.4 15.3 6.0
-39.2 67.4 14.9 5.9
-39.0 67.4 14.5 5.8
-38.8 67.4 14.1 5.7
-38.6 67.4 13.7 5.6
-38.4 67.4 13.4 5.5
-38.2 67.4 13.0 5.4
-38.0 67.4 12.6 5.4
-37.8 67.4 12.3 5.4
-37.6 67.4 12.0 5.4
-37.4 67.4 11.8 5.3
-37.2 67.4 11.6 5.3
-37.0 67.4 11.5 5.3
-36.8 67.4 11.5 5.2
-36.6 67.4 11.5 5.2
-36.4 67.4 11.6 5.2
-36.2 67.4 11.7 5.2
-36.0 67.4 11.8 5.2
-35.8 67.4 11.9 5.2
-35.6 67.4 12.0 5.2
-35.4 67.4 12.0 5.3
-35.2 67.4 12.0 5.3
-35.0 67.4 11.9 5.3
-34.8 67.4 11.8 5.3
-34.6 67.4 11.6 5.3
-34.4 67.4 11.5 5.2
-34.2 67.4 11.4 5.2
-34.0 67.4 11.2 5.2
-33.8 67.4 11.1 5.1
-33.6 67.4 11.0 5.1
-33.4 67.4 11.0 5.1
-33.2 67.4 10.9 5.1
-33.0 67.4 10.9 5.0
-32.8 67.4 10.8 5.0
-32.6 67.4 10.8 5.0
-32.4 67.4 10.8 5.0
-32.2 67.4 10.7 4.9
-32.0 67.4 10.7 4.9
-31.8 67.4 10.6 4.9
-31.6 67.4 10.6 4.8
-31.4 67.4 10.7 4.8
-31.2 67.4 10.7 4.8
-31.0 67.4 10.8 4.8
-30.8 67.4 10.9 4.8
-30.6 67.4 11.0 4.9
-30.4 67.4 11.1 5.0
-30.2 67.4 11.2 5.1
-30.0 67.4 11.4 5.2
-29.8 67.4 11.6 5.3
-29.6 67.4 11.8 5.4
-29.4 67.4 12.0 5.5
-29.2 67.4 12.3 5.7
-29.0 67.4 12.6 5.7
-28.8 67.4 12.9 5.8
-28.6 67.4 13.3 5.8
-28.4 67.4 13.6 5.8
-28.2 67.4 13.9 5.9
-28.0 67.4 14.3 5.9
-27.8 67.4 14.5 5.9
-27.6 67.4 14.8 5.9
-27.4 67.4 15.0 5.9
-27.2 67.4 15.3 6.0
-27.0 67.4 15.5 6.0
-26.8 67.4 15.6 6.1
-26.6 67.4 15.8 6.2
-26.4 67.4 16.0 6.2
-26.2 67.4 16.1 6.3
-26.0 67.4 16.2 6.4
-25.8 67.4 16.3 6.5
-25.6 67.4 16.3 6.6
-25.4 67.4 16.2 6.6
-25.2 67.4 16.0 6.5
-25.0 67.4 15.7 6.4
-24.8 67.4 15.3 6.2
-24.6 67.4 14.7 5.9
-24.4 67.4 13.9 5.5
-24.2 67.4 13.0 5.0
-24.0 67.4 12.0 4.5
-23.8 67.4 10.9 3.9
-23.6 67.4 9.8 3.2
-23.4 67.4 8.8 2.6
-23.2 67.4 7.8 2.1
-23.0 67.4 7.0 1.6
-22.8 67.4 6.3 1.1
-22.6 67.4 5.7 1.0
-22.4 67.4 5.3 1.0
-22.2 67.4 5.0 1.0
-22.0 67.4 5.0 1.0
-21.8 67.4 5.0 1.0
-21.6 67.4 5.0 1.0
-21.4 67.4 5.0 1.0
-21.2 67.4 5.0 1.0
-21.0 67.4 5.0 1.0
-20.8 67.4 5.0 1.0
-20.6 67.4 5.0 1.0
-20.4 67.4 5.0 1.0
-20.2 67.4 5.0 1.0
-20.0 67.4 5.0 1.0
-19.8 67.4 5.0 1.0
-19.6 67.4 5.0 1.0
-19.4 67.4 5.0 1.0
-19.2 67.4 5.0 1.0
-19.0 67.4 5.0 1.0
-18.8 67.4 5.0 1.0
-18.6 67.4 5.5 3.4
-66.2 67.2 11.1 7.4
-66.0 67.2 11.1 7.3
-65.8 67.2 11.2 7.1
-65.6 67.2 11.3 7.0
-65.4 67.2 11.5 6.8
-65.2 67.2 11.9 6.6
-65.0 67.2 12.2 6.6
-64.8 67.2 12.7 6.5
-64.6 67.2 13.2 6.6
-64.4 67.2 13.7 6.7
-64.2 67.2 14.1 6.8
-64.0 67.2 14.6 6.9
-63.8 67.2 15.0 7.0
-63.6 67.2 15.4 7.2
-63.4 67.2 15.7 7.3
-63.2 67.2 16.1 7.4
-63.0 67.2 16.4 7.5
-62.8 67.2 16.7 7.5
-62.6 67.2 17.0 7.6
-62.4 67.2 17.3 7.7
-62.2 67.2 17.5 7.7
-62.0 67.2 17.7 7.8
-61.8 67.2 17.9 7.9
-61.6 67.2 18.0 8.0
-61.4 67.2 18.2 8.1
-61.2 67.2 18.4 8.3
-61.0 67.2 18.7 8.5
-60.8 67.2 19.1 8.7
-60.6 67.2 19.7 8.9
-60.4 67.2 20.4 9.1
-60.2 67.2 21.2 9.4
-60.0 67.2 22.1 9.6
-59.8 67.2 23.1 9.9
-59.6 67.2 24.0 10.2
-59.4 67.2 24.9 10.5
-59.2 67.2 25.6 10.8
-59.0 67.2 26.2 11.1
-58.8 67.2 26.7 11.5
-58.6 67.2 27.0 11.9
-58.4 67.2 27.4 12.3
-58.2 67.2 27.7 12.8
-58.0 67.2 28.2 13.3
-57.8 67.2 28.9 13.9
-57.6 67.2 29.7 14.5
-57.4 67.2 30.7 15.3
-57.2 67.2 31.9 16.0
-57.0 67.2 33.2 16.9
-56.8 67.2 34.6 17.7
-56.6 67.2 36.1 18.6
-56.4 67.2 37.4 19.4
-56.2 67.2 38.7 20.2
-56.0 67.2 39.9 20.8
-55.8 67.2 40.9 21.4
-55.6 67.2 41.7 21.8
-55.4 67.2 42.4 22.0
-55.2 67.2 42.8 22.2
-55.0 67.2 43.1 22.3
-54.8 67.2 43.2 22.2
-54.6 67.2 43.2 22.2
-54.4 67.2 43.1 22.1
-54.2 67.2 42.9 22.1
-54.0 67.2 42.7 22.0
-53.8 67.2 42.4 22.0
-53.6 67.2 42.2 22.0
-53.4 67.2 42.0 22.1
-53.2 67.2 41.9 22.2
-53.0 67.2 41.8 22.3
-52.8 67.2 41.8 22.3
-52.6 67.2 41.9 22.4
-52.4 67.2 42.1 22.5
-52.2 67.2 42.4 22.5
-52.0 67.2 42.8 22.6
-51.8 67.2 43.3 22.6
-51.6 67.2 43.9 22.5
-51.4 67.2 44.8 22.5
-51.2 67.2 45.7 22.5
-51.0 67.2 46.8 22.6
-50.8 67.2 47.9 22.7
-50.6 67.2 49.0 22.8
-50.4 67.2 49.9 23.0
-50.2 67.2 50.7 23.1
-50.0 67.2 51.1 23.3
-49.8 67.2 51.2 23.3
-49.6 67.2 50.9 23.4
-49.4 67.2 50.4 23.4
-49.2 67.2 49.6 23.3
-49.0 67.2 48.7 23.2
-48.8 67.2 47.8 23.1
-48.6 67.2 46.9 23.0
-48.4 67.2 46.1 22.9
-48.2 67.2 45.4 22.8
-48.0 67.2 44.9 22.8
-47.8 67.2 44.4 22.7
-47.6 67.2 43.9 22.7
-47.4 67.2 43.6 22.7
-47.2 67.2 43.2 22.7
-47.0 67.2 42.9 22.8
-46.8 67.2 42.5 22.8
-46.6 67.2 42.2 22.9
-46.4 67.2 42.0 23.0
-46.2 67.2 41.7 23.0
-46.0 67.2 41.4 23.0
-45.8 67.2 41.2 23.0
-45.6 67.2 41.0 23.1
-45.4 67.2 40.9 23.1
-45.2 67.2 40.7 23.1
-45.0 67.2 40.6 23.2
-44.8 67.2 40.5 23.2
-44.6 67.2 40.4 23.3
-44.4 67.2 40.2 23.4
-44.2 67.2 40.0 23.4
-44.0 67.2 39.7 23.5
-43.8 67.2 39.2 23.4
-43.6 67.2 38.5 23.3
-43.4 67.2 37.6 23.1
-43.2 67.2 36.4 22.6
-43.0 67.2 35.0 21.9
-42.8 67.2 33.3 20.9
-42.6 67.2 31.5 19.7
-42.4 67.2 29.6 18.2
-42.2 67.2 27.8 16.5
-42.0 67.2 26.0 14.8
-41.8 67.2 24.3 13.2
-41.6 67.2 22.9 11.8
-41.4 67.2 21.6 10.5
-41.2 67.2 20.6 9.5
-41.0 67.2 19.6 8.7
-40.8 67.2 18.9 8.1
-40.6 67.2 18.2 7.6
-40.4 67.2 17.6 7.2
-40.2 67.2 17.1 6.9
-40.0 67.2 16.7 6.7
-39.8 67.2 16.2 6.5
-39.6 67.2 15.8 6.3
-39.4 67.2 15.4 6.2
-39.2 67.2 15.0 6.0
-39.0 67.2 14.7 5.8
-38.8 67.2 14.3 5.6
-38.6 67.2 13.9 5.5
-38.4 67.2 13.5 5.4
-38.2 67.2 13.1 5.3
-38.0 67.2 12.8 5.3
-37.8 67.2 12.4 5.3
-37.6 67.2 12.1 5.3
-37.4 67.2 11.8 5.3
-37.2 67.2 11.6 5.3
-37.0 67.2 11.5 5.3
-36.8 67.2 11.4 5.3
-36.6 67.2 11.4 5.2
-36.4 67.2 11.5 5.2
-36.2 67.2 11.5 5.2
-36.0 67.2 11.6 5.2
-35.8 67.2 11.6 5.2
-35.6 67.2 11.7 5.2
-35.4 67.2 11.7 5.2
-35.2 67.2 11.6 5.3
-35.0 67.2 11.6 5.3
-34.8 67.2 11.5 5.3
-34.6 67.2 11.3 5.2
-34.4 67.2 11.2 5.2
-34.2 67.2 11.1 5.2
-34.0 67.2 11.0 5.1
-33.8 67.2 10.9 5.1
-33.6 67.2 10.8 5.1
-33.4 67.2 10.7 5.1
-33.2 67.2 10.7 5.1
-33.0 67.2 10.6 5.1
-32.8 67.2 10.6 5.0
-32.6 67.2 10.6 5.0
-32.4 67.2 10.5 5.0
-32.2 67.2 10.5 5.0
-32.0 67.2 10.5 5.0
-31.8 67.2 10.5 5.0
-31.6 67.2 10.5 4.9
-31.4 67.2 10.5 4.9
-31.2 67.2 10.6 5.0
-31.0 67.2 10.7 5.0
-30.8 67.2 10.8 5.0
-30.6 67.2 10.9 5.1
-30.4 67.2 11.0 5.2
-30.2 67.2 11.2 5.3
-30.0 67.2 11.4 5.4
-29.8 67.2 11.6 5.5
-29.6 67.2 11.8 5.6
-29.4 67.2 12.1 5.7
-29.2 67.2 12.5 5.8
-29.0 67.2 12.9 5.9
-28.8 67.2 13.3 5.9
-28.6 67.2 13.7 5.9
-28.4 67.2 14.0 5.9
-28.2 67.2 14.4 5.9
-28.0 67.2 14.7 5.9
-27.8 67.2 14.9 5.9
-27.6 67.2 15.1 5.9
-27.4 67.2 15.3 6.0
-27.2 67.2 15.5 6.0
-27.0 67.2 15.6 6.0
-26.8 67.2 15.7 6.1
-26.6 67.2 15.9 6.2
-26.4 67.2 16.0 6.2
-26.2 67.2 16.1 6.3
-26.0 67.2 16.2 6.4
-25.8 67.2 16.3 6.4
-25.6 67.2 16.3 6.4
-25.4 67.2 16.3 6.4
-25.2 67.2 16.2 6.4
-25.0 67.2 15.9 6.3
-24.8 67.2 15.5 6.0
-24.6 67.2 15.0 5.7
-24.4 67.2 14.3 5.4
-24.2 67.2 13.5 4.9
-24.0 67.2 12.5 4.4
-23.8 67.2 11.4 3.8
-23.6 67.2 10.3 3.2
-23.4 67.2 9.2 2.7
-23.2 67.2 8.2 2.2
-23.0 67.2 7.3 1.7
-22.8 67.2 6.5 1.2
-22.6 67.2 5.9 1.0
-22.4 67.2 5.3 1.0
-22.2 67.2 5.0 1.0
-22.0 67.2 5.0 1.0
-21.8 67.2 5.0 1.0
-21.6 67.2 5.0 1.0
-21.4 67.2 5.0 1.0
-21.2 67.2 5.0 1.0
-21.0 67.2 5.0 1.0
-20.8 67.2 5.0 1.0
-20.6 67.2 5.0 1.0
-20.4 67.2 5.0 1.0
-20.2 67.2 5.0 1.0
-20.0 67.2 5.0 1.0
-19.8 67.2 5.0 1.0
-19.6 67.2 5.0 1.0
-19.4 67.2 5.0 1.0
-19.2 67.2 5.0 1.0
-19.0 67.2 5.0 1.0
-18.8 67.2 5.4 3.1
-66.0 67.0 9.2 6.9
-65.8 67.0 9.2 6.7
-65.6 67.0 9.3 6.4
-65.4 67.0 9.5 6.2
-65.2 67.0 9.9 6.0
-65.0 67.0 10.5 6.0
-64.8 67.0 11.1 6.0
-64.6 67.0 11.9 6.1
-64.4 67.0 12.6 6.3
-64.2 67.0 13.4 6.5
-64.0 67.0 14.1 6.7
-63.8 67.0 14.7 6.9
-63.6 67.0 15.2 7.1
-63.4 67.0 15.6 7.3
-63.2 67.0 16.0 7.4
-63.0 67.0 16.4 7.6
-62.8 67.0 16.6 7.7
-62.6 67.0 16.9 7.8
-62.4 67.0 17.1 7.8
-62.2 67.0 17.3 7.9
-62.0 67.0 17.5 8.0
-61.8 67.0 17.7 8.1
-61.6 67.0 17.8 8.2
-61.4 67.0 18.0 8.4
-61.2 67.0 18.3 8.6
-61.0 67.0 18.6 8.8
-60.8 67.0 19.1 9.0
-60.6 67.0 19.8 9.2
-60.4 67.0 20.6 9.4
-60.2 67.0 21.5 9.6
-60.0 67.0 22.6 9.9
-59.8 67.0 23.7 10.1
-59.6 67.0 24.7 10.4
-59.4 67.0 25.5 10.7
-59.2 67.0 26.2 11.0
-59.0 67.0 26.8 11.3
-58.8 67.0 27.1 11.7
-58.6 67.0 27.4 12.1
-58.4 67.0 27.7 12.5
-58.2 67.0 28.0 13.0
-58.0 67.0 28.5 13.5
-57.8 67.0 29.2 14.1
-57.6 67.0 30.0 14.7
-57.4 67.0 31.1 15.4
-57.2 67.0 32.3 16.2
-57.0 67.0 33.6 17.0
-56.8 67.0 35.0 17.8
-56.6 67.0 36.3 18.7
-56.4 67.0 37.6 19.5
-56.2 67.0 38.8 20.2
-56.0 67.0 39.8 20.8
-55.8 67.0 40.7 21.3
-55.6 67.0 41.4 21.7
-55.4 67.0 42.0 22.0
-55.2 67.0 42.4 22.1
-55.0 67.0 42.6 22.2
-54.8 67.0 42.6 22.2
-54.6 67.0 42.6 22.1
-54.4 67.0 42.5 22.1
-54.2 67.0 42.3 22.0
-54.0 67.0 42.1 22.0
-53.8 67.0 41.9 21.9
-53.6 67.0 41.7 21.9
-53.4 67.0 41.6 22.0
-53.2 67.0 41.6 22.0
-53.0 67.0 41.6 22.0
-52.8 67.0 41.6 22.1
-52.6 67.0 41.8 22.1
-52.4 67.0 42.1 22.1
-52.2 67.0 42.5 22.1
-52.0 67.0 42.9 22.0
-51.8 67.0 43.5 22.0
-51.6 67.0 44.3 21.9
-51.4 67.0 45.1 21.9
-51.2 67.0 46.1 22.0
-51.0 67.0 47.1 22.2
-50.8 67.0 48.2 22.4
-50.6 67.0 49.2 22.7
-50.4 67.0 50.0 23.0
-50.2 67.0 50.7 23.3
-50.0 67.0 51.0 23.5
-49.8 67.0 51.0 23.7
-49.6 67.0 50.7 23.8
-49.4 67.0 50.1 23.8
-49.2 67.0 49.3 23.8
-49.0 67.0 48.4 23.7
-48.8 67.0 47.4 23.6
-48.6 67.0 46.5 23.5
-48.4 67.0 45.6 23.4
-48.2 67.0 44.8 23.3
-48.0 67.0 44.2 23.2
-47.8 67.0 43.7 23.2
-47.6 67.0 43.3 23.1
-47.4 67.0 42.9 23.0
-47.2 67.0 42.6 22.9
-47.0 67.0 42.3 22.8
-46.8 67.0 42.0 22.7
-46.6 67.0 41.7 22.7
-46.4 67.0 41.5 22.6
-46.2 67.0 41.3 22.6
-46.0 67.0 41.1 22.6
-45.8 67.0 40.9 22.6
-45.6 67.0 40.7 22.6
-45.4 67.0 40.5 22.7
-45.2 67.0 40.4 22.8
-45.0 67.0 40.2 22.9
-44.8 67.0 40.1 23.0
-44.6 67.0 40.0 23.1
-44.4 67.0 39.8 23.2
-44.2 67.0 39.6 23.3
-44.0 67.0 39.2 23.3
-43.8 67.0 38.7 23.3
-43.6 67.0 38.0 23.2
-43.4 67.0 37.1 23.0
-43.2 67.0 36.0 22.5
-43.0 67.0 34.6 21.9
-42.8 67.0 33.1 20.9
-42.6 67.0 31.4 19.7
-42.4 67.0 29.7 18.3
-42.2 67.0 28.0 16.7
-42.0 67.0 26.4 15.1
-41.8 67.0 24.9 13.6
-41.6 67.0 23.5 12.2
-41.4 67.0 22.3 11.0
-41.2 67.0 21.3 10.0
-41.0 67.0 20.4 9.2
-40.8 67.0 19.6 8.6
-40.6 67.0 18.8 8.1
-40.4 67.0 18.2 7.7
-40.2 67.0 17.6 7.4
-40.0 67.0 17.1 7.1
-39.8 67.0 16.7 6.9
-39.6 67.0 16.3 6.7
-39.4 67.0 15.9 6.5
-39.2 67.0 15.5 6.3
-39.0 67.0 15.1 6.1
-38.8 67.0 14.8 5.9
-38.6 67.0 14.4 5.7
-38.4 67.0 14.0 5.6
-38.2 67.0 13.6 5.4
-38.0 67.0 13.2 5.3
-37.8 67.0 12.9 5.3
-37.6 67.0 12.5 5.3
-37.4 67.0 12.3 5.3
-37.2 67.0 12.0 5.3
-37.0 67.0 11.9 5.3
-36.8 67.0 11.7 5.3
-36.6 67.0 11.7 5.3
-36.4 67.0 11.6 5.3
-36.2 67.0 11.6 5.3
-36.0 67.0 11.6 5.2
-35.8 67.0 11.6 5.2
-35.6 67.0 11.6 5.2
-35.4 67.0 11.5 5.2
-35.2 67.0 11.5 5.2
-35.0 67.0 11.4 5.2
-34.8 67.0 11.3 5.2
-34.6 67.0 11.2 5.2
-34.4 67.0 11.1 5.2
-34.2 67.0 11.0 5.2
-34.0 67.0 10.9 5.2
-33.8 67.0 10.8 5.2
-33.6 67.0 10.7 5.2
-33.4 67.0 10.7 5.2
-33.2 67.0 10.7 5.2
-33.0 67.0 10.6 5.2
-32.8 67.0 10.6 5.2
-32.6 67.0 10.6 5.1
-32.4 67.0 10.6 5.1
-32.2 67.0 10.6 5.1
-32.0 67.0 10.6 5.1
-31.8 67.0 10.6 5.1
-31.6 67.0 10.6 5.2
-31.4 67.0 10.7 5.2
-31.2 67.0 10.7 5.2
-31.0 67.0 10.8 5.3
-30.8 67.0 10.9 5.3
-30.6 67.0 11.0 5.4
-30.4 67.0 11.2 5.5
-30.2 67.0 11.4 5.6
-30.0 67.0 11.6 5.6
-29.8 67.0 11.8 5.7
-29.6 67.0 12.0 5.8
-29.4 67.0 12.3 5.8
-29.2 67.0 12.7 5.9
-29.0 67.0 13.0 5.9
-28.8 67.0 13.4 6.0
-28.6 67.0 13.8 6.0
-28.4 67.0 14.2 6.0
-28.2 67.0 14.5 6.0
-28.0 67.0 14.8 6.1
-27.8 67.0 15.0 6.1
-27.6 67.0 15.2 6.1
-27.4 67.0 15.4 6.1
-27.2 67.0 15.6 6.1
-27.0 67.0 15.7 6.2
-26.8 67.0 15.9 6.2
-26.6 67.0 16.0 6.3
-26.4 67.0 16.1 6.3
-26.2 67.0 16.2 6.4
-26.0 67.0 16.3 6.4
-25.8 67.0 16.3 6.4
-25.6 67.0 16.4 6.5
-25.4 67.0 16.4 6.4
-25.2 67.0 16.3 6.4
-25.0 67.0 16.2 6.3
-24.8 67.0 15.9 6.1
-24.6 67.0 15.6 5.9
-24.4 67.0 15.0 5.6
-24.2 67.0 14.3 5.2
-24.0 67.0 13.5 4.8
-23.8 67.0 12.5 4.4
-23.6 67.0 11.5 3.9
-23.4 67.0 10.4 3.5
-23.2 67.0 9.3 3.0
-23.0 67.0 8.2 2.5
-22.8 67.0 7.3 2.0
-22.6 67.0 6.5 1.6
-22.4 67.0 5.8 1.2
-22.2 67.0 5.3 1.0
-22.0 67.0 5.0 1.0
-21.8 67.0 5.0 1.0
-21.6 67.0 5.0 1.0
-21.4 67.0 5.0 1.0
-21.2 67.0 5.0 1.0
-21.0 67.0 5.0 1.0
-20.8 67.0 5.0 1.0
-20.6 67.0 5.0 1.0
-20.4 67.0 5.0 1.0
-20.2 67.0 5.0 1.0
-20.0 67.0 5.0 1.0
-19.8 67.0 5.0 1.0
-19.6 67.0 5.0 1.0
-19.4 67.0 5.0 1.0
-19.2 67.0 5.0 1.0
-19.0 67.0 5.4 2.8
-65.8 66.8 7.3 5.7
-65.6 66.8 7.4 5.4
-65.4 66.8 7.7 5.1
-65.2 66.8 8.1 5.0
-65.0 66.8 8.8 4.9
-64.8 66.8 9.6 5.1
-64.6 66.8 10.5 5.3
-64.4 66.8 11.6 5.6
-64.2 66.8 12.5 6.0
-64.0 66.8 13.5 6.3
-63.8 66.8 14.3 6.7
-63.6 66.8 15.0 7.0
-63.4 66.8 15.5 7.2
-63.2 66.8 16.0 7.4
-63.0 66.8 16.4 7.6
-62.8 66.8 16.7 7.7
-62.6 66.8 16.9 7.8
-62.4 66.8 17.2 7.9
-62.2 66.8 17.4 8.1
-62.0 66.8 17.6 8.2
-61.8 66.8 17.8 8.3
-61.6 66.8 18.0 8.5
-61.4 66.8 18.3 8.6
-61.2 66.8 18.6 8.8
-61.0 66.8 19.1 9.0
-60.8 66.8 19.6 9.2
-60.6 66.8 20.3 9.4
-60.4 66.8 21.2 9.6
-60.2 66.8 22.2 9.8
-60.0 66.8 23.3 10.1
-59.8 66.8 24.4 10.3
-59.6 66.8 25.4 10.5
-59.4 66.8 26.3 10.8
-59.2 66.8 27.0 11.1
-59.0 66.8 27.4 11.4
-58.8 66.8 27.8 11.8
-58.6 66.8 28.0 12.2
-58.4 66.8 28.2 12.7
-58.2 66.8 28.5 13.1
-58.0 66.8 28.9 13.7
-57.8 66.8 29.6 14.3
-57.6 66.8 30.5 14.9
-57.4 66.8 31.6 15.7
-57.2 66.8 32.8 16.4
-57.0 66.8 34.1 17.3
-56.8 66.8 35.4 18.1
-56.6 66.8 36.6 18.9
-56.4 66.8 37.8 19.6
-56.2 66.8 38.9 20.3
-56.0 66.8 39.8 20.9
-55.8 66.8 40.6 21.4
-55.6 66.8 41.2 21.7
-55.4 66.8 41.6 21.9
-55.2 66.8 41.9 22.1
-55.0 66.8 42.0 22.1
-54.8 66.8 42.1 22.1
-54.6 66.8 42.0 22.0
-54.4 66.8 41.9 22.0
-54.2 66.8 41.7 21.9
-54.0 66.8 41.5 21.8
-53.8 66.8 41.4 21.8
-53.6 66.8 41.2 21.8
-53.4 66.8 41.2 21.7
-53.2 66.8 41.2 21.7
-53.0 66.8 41.2 21.8
-52.8 66.8 41.4 21.8
-52.6 66.8 41.6 21.8
-52.4 66.8 41.9 21.8
-52.2 66.8 42.3 21.7
-52.0 66.8 42.7 21.7
-51.8 66.8 43.3 21.6
-51.6 66.8 44.0 21.6
-51.4 66.8 44.8 21.6
-51.2 66.8 45.7 21.7
-51.0 66.8 46.6 21.9
-50.8 66.8 47.6 22.2
-50.6 66.8 48.5 22.6
-50.4 66.8 49.2 23.0
-50.2 66.8 49.8 23.5
-50.0 66.8 50.0 23.8
-49.8 66.8 49.9 24.0
-49.6 66.8 49.6 24.2
-49.4 66.8 49.0 24.1
-49.2 66.8 48.2 24.0
-49.0 66.8 47.3 23.8
-48.8 66.8 46.4 23.6
-48.6 66.8 45.5 23.4
-48.4 66.8 44.7 23.2
-48.2 66.8 44.0 23.1
-48.0 66.8 43.3 23.0
-47.8 66.8 42.8 22.9
-47.6 66.8 42.4 22.8
-47.4 66.8 42.1 22.8
-47.2 66.8 41.8 22.6
-47.0 66.8 41.5 22.5
-46.8 66.8 41.3 22.4
-46.6 66.8 41.2 22.3
-46.4 66.8 41.0 22.2
-46.2 66.8 40.8 22.1
-46.0 66.8 40.7 22.1
-45.8 66.8 40.5 22.1
-45.6 66.8 40.3 22.3
-45.4 66.8 40.2 22.4
-45.2 66.8 40.0 22.6
-45.0 66.8 39.9 22.8
-44.8 66.8 39.7 22.9
-44.6 66.8 39.6 23.1
-44.4 66.8 39.4 23.2
-44.2 66.8 39.1 23.3
-44.0 66.8 38.7 23.3
-43.8 66.8 38.2 23.3
-43.6 66.8 37.5 23.2
-43.4 66.8 36.6 23.0
-43.2 66.8 35.5 22.6
-43.0 66.8 34.2 21.9
-42.8 66.8 32.8 21.0
-42.6 66.8 31.3 19.9
-42.4 66.8 29.8 18.5
-42.2 66.8 28.4 17.0
-42.0 66.8 26.9 15.5
-41.8 66.8 25.6 14.0
-41.6 66.8 24.4 12.7
-41.4 66.8 23.3 11.6
-41.2 66.8 22.3 10.6
-41.0 66.8 21.4 9.8
-40.8 66.8 20.5 9.2
-40.6 66.8 19.8 8.7
-40.4 66.8 19.1 8.3
-40.2 66.8 18.6 8.0
-40.0 66.8 18.0 7.7
-39.8 66.8 17.6 7.4
-39.6 66.8 17.2 7.2
-39.4 66.8 16.8 7.0
-39.2 66.8 16.4 6.8
-39.0 66.8 16.1 6.5
-38.8 66.8 15.7 6.3
-38.6 66.8 15.4 6.1
-38.4 66.8 15.0 5.9
-38.2 66.8 14.6 5.8
-38.0 66.8 14.2 5.6
-37.8 66.8 13.8 5.5
-37.6 66.8 13.4 5.5
-37.4 66.8 13.1 5.4
-37.2 66.8 12.8 5.4
-37.0 66.8 12.6 5.4
-36.8 66.8 12.4 5.4
-36.6 66.8 12.2 5.4
-36.4 66.8 12.1 5.3
-36.2 66.8 11.9 5.3
-36.0 66.8 11.8 5.3
-35.8 66.8 11.7 5.3
-35.6 66.8 11.6 5.3
-35.4 66.8 11.6 5.3
-35.2 66.8 11.5 5.3
-35.0 66.8 11.5 5.3
-34.8 66.8 11.4 5.3
-34.6 66.8 11.3 5.3
-34.4 66.8 11.3 5.3
-34.2 66.8 11.2 5.3
-34.0 66.8 11.1 5.3
-33.8 66.8 11.1 5.3
-33.6 66.8 11.0 5.3
-33.4 66.8 11.0 5.3
-33.2 66.8 11.0 5.3
-33.0 66.8 11.0 5.3
-32.8 66.8 11.0 5.3
-32.6 66.8 11.0 5.4
-32.4 66.8 11.0 5.4
-32.2 66.8 11.0 5.4
-32.0 66.8 11.0 5.4
-31.8 66.8 11.0 5.4
-31.6 66.8 11.0 5.5
-31.4 66.8 11.1 5.5
-31.2 66.8 11.1 5.6
-31.0 66.8 11.2 5.6
-30.8 66.8 11.2 5.7
-30.6 66.8 11.3 5.7
-30.4 66.8 11.5 5.8
-30.2 66.8 11.6 5.8
-30.0 66.8 11.8 5.9
-29.8 66.8 12.0 5.9
-29.6 66.8 12.2 5.9
-29.4 66.8 12.5 6.0
-29.2 66.8 12.7 6.0
-29.0 66.8 13.0 6.0
-28.8 66.8 13.3 6.1
-28.6 66.8 13.6 6.1
-28.4 66.8 13.9 6.1
-28.2 66.8 14.1 6.2
-28.0 66.8 14.4 6.2
-27.8 66.8 14.6 6.3
-27.6 66.8 14.9 6.3
-27.4 66.8 15.1 6.4
-27.2 66.8 15.3 6.4
-27.0 66.8 15.5 6.5
-26.8 66.8 15.7 6.5
-26.6 66.8 15.8 6.5
-26.4 66.8 15.9 6.6
-26.2 66.8 16.0 6.6
-26.0 66.8 16.1 6.6
-25.8 66.8 16.2 6.6
-25.6 66.8 16.3 6.6
-25.4 66.8 16.4 6.6
-25.2 66.8 16.4 6.6
-25.0 66.8 16.4 6.5
-24.8 66.8 16.2 6.4
-24.6 66.8 16.0 6.3
-24.4 66.8 15.7 6.1
-24.2 66.8 15.2 5.9
-24.0 66.8 14.6 5.7
-23.8 66.8 13.8 5.4
-23.6 66.8 12.8 5.1
-23.4 66.8 11.8 4.7
-23.2 66.8 10.7 4.2
-23.0 66.8 9.6 3.7
-22.8 66.8 8.5 3.2
-22.6 66.8 7.5 2.7
-22.4 66.8 6.7 2.2
-22.2 66.8 6.0 1.7
-22.0 66.8 5.4 1.4
-21.8 66.8 5.0 1.0
-21.6 66.8 5.0 1.0
-21.4 66.8 5.0 1.0
-21.2 66.8 5.0 1.0
-21.0 66.8 5.0 1.0
-20.8 66.8 5.0 1.0
-20.6 66.8 5.0 1.0
-20.4 66.8 5.0 1.0
-20.2 66.8 5.0 1.0
-20.0 66.8 5.0 1.0
-19.8 66.8 5.0 1.0
-19.6 66.8 5.0 1.0
-19.4 66.8 5.1 2.3
-19.2 66.8 5.5 2.5
-65.6 66.6 6.1 4.2
-65.4 66.6 6.4 3.9
-65.2 66.6 6.8 3.8
-65.0 66.6 7.5 3.9
-64.8 66.6 8.4 4.1
-64.6 66.6 9.5 4.5
-64.4 66.6 10.6 5.0
-64.2 66.6 11.7 5.5
-64.0 66.6 12.8 6.0
-63.8 66.6 13.8 6.4
-63.6 66.6 14.6 6.8
-63.4 66.6 15.3 7.1
-63.2 66.6 15.9 7.3
-63.0 66.6 16.3 7.5
-62.8 66.6 16.6 7.7
-62.6 66.6 17.0 7.9
-62.4 66.6 17.3 8.1
-62.2 66.6 17.6 8.2
-62.0 66.6 17.9 8.4
-61.8 66.6 18.2 8.5
-61.6 66.6 18.6 8.7
-61.4 66.6 19.0 8.8
-61.2 66.6 19.4 9.0
-61.0 66.6 20.0 9.2
-60.8 66.6 20.6 9.4
-60.6 66.6 21.4 9.6
-60.4 66.6 22.2 9.8
-60.2 66.6 23.3 10.0
-60.0 66.6 24.4 10.2
-59.8 66.6 25.5 10.4
-59.6 66.6 26.5 10.7
-59.4 66.6 27.4 10.9
-59.2 66.6 28.1 11.2
-59.0 66.6 28.5 11.5
-58.8 66.6 28.8 11.9
-58.6 66.6 28.9 12.3
-58.4 66.6 29.1 12.7
-58.2 66.6 29.3 13.3
-58.0 66.6 29.7 13.8
-57.8 66.6 30.4 14.5
-57.6 66.6 31.2 15.2
-57.4 66.6 32.3 15.9
-57.2 66.6 33.4 16.7
-57.0 66.6 34.6 17.6
-56.8 66.6 35.8 18.4
-56.6 66.6 37.0 19.1
-56.4 66.6 38.0 19.8
-56.2 66.6 38.9 20.5
-56.0 66.6 39.7 21.0
-55.8 66.6 40.4 21.4
-55.6 66.6 40.8 21.7
-55.4 66.6 41.2 21.8
-55.2 66.6 41.4 21.9
-55.0 66.6 41.5 21.9
-54.8 66.6 41.5 21.9
-54.6 66.6 41.4 21.8
-54.4 66.6 41.3 21.8
-54.2 66.6 41.2 21.7
-54.0 66.6 41.0 21.6
-53.8 66.6 40.9 21.5
-53.6 66.6 40.8 21.5
-53.4 66.6 40.8 21.4
-53.2 66.6 40.8 21.5
-53.0 66.6 40.9 21.5
-52.8 66.6 41.1 21.6
-52.6 66.6 41.4 21.7
-52.4 66.6 41.7 21.7
-52.2 66.6 42.0 21.6
-52.0 66.6 42.5 21.6
-51.8 66.6 43.0 21.5
-51.6 66.6 43.6 21.5
-51.4 66.6 44.3 21.5
-51.2 66.6 45.1 21.6
-51.0 66.6 45.9 21.9
-50.8 66.6 46.7 22.3
-50.6 66.6 47.4 22.8
-50.4 66.6 47.9 23.3
-50.2 66.6 48.3 23.7
-50.0 66.6 48.4 24.1
-49.8 66.6 48.2 24.4
-49.6 66.6 47.8 24.4
-49.4 66.6 47.2 24.3
-49.2 66.6 46.5 24.0
-49.0 66.6 45.8 23.6
-48.8 66.6 45.0 23.2
-48.6 66.6 44.3 22.8
-48.4 66.6 43.6 22.5
-48.2 66.6 43.0 22.2
-48.0 66.6 42.5 22.1
-47.8 66.6 42.1 22.1
-47.6 66.6 41.7 22.1
-47.4 66.6 41.3 22.1
-47.2 66.6 41.1 22.1
-47.0 66.6 40.9 22.1
-46.8 66.6 40.7 22.0
-46.6 66.6 40.6 22.0
-46.4 66.6 40.5 21.9
-46.2 66.6 40.4 21.9
-46.0 66.6 40.3 22.0
-45.8 66.6 40.1 22.1
-45.6 66.6 40.0 22.3
-45.4 66.6 39.8 22.5
-45.2 66.6 39.7 22.7
-45.0 66.6 39.5 22.9
-44.8 66.6 39.3 23.1
-44.6 66.6 39.1 23.3
-44.4 66.6 38.9 23.4
-44.2 66.6 38.5 23.6
-44.0 66.6 38.1 23.6
-43.8 66.6 37.5 23.6
-43.6 66.6 36.8 23.6
-43.4 66.6 35.9 23.3
-43.2 66.6 34.9 22.9
-43.0 66.6 33.7 22.2
-42.8 66.6 32.5 21.3
-42.6 66.6 31.2 20.2
-42.4 66.6 30.0 18.9
-42.2 66.6 28.7 17.5
-42.0 66.6 27.5 16.0
-41.8 66.6 26.4 14.7
-41.6 66.6 25.4 13.5
-41.4 66.6 24.4 12.4
-41.2 66.6 23.5 11.6
-41.0 66.6 22.6 10.9
-40.8 66.6 21.9 10.3
-40.6 66.6 21.1 9.8
-40.4 66.6 20.5 9.3
-40.2 66.6 19.9 8.9
-40.0 66.6 19.4 8.6
-39.8 66.6 18.9 8.3
-39.6 66.6 18.5 8.0
-39.4 66.6 18.1 7.7
-39.2 66.6 17.7 7.4
-39.0 66.6 17.4 7.1
-38.8 66.6 17.0 6.9
-38.6 66.6 16.7 6.7
-38.4 66.6 16.2 6.4
-38.2 66.6 15.8 6.3
-38.0 66.6 15.4 6.1
-37.8 66.6 15.0 6.0
-37.6 66.6 14.6 5.9
-37.4 66.6 14.2 5.8
-37.2 66.6 13.9 5.7
-37.0 66.6 13.7 5.7
-36.8 66.6 13.4 5.6
-36.6 66.6 13.1 5.6
-36.4 66.6 12.9 5.5
-36.2 66.6 12.6 5.5
-36.0 66.6 12.4 5.4
-35.8 66.6 12.2 5.4
-35.6 66.6 12.0 5.4
-35.4 66.6 11.9 5.4
-35.2 66.6 11.8 5.4
-35.0 66.6 11.7 5.4
-34.8 66.6 11.6 5.4
-34.6 66.6 11.6 5.4
-34.4 66.6 11.5 5.4
-34.2 66.6 11.5 5.4
-34.0 66.6 11.5 5.4
-33.8 66.6 11.5 5.5
-33.6 66.6 11.5 5.5
-33.4 66.6 11.6 5.5
-33.2 66.6 11.6 5.5
-33.0 66.6 11.6 5.6
-32.8 66.6 11.6 5.6
-32.6 66.6 11.7 5.6
-32.4 66.6 11.6 5.7
-32.2 66.6 11.6 5.7
-32.0 66.6 11.6 5.8
-31.8 66.6 11.6 5.8
-31.6 66.6 11.5 5.9
-31.4 66.6 11.5 5.9
-31.2 66.6 11.5 5.9
-31.0 66.6 11.5 6.0
-30.8 66.6 11.5 6.0
-30.6 66.6 11.5 6.0
-30.4 66.6 11.6 6.0
-30.2 66.6 11.7 6.0
-30.0 66.6 11.8 6.0
-29.8 66.6 11.9 6.0
-29.6 66.6 12.1 6.0
-29.4 66.6 12.3 6.0
-29.2 66.6 12.5 6.0
-29.0 66.6 12.8 6.1
-28.8 66.6 13.0 6.1
-28.6 66.6 13.2 6.2
-28.4 66.6 13.4 6.3
-28.2 66.6 13.6 6.4
-28.0 66.6 13.8 6.5
-27.8 66.6 14.0 6.6
-27.6 66.6 14.2 6.7
-27.4 66.6 14.4 6.7
-27.2 66.6 14.7 6.8
-27.0 66.6 14.9 6.8
-26.8 66.6 15.2 6.9
-26.6 66.6 15.4 6.9
-26.4 66.6 15.6 6.9
-26.2 66.6 15.8 6.9
-26.0 66.6 16.0 6.9
-25.8 66.6 16.1 6.9
-25.6 66.6 16.3 6.9
-25.4 66.6 16.4 6.9
-25.2 66.6 16.5 6.9
-25.0 66.6 16.6 6.9
-24.8 66.6 16.6 6.9
-24.6 66.6 16.5 6.8
-24.4 66.6 16.3 6.8
-24.2 66.6 16.0 6.7
-24.0 66.6 15.5 6.6
-23.8 66.6 14.9 6.4
-23.6 66.6 14.2 6.1
-23.4 66.6 13.2 5.8
-23.2 66.6 12.2 5.3
-23.0 66.6 11.0 4.8
-22.8 66.6 9.9 4.3
-22.6 66.6 8.8 3.7
-22.4 66.6 7.8 3.1
-22.2 66.6 6.9 2.6
-22.0 66.6 6.1 2.1
-21.8 66.6 5.5 1.7
-21.6 66.6 5.0 1.0
-21.4 66.6 5.0 1.0
-21.2 66.6 5.0 1.0
-21.0 66.6 5.0 1.0
-20.8 66.6 5.0 1.0
-20.6 66.6 5.0 1.0
-20.4 66.6 5.0 1.0
-20.2 66.6 5.0 1.0
-20.0 66.6 5.0 1.0
-19.8 66.6 5.0 1.0
-19.6 66.6 5.2 2.1
-19.4 66.6 5.6 2.2
-65.4 66.4 5.7 2.9
-65.2 66.4 6.1 2.9
-65.0 66.4 6.8 3.1
-64.8 66.4 7.6 3.4
-64.6 66.4 8.7 4.0
-64.4 66.4 9.8 4.6
-64.2 66.4 11.1 5.3
-64.0 66.4 12.2 5.9
-63.8 66.4 13.3 6.4
-63.6 66.4 14.3 6.9
-63.4 66.4 15.0 7.2
-63.2 66.4 15.7 7.5
-63.0 66.4 16.1 7.7
-62.8 66.4 16.6 7.9
-62.6 66.4 16.9 8.1
-62.4 66.4 17.3 8.3
-62.2 66.4 17.7 8.4
-62.0 66.4 18.2 8.6
-61.8 66.4 18.7 8.8
-61.6 66.4 19.2 9.0
-61.4 66.4 19.8 9.1
-61.2 66.4 20.4 9.3
-61.0 66.4 21.1 9.5
-60.8 66.4 21.9 9.7
-60.6 66.4 22.7 9.9
-60.4 66.4 23.7 10.0
-60.2 66.4 24.8 10.2
-60.0 66.4 25.9 10.4
-59.8 66.4 27.0 10.6
-59.6 66.4 28.0 10.9
-59.4 66.4 28.9 11.1
-59.2 66.4 29.5 11.3
-59.0 66.4 29.9 11.6
-58.8 66.4 30.1 12.0
-58.6 66.4 30.2 12.4
-58.4 66.4 30.3 12.8
-58.2 66.4 30.5 13.3
-58.0 66.4 30.9 13.9
-57.8 66.4 31.5 14.6
-57.6 66.4 32.2 15.3
-57.4 66.4 33.2 16.2
-57.2 66.4 34.2 17.0
-57.0 66.4 35.3 17.8
-56.8 66.4 36.3 18.6
-56.6 66.4 37.3 19.4
-56.4 66.4 38.2 20.0
-56.2 66.4 39.0 20.6
-56.0 66.4 39.6 21.0
-55.8 66.4 40.2 21.3
-55.6 66.4 40.6 21.5
-55.4 66.4 40.8 21.6
-55.2 66.4 41.0 21.7
-55.0 66.4 41.0 21.7
-54.8 66.4 41.0 21.6
-54.6 66.4 40.9 21.5
-54.4 66.4 40.7 21.4
-54.2 66.4 40.6 21.2
-54.0 66.4 40.5 21.1
-53.8 66.4 40.4 21.0
-53.6 66.4 40.3 21.0
-53.4 66.4 40.4 21.0
-53.2 66.4 40.5 21.1
-53.0 66.4 40.7 21.3
-52.8 66.4 41.0 21.4
-52.6 66.4 41.3 21.6
-52.4 66.4 41.7 21.6
-52.2 66.4 42.1 21.7
-52.0 66.4 42.5 21.6
-51.8 66.4 42.9 21.6
-51.6 66.4 43.4 21.6
-51.4 66.4 44.0 21.7
-51.2 66.4 44.6 21.8
-51.0 66.4 45.2 22.1
-50.8 66.4 45.7 22.6
-50.6 66.4 46.2 23.1
-50.4 66.4 46.5 23.6
-50.2 66.4 46.7 24.0
-50.0 66.4 46.6 24.4
-49.8 66.4 46.3 24.5
-49.6 66.4 45.9 24.5
-49.4 66.4 45.4 24.2
-49.2 66.4 44.9 23.8
-49.0 66.4 44.3 23.2
-48.8 66.4 43.8 22.6
-48.6 66.4 43.3 22.1
-48.4 66.4 42.9 21.7
-48.2 66.4 42.5 21.4
-48.0 66.4 42.1 21.3
-47.8 66.4 41.7 21.3
-47.6 66.4 41.3 21.5
-47.4 66.4 40.9 21.6
-47.2 66.4 40.6 21.8
-47.0 66.4 40.4 21.9
-46.8 66.4 40.3 22.0
-46.6 66.4 40.2 22.1
-46.4 66.4 40.1 22.2
-46.2 66.4 40.0 22.3
-46.0 66.4 39.9 22.4
-45.8 66.4 39.7 22.6
-45.6 66.4 39.6 22.7
-45.4 66.4 39.4 22.9
-45.2 66.4 39.2 23.1
-45.0 66.4 39.1 23.3
-44.8 66.4 38.8 23.4
-44.6 66.4 38.6 23.6
-44.4 66.4 38.3 23.8
-44.2 66.4 37.8 24.0
-44.0 66.4 37.3 24.1
-43.8 66.4 36.7 24.1
-43.6 66.4 36.0 24.1
-43.4 66.4 35.1 23.9
-43.2 66.4 34.2 23.5
-43.0 66.4 33.2 22.8
-42.8 66.4 32.2 21.9
-42.6 66.4 31.1 20.9
-42.4 66.4 30.1 19.6
-42.2 66.4 29.2 18.4
-42.0 66.4 28.3 17.1
-41.8 66.4 27.4 15.9
-41.6 66.4 26.6 14.9
-41.4 66.4 25.8 14.0
-41.2 66.4 25.1 13.2
-41.0 66.4 24.4 12.6
-40.8 66.4 23.7 12.1
-40.6 66.4 23.0 11.6
-40.4 66.4 22.4 11.1
-40.2 66.4 21.8 10.6
-40.0 66.4 21.2 10.1
-39.8 66.4 20.7 9.7
-39.6 66.4 20.2 9.2
-39.4 66.4 19.7 8.8
-39.2 66.4 19.3 8.4
-39.0 66.4 18.9 8.1
-38.8 66.4 18.5 7.7
-38.6 66.4 18.0 7.4
-38.4 66.4 17.6 7.2
-38.2 66.4 17.1 7.0
-38.0 66.4 16.6 6.8
-37.8 66.4 16.2 6.6
-37.6 66.4 15.8 6.5
-37.4 66.4 15.5 6.4
-37.2 66.4 15.2 6.2
-37.0 66.4 14.9 6.1
-36.8 66.4 14.6 6.0
-36.6 66.4 14.3 5.9
-36.4 66.4 13.9 5.8
-36.2 66.4 13.6 5.8
-36.0 66.4 13.3 5.7
-35.8 66.4 13.0 5.7
-35.6 66.4 12.7 5.6
-35.4 66.4 12.5 5.6
-35.2 66.4 12.3 5.6
-35.0 66.4 12.2 5.6
-34.8 66.4 12.0 5.6
-34.6 66.4 12.0 5.6
-34.4 66.4 11.9 5.6
-34.2 66.4 11.9 5.6
-34.0 66.4 12.0 5.6
-33.8 66.4 12.0 5.7
-33.6 66.4 12.1 5.7
-33.4 66.4 12.2 5.7
-33.2 66.4 12.2 5.7
-33.0 66.4 12.3 5.8
-32.8 66.4 12.3 5.8
-32.6 66.4 12.3 5.9
-32.4 66.4 12.3 5.9
-32.2 66.4 12.2 6.0
-32.0 66.4 12.1 6.0
-31.8 66.4 12.0 6.1
-31.6 66.4 11.9 6.1
-31.4 66.4 11.8 6.1
-31.2 66.4 11.6 6.1
-31.0 66.4 11.5 6.1
-30.8 66.4 11.4 6.1
-30.6 66.4 11.3 6.1
-30.4 66.4 11.3 6.0
-30.2 66.4 11.4 6.0
-30.0 66.4 11.4 6.0
-29.8 66.4 11.6 6.0
-29.6 66.4 11.7 6.0
-29.4 66.4 12.0 6.0
-29.2 66.4 12.2 6.1
-29.0 66.4 12.5 6.1
-28.8 66.4 12.7 6.2
-28.6 66.4 12.9 6.3
-28.4 66.4 13.1 6.5
-28.2 66.4 13.3 6.6
-28.0 66.4 13.4 6.7
-27.8 66.4 13.5 6.8
-27.6 66.4 13.7 6.9
-27.4 66.4 13.9 7.0
-27.2 66.4 14.2 7.1
-27.0 66.4 14.5 7.2
-26.8 66.4 14.8 7.2
-26.6 66.4 15.2 7.3
-26.4 66.4 15.5 7.3
-26.2 66.4 15.8 7.3
-26.0 66.4 16.1 7.3
-25.8 66.4 16.3 7.3
-25.6 66.4 16.6 7.3
-25.4 66.4 16.8 7.3
-25.2 66.4 16.9 7.3
-25.0 66.4 17.1 7.3
-24.8 66.4 17.1 7.3
-24.6 66.4 17.1 7.4
-24.4 66.4 17.0 7.4
-24.2 66.4 16.8 7.3
-24.0 66.4 16.4 7.3
-23.8 66.4 15.9 7.1
-23.6 66.4 15.3 6.9
-23.4 66.4 14.5 6.5
-23.2 66.4 13.5 6.1
-23.0 66.4 12.4 5.6
-22.8 66.4 11.2 5.0
-22.6 66.4 10.0 4.4
-22.4 66.4 8.9 3.8
-22.2 66.4 7.8 3.3
-22.0 66.4 7.0 2.7
-21.8 66.4 6.2 2.3
-21.6 66.4 5.6 1.9
-21.4 66.4 5.2 1.6
-21.2 66.4 5.0 1.0
-21.0 66.4 5.0 1.0
-20.8 66.4 5.0 1.0
-20.6 66.4 5.0 1.0
-20.4 66.4 5.0 1.0
-20.2 66.4 5.0 1.0
-20.0 66.4 5.1 1.7
-19.8 66.4 5.4 1.8
-19.6 66.4 5.8 2.0
-65.2 66.2 5.8 2.3
-65.0 66.2 6.4 2.6
-64.8 66.2 7.2 3.1
-64.6 66.2 8.2 3.8
-64.4 66.2 9.4 4.5
-64.2 66.2 10.6 5.3
-64.0 66.2 11.8 6.1
-63.8 66.2 12.9 6.7
-63.6 66.2 13.9 7.2
-63.4 66.2 14.8 7.6
-63.2 66.2 15.5 7.9
-63.0 66.2 16.0 8.1
-62.8 66.2 16.5 8.3
-62.6 66.2 16.9 8.5
-62.4 66.2 17.4 8.7
-62.2 66.2 17.8 8.8
-62.0 66.2 18.4 9.0
-61.8 66.2 19.0 9.2
-61.6 66.2 19.7 9.3
-61.4 66.2 20.4 9.5
-61.2 66.2 21.2 9.7
-61.0 66.2 22.1 9.9
-60.8 66.2 23.0 10.0
-60.6 66.2 24.0 10.2
-60.4 66.2 25.1 10.4
-60.2 66.2 26.3 10.5
-60.0 66.2 27.4 10.7
-59.8 66.2 28.5 10.9
-59.6 66.2 29.4 11.1
-59.4 66.2 30.2 11.3
-59.2 66.2 30.8 11.5
-59.0 66.2 31.1 11.8
-58.8 66.2 31.3 12.1
-58.6 66.2 31.4 12.5
-58.4 66.2 31.6 12.9
-58.2 66.2 31.9 13.5
-58.0 66.2 32.3 14.1
-57.8 66.2 32.8 14.8
-57.6 66.2 33.5 15.5
-57.4 66.2 34.3 16.4
-57.2 66.2 35.2 17.2
-57.0 66.2 36.1 18.0
-56.8 66.2 36.9 18.8
-56.6 66.2 37.7 19.5
-56.4 66.2 38.5 20.1
-56.2 66.2 39.1 20.6
-56.0 66.2 39.6 20.9
-55.8 66.2 40.0 21.1
-55.6 66.2 40.3 21.3
-55.4 66.2 40.4 21.3
-55.2 66.2 40.5 21.3
-55.0 66.2 40.5 21.3
-54.8 66.2 40.4 21.2
-54.6 66.2 40.3 21.1
-54.4 66.2 40.1 21.0
-54.2 66.2 40.0 20.8
-54.0 66.2 39.9 20.7
-53.8 66.2 39.9 20.6
-53.6 66.2 39.9 20.6
-53.4 66.2 40.0 20.7
-53.2 66.2 40.2 20.8
-53.0 66.2 40.5 21.0
-52.8 66.2 40.9 21.2
-52.6 66.2 41.4 21.3
-52.4 66.2 41.8 21.4
-52.2 66.2 42.2 21.5
-52.0 66.2 42.6 21.5
-51.8 66.2 43.0 21.6
-51.6 66.2 43.4 21.7
-51.4 66.2 43.8 21.8
-51.2 66.2 44.2 22.0
-51.0 66.2 44.5 22.4
-50.8 66.2 44.9 22.8
-50.6 66.2 45.1 23.2
-50.4 66.2 45.3 23.6
-50.2 66.2 45.2 24.0
-50.0 66.2 45.0 24.3
-49.8 66.2 44.7 24.3
-49.6 66.2 44.3 24.2
-49.4 66.2 43.9 23.9
-49.2 66.2 43.5 23.5
-49.0 66.2 43.2 22.9
-48.8 66.2 42.9 22.3
-48.6 66.2 42.6 21.8
-48.4 66.2 42.3 21.4
-48.2 66.2 42.0 21.2
-48.0 66.2 41.7 21.2
-47.8 66.2 41.3 21.3
-47.6 66.2 40.9 21.5
-47.4 66.2 40.5 21.7
-47.2 66.2 40.1 22.0
-47.0 66.2 39.8 22.3
-46.8 66.2 39.6 22.5
-46.6 66.2 39.5 22.7
-46.4 66.2 39.3 22.9
-46.2 66.2 39.2 23.1
-46.0 66.2 39.1 23.2
-45.8 66.2 39.0 23.4
-45.6 66.2 38.9 23.5
-45.4 66.2 38.7 23.6
-45.2 66.2 38.5 23.7
-45.0 66.2 38.3 23.8
-44.8 66.2 38.1 23.9
-44.6 66.2 37.7 24.1
-44.4 66.2 37.4 24.2
-44.2 66.2 36.9 24.4
-44.0 66.2 36.4 24.6
-43.8 66.2 35.7 24.7
-43.6 66.2 35.0 24.7
-43.4 66.2 34.3 24.5
-43.2 66.2 33.5 24.2
-43.0 66.2 32.7 23.6
-42.8 66.2 31.9 22.9
-42.6 66.2 31.2 22.0
-42.4 66.2 30.5 21.0
-42.2 66.2 29.9 19.9
-42.0 66.2 29.3 18.9
-41.8 66.2 28.7 18.0
-41.6 66.2 28.2 17.2
-41.4 66.2 27.6 16.5
-41.2 66.2 27.1 15.9
-41.0 66.2 26.6 15.3
-40.8 66.2 26.0 14.8
-40.6 66.2 25.5 14.3
-40.4 66.2 24.9 13.8
-40.2 66.2 24.3 13.2
-40.0 66.2 23.7 12.6
-39.8 66.2 23.1 12.0
-39.6 66.2 22.5 11.4
-39.4 66.2 21.9 10.8
-39.2 66.2 21.3 10.2
-39.0 66.2 20.7 9.7
-38.8 66.2 20.2 9.2
-38.6 66.2 19.6 8.8
-38.4 66.2 19.0 8.4
-38.2 66.2 18.5 8.1
-38.0 66.2 18.0 7.8
-37.8 66.2 17.5 7.6
-37.6 66.2 17.1 7.3
-37.4 66.2 16.7 7.1
-37.2 66.2 16.4 6.9
-37.0 66.2 16.1 6.7
-36.8 66.2 15.7 6.6
-36.6 66.2 15.4 6.4
-36.4 66.2 15.0 6.2
-36.2 66.2 14.7 6.1
-36.0 66.2 14.3 6.1
-35.8 66.2 14.0 6.0
-35.6 66.2 13.7 6.0
-35.4 66.2 13.4 5.9
-35.2 66.2 13.1 5.9
-35.0 66.2 12.9 5.9
-34.8 66.2 12.7 5.9
-34.6 66.2 12.6 5.9
-34.4 66.2 12.5 5.9
-34.2 66.2 12.5 5.9
-34.0 66.2 12.5 5.8
-33.8 66.2 12.6 5.8
-33.6 66.2 12.6 5.8
-33.4 66.2 12.8 5.8
-33.2 66.2 12.8 5.8
-33.0 66.2 12.9 5.9
-32.8 66.2 12.9 5.9
-32.6 66.2 12.9 5.9
-32.4 66.2 12.9 6.0
-32.2 66.2 12.7 6.0
-32.0 66.2 12.5 6.0
-31.8 66.2 12.3 6.1
-31.6 66.2 12.0 6.0
-31.4 66.2 11.8 6.0
-31.2 66.2 11.5 6.0
-31.0 66.2 11.2 5.9
-30.8 66.2 11.0 5.9
-30.6 66.2 10.8 5.8
-30.4 66.2 10.7 5.8
-30.2 66.2 10.8 5.7
-30.0 66.2 10.9 5.7
-29.8 66.2 11.0 5.8
-29.6 66.2 11.3 5.8
-29.4 66.2 11.6 5.9
-29.2 66.2 12.0 6.0
-29.0 66.2 12.3 6.1
-28.8 66.2 12.7 6.3
-28.6 66.2 12.9 6.4
-28.4 66.2 13.2 6.5
-28.2 66.2 13.3 6.7
-28.0 66.2 13.4 6.8
-27.8 66.2 13.6 7.0
-27.6 66.2 13.7 7.1
-27.4 66.2 13.9 7.2
-27.2 66.2 14.2 7.3
-27.0 66.2 14.6 7.4
-26.8 66.2 15.0 7.5
-26.6 66.2 15.4 7.6
-26.4 66.2 15.8 7.6
-26.2 66.2 16.2 7.7
-26.0 66.2 16.5 7.7
-25.8 66.2 16.9 7.7
-25.6 66.2 17.1 7.7
-25.4 66.2 17.4 7.7
-25.2 66.2 17.5 7.7
-25.0 66.2 17.7 7.7
-24.8 66.2 17.7 7.8
-24.6 66.2 17.7 7.8
-24.4 66.2 17.7 7.8
-24.2 66.2 17.5 7.7
-24.0 66.2 17.2 7.6
-23.8 66.2 16.8 7.5
-23.6 66.2 16.3 7.2
-23.4 66.2 15.5 6.9
-23.2 66.2 14.6 6.5
-23.0 66.2 13.5 6.0
-22.8 66.2 12.3 5.4
-22.6 66.2 11.1 4.8
-22.4 66.2 9.9 4.3
-22.2 66.2 8.8 3.7
-22.0 66.2 7.8 3.2
-21.8 66.2 7.0 2.7
-21.6 66.2 6.3 2.3
-21.4 66.2 5.8 2.0
-21.2 66.2 5.4 1.8
-21.0 66.2 5.2 1.6
-20.8 66.2 5.1 1.5
-20.6 66.2 5.1 1.5
-20.4 66.2 5.2 1.5
-20.2 66.2 5.4 1.6
-20.0 66.2 5.7 1.7
-19.8 66.2 6.0 1.8
-65.0 66.0 6.5 2.2
-64.8 66.0 7.3 2.8
-64.6 66.0 8.2 3.7
-64.4 66.0 9.3 4.6
-64.2 66.0 10.5 5.5
-64.0 66.0 11.7 6.4
-63.8 66.0 12.9 7.1
-63.6 66.0 14.0 7.7
-63.4 66.0 14.9 8.1
-63.2 66.0 15.6 8.5
-63.0 66.0 16.2 8.7
-62.8 66.0 16.7 8.9
-62.6 66.0 17.1 9.0
-62.4 66.0 17.5 9.2
-62.2 66.0 18.0 9.3
-62.0 66.0 18.5 9.5
-61.8 66.0 19.1 9.6
-61.6 66.0 19.9 9.8
-61.4 66.0 20.7 9.9
-61.2 66.0 21.7 10.1
-61.0 66.0 22.7 10.3
-60.8 66.0 23.8 10.4
-60.6 66.0 24.9 10.5
-60.4 66.0 26.1 10.7
-60.2 66.0 27.3 10.8
-60.0 66.0 28.4 11.0
-59.8 66.0 29.4 11.2
-59.6 66.0 30.2 11.4
-59.4 66.0 30.9 11.6
-59.2 66.0 31.5 11.8
-59.0 66.0 31.9 12.1
-58.8 66.0 32.2 12.4
-58.6 66.0 32.5 12.7
-58.4 66.0 32.8 13.2
-58.2 66.0 33.2 13.7
-58.0 66.0 33.7 14.3
-57.8 66.0 34.2 15.0
-57.6 66.0 34.8 15.8
-57.4 66.0 35.5 16.6
-57.2 66.0 36.2 17.4
-57.0 66.0 36.9 18.2
-56.8 66.0 37.5 18.9
-56.6 66.0 38.2 19.5
-56.4 66.0 38.7 20.0
-56.2 66.0 39.1 20.4
-56.0 66.0 39.5 20.7
-55.8 66.0 39.8 20.9
-55.6 66.0 39.9 21.0
-55.4 66.0 40.0 21.0
-55.2 66.0 40.0 21.0
-55.0 66.0 39.9 21.0
-54.8 66.0 39.8 20.9
-54.6 66.0 39.7 20.8
-54.4 66.0 39.6 20.7
-54.2 66.0 39.4 20.7
-54.0 66.0 39.4 20.6
-53.8 66.0 39.3 20.6
-53.6 66.0 39.4 20.6
-53.4 66.0 39.5 20.6
-53.2 66.0 39.8 20.7
-53.0 66.0 40.1 20.8
-52.8 66.0 40.6 20.9
-52.6 66.0 41.0 20.9
-52.4 66.0 41.5 21.0
-52.2 66.0 41.9 21.1
-52.0 66.0 42.3 21.1
-51.8 66.0 42.6 21.2
-51.6 66.0 43.0 21.4
-51.4 66.0 43.3 21.6
-51.2 66.0 43.6 21.9
-51.0 66.0 43.9 22.2
-50.8 66.0 44.1 22.5
-50.6 66.0 44.3 22.8
-50.4 66.0 44.3 23.1
-50.2 66.0 44.2 23.4
-50.0 66.0 43.9 23.5
-49.8 66.0 43.6 23.5
-49.6 66.0 43.2 23.4
-49.4 66.0 42.8 23.2
-49.2 66.0 42.4 22.9
-49.0 66.0 42.1 22.6
-48.8 66.0 41.8 22.2
-48.6 66.0 41.5 21.9
-48.4 66.0 41.2 21.7
-48.2 66.0 40.9 21.7
-48.0 66.0 40.6 21.7
-47.8 66.0 40.2 21.9
-47.6 66.0 39.7 22.1
-47.4 66.0 39.3 22.4
-47.2 66.0 38.8 22.7
-47.0 66.0 38.5 23.0
-46.8 66.0 38.2 23.4
-46.6 66.0 38.0 23.7
-46.4 66.0 37.9 23.9
-46.2 66.0 37.8 24.1
-46.0 66.0 37.7 24.3
-45.8 66.0 37.6 24.4
-45.6 66.0 37.5 24.4
-45.4 66.0 37.4 24.4
-45.2 66.0 37.3 24.4
-45.0 66.0 37.1 24.4
-44.8 66.0 36.8 24.5
-44.6 66.0 36.5 24.6
-44.4 66.0 36.1 24.8
-44.2 66.0 35.7 25.0
-44.0 66.0 35.2 25.1
-43.8 66.0 34.6 25.3
-43.6 66.0 34.1 25.3
-43.4 66.0 33.5 25.1
-43.2 66.0 32.9 24.9
-43.0 66.0 32.4 24.5
-42.8 66.0 32.0 23.9
-42.6 66.0 31.5 23.3
-42.4 66.0 31.2 22.6
-42.2 66.0 30.9 21.9
-42.0 66.0 30.6 21.2
-41.8 66.0 30.3 20.5
-41.6 66.0 30.0 20.0
-41.4 66.0 29.8 19.4
-41.2 66.0 29.5 19.0
-41.0 66.0 29.1 18.5
-40.8 66.0 28.8 18.1
-40.6 66.0 28.3 17.6
-40.4 66.0 27.9 17.0
-40.2 66.0 27.3 16.4
-40.0 66.0 26.7 15.8
-39.8 66.0 26.1 15.1
-39.6 66.0 25.4 14.4
-39.4 66.0 24.7 13.7
-39.2 66.0 24.0 13.0
-39.0 66.0 23.3 12.3
-38.8 66.0 22.6 11.7
-38.6 66.0 21.9 11.1
-38.4 66.0 21.2 10.5
-38.2 66.0 20.5 10.1
-38.0 66.0 19.8 9.6
-37.8 66.0 19.2 9.2
-37.6 66.0 18.7 8.8
-37.4 66.0 18.2 8.4
-37.2 66.0 17.8 8.0
-37.0 66.0 17.4 7.7
-36.8 66.0 17.0 7.4
-36.6 66.0 16.6 7.1
-36.4 66.0 16.2 6.9
-36.2 66.0 15.8 6.7
-36.0 66.0 15.4 6.5
-35.8 66.0 15.0 6.4
-35.6 66.0 14.6 6.3
-35.4 66.0 14.3 6.3
-35.2 66.0 14.0 6.2
-35.0 66.0 13.7 6.2
-34.8 66.0 13.5 6.1
-34.6 66.0 13.3 6.1
-34.4 66.0 13.2 6.1
-34.2 66.0 13.1 6.0
-34.0 66.0 13.1 6.0
-33.8 66.0 13.1 5.9
-33.6 66.0 13.2 5.9
-33.4 66.0 13.3 5.9
-33.2 66.0 13.4 5.8
-33.0 66.0 13.4 5.8
-32.8 66.0 13.4 5.8
-32.6 66.0 13.3 5.8
-32.4 66.0 13.2 5.8
-32.2 66.0 13.0 5.9
-32.0 66.0 12.7 5.9
-31.8 66.0 12.4 5.8
-31.6 66.0 12.0 5.8
-31.4 66.0 11.5 5.7
-31.2 66.0 11.1 5.7
-31.0 66.0 10.8 5.6
-30.8 66.0 10.5 5.5
-30.6 66.0 10.3 5.4
-30.4 66.0 10.2 5.4
-30.2 66.0 10.3 5.4
-30.0 66.0 10.4 5.4
-29.8 66.0 10.7 5.5
-29.6 66.0 11.1 5.7
-29.4 66.0 11.6 5.8
-29.2 66.0 12.1 6.0
-29.0 66.0 12.5 6.2
-28.8 66.0 13.0 6.3
-28.6 66.0 13.4 6.5
-28.4 66.0 13.7 6.6
-28.2 66.0 13.9 6.8
-28.0 66.0 14.1 6.9
-27.8 66.0 14.2 7.1
-27.6 66.0 14.4 7.2
-27.4 66.0 14.6 7.4
-27.2 66.0 14.9 7.5
-27.0 66.0 15.2 7.6
-26.8 66.0 15.6 7.7
-26.6 66.0 16.0 7.8
-26.4 66.0 16.5 7.9
-26.2 66.0 16.9 8.0
-26.0 66.0 17.2 8.0
-25.8 66.0 17.6 8.1
-25.6 66.0 17.8 8.1
-25.4 66.0 18.1 8.1
-25.2 66.0 18.2 8.1
-25.0 66.0 18.3 8.1
-24.8 66.0 18.4 8.1
-24.6 66.0 18.4 8.0
-24.4 66.0 18.4 8.0
-24.2 66.0 18.3 7.9
-24.0 66.0 18.1 7.8
-23.8 66.0 17.7 7.6
-23.6 66.0 17.2 7.3
-23.4 66.0 16.4 7.0
-23.2 66.0 15.5 6.6
-23.0 66.0 14.5 6.1
-22.8 66.0 13.3 5.6
-22.6 66.0 12.1 5.0
-22.4 66.0 10.8 4.5
-22.2 66.0 9.7 3.9
-22.0 66.0 8.6 3.4
-21.8 66.0 7.8 3.0
-21.6 66.0 7.0 2.6
-21.4 66.0 6.5 2.2
-21.2 66.0 6.1 2.0
-21.0 66.0 5.8 1.8
-20.8 66.0 5.7 1.7
-20.6 66.0 5.7 1.6
-20.4 66.0 5.8 1.6
-20.2 66.0 6.0 1.6
-20.0 66.0 6.2 1.7
-64.8 65.8 7.9 2.6
-64.6 65.8 8.9 3.6
-64.4 65.8 10.0 4.6
-64.2 65.8 11.2 5.7
-64.0 65.8 12.5 6.7
-63.8 65.8 13.6 7.5
-63.6 65.8 14.7 8.2
-63.4 65.8 15.6 8.7
-63.2 65.8 16.3 9.0
-63.0 65.8 16.8 9.3
-62.8 65.8 17.2 9.4
-62.6 65.8 17.6 9.6
-62.4 65.8 18.0 9.7
-62.2 65.8 18.4 9.9
-62.0 65.8 18.8 10.0
-61.8 65.8 19.4 10.1
-61.6 65.8 20.1 10.3
-61.4 65.8 21.0 10.4
-61.2 65.8 21.9 10.6
-61.0 65.8 23.0 10.7
-60.8 65.8 24.2 10.8
-60.6 65.8 25.3 11.0
-60.4 65.8 26.5 11.1
-60.2 65.8 27.7 11.2
-60.0 65.8 28.7 11.4
-59.8 65.8 29.6 11.5
-59.6 65.8 30.4 11.7
-59.4 65.8 31.1 11.9
-59.2 65.8 31.6 12.1
-59.0 65.8 32.1 12.4
-58.8 65.8 32.6 12.7
-58.6 65.8 33.1 13.1
-58.4 65.8 33.6 13.6
-58.2 65.8 34.1 14.1
-58.0 65.8 34.7 14.7
-57.8 65.8 35.2 15.3
-57.6 65.8 35.8 16.0
-57.4 65.8 36.3 16.8
-57.2 65.8 36.9 17.5
-57.0 65.8 37.4 18.2
-56.8 65.8 37.9 18.8
-56.6 65.8 38.3 19.3
-56.4 65.8 38.7 19.8
-56.2 65.8 39.0 20.1
-56.0 65.8 39.2 20.4
-55.8 65.8 39.3 20.5
-55.6 65.8 39.4 20.6
-55.4 65.8 39.4 20.7
-55.2 65.8 39.3 20.7
-55.0 65.8 39.3 20.7
-54.8 65.8 39.2 20.7
-54.6 65.8 39.0 20.7
-54.4 65.8 38.9 20.7
-54.2 65.8 38.9 20.7
-54.0 65.8 38.8 20.8
-53.8 65.8 38.8 20.8
-53.6 65.8 38.8 20.9
-53.4 65.8 38.9 20.9
-53.2 65.8 39.1 20.9
-53.0 65.8 39.4 20.8
-52.8 65.8 39.7 20.8
-52.6 65.8 40.1 20.7
-52.4 65.8 40.5 20.6
-52.2 65.8 40.9 20.6
-52.0 65.8 41.2 20.6
-51.8 65.8 41.6 20.6
-51.6 65.8 41.9 20.8
-51.4 65.8 42.2 21.0
-51.2 65.8 42.6 21.2
-51.0 65.8 42.9 21.5
-50.8 65.8 43.1 21.7
-50.6 65.8 43.3 22.0
-50.4 65.8 43.3 22.2
-50.2 65.8 43.2 22.3
-50.0 65.8 43.0 22.4
-49.8 65.8 42.6 22.4
-49.6 65.8 42.1 22.4
-49.4 65.8 41.7 22.3
-49.2 65.8 41.2 22.3
-49.0 65.8 40.7 22.2
-48.8 65.8 40.3 22.1
-48.6 65.8 39.8 22.1
-48.4 65.8 39.4 22.2
-48.2 65.8 38.9 22.2
-48.0 65.8 38.4 22.4
-47.8 65.8 37.9 22.6
-47.6 65.8 37.4 22.8
-47.4 65.8 36.9 23.1
-47.2 65.8 36.4 23.4
-47.0 65.8 36.1 23.8
-46.8 65.8 35.8 24.2
-46.6 65.8 35.6 24.5
-46.4 65.8 35.5 24.9
-46.2 65.8 35.5 25.2
-46.0 65.8 35.5 25.4
-45.8 65.8 35.5 25.5
-45.6 65.8 35.5 25.5
-45.4 65.8 35.5 25.4
-45.2 65.8 35.4 25.3
-45.0 65.8 35.3 25.2
-44.8 65.8 35.2 25.2
-44.6 65.8 35.0 25.3
-44.4 65.8 34.7 25.4
-44.2 65.8 34.4 25.5
-44.0 65.8 34.0 25.6
-43.8 65.8 33.7 25.7
-43.6 65.8 33.4 25.7
-43.4 65.8 33.1 25.5
-43.2 65.8 32.9 25.3
-43.0 65.8 32.7 25.0
-42.8 65.8 32.5 24.7
-42.6 65.8 32.4 24.2
-42.4 65.8 32.3 23.8
-42.2 65.8 32.3 23.4
-42.0 65.8 32.2 23.0
-41.8 65.8 32.2 22.6
-41.6 65.8 32.2 22.2
-41.4 65.8 32.1 21.8
-41.2 65.8 32.0 21.5
-41.0 65.8 31.8 21.1
-40.8 65.8 31.6 20.7
-40.6 65.8 31.3 20.3
-40.4 65.8 31.0 19.8
-40.2 65.8 30.6 19.3
-40.0 65.8 30.1 18.7
-39.8 65.8 29.5 18.1
-39.6 65.8 28.9 17.5
-39.4 65.8 28.2 16.8
-39.2 65.8 27.4 16.2
-39.0 65.8 26.6 15.5
-38.8 65.8 25.8 14.9
-38.6 65.8 25.0 14.3
-38.4 65.8 24.2 13.6
-38.2 65.8 23.4 13.0
-38.0 65.8 22.6 12.3
-37.8 65.8 21.9 11.7
-37.6 65.8 21.2 11.0
-37.4 65.8 20.5 10.4
-37.2 65.8 19.9 9.8
-37.0 65.8 19.3 9.2
-36.8 65.8 18.7 8.7
-36.6 65.8 18.1 8.2
-36.4 65.8 17.6 7.8
-36.2 65.8 17.1 7.5
-36.0 65.8 16.6 7.2
-35.8 65.8 16.1 7.0
-35.6 65.8 15.7 6.8
-35.4 65.8 15.3 6.6
-35.2 65.8 15.0 6.5
-35.0 65.8 14.7 6.4
-34.8 65.8 14.4 6.3
-34.6 65.8 14.2 6.3
-34.4 65.8 14.1 6.2
-34.2 65.8 14.0 6.2
-34.0 65.8 14.0 6.1
-33.8 65.8 13.9 6.0
-33.6 65.8 13.9 5.9
-33.4 65.8 13.9 5.9
-33.2 65.8 13.9 5.8
-33.0 65.8 13.9 5.8
-32.8 65.8 13.8 5.7
-32.6 65.8 13.6 5.7
-32.4 65.8 13.4 5.7
-32.2 65.8 13.2 5.7
-32.0 65.8 12.8 5.7
-31.8 65.8 12.4 5.7
-31.6 65.8 11.9 5.6
-31.4 65.8 11.5 5.6
-31.2 65.8 11.0 5.5
-31.0 65.8 10.6 5.4
-30.8 65.8 10.4 5.4
-30.6 65.8 10.2 5.3
-30.4 65.8 10.2 5.3
-30.2 65.8 10.3 5.4
-30.0 65.8 10.6 5.5
-29.8 65.8 11.0 5.6
-29.6 65.8 11.5 5.8
-29.4 65.8 12.1 6.0
-29.2 65.8 12.7 6.2
-29.0 65.8 13.2 6.4
-28.8 65.8 13.8 6.5
-28.6 65.8 14.2 6.7
-28.4 65.8 14.6 6.8
-28.2 65.8 14.9 7.0
-28.0 65.8 15.1 7.1
-27.8 65.8 15.3 7.3
-27.6 65.8 15.5 7.5
-27.4 65.8 15.7 7.6
-27.2 65.8 15.9 7.8
-27.0 65.8 16.2 7.9
-26.8 65.8 16.6 8.0
-26.6 65.8 17.0 8.2
-26.4 65.8 17.3 8.2
-26.2 65.8 17.7 8.3
-26.0 65.8 18.1 8.3
-25.8 65.8 18.4 8.3
-25.6 65.8 18.6 8.4
-25.4 65.8 18.9 8.4
-25.2 65.8 19.0 8.3
-25.0 65.8 19.1 8.3
-24.8 65.8 19.2 8.3
-24.6 65.8 19.2 8.2
-24.4 65.8 19.2 8.1
-24.2 65.8 19.1 8.0
-24.0 65.8 18.8 7.8
-23.8 65.8 18.5 7.6
-23.6 65.8 17.9 7.3
-23.4 65.8 17.2 7.0
-23.2 65.8 16.3 6.6
-23.0 65.8 15.2 6.1
-22.8 65.8 14.1 5.6
-22.6 65.8 12.8 5.1
-22.4 65.8 11.6 4.6
-22.2 65.8 10.4 4.1
-22.0 65.8 9.4 3.6
-21.8 65.8 8.5 3.1
-21.6 65.8 7.7 2.7
-21.4 65.8 7.1 2.4
-21.2 65.8 6.7 2.1
-21.0 65.8 6.4 1.9
-20.8 65.8 6.3 1.8
-20.6 65.8 6.3 1.7
-20.4 65.8 6.3 1.6
-20.2 65.8 6.5 1.6
-64.6 65.6 10.5 3.6
-64.4 65.6 11.7 4.7
-64.2 65.6 13.0 5.8
-64.0 65.6 14.2 6.9
-63.8 65.6 15.4 7.9
-63.6 65.6 16.4 8.6
-63.4 65.6 17.1 9.2
-63.2 65.6 17.7 9.6
-63.0 65.6 18.2 9.9
-62.8 65.6 18.5 10.1
-62.6 65.6 18.8 10.2
-62.4 65.6 19.0 10.3
-62.2 65.6 19.4 10.5
-62.0 65.6 19.7 10.6
-61.8 65.6 20.2 10.7
-61.6 65.6 20.8 10.8
-61.4 65.6 21.6 10.9
-61.2 65.6 22.5 11.1
-61.0 65.6 23.4 11.2
-60.8 65.6 24.5 11.3
-60.6 65.6 25.6 11.5
-60.4 65.6 26.8 11.6
-60.2 65.6 27.8 11.7
-60.0 65.6 28.8 11.9
-59.8 65.6 29.7 12.0
-59.6 65.6 30.4 12.2
-59.4 65.6 31.1 12.4
-59.2 65.6 31.7 12.7
-59.0 65.6 32.3 12.9
-58.8 65.6 32.9 13.3
-58.6 65.6 33.5 13.6
-58.4 65.6 34.1 14.0
-58.2 65.6 34.7 14.5
-58.0 65.6 35.3 15.0
-57.8 65.6 35.8 15.6
-57.6 65.6 36.3 16.2
-57.4 65.6 36.8 16.9
-57.2 65.6 37.2 17.5
-57.0 65.6 37.6 18.1
-56.8 65.6 37.9 18.7
-56.6 65.6 38.2 19.2
-56.4 65.6 38.3 19.6
-56.2 65.6 38.4 19.9
-56.0 65.6 38.4 20.1
-55.8 65.6 38.4 20.3
-55.6 65.6 38.3 20.5
-55.4 65.6 38.2 20.6
-55.2 65.6 38.2 20.6
-55.0 65.6 38.2 20.7
-54.8 65.6 38.2 20.7
-54.6 65.6 38.2 20.8
-54.4 65.6 38.2 20.8
-54.2 65.6 38.2 20.9
-54.0 65.6 38.2 21.0
-53.8 65.6 38.3 21.1
-53.6 65.6 38.3 21.2
-53.4 65.6 38.4 21.2
-53.2 65.6 38.5 21.1
-53.0 65.6 38.6 21.0
-52.8 65.6 38.8 20.8
-52.6 65.6 39.0 20.6
-52.4 65.6 39.2 20.4
-52.2 65.6 39.5 20.3
-52.0 65.6 39.8 20.2
-51.8 65.6 40.1 20.2
-51.6 65.6 40.4 20.3
-51.4 65.6 40.7 20.4
-51.2 65.6 41.1 20.6
-51.0 65.6 41.4 20.8
-50.8 65.6 41.7 21.0
-50.6 65.6 41.9 21.2
-50.4 65.6 42.0 21.4
-50.2 65.6 41.9 21.5
-50.0 65.6 41.7 21.6
-49.8 65.6 41.3 21.6
-49.6 65.6 40.8 21.7
-49.4 65.6 40.2 21.7
-49.2 65.6 39.6 21.8
-49.0 65.6 38.9 21.8
-48.8 65.6 38.3 21.9
-48.6 65.6 37.6 21.9
-48.4 65.6 36.9 22.0
-48.2 65.6 36.2 22.1
-48.0 65.6 35.6 22.2
-47.8 65.6 34.9 22.4
-47.6 65.6 34.3 22.6
-47.4 65.6 33.8 22.8
-47.2 65.6 33.4 23.2
-47.0 65.6 33.0 23.6
-46.8 65.6 32.8 24.1
-46.6 65.6 32.8 24.6
-46.4 65.6 32.7 25.1
-46.2 65.6 32.8 25.6
-46.0 65.6 32.9 26.0
-45.8 65.6 33.0 26.2
-45.6 65.6 33.2 26.3
-45.4 65.6 33.3 26.3
-45.2 65.6 33.4 26.2
-45.0 65.6 33.5 26.1
-44.8 65.6 33.6 26.0
-44.6 65.6 33.5 26.0
-44.4 65.6 33.5 26.0
-44.2 65.6 33.4 26.0
-44.0 65.6 33.4 25.9
-43.8 65.6 33.3 25.9
-43.6 65.6 33.3 25.7
-43.4 65.6 33.3 25.5
-43.2 65.6 33.4 25.3
-43.0 65.6 33.5 25.0
-42.8 65.6 33.6 24.7
-42.6 65.6 33.7 24.4
-42.4 65.6 33.8 24.1
-42.2 65.6 33.9 23.8
-42.0 65.6 34.0 23.6
-41.8 65.6 34.1 23.3
-41.6 65.6 34.2 23.1
-41.4 65.6 34.2 22.8
-41.2 65.6 34.2 22.5
-41.0 65.6 34.2 22.3
-40.8 65.6 34.1 22.0
-40.6 65.6 34.0 21.6
-40.4 65.6 33.7 21.2
-40.2 65.6 33.5 20.9
-40.0 65.6 33.1 20.5
-39.8 65.6 32.7 20.1
-39.6 65.6 32.1 19.6
-39.4 65.6 31.6 19.2
-39.2 65.6 30.9 18.8
-39.0 65.6 30.2 18.4
-38.8 65.6 29.5 18.0
-38.6 65.6 28.7 17.4
-38.4 65.6 27.9 16.9
-38.2 65.6 27.1 16.2
-38.0 65.6 26.2 15.5
-37.8 65.6 25.4 14.7
-37.6 65.6 24.6 13.9
-37.4 65.6 23.8 13.0
-37.2 65.6 23.0 12.2
-37.0 65.6 22.2 11.4
-36.8 65.6 21.4 10.7
-36.6 65.6 20.6 10.1
-36.4 65.6 19.8 9.5
-36.2 65.6 19.1 8.9
-36.0 65.6 18.4 8.5
-35.8 65.6 17.7 8.1
-35.6 65.6 17.2 7.7
-35.4 65.6 16.7 7.4
-35.2 65.6 16.3 7.1
-35.0 65.6 15.9 6.9
-34.8 65.6 15.7 6.7
-34.6 65.6 15.5 6.6
-34.4 65.6 15.4 6.4
-34.2 65.6 15.2 6.3
-34.0 65.6 15.1 6.2
-33.8 65.6 15.0 6.1
-33.6 65.6 14.9 6.0
-33.4 65.6 14.8 6.0
-33.2 65.6 14.7 5.9
-33.0 65.6 14.5 5.8
-32.8 65.6 14.4 5.8
-32.6 65.6 14.2 5.8
-32.4 65.6 13.9 5.7
-32.2 65.6 13.6 5.7
-32.0 65.6 13.3 5.7
-31.8 65.6 12.9 5.7
-31.6 65.6 12.4 5.7
-31.4 65.6 12.0 5.7
-31.2 65.6 11.6 5.7
-31.0 65.6 11.3 5.7
-30.8 65.6 11.1 5.6
-30.6 65.6 11.1 5.6
-30.4 65.6 11.1 5.7
-30.2 65.6 11.3 5.8
-30.0 65.6 11.6 5.9
-29.8 65.6 12.0 6.1
-29.6 65.6 12.5 6.2
-29.4 65.6 13.1 6.4
-29.2 65.6 13.6 6.6
-29.0 65.6 14.2 6.7
-28.8 65.6 14.8 6.8
-28.6 65.6 15.3 7.0
-28.4 65.6 15.7 7.1
-28.2 65.6 16.0 7.2
-28.0 65.6 16.3 7.4
-27.8 65.6 16.6 7.5
-27.6 65.6 16.8 7.7
-27.4 65.6 17.0 7.9
-27.2 65.6 17.2 8.1
-27.0 65.6 17.4 8.2
-26.8 65.6 17.7 8.4
-26.6 65.6 18.1 8.5
-26.4 65.6 18.4 8.5
-26.2 65.6 18.7 8.6
-26.0 65.6 19.1 8.6
-25.8 65.6 19.3 8.6
-25.6 65.6 19.6 8.6
-25.4 65.6 19.8 8.6
-25.2 65.6 19.9 8.5
-25.0 65.6 20.0 8.5
-24.8 65.6 20.1 8.4
-24.6 65.6 20.0 8.4
-24.4 65.6 20.0 8.2
-24.2 65.6 19.8 8.1
-24.0 65.6 19.5 7.8
-23.8 65.6 19.1 7.6
-23.6 65.6 18.5 7.3
-23.4 65.6 17.8 6.9
-23.2 65.6 16.9 6.5
-23.0 65.6 15.8 6.0
-22.8 65.6 14.6 5.5
-22.6 65.6 13.4 5.0
-22.4 65.6 12.2 4.5
-22.2 65.6 11.1 4.1
-22.0 65.6 10.1 3.6
-21.8 65.6 9.1 3.2
-21.6 65.6 8.4 2.8
-21.4 65.6 7.8 2.4
-21.2 65.6 7.3 2.2
-21.0 65.6 7.0 1.9
-20.8 65.6 6.9 1.8
-20.6 65.6 6.8 1.7
-20.4 65.6 6.9 1.6
-64.4 65.4 14.4 5.0
-64.2 65.4 15.7 6.2
-64.0 65.4 17.0 7.3
-63.8 65.4 18.1 8.4
-63.6 65.4 19.0 9.2
-63.4 65.4 19.7 9.8
-63.2 65.4 20.1 10.3
-63.0 65.4 20.5 10.6
-62.8 65.4 20.7 10.8
-62.6 65.4 20.8 10.9
-62.4 65.4 21.0 11.0
-62.2 65.4 21.2 11.1
-62.0 65.4 21.5 11.2
-61.8 65.4 21.9 11.3
-61.6 65.4 22.3 11.4
-61.4 65.4 22.9 11.5
-61.2 65.4 23.6 11.6
-61.0 65.4 24.4 11.8
-60.8 65.4 25.3 11.9
-60.6 65.4 26.3 12.0
-60.4 65.4 27.2 12.1
-60.2 65.4 28.1 12.3
-60.0 65.4 29.0 12.4
-59.8 65.4 29.8 12.6
-59.6 65.4 30.6 12.8
-59.4 65.4 31.3 13.0
-59.2 65.4 31.9 13.3
-59.0 65.4 32.6 13.5
-58.8 65.4 33.2 13.8
-58.6 65.4 33.9 14.2
-58.4 65.4 34.5 14.5
-58.2 65.4 35.1 14.9
-58.0 65.4 35.7 15.4
-57.8 65.4 36.2 15.9
-57.6 65.4 36.7 16.4
-57.4 65.4 37.1 17.0
-57.2 65.4 37.4 17.6
-57.0 65.4 37.7 18.1
-56.8 65.4 37.8 18.7
-56.6 65.4 37.8 19.2
-56.4 65.4 37.7 19.6
-56.2 65.4 37.5 20.0
-56.0 65.4 37.2 20.3
-55.8 65.4 36.8 20.6
-55.6 65.4 36.5 20.8
-55.4 65.4 36.3 20.9
-55.2 65.4 36.2 21.0
-55.0 65.4 36.3 21.0
-54.8 65.4 36.5 21.0
-54.6 65.4 36.8 21.0
-54.4 65.4 37.2 21.0
-54.2 65.4 37.5 21.1
-54.0 65.4 37.7 21.2
-53.8 65.4 37.9 21.2
-53.6 65.4 38.0 21.3
-53.4 65.4 38.1 21.3
-53.2 65.4 38.1 21.2
-53.0 65.4 38.1 21.0
-52.8 65.4 38.2 20.8
-52.6 65.4 38.2 20.5
-52.4 65.4 38.3 20.3
-52.2 65.4 38.5 20.1
-52.0 65.4 38.6 20.1
-51.8 65.4 38.8 20.0
-51.6 65.4 39.0 20.1
-51.4 65.4 39.3 20.3
-51.2 65.4 39.6 20.4
-51.0 65.4 39.8 20.7
-50.8 65.4 40.1 20.9
-50.6 65.4 40.3 21.1
-50.4 65.4 40.3 21.2
-50.2 65.4 40.2 21.4
-50.0 65.4 40.0 21.5
-49.8 65.4 39.6 21.5
-49.6 65.4 39.1 21.6
-49.4 65.4 38.4 21.6
-49.2 65.4 37.7 21.5
-49.0 65.4 36.8 21.4
-48.8 65.4 36.0 21.2
-48.6 65.4 35.2 21.0
-48.4 65.4 34.3 20.8
-48.2 65.4 33.5 20.7
-48.0 65.4 32.8 20.5
-47.8 65.4 32.1 20.5
-47.6 65.4 31.5 20.6
-47.4 65.4 31.0 20.8
-47.2 65.4 30.6 21.1
-47.0 65.4 30.4 21.6
-46.8 65.4 30.3 22.2
-46.6 65.4 30.4 23.0
-46.4 65.4 30.5 23.8
-46.2 65.4 30.7 24.6
-46.0 65.4 30.9 25.3
-45.8 65.4 31.1 25.9
-45.6 65.4 31.4 26.3
-45.4 65.4 31.7 26.5
-45.2 65.4 31.9 26.6
-45.0 65.4 32.2 26.6
-44.8 65.4 32.5 26.5
-44.6 65.4 32.7 26.4
-44.4 65.4 33.0 26.3
-44.2 65.4 33.2 26.2
-44.0 65.4 33.4 26.0
-43.8 65.4 33.7 25.7
-43.6 65.4 34.0 25.4
-43.4 65.4 34.2 25.1
-43.2 65.4 34.5 24.8
-43.0 65.4 34.7 24.4
-42.8 65.4 35.0 24.1
-42.6 65.4 35.1 23.8
-42.4 65.4 35.3 23.6
-42.2 65.4 35.5 23.3
-42.0 65.4 35.6 23.1
-41.8 65.4 35.7 22.9
-41.6 65.4 35.8 22.7
-41.4 65.4 35.8 22.5
-41.2 65.4 35.9 22.3
-41.0 65.4 35.9 22.0
-40.8 65.4 35.8 21.8
-40.6 65.4 35.7 21.5
-40.4 65.4 35.6 21.3
-40.2 65.4 35.5 21.0
-40.0 65.4 35.2 20.8
-39.8 65.4 35.0 20.6
-39.6 65.4 34.6 20.5
-39.4 65.4 34.2 20.3
-39.2 65.4 33.8 20.2
-39.0 65.4 33.2 20.0
-38.8 65.4 32.7 19.8
-38.6 65.4 32.1 19.6
-38.4 65.4 31.4 19.2
-38.2 65.4 30.7 18.7
-38.0 65.4 30.0 18.0
-37.8 65.4 29.2 17.3
-37.6 65.4 28.4 16.5
-37.4 65.4 27.6 15.7
-37.2 65.4 26.7 14.8
-37.0 65.4 25.8 14.0
-36.8 65.4 24.9 13.3
-36.6 65.4 23.9 12.5
-36.4 65.4 23.0 11.8
-36.2 65.4 22.1 11.2
-36.0 65.4 21.2 10.5
-35.8 65.4 20.3 9.9
-35.6 65.4 19.6 9.3
-35.4 65.4 18.9 8.7
-35.2 65.4 18.3 8.2
-35.0 65.4 17.9 7.8
-34.8 65.4 17.5 7.4
-34.6 65.4 17.2 7.1
-34.4 65.4 17.0 6.8
-34.2 65.4 16.8 6.6
-34.0 65.4 16.7 6.5
-33.8 65.4 16.5 6.3
-33.6 65.4 16.3 6.2
-33.4 65.4 16.0 6.1
-33.2 65.4 15.8 6.1
-33.0 65.4 15.5 6.0
-32.8 65.4 15.3 6.0
-32.6 65.4 15.0 5.9
-32.4 65.4 14.8 5.9
-32.2 65.4 14.5 5.9
-32.0 65.4 14.2 6.0
-31.8 65.4 13.9 6.0
-31.6 65.4 13.6 6.0
-31.4 65.4 13.3 6.1
-31.2 65.4 13.0 6.1
-31.0 65.4 12.8 6.1
-30.8 65.4 12.7 6.2
-30.6 65.4 12.7 6.2
-30.4 65.4 12.8 6.3
-30.2 65.4 12.9 6.3
-30.0 65.4 13.2 6.4
-29.8 65.4 13.5 6.5
-29.6 65.4 13.9 6.6
-29.4 65.4 14.3 6.8
-29.2 65.4 14.8 6.9
-29.0 65.4 15.3 7.0
-28.8 65.4 15.8 7.1
-28.6 65.4 16.3 7.2
-28.4 65.4 16.7 7.3
-28.2 65.4 17.1 7.4
-28.0 65.4 17.4 7.5
-27.8 65.4 17.7 7.7
-27.6 65.4 17.9 7.9
-27.4 65.4 18.2 8.1
-27.2 65.4 18.4 8.3
-27.0 65.4 18.7 8.5
-26.8 65.4 19.0 8.6
-26.6 65.4 19.2 8.7
-26.4 65.4 19.6 8.7
-26.2 65.4 19.8 8.8
-26.0 65.4 20.1 8.7
-25.8 65.4 20.3 8.7
-25.6 65.4 20.5 8.7
-25.4 65.4 20.6 8.6
-25.2 65.4 20.7 8.6
-25.0 65.4 20.8 8.5
-24.8 65.4 20.8 8.4
-24.6 65.4 20.7 8.3
-24.4 65.4 20.5 8.1
-24.2 65.4 20.3 7.9
-24.0 65.4 19.9 7.7
-23.8 65.4 19.5 7.4
-23.6 65.4 18.8 7.1
-23.4 65.4 18.1 6.7
-23.2 65.4 17.2 6.3
-23.0 65.4 16.1 5.8
-22.8 65.4 15.0 5.3
-22.6 65.4 13.9 4.9
-22.4 65.4 12.7 4.4
-22.2 65.4 11.6 3.9
-22.0 65.4 10.6 3.5
-21.8 65.4 9.7 3.1
-21.6 65.4 9.0 2.7
-21.4 65.4 8.4 2.4
-21.2 65.4 7.9 2.1
-21.0 65.4 7.6 1.9
-20.8 65.4 7.4 1.7
-20.6 65.4 7.4 1.6
-64.2 65.2 19.0 6.7
-64.0 65.2 20.4 7.8
-63.8 65.2 21.5 8.9
-63.6 65.2 22.3 9.7
-63.4 65.2 22.9 10.4
-63.2 65.2 23.3 10.9
-63.0 65.2 23.5 11.3
-62.8 65.2 23.6 11.5
-62.6 65.2 23.7 11.6
-62.4 65.2 23.8 11.7
-62.2 65.2 23.9 11.8
-62.0 65.2 24.1 11.9
-61.8 65.2 24.4 11.9
-61.6 65.2 24.7 12.0
-61.4 65.2 25.1 12.1
-61.2 65.2 25.5 12.2
-61.0 65.2 26.1 12.3
-60.8 65.2 26.6 12.4
-60.6 65.2 27.3 12.5
-60.4 65.2 28.0 12.6
-60.2 65.2 28.7 12.7
-60.0 65.2 29.4 12.9
-59.8 65.2 30.2 13.1
-59.6 65.2 30.9 13.3
-59.4 65.2 31.6 13.6
-59.2 65.2 32.3 13.8
-59.0 65.2 33.0 14.1
-58.8 65.2 33.7 14.4
-58.6 65.2 34.4 14.7
-58.4 65.2 35.0 15.0
-58.2 65.2 35.6 15.3
-58.0 65.2 36.1 15.7
-57.8 65.2 36.6 16.2
-57.6 65.2 37.0 16.6
-57.4 65.2 37.3 17.1
-57.2 65.2 37.5 17.7
-57.0 65.2 37.6 18.2
-56.8 65.2 37.6 18.8
-56.6 65.2 37.3 19.3
-56.4 65.2 36.9 19.9
-56.2 65.2 36.3 20.4
-56.0 65.2 35.6 20.8
-55.8 65.2 34.9 21.2
-55.6 65.2 34.2 21.4
-55.4 65.2 33.8 21.6
-55.2 65.2 33.7 21.6
-55.0 65.2 33.9 21.5
-54.8 65.2 34.4 21.4
-54.6 65.2 35.1 21.3
-54.4 65.2 35.9 21.2
-54.2 65.2 36.6 21.1
-54.0 65.2 37.2 21.0
-53.8 65.2 37.6 21.0
-53.6 65.2 37.8 21.0
-53.4 65.2 37.9 21.0
-53.2 65.2 38.0 20.9
-53.0 65.2 37.9 20.7
-52.8 65.2 37.9 20.5
-52.6 65.2 37.9 20.3
-52.4 65.2 37.9 20.1
-52.2 65.2 37.9 20.0
-52.0 65.2 37.9 19.9
-51.8 65.2 38.0 19.9
-51.6 65.2 38.1 20.0
-51.4 65.2 38.2 20.2
-51.2 65.2 38.4 20.5
-51.0 65.2 38.5 20.7
-50.8 65.2 38.7 21.0
-50.6 65.2 38.8 21.3
-50.4 65.2 38.8 21.5
-50.2 65.2 38.7 21.7
-50.0 65.2 38.4 21.8
-49.8 65.2 38.0 21.8
-49.6 65.2 37.3 21.8
-49.4 65.2 36.6 21.5
-49.2 65.2 35.7 21.1
-49.0 65.2 34.7 20.6
-48.8 65.2 33.7 20.0
-48.6 65.2 32.8 19.3
-48.4 65.2 31.9 18.6
-48.2 65.2 31.1 18.0
-48.0 65.2 30.4 17.5
-47.8 65.2 29.8 17.2
-47.6 65.2 29.4 17.1
-47.4 65.2 29.0 17.2
-47.2 65.2 28.9 17.5
-47.0 65.2 28.8 18.1
-46.8 65.2 28.9 18.9
-46.6 65.2 29.0 19.9
-46.4 65.2 29.2 21.0
-46.2 65.2 29.5 22.2
-46.0 65.2 29.7 23.3
-45.8 65.2 30.0 24.4
-45.6 65.2 30.4 25.3
-45.4 65.2 30.8 25.9
-45.2 65.2 31.2 26.3
-45.0 65.2 31.7 26.5
-44.8 65.2 32.2 26.6
-44.6 65.2 32.7 26.5
-44.4 65.2 33.2 26.3
-44.2 65.2 33.7 26.0
-44.0 65.2 34.1 25.7
-43.8 65.2 34.6 25.3
-43.6 65.2 35.0 24.9
-43.4 65.2 35.4 24.4
-43.2 65.2 35.7 24.0
-43.0 65.2 36.0 23.7
-42.8 65.2 36.2 23.3
-42.6 65.2 36.3 23.0
-42.4 65.2 36.4 22.7
-42.2 65.2 36.5 22.5
-42.0 65.2 36.6 22.2
-41.8 65.2 36.6 22.0
-41.6 65.2 36.7 21.7
-41.4 65.2 36.7 21.5
-41.2 65.2 36.7 21.3
-41.0 65.2 36.7 21.1
-40.8 65.2 36.7 20.9
-40.6 65.2 36.6 20.6
-40.4 65.2 36.6 20.5
-40.2 65.2 36.5 20.3
-40.0 65.2 36.4 20.2
-39.8 65.2 36.2 20.2
-39.6 65.2 36.0 20.2
-39.4 65.2 35.8 20.3
-39.2 65.2 35.5 20.3
-39.0 65.2 35.2 20.4
-38.8 65.2 34.8 20.3
-38.6 65.2 34.4 20.2
-38.4 65.2 34.0 20.0
-38.2 65.2 33.5 19.7
-38.0 65.2 33.0 19.3
-37.8 65.2 32.4 18.7
-37.6 65.2 31.8 18.1
-37.4 65.2 31.1 17.5
-37.2 65.2 30.3 16.9
-37.0 65.2 29.5 16.3
-36.8 65.2 28.6 15.7
-36.6 65.2 27.7 15.2
-36.4 65.2 26.7 14.6
-36.2 65.2 25.7 13.9
-36.0 65.2 24.7 13.2
-35.8 65.2 23.7 12.5
-35.6 65.2 22.7 11.7
-35.4 65.2 21.8 10.9
-35.2 65.2 21.0 10.1
-35.0 65.2 20.3 9.4
-34.8 65.2 19.8 8.7
-34.6 65.2 19.3 8.2
-34.4 65.2 18.9 7.7
-34.2 65.2 18.6 7.3
-34.0 65.2 18.2 6.9
-33.8 65.2 17.9 6.7
-33.6 65.2 17.6 6.5
-33.4 65.2 17.3 6.4
-33.2 65.2 16.9 6.3
-33.0 65.2 16.6 6.2
-32.8 65.2 16.4 6.2
-32.6 65.2 16.1 6.2
-32.4 65.2 15.9 6.2
-32.2 65.2 15.7 6.2
-32.0 65.2 15.5 6.3
-31.8 65.2 15.3 6.3
-31.6 65.2 15.1 6.4
-31.4 65.2 14.9 6.4
-31.2 65.2 14.8 6.5
-31.0 65.2 14.7 6.6
-30.8 65.2 14.6 6.6
-30.6 65.2 14.6 6.6
-30.4 65.2 14.6 6.7
-30.2 65.2 14.7 6.7
-30.0 65.2 14.9 6.7
-29.8 65.2 15.1 6.8
-29.6 65.2 15.3 6.9
-29.4 65.2 15.6 6.9
-29.2 65.2 16.0 7.0
-29.0 65.2 16.4 7.1
-28.8 65.2 16.8 7.2
-28.6 65.2 17.2 7.3
-28.4 65.2 17.6 7.4
-28.2 65.2 17.9 7.5
-28.0 65.2 18.3 7.6
-27.8 65.2 18.6 7.8
-27.6 65.2 18.9 8.0
-27.4 65.2 19.1 8.2
-27.2 65.2 19.4 8.4
-27.0 65.2 19.7 8.5
-26.8 65.2 19.9 8.7
-26.6 65.2 20.2 8.7
-26.4 65.2 20.5 8.7
-26.2 65.2 20.7 8.7
-26.0 65.2 20.9 8.6
-25.8 65.2 21.0 8.5
-25.6 65.2 21.1 8.5
-25.4 65.2 21.1 8.4
-25.2 65.2 21.2 8.3
-25.0 65.2 21.1 8.2
-24.8 65.2 21.0 8.0
-24.6 65.2 20.9 7.9
-24.4 65.2 20.7 7.7
-24.2 65.2 20.4 7.5
-24.0 65.2 20.0 7.2
-23.8 65.2 19.5 6.9
-23.6 65.2 18.9 6.6
-23.4 65.2 18.1 6.2
-23.2 65.2 17.2 5.8
-23.0 65.2 16.3 5.4
-22.8 65.2 15.2 5.0
-22.6 65.2 14.1 4.5
-22.4 65.2 13.0 4.1
-22.2 65.2 12.0 3.7
-22.0 65.2 11.1 3.3
-21.8 65.2 10.2 2.9
-21.6 65.2 9.5 2.6
-21.4 65.2 8.9 2.3
-21.2 65.2 8.5 2.0
-21.0 65.2 8.2 1.8
-20.8 65.2 8.0 1.6
-64.0 65.0 23.6 8.2
-63.8 65.0 24.7 9.2
-63.6 65.0 25.6 10.0
-63.4 65.0 26.2 10.7
-63.2 65.0 26.6 11.3
-63.0 65.0 26.8 11.7
-62.8 65.0 26.8 12.0
-62.6 65.0 26.9 12.2
-62.4 65.0 26.9 12.3
-62.2 65.0 26.9 12.4
-62.0 65.0 27.0 12.4
-61.8 65.0 27.2 12.5
-61.6 65.0 27.3 12.5
-61.4 65.0 27.5 12.6
-61.2 65.0 27.7 12.6
-61.0 65.0 28.0 12.7
-60.8 65.0 28.3 12.8
-60.6 65.0 28.6 12.9
-60.4 65.0 29.0 13.0
-60.2 65.0 29.5 13.1
-60.0 65.0 30.0 13.3
-59.8 65.0 30.7 13.5
-59.6 65.0 31.3 13.7
-59.4 65.0 32.0 14.0
-59.2 65.0 32.7 14.3
-59.0 65.0 33.4 14.5
-58.8 65.0 34.1 14.8
-58.6 65.0 34.8 15.1
-58.4 65.0 35.4 15.4
-58.2 65.0 36.0 15.7
-58.0 65.0 36.6 16.0
-57.8 65.0 37.0 16.4
-57.6 65.0 37.4 16.8
-57.4 65.0 37.6 17.2
-57.2 65.0 37.7 17.7
-57.0 65.0 37.6 18.3
-56.8 65.0 37.4 18.8
-56.6 65.0 37.0 19.4
-56.4 65.0 36.3 20.0
-56.2 65.0 35.5 20.5
-56.0 65.0 34.5 21.0
-55.8 65.0 33.5 21.4
-55.6 65.0 32.6 21.6
-55.4 65.0 32.0 21.7
-55.2 65.0 31.9 21.7
-55.0 65.0 32.2 21.5
-54.8 65.0 32.9 21.3
-54.6 65.0 33.9 21.0
-54.4 65.0 34.9 20.8
-54.2 65.0 35.9 20.6
-54.0 65.0 36.7 20.5
-53.8 65.0 37.3 20.4
-53.6 65.0 37.6 20.4
-53.4 65.0 37.8 20.3
-53.2 65.0 37.8 20.3
-53.0 65.0 37.8 20.1
-52.8 65.0 37.8 20.0
-52.6 65.0 37.7 19.9
-52.4 65.0 37.7 19.7
-52.2 65.0 37.7 19.7
-52.0 65.0 37.6 19.7
-51.8 65.0 37.6 19.8
-51.6 65.0 37.6 20.0
-51.4 65.0 37.6 20.2
-51.2 65.0 37.7 20.5
-51.0 65.0 37.7 20.8
-50.8 65.0 37.7 21.2
-50.6 65.0 37.8 21.5
-50.4 65.0 37.7 21.8
-50.2 65.0 37.5 22.0
-50.0 65.0 37.1 22.1
-49.8 65.0 36.6 22.0
-49.6 65.0 35.8 21.7
-49.4 65.0 34.9 21.1
-49.2 65.0 33.8 20.4
-49.0 65.0 32.7 19.4
-48.8 65.0 31.6 18.3
-48.6 65.0 30.6 17.1
-48.4 65.0 29.7 16.0
-48.2 65.0 29.0 15.0
-48.0 65.0 28.4 14.2
-47.8 65.0 28.0 13.7
-47.6 65.0 27.8 13.4
-47.4 65.0 27.7 13.5
-47.2 65.0 27.7 13.8
-47.0 65.0 27.9 14.4
-46.8 65.0 28.1 15.3
-46.6 65.0 28.4 16.5
-46.4 65.0 28.7 17.9
-46.2 65.0 29.0 19.4
-46.0 65.0 29.3 21.0
-45.8 65.0 29.7 22.4
-45.6 65.0 30.1 23.7
-45.4 65.0 30.6 24.7
-45.2 65.0 31.2 25.5
-45.0 65.0 31.8 25.9
-44.8 65.0 32.5 26.0
-44.6 65.0 33.1 26.0
-44.4 65.0 33.8 25.8
-44.2 65.0 34.4 25.4
-44.0 65.0 34.9 25.0
-43.8 65.0 35.5 24.6
-43.6 65.0 35.9 24.1
-43.4 65.0 36.3 23.7
-43.2 65.0 36.6 23.3
-43.0 65.0 36.8 23.0
-42.8 65.0 36.9 22.7
-42.6 65.0 37.0 22.4
-42.4 65.0 37.0 22.2
-42.2 65.0 37.0 21.9
-42.0 65.0 37.0 21.6
-41.8 65.0 36.9 21.3
-41.6 65.0 36.9 21.0
-41.4 65.0 36.9 20.7
-41.2 65.0 36.9 20.5
-41.0 65.0 36.9 20.2
-40.8 65.0 36.9 20.0
-40.6 65.0 36.8 19.8
-40.4 65.0 36.8 19.7
-40.2 65.0 36.7 19.6
-40.0 65.0 36.7 19.5
-39.8 65.0 36.6 19.6
-39.6 65.0 36.5 19.6
-39.4 65.0 36.4 19.8
-39.2 65.0 36.2 19.9
-39.0 65.0 36.0 20.0
-38.8 65.0 35.9 20.0
-38.6 65.0 35.6 20.0
-38.4 65.0 35.4 19.9
-38.2 65.0 35.1 19.7
-38.0 65.0 34.8 19.4
-37.8 65.0 34.5 19.1
-37.6 65.0 34.0 18.7
-37.4 65.0 33.6 18.4
-37.2 65.0 33.0 18.0
-37.0 65.0 32.4 17.8
-36.8 65.0 31.7 17.5
-36.6 65.0 30.9 17.3
-36.4 65.0 30.0 17.0
-36.2 65.0 29.1 16.6
-36.0 65.0 28.1 16.0
-35.8 65.0 27.0 15.4
-35.6 65.0 26.0 14.6
-35.4 65.0 24.9 13.7
-35.2 65.0 23.9 12.7
-35.0 65.0 23.0 11.7
-34.8 65.0 22.2 10.7
-34.6 65.0 21.5 9.8
-34.4 65.0 20.8 9.0
-34.2 65.0 20.3 8.3
-34.0 65.0 19.7 7.7
-33.8 65.0 19.3 7.3
-33.6 65.0 18.8 6.9
-33.4 65.0 18.4 6.7
-33.2 65.0 18.1 6.5
-33.0 65.0 17.7 6.4
-32.8 65.0 17.4 6.4
-32.6 65.0 17.2 6.4
-32.4 65.0 17.0 6.4
-32.2 65.0 16.9 6.4
-32.0 65.0 16.7 6.5
-31.8 65.0 16.6 6.5
-31.6 65.0 16.5 6.6
-31.4 65.0 16.4 6.7
-31.2 65.0 16.3 6.7
-31.0 65.0 16.2 6.8
-30.8 65.0 16.1 6.8
-30.6 65.0 16.1 6.8
-30.4 65.0 16.1 6.9
-30.2 65.0 16.1 6.9
-30.0 65.0 16.2 6.9
-29.8 65.0 16.3 6.9
-29.6 65.0 16.5 6.9
-29.4 65.0 16.7 7.0
-29.2 65.0 17.0 7.1
-29.0 65.0 17.3 7.1
-28.8 65.0 17.6 7.2
-28.6 65.0 18.0 7.3
-28.4 65.0 18.3 7.4
-28.2 65.0 18.6 7.5
-28.0 65.0 18.9 7.7
-27.8 65.0 19.1 7.8
-27.6 65.0 19.4 8.0
-27.4 65.0 19.7 8.1
-27.2 65.0 19.9 8.3
-27.0 65.0 20.2 8.3
-26.8 65.0 20.4 8.4
-26.6 65.0 20.6 8.4
-26.4 65.0 20.8 8.3
-26.2 65.0 20.9 8.2
-26.0 65.0 21.0 8.0
-25.8 65.0 21.1 7.9
-25.6 65.0 21.1 7.7
-25.4 65.0 21.0 7.6
-25.2 65.0 21.0 7.4
-25.0 65.0 20.9 7.3
-24.8 65.0 20.8 7.1
-24.6 65.0 20.6 7.0
-24.4 65.0 20.4 6.8
-24.2 65.0 20.1 6.5
-24.0 65.0 19.7 6.3
-23.8 65.0 19.3 6.1
-23.6 65.0 18.7 5.8
-23.4 65.0 17.9 5.5
-23.2 65.0 17.1 5.1
-23.0 65.0 16.2 4.8
-22.8 65.0 15.2 4.4
-22.6 65.0 14.2 4.1
-22.4 65.0 13.3 3.7
-22.2 65.0 12.3 3.3
-22.0 65.0 11.4 3.0
-21.8 65.0 10.6 2.6
-21.6 65.0 10.0 2.3
-21.4 65.0 9.4 2.0
-21.2 65.0 9.0 1.8
-21.0 65.0 8.6 1.6
-64.0 64.8 25.9 8.6
-63.8 64.8 27.2 9.4
-63.6 64.8 28.1 10.2
-63.4 64.8 28.7 10.9
-63.2 64.8 29.1 11.4
-63.0 64.8 29.3 11.9
-62.8 64.8 29.4 12.2
-62.6 64.8 29.4 12.5
-62.4 64.8 29.4 12.6
-62.2 64.8 29.5 12.7
-62.0 64.8 29.5 12.8
-61.8 64.8 29.6 12.8
-61.6 64.8 29.7 12.9
-61.4 64.8 29.8 12.9
-61.2 64.8 29.9 12.9
-61.0 64.8 30.0 13.0
-60.8 64.8 30.0 13.1
-60.6 64.8 30.2 13.1
-60.4 64.8 30.4 13.3
-60.2 64.8 30.6 13.4
-60.0 64.8 31.0 13.6
-59.8 64.8 31.5 13.9
-59.6 64.8 32.1 14.1
-59.4 64.8 32.7 14.4
-59.2 64.8 33.3 14.6
-59.0 64.8 33.9 14.9
-58.8 64.8 34.6 15.1
-58.6 64.8 35.2 15.4
-58.4 64.8 35.8 15.6
-58.2 64.8 36.4 15.9
-58.0 64.8 36.9 16.2
-57.8 64.8 37.3 16.5
-57.6 64.8 37.6 16.9
-57.4 64.8 37.8 17.3
-57.2 64.8 37.8 17.7
-57.0 64.8 37.6 18.2
-56.8 64.8 37.4 18.7
-56.6 64.8 36.9 19.2
-56.4 64.8 36.3 19.7
-56.2 64.8 35.4 20.1
-56.0 64.8 34.5 20.5
-55.8 64.8 33.6 20.7
-55.6 64.8 32.7 20.9
-55.4 64.8 32.2 20.9
-55.2 64.8 32.0 20.8
-55.0 64.8 32.3 20.6
-54.8 64.8 32.9 20.4
-54.6 64.8 33.8 20.1
-54.4 64.8 34.8 19.8
-54.2 64.8 35.7 19.7
-54.0 64.8 36.4 19.6
-53.8 64.8 36.9 19.5
-53.6 64.8 37.2 19.6
-53.4 64.8 37.4 19.6
-53.2 64.8 37.5 19.6
-53.0 64.8 37.5 19.5
-52.8 64.8 37.5 19.5
-52.6 64.8 37.5 19.5
-52.4 64.8 37.5 19.5
-52.2 64.8 37.5 19.5
-52.0 64.8 37.5 19.6
-51.8 64.8 37.5 19.8
-51.6 64.8 37.4 20.0
-51.4 64.8 37.3 20.3
-51.2 64.8 37.2 20.6
-51.0 64.8 37.2 21.0
-50.8 64.8 37.1 21.3
-50.6 64.8 37.0 21.6
-50.4 64.8 36.8 21.8
-50.2 64.8 36.5 21.9
-50.0 64.8 36.0 21.9
-49.8 64.8 35.4 21.6
-49.6 64.8 34.5 21.0
-49.4 64.8 33.4 20.2
-49.2 64.8 32.2 19.1
-49.0 64.8 31.0 17.8
-48.8 64.8 29.8 16.3
-48.6 64.8 28.8 14.9
-48.4 64.8 27.9 13.6
-48.2 64.8 27.2 12.5
-48.0 64.8 26.8 11.7
-47.8 64.8 26.5 11.1
-47.6 64.8 26.5 10.9
-47.4 64.8 26.6 10.9
-47.2 64.8 26.8 11.2
-47.0 64.8 27.2 11.9
-46.8 64.8 27.5 12.8
-46.6 64.8 27.9 14.0
-46.4 64.8 28.3 15.6
-46.2 64.8 28.7 17.3
-46.0 64.8 29.1 19.1
-45.8 64.8 29.6 20.8
-45.6 64.8 30.1 22.3
-45.4 64.8 30.8 23.6
-45.2 64.8 31.5 24.4
-45.0 64.8 32.2 24.9
-44.8 64.8 33.0 25.1
-44.6 64.8 33.7 25.0
-44.4 64.8 34.4 24.7
-44.2 64.8 35.0 24.4
-44.0 64.8 35.5 24.0
-43.8 64.8 36.0 23.5
-43.6 64.8 36.3 23.2
-43.4 64.8 36.6 22.9
-43.2 64.8 36.8 22.6
-43.0 64.8 37.0 22.4
-42.8 64.8 37.0 22.3
-42.6 64.8 37.0 22.1
-42.4 64.8 37.0 22.0
-42.2 64.8 37.0 21.7
-42.0 64.8 36.9 21.5
-41.8 64.8 36.9 21.2
-41.6 64.8 36.9 20.8
-41.4 64.8 36.8 20.5
-41.2 64.8 36.8 20.2
-41.0 64.8 36.7 20.0
-40.8 64.8 36.7 19.7
-40.6 64.8 36.7 19.5
-40.4 64.8 36.6 19.3
-40.2 64.8 36.6 19.2
-40.0 64.8 36.5 19.1
-39.8 64.8 36.5 19.1
-39.6 64.8 36.4 19.2
-39.4 64.8 36.3 19.3
-39.2 64.8 36.2 19.4
-39.0 64.8 36.1 19.5
-38.8 64.8 36.0 19.5
-38.6 64.8 35.9 19.5
-38.4 64.8 35.8 19.5
-38.2 64.8 35.7 19.3
-38.0 64.8 35.5 19.1
-37.8 64.8 35.3 18.9
-37.6 64.8 35.1 18.7
-37.4 64.8 34.8 18.6
-37.2 64.8 34.5 18.5
-37.0 64.8 34.1 18.5
-36.8 64.8 33.6 18.5
-36.6 64.8 33.0 18.6
-36.4 64.8 32.4 18.6
-36.2 64.8 31.6 18.5
-36.0 64.8 30.7 18.2
-35.8 64.8 29.8 17.8
-35.6 64.8 28.7 17.2
-35.4 64.8 27.7 16.3
-35.2 64.8 26.6 15.4
-35.0 64.8 25.5 14.2
-34.8 64.8 24.5 13.1
-34.6 64.8 23.6 11.9
-34.4 64.8 22.7 10.8
-34.2 64.8 21.9 9.8
-34.0 64.8 21.2 8.9
-33.8 64.8 20.6 8.2
-33.6 64.8 20.1 7.6
-33.4 64.8 19.6 7.2
-33.2 64.8 19.2 6.9
-33.0 64.8 18.8 6.7
-32.8 64.8 18.5 6.6
-32.6 64.8 18.3 6.5
-32.4 64.8 18.1 6.5
-32.2 64.8 17.9 6.5
-32.0 64.8 17.8 6.6
-31.8 64.8 17.7 6.6
-31.6 64.8 17.6 6.6
-31.4 64.8 17.4 6.7
-31.2 64.8 17.3 6.7
-31.0 64.8 17.2 6.8
-30.8 64.8 17.1 6.9
-30.6 64.8 17.0 6.9
-30.4 64.8 17.0 6.9
-30.2 64.8 17.0 6.9
-30.0 64.8 17.1 6.9
-29.8 64.8 17.2 6.9
-29.6 64.8 17.3 7.0
-29.4 64.8 17.5 7.0
-29.2 64.8 17.7 7.1
-29.0 64.8 18.0 7.2
-28.8 64.8 18.3 7.3
-28.6 64.8 18.5 7.4
-28.4 64.8 18.8 7.5
-28.2 64.8 19.0 7.5
-28.0 64.8 19.2 7.6
-27.8 64.8 19.4 7.7
-27.6 64.8 19.6 7.8
-27.4 64.8 19.8 7.8
-27.2 64.8 20.0 7.8
-27.0 64.8 20.2 7.7
-26.8 64.8 20.4 7.6
-26.6 64.8 20.5 7.5
-26.4 64.8 20.6 7.3
-26.2 64.8 20.6 7.1
-26.0 64.8 20.6 6.9
-25.8 64.8 20.5 6.7
-25.6 64.8 20.4 6.5
-25.4 64.8 20.3 6.4
-25.2 64.8 20.1 6.2
-25.0 64.8 20.0 6.0
-24.8 64.8 19.9 5.9
-24.6 64.8 19.7 5.7
-24.4 64.8 19.6 5.5
-24.2 64.8 19.4 5.3
-24.0 64.8 19.1 5.2
-23.8 64.8 18.7 5.0
-23.6 64.8 18.2 4.8
-23.4 64.8 17.5 4.6
-23.2 64.8 16.8 4.3
-23.0 64.8 16.0 4.1
-22.8 64.8 15.1 3.8
-22.6 64.8 14.2 3.5
-22.4 64.8 13.4 3.2
-22.2 64.8 12.5 2.9
-22.0 64.8 11.7 2.6
-21.8 64.8 10.9 2.3
-21.6 64.8 10.3 2.0
-21.4 64.8 9.8 1.8
-21.2 64.8 9.4 1.6
-21.0 64.8 9.0 1.4
-63.8 64.6 28.6 9.8
-63.6 64.6 29.5 10.5
-63.4 64.6 30.2 11.1
-63.2 64.6 30.6 11.6
-63.0 64.6 30.9 12.1
-62.8 64.6 31.0 12.4
-62.6 64.6 31.1 12.6
-62.4 64.6 31.1 12.8
-62.2 64.6 31.1 12.9
-62.0 64.6 31.2 13.0
-61.8 64.6 31.3 13.0
-61.6 64.6 31.4 13.1
-61.4 64.6 31.6 13.1
-61.2 64.6 31.7 13.1
-61.0 64.6 31.7 13.2
-60.8 64.6 31.8 13.3
-60.6 64.6 31.9 13.4
-60.4 64.6 32.0 13.6
-60.2 64.6 32.2 13.8
-60.0 64.6 32.4 14.0
-59.8 64.6 32.7 14.2
-59.6 64.6 33.1 14.5
-59.4 64.6 33.5 14.7
-59.2 64.6 34.0 14.9
-59.0 64.6 34.5 15.2
-58.8 64.6 35.0 15.4
-58.6 64.6 35.5 15.6
-58.4 64.6 36.1 15.9
-58.2 64.6 36.6 16.1
-58.0 64.6 37.0 16.4
-57.8 64.6 37.3 16.7
-57.6 64.6 37.6 17.0
-57.4 64.6 37.7 17.3
-57.2 64.6 37.7 17.6
-57.0 64.6 37.6 18.0
-56.8 64.6 37.3 18.4
-56.6 64.6 37.0 18.8
-56.4 64.6 36.6 19.1
-56.2 64.6 36.0 19.4
-56.0 64.6 35.3 19.6
-55.8 64.6 34.7 19.6
-55.6 64.6 34.1 19.7
-55.4 64.6 33.7 19.6
-55.2 64.6 33.6 19.5
-55.0 64.6 33.7 19.3
-54.8 64.6 34.1 19.1
-54.6 64.6 34.7 18.9
-54.4 64.6 35.2 18.8
-54.2 64.6 35.8 18.7
-54.0 64.6 36.2 18.7
-53.8 64.6 36.5 18.8
-53.6 64.6 36.7 18.8
-53.4 64.6 36.8 18.9
-53.2 64.6 36.9 19.0
-53.0 64.6 37.0 19.0
-52.8 64.6 37.0 19.1
-52.6 64.6 37.2 19.2
-52.4 64.6 37.3 19.3
-52.2 64.6 37.4 19.4
-52.0 64.6 37.5 19.6
-51.8 64.6 37.5 19.9
-51.6 64.6 37.3 20.2
-51.4 64.6 37.2 20.5
-51.2 64.6 37.0 20.8
-51.0 64.6 36.8 21.1
-50.8 64.6 36.6 21.3
-50.6 64.6 36.3 21.5
-50.4 64.6 36.0 21.5
-50.2 64.6 35.6 21.5
-50.0 64.6 35.0 21.2
-49.8 64.6 34.3 20.6
-49.6 64.6 33.4 19.8
-49.4 64.6 32.3 18.7
-49.2 64.6 31.2 17.3
-49.0 64.6 30.0 15.8
-48.8 64.6 28.9 14.3
-48.6 64.6 27.9 12.9
-48.4 64.6 27.0 11.7
-48.2 64.6 26.4 10.7
-48.0 64.6 25.9 10.0
-47.8 64.6 25.7 9.6
-47.6 64.6 25.7 9.5
-47.4 64.6 25.9 9.6
-47.2 64.6 26.2 9.9
-47.0 64.6 26.7 10.6
-46.8 64.6 27.1 11.5
-46.6 64.6 27.6 12.8
-46.4 64.6 28.1 14.3
-46.2 64.6 28.6 16.1
-46.0 64.6 29.1 17.9
-45.8 64.6 29.6 19.7
-45.6 64.6 30.3 21.3
-45.4 64.6 31.0 22.6
-45.2 64.6 31.8 23.5
-45.0 64.6 32.6 23.9
-44.8 64.6 33.4 24.0
-44.6 64.6 34.1 23.8
-44.4 64.6 34.8 23.5
-44.2 64.6 35.3 23.1
-44.0 64.6 35.7 22.7
-43.8 64.6 36.1 22.3
-43.6 64.6 36.4 22.1
-43.4 64.6 36.5 21.9
-43.2 64.6 36.7 21.9
-43.0 64.6 36.8 21.9
-42.8 64.6 36.8 21.9
-42.6 64.6 36.8 22.0
-42.4 64.6 36.8 21.9
-42.2 64.6 36.8 21.8
-42.0 64.6 36.8 21.6
-41.8 64.6 36.7 21.4
-41.6 64.6 36.7 21.1
-41.4 64.6 36.6 20.8
-41.2 64.6 36.5 20.5
-41.0 64.6 36.5 20.3
-40.8 64.6 36.4 20.0
-40.6 64.6 36.4 19.8
-40.4 64.6 36.3 19.5
-40.2 64.6 36.3 19.3
-40.0 64.6 36.2 19.2
-39.8 64.6 36.2 19.1
-39.6 64.6 36.1 19.0
-39.4 64.6 36.0 19.0
-39.2 64.6 35.9 19.1
-39.0 64.6 35.9 19.1
-38.8 64.6 35.8 19.2
-38.6 64.6 35.7 19.2
-38.4 64.6 35.6 19.1
-38.2 64.6 35.6 19.0
-38.0 64.6 35.5 18.9
-37.8 64.6 35.4 18.7
-37.6 64.6 35.3 18.6
-37.4 64.6 35.2 18.6
-37.2 64.6 35.0 18.6
-37.0 64.6 34.8 18.7
-36.8 64.6 34.5 18.9
-36.6 64.6 34.1 19.1
-36.4 64.6 33.6 19.3
-36.2 64.6 33.0 19.4
-36.0 64.6 32.4 19.4
-35.8 64.6 31.6 19.3
-35.6 64.6 30.7 18.9
-35.4 64.6 29.8 18.3
-35.2 64.6 28.7 17.4
-35.0 64.6 27.7 16.4
-34.8 64.6 26.6 15.2
-34.6 64.6 25.5 14.0
-34.4 64.6 24.5 12.7
-34.2 64.6 23.6 11.4
-34.0 64.6 22.7 10.3
-33.8 64.6 21.9 9.3
-33.6 64.6 21.3 8.4
-33.4 64.6 20.7 7.8
-33.2 64.6 20.2 7.3
-33.0 64.6 19.8 7.0
-32.8 64.6 19.5 6.8
-32.6 64.6 19.2 6.7
-32.4 64.6 19.0 6.6
-32.2 64.6 18.8 6.6
-32.0 64.6 18.7 6.6
-31.8 64.6 18.5 6.6
-31.6 64.6 18.3 6.6
-31.4 64.6 18.1 6.6
-31.2 64.6 17.9 6.7
-31.0 64.6 17.7 6.7
-30.8 64.6 17.5 6.8
-30.6 64.6 17.4 6.8
-30.4 64.6 17.4 6.9
-30.2 64.6 17.4 6.9
-30.0 64.6 17.5 6.9
-29.8 64.6 17.6 7.0
-29.6 64.6 17.7 7.0
-29.4 64.6 17.9 7.1
-29.2 64.6 18.1 7.2
-29.0 64.6 18.3 7.3
-28.8 64.6 18.5 7.3
-28.6 64.6 18.7 7.4
-28.4 64.6 18.9 7.4
-28.2 64.6 19.1 7.4
-28.0 64.6 19.2 7.4
-27.8 64.6 19.3 7.3
-27.6 64.6 19.5 7.2
-27.4 64.6 19.6 7.1
-27.2 64.6 19.7 6.9
-27.0 64.6 19.8 6.7
-26.8 64.6 19.9 6.5
-26.6 64.6 19.9 6.3
-26.4 64.6 19.8 6.0
-26.2 64.6 19.7 5.8
-26.0 64.6 19.6 5.6
-25.8 64.6 19.4 5.4
-25.6 64.6 19.1 5.2
-25.4 64.6 18.8 5.0
-25.2 64.6 18.6 4.8
-25.0 64.6 18.4 4.7
-24.8 64.6 18.3 4.5
-24.6 64.6 18.2 4.4
-24.4 64.6 18.1 4.2
-24.2 64.6 18.1 4.1
-24.0 64.6 17.9 4.0
-23.8 64.6 17.7 3.9
-23.6 64.6 17.3 3.7
-23.4 64.6 16.9 3.6
-23.2 64.6 16.3 3.5
-23.0 64.6 15.6 3.3
-22.8 64.6 14.9 3.1
-22.6 64.6 14.1 2.9
-22.4 64.6 13.3 2.6
-22.2 64.6 12.6 2.4
-22.0 64.6 11.8 2.1
-21.8 64.6 11.2 1.9
-21.6 64.6 10.6 1.7
-21.4 64.6 10.1 1.5
-21.2 64.6 9.7 1.3
-63.6 64.4 30.4 10.9
-63.4 64.4 31.2 11.5
-63.2 64.4 31.7 12.0
-63.0 64.4 32.0 12.4
-62.8 64.4 32.1 12.7
-62.6 64.4 32.2 12.9
-62.4 64.4 32.2 13.1
-62.2 64.4 32.3 13.2
-62.0 64.4 32.4 13.2
-61.8 64.4 32.5 13.2
-61.6 64.4 32.7 13.3
-61.4 64.4 32.9 13.3
-61.2 64.4 33.1 13.3
-61.0 64.4 33.2 13.4
-60.8 64.4 33.3 13.5
-60.6 64.4 33.4 13.7
-60.4 64.4 33.6 13.9
-60.2 64.4 33.7 14.1
-60.0 64.4 33.8 14.3
-59.8 64.4 34.0 14.6
-59.6 64.4 34.2 14.8
-59.4 64.4 34.4 15.0
-59.2 64.4 34.7 15.2
-59.0 64.4 35.0 15.4
-58.8 64.4 35.3 15.6
-58.6 64.4 35.7 15.8
-58.4 64.4 36.1 16.0
-58.2 64.4 36.5 16.2
-58.0 64.4 36.9 16.5
-57.8 64.4 37.1 16.7
-57.6 64.4 37.3 17.0
-57.4 64.4 37.4 17.2
-57.2 64.4 37.4 17.5
-57.0 64.4 37.3 17.8
-56.8 64.4 37.1 18.1
-56.6 64.4 37.0 18.3
-56.4 64.4 36.7 18.5
-56.2 64.4 36.4 18.6
-56.0 64.4 36.1 18.6
-55.8 64.4 35.8 18.6
-55.6 64.4 35.5 18.6
-55.4 64.4 35.3 18.5
-55.2 64.4 35.2 18.4
-55.0 64.4 35.2 18.3
-54.8 64.4 35.4 18.2
-54.6 64.4 35.6 18.1
-54.4 64.4 35.8 18.1
-54.2 64.4 36.0 18.1
-54.0 64.4 36.1 18.2
-53.8 64.4 36.2 18.3
-53.6 64.4 36.3 18.4
-53.4 64.4 36.3 18.5
-53.2 64.4 36.4 18.6
-53.0 64.4 36.5 18.7
-52.8 64.4 36.6 18.7
-52.6 64.4 36.8 18.9
-52.4 64.4 37.1 19.0
-52.2 64.4 37.3 19.2
-52.0 64.4 37.4 19.5
-51.8 64.4 37.4 19.8
-51.6 64.4 37.3 20.0
-51.4 64.4 37.1 20.3
-51.2 64.4 36.8 20.5
-51.0 64.4 36.4 20.7
-50.8 64.4 36.0 20.8
-50.6 64.4 35.6 20.8
-50.4 64.4 35.2 20.7
-50.2 64.4 34.7 20.3
-50.0 64.4 34.1 19.8
-49.8 64.4 33.4 18.9
-49.6 64.4 32.6 17.9
-49.4 64.4 31.7 16.6
-49.2 64.4 30.8 15.2
-49.0 64.4 29.9 13.8
-48.8 64.4 29.0 12.4
-48.6 64.4 28.2 11.2
-48.4 64.4 27.4 10.3
-48.2 64.4 26.7 9.6
-48.0 64.4 26.2 9.1
-47.8 64.4 25.8 8.9
-47.6 64.4 25.7 8.8
-47.4 64.4 25.8 9.0
-47.2 64.4 26.1 9.4
-47.0 64.4 26.5 10.1
-46.8 64.4 27.0 11.1
-46.6 64.4 27.5 12.3
-46.4 64.4 28.0 13.9
-46.2 64.4 28.5 15.6
-46.0 64.4 29.1 17.4
-45.8 64.4 29.7 19.2
-45.6 64.4 30.4 20.7
-45.4 64.4 31.2 21.9
-45.2 64.4 32.0 22.6
-45.0 64.4 32.9 23.0
-44.8 64.4 33.6 23.0
-44.6 64.4 34.3 22.7
-44.4 64.4 34.9 22.3
-44.2 64.4 35.4 21.8
-44.0 64.4 35.7 21.4
-43.8 64.4 36.0 21.2
-43.6 64.4 36.2 21.0
-43.4 64.4 36.3 21.0
-43.2 64.4 36.4 21.1
-43.0 64.4 36.5 21.3
-42.8 64.4 36.6 21.5
-42.6 64.4 36.6 21.7
-42.4 64.4 36.7 21.8
-42.2 64.4 36.7 21.8
-42.0 64.4 36.7 21.7
-41.8 64.4 36.6 21.6
-41.6 64.4 36.5 21.4
-41.4 64.4 36.5 21.2
-41.2 64.4 36.4 20.9
-41.0 64.4 36.3 20.7
-40.8 64.4 36.2 20.5
-40.6 64.4 36.1 20.3
-40.4 64.4 36.0 20.1
-40.2 64.4 35.9 19.8
-40.0 64.4 35.9 19.6
-39.8 64.4 35.8 19.4
-39.6 64.4 35.8 19.2
-39.4 64.4 35.7 19.1
-39.2 64.4 35.6 19.1
-39.0 64.4 35.5 19.0
-38.8 64.4 35.4 19.0
-38.6 64.4 35.3 19.0
-38.4 64.4 35.3 18.9
-38.2 64.4 35.2 18.8
-38.0 64.4 35.2 18.7
-37.8 64.4 35.1 18.6
-37.6 64.4 35.1 18.6
-37.4 64.4 35.0 18.5
-37.2 64.4 34.9 18.6
-37.0 64.4 34.8 18.7
-36.8 64.4 34.6 18.9
-36.6 64.4 34.4 19.1
-36.4 64.4 34.0 19.4
-36.2 64.4 33.6 19.6
-36.0 64.4 33.2 19.8
-35.8 64.4 32.6 19.8
-35.6 64.4 31.9 19.6
-35.4 64.4 31.1 19.2
-35.2 64.4 30.2 18.7
-35.0 64.4 29.2 17.9
-34.8 64.4 28.2 16.9
-34.6 64.4 27.1 15.7
-34.4 64.4 26.1 14.4
-34.2 64.4 25.0 13.0
-34.0 64.4 24.1 11.7
-33.8 64.4 23.2 10.5
-33.6 64.4 22.4 9.5
-33.4 64.4 21.7 8.6
-33.2 64.4 21.1 8.0
-33.0 64.4 20.6 7.5
-32.8 64.4 20.2 7.1
-32.6 64.4 19.9 6.9
-32.4 64.4 19.6 6.7
-32.2 64.4 19.4 6.6
-32.0 64.4 19.1 6.5
-31.8 64.4 18.9 6.5
-31.6 64.4 18.6 6.4
-31.4 64.4 18.3 6.4
-31.2 64.4 18.0 6.5
-31.0 64.4 17.8 6.5
-30.8 64.4 17.6 6.6
-30.6 64.4 17.5 6.7
-30.4 64.4 17.4 6.8
-30.2 64.4 17.4 6.9
-30.0 64.4 17.4 6.9
-29.8 64.4 17.6 7.0
-29.6 64.4 17.7 7.1
-29.4 64.4 17.9 7.1
-29.2 64.4 18.1 7.2
-29.0 64.4 18.3 7.2
-28.8 64.4 18.4 7.3
-28.6 64.4 18.5 7.2
-28.4 64.4 18.6 7.1
-28.2 64.4 18.7 7.0
-28.0 64.4 18.8 6.8
-27.8 64.4 18.8 6.6
-27.6 64.4 18.9 6.3
-27.4 64.4 18.9 6.0
-27.2 64.4 18.9 5.8
-27.0 64.4 18.9 5.5
-26.8 64.4 18.9 5.2
-26.6 64.4 18.8 5.0
-26.4 64.4 18.7 4.7
-26.2 64.4 18.5 4.5
-26.0 64.4 18.2 4.3
-25.8 64.4 17.9 4.1
-25.6 64.4 17.5 4.0
-25.4 64.4 17.1 3.8
-25.2 64.4 16.8 3.7
-25.0 64.4 16.5 3.6
-24.8 64.4 16.4 3.4
-24.6 64.4 16.4 3.3
-24.4 64.4 16.4 3.2
-24.2 64.4 16.5 3.1
-24.0 64.4 16.5 3.0
-23.8 64.4 16.5 2.9
-23.6 64.4 16.3 2.8
-23.4 64.4 16.1 2.7
-23.2 64.4 15.7 2.6
-23.0 64.4 15.1 2.5
-22.8 64.4 14.5 2.4
-22.6 64.4 13.9 2.2
-22.4 64.4 13.2 2.1
-22.2 64.4 12.5 1.9
-22.0 64.4 11.9 1.7
-21.8 64.4 11.3 1.5
-21.6 64.4 10.7 1.3
-21.4 64.4 10.3 1.1
-63.4 64.2 32.0 12.0
-63.2 64.2 32.6 12.4
-63.0 64.2 32.9 12.8
-62.8 64.2 33.1 13.1
-62.6 64.2 33.2 13.3
-62.4 64.2 33.2 13.4
-62.2 64.2 33.3 13.5
-62.0 64.2 33.4 13.5
-61.8 64.2 33.5 13.5
-61.6 64.2 33.7 13.5
-61.4 64.2 33.9 13.5
-61.2 64.2 34.1 13.6
-61.0 64.2 34.3 13.6
-60.8 64.2 34.5 13.8
-60.6 64.2 34.7 13.9
-60.4 64.2 34.8 14.1
-60.2 64.2 34.9 14.3
-60.0 64.2 35.0 14.5
-59.8 64.2 35.0 14.7
-59.6 64.2 35.0 14.9
-59.4 64.2 35.1 15.1
-59.2 64.2 35.1 15.3
-59.0 64.2 35.3 15.5
-58.8 64.2 35.5 15.7
-58.6 64.2 35.7 15.9
-58.4 64.2 36.0 16.1
-58.2 64.2 36.3 16.3
-58.0 64.2 36.5 16.5
-57.8 64.2 36.7 16.7
-57.6 64.2 36.8 16.9
-57.4 64.2 36.9 17.1
-57.2 64.2 36.9 17.4
-57.0 64.2 36.8 17.6
-56.8 64.2 36.7 17.7
-56.6 64.2 36.7 17.8
-56.4 64.2 36.5 17.9
-56.2 64.2 36.4 17.9
-56.0 64.2 36.3 17.9
-55.8 64.2 36.2 17.9
-55.6 64.2 36.0 17.8
-55.4 64.2 36.0 17.8
-55.2 64.2 35.9 17.8
-55.0 64.2 35.9 17.8
-54.8 64.2 35.9 17.8
-54.6 64.2 35.9 17.8
-54.4 64.2 36.0 17.9
-54.2 64.2 36.0 17.9
-54.0 64.2 36.0 18.0
-53.8 64.2 36.0 18.1
-53.6 64.2 35.9 18.2
-53.4 64.2 35.9 18.3
-53.2 64.2 35.9 18.3
-53.0 64.2 36.0 18.4
-52.8 64.2 36.1 18.4
-52.6 64.2 36.3 18.5
-52.4 64.2 36.6 18.7
-52.2 64.2 36.8 18.9
-52.0 64.2 36.9 19.0
-51.8 64.2 36.9 19.2
-51.6 64.2 36.8 19.4
-51.4 64.2 36.5 19.5
-51.2 64.2 36.1 19.6
-51.0 64.2 35.7 19.7
-50.8 64.2 35.2 19.6
-50.6 64.2 34.7 19.4
-50.4 64.2 34.2 19.0
-50.2 64.2 33.7 18.5
-50.0 64.2 33.2 17.7
-49.8 64.2 32.7 16.7
-49.6 64.2 32.2 15.6
-49.4 64.2 31.6 14.3
-49.2 64.2 31.0 13.1
-49.0 64.2 30.4 11.9
-48.8 64.2 29.6 10.8
-48.6 64.2 28.8 10.0
-48.4 64.2 28.0 9.4
-48.2 64.2 27.2 8.9
-48.0 64.2 26.6 8.7
-47.8 64.2 26.1 8.6
-47.6 64.2 25.8 8.7
-47.4 64.2 25.8 8.9
-47.2 64.2 26.1 9.3
-47.0 64.2 26.4 10.0
-46.8 64.2 26.9 11.0
-46.6 64.2 27.5 12.2
-46.4 64.2 28.0 13.7
-46.2 64.2 28.6 15.4
-46.0 64.2 29.2 17.2
-45.8 64.2 29.8 18.8
-45.6 64.2 30.5 20.2
-45.4 64.2 31.3 21.3
-45.2 64.2 32.1 22.0
-45.0 64.2 32.9 22.2
-44.8 64.2 33.7 22.1
-44.6 64.2 34.3 21.8
-44.4 64.2 34.9 21.3
-44.2 64.2 35.3 20.8
-44.0 64.2 35.6 20.4
-43.8 64.2 35.8 20.1
-43.6 64.2 35.9 20.0
-43.4 64.2 36.0 20.1
-43.2 64.2 36.1 20.2
-43.0 64.2 36.2 20.5
-42.8 64.2 36.3 20.8
-42.6 64.2 36.3 21.1
-42.4 64.2 36.4 21.3
-42.2 64.2 36.4 21.5
-42.0 64.2 36.4 21.5
-41.8 64.2 36.4 21.5
-41.6 64.2 36.4 21.4
-41.4 64.2 36.3 21.3
-41.2 64.2 36.2 21.2
-41.0 64.2 36.1 21.0
-40.8 64.2 35.9 20.9
-40.6 64.2 35.8 20.7
-40.4 64.2 35.7 20.5
-40.2 64.2 35.6 20.2
-40.0 64.2 35.6 20.0
-39.8 64.2 35.5 19.8
-39.6 64.2 35.4 19.6
-39.4 64.2 35.3 19.5
-39.2 64.2 35.2 19.3
-39.0 64.2 35.1 19.3
-38.8 64.2 35.0 19.2
-38.6 64.2 34.9 19.1
-38.4 64.2 34.8 19.0
-38.2 64.2 34.8 18.9
-38.0 64.2 34.8 18.9
-37.8 64.2 34.7 18.8
-37.6 64.2 34.7 18.7
-37.4 64.2 34.6 18.7
-37.2 64.2 34.6 18.7
-37.0 64.2 34.5 18.7
-36.8 64.2 34.3 18.8
-36.6 64.2 34.2 19.0
-36.4 64.2 34.0 19.2
-36.2 64.2 33.7 19.4
-36.0 64.2 33.3 19.5
-35.8 64.2 32.9 19.7
-35.6 64.2 32.4 19.7
-35.4 64.2 31.8 19.5
-35.2 64.2 31.1 19.2
-35.0 64.2 30.3 18.7
-34.8 64.2 29.4 17.9
-34.6 64.2 28.4 16.9
-34.4 64.2 27.3 15.7
-34.2 64.2 26.2 14.4
-34.0 64.2 25.2 13.0
-33.8 64.2 24.1 11.7
-33.6 64.2 23.2 10.5
-33.4 64.2 22.4 9.5
-33.2 64.2 21.7 8.6
-33.0 64.2 21.1 8.0
-32.8 64.2 20.6 7.5
-32.6 64.2 20.2 7.1
-32.4 64.2 19.8 6.8
-32.2 64.2 19.5 6.6
-32.0 64.2 19.2 6.4
-31.8 64.2 18.8 6.3
-31.6 64.2 18.5 6.2
-31.4 64.2 18.1 6.2
-31.2 64.2 17.8 6.2
-31.0 64.2 17.5 6.3
-30.8 64.2 17.2 6.4
-30.6 64.2 17.1 6.5
-30.4 64.2 17.0 6.6
-30.2 64.2 17.0 6.7
-30.0 64.2 17.0 6.8
-29.8 64.2 17.2 6.9
-29.6 64.2 17.3 7.0
-29.4 64.2 17.5 7.0
-29.2 64.2 17.6 7.0
-29.0 64.2 17.8 7.0
-28.8 64.2 17.9 6.9
-28.6 64.2 17.9 6.7
-28.4 64.2 18.0 6.5
-28.2 64.2 18.0 6.2
-28.0 64.2 18.0 5.8
-27.8 64.2 17.9 5.5
-27.6 64.2 17.9 5.2
-27.4 64.2 17.8 4.8
-27.2 64.2 17.8 4.5
-27.0 64.2 17.6 4.3
-26.8 64.2 17.5 4.0
-26.6 64.2 17.4 3.8
-26.4 64.2 17.2 3.6
-26.2 64.2 16.9 3.4
-26.0 64.2 16.6 3.3
-25.8 64.2 16.2 3.2
-25.6 64.2 15.8 3.1
-25.4 64.2 15.4 3.0
-25.2 64.2 15.1 2.9
-25.0 64.2 14.8 2.8
-24.8 64.2 14.7 2.7
-24.6 64.2 14.7 2.5
-24.4 64.2 14.8 2.4
-24.2 64.2 15.0 2.3
-24.0 64.2 15.2 2.2
-23.8 64.2 15.3 2.1
-23.6 64.2 15.3 2.0
-23.4 64.2 15.2 2.0
-23.2 64.2 14.9 1.9
-23.0 64.2 14.6 1.8
-22.8 64.2 14.1 1.8
-22.6 64.2 13.6 1.6
-22.4 64.2 13.0 1.5
-22.2 64.2 12.4 1.4
-22.0 64.2 11.8 1.2
-21.8 64.2 11.3 1.1
-21.6 64.2 10.8 1.0
-63.2 64.0 33.1 12.9
-63.0 64.0 33.5 13.2
-62.8 64.0 33.8 13.5
-62.6 64.0 33.9 13.7
-62.4 64.0 34.0 13.8
-62.2 64.0 34.0 13.9
-62.0 64.0 34.1 13.9
-61.8 64.0 34.2 13.9
-61.6 64.0 34.4 13.9
-61.4 64.0 34.6 13.8
-61.2 64.0 34.9 13.9
-61.0 64.0 35.1 13.9
-60.8 64.0 35.3 14.0
-60.6 64.0 35.5 14.1
-60.4 64.0 35.7 14.3
-60.2 64.0 35.7 14.4
-60.0 64.0 35.7 14.6
-59.8 64.0 35.6 14.7
-59.6 64.0 35.5 14.9
-59.4 64.0 35.4 15.1
-59.2 64.0 35.3 15.3
-59.0 64.0 35.3 15.5
-58.8 64.0 35.4 15.7
-58.6 64.0 35.5 15.9
-58.4 64.0 35.7 16.0
-58.2 64.0 35.9 16.2
-58.0 64.0 36.1 16.4
-57.8 64.0 36.2 16.5
-57.6 64.0 36.3 16.7
-57.4 64.0 36.4 16.9
-57.2 64.0 36.4 17.1
-57.0 64.0 36.4 17.2
-56.8 64.0 36.3 17.4
-56.6 64.0 36.3 17.4
-56.4 64.0 36.2 17.4
-56.2 64.0 36.1 17.4
-56.0 64.0 36.1 17.4
-55.8 64.0 36.0 17.4
-55.6 64.0 35.9 17.5
-55.4 64.0 35.9 17.5
-55.2 64.0 35.9 17.6
-55.0 64.0 35.8 17.7
-54.8 64.0 35.8 17.8
-54.6 64.0 35.8 17.9
-54.4 64.0 35.8 17.9
-54.2 64.0 35.7 18.0
-54.0 64.0 35.7 18.1
-53.8 64.0 35.6 18.1
-53.6 64.0 35.5 18.1
-53.4 64.0 35.5 18.1
-53.2 64.0 35.4 18.1
-53.0 64.0 35.4 18.1
-52.8 64.0 35.4 18.1
-52.6 64.0 35.4 18.1
-52.4 64.0 35.5 18.2
-52.2 64.0 35.5 18.3
-52.0 64.0 35.6 18.3
-51.8 64.0 35.5 18.3
-51.6 64.0 35.3 18.3
-51.4 64.0 35.0 18.3
-51.2 64.0 34.7 18.2
-51.0 64.0 34.3 18.0
-50.8 64.0 33.9 17.7
-50.6 64.0 33.5 17.3
-50.4 64.0 33.1 16.8
-50.2 64.0 32.8 16.1
-50.0 64.0 32.5 15.2
-49.8 64.0 32.2 14.2
-49.6 64.0 31.9 13.2
-49.4 64.0 31.6 12.2
-49.2 64.0 31.2 11.2
-49.0 64.0 30.6 10.3
-48.8 64.0 29.8 9.7
-48.6 64.0 28.9 9.2
-48.4 64.0 27.9 8.9
-48.2 64.0 27.0 8.7
-48.0 64.0 26.2 8.7
-47.8 64.0 25.7 8.7
-47.6 64.0 25.5 8.8
-47.4 64.0 25.5 9.0
-47.2 64.0 25.8 9.4
-47.0 64.0 26.3 10.1
-46.8 64.0 26.9 11.0
-46.6 64.0 27.6 12.2
-46.4 64.0 28.1 13.6
-46.2 64.0 28.7 15.3
-46.0 64.0 29.3 16.9
-45.8 64.0 29.9 18.5
-45.6 64.0 30.6 19.8
-45.4 64.0 31.3 20.8
-45.2 64.0 32.1 21.4
-45.0 64.0 32.8 21.7
-44.8 64.0 33.5 21.6
-44.6 64.0 34.1 21.2
-44.4 64.0 34.6 20.7
-44.2 64.0 35.0 20.2
-44.0 64.0 35.3 19.7
-43.8 64.0 35.5 19.3
-43.6 64.0 35.6 19.1
-43.4 64.0 35.7 19.1
-43.2 64.0 35.8 19.2
-43.0 64.0 35.8 19.5
-42.8 64.0 35.9 19.9
-42.6 64.0 35.9 20.2
-42.4 64.0 36.0 20.6
-42.2 64.0 36.0 20.8
-42.0 64.0 36.1 21.0
-41.8 64.0 36.1 21.1
-41.6 64.0 36.1 21.1
-41.4 64.0 36.0 21.1
-41.2 64.0 36.0 21.1
-41.0 64.0 35.9 21.0
-40.8 64.0 35.7 20.9
-40.6 64.0 35.6 20.7
-40.4 64.0 35.5 20.6
-40.2 64.0 35.3 20.4
-40.0 64.0 35.2 20.2
-39.8 64.0 35.1 20.0
-39.6 64.0 35.0 19.8
-39.4 64.0 34.9 19.7
-39.2 64.0 34.7 19.6
-39.0 64.0 34.6 19.5
-38.8 64.0 34.5 19.4
-38.6 64.0 34.4 19.4
-38.4 64.0 34.4 19.3
-38.2 64.0 34.3 19.2
-38.0 64.0 34.3 19.1
-37.8 64.0 34.2 19.1
-37.6 64.0 34.2 19.0
-37.4 64.0 34.1 18.9
-37.2 64.0 34.1 18.8
-37.0 64.0 34.0 18.8
-36.8 64.0 33.9 18.8
-36.6 64.0 33.7 18.8
-36.4 64.0 33.6 18.9
-36.2 64.0 33.4 19.0
-36.0 64.0 33.2 19.2
-35.8 64.0 32.9 19.4
-35.6 64.0 32.5 19.5
-35.4 64.0 32.1 19.5
-35.2 64.0 31.5 19.4
-35.0 64.0 30.8 19.1
-34.8 64.0 30.1 18.6
-34.6 64.0 29.2 17.8
-34.4 64.0 28.2 16.7
-34.2 64.0 27.1 15.5
-34.0 64.0 26.0 14.1
-33.8 64.0 25.0 12.7
-33.6 64.0 23.9 11.4
-33.4 64.0 23.0 10.2
-33.2 64.0 22.2 9.2
-33.0 64.0 21.4 8.4
-32.8 64.0 20.8 7.8
-32.6 64.0 20.2 7.2
-32.4 64.0 19.7 6.8
-32.2 64.0 19.1 6.4
-32.0 64.0 18.6 6.1
-31.8 64.0 18.1 5.9
-31.6 64.0 17.6 5.8
-31.4 64.0 17.2 5.7
-31.2 64.0 16.8 5.8
-31.0 64.0 16.5 5.9
-30.8 64.0 16.3 6.0
-30.6 64.0 16.2 6.2
-30.4 64.0 16.1 6.3
-30.2 64.0 16.2 6.5
-30.0 64.0 16.3 6.5
-29.8 64.0 16.4 6.6
-29.6 64.0 16.6 6.6
-29.4 64.0 16.7 6.6
-29.2 64.0 16.8 6.5
-29.0 64.0 16.9 6.3
-28.8 64.0 16.9 6.1
-28.6 64.0 17.0 5.8
-28.4 64.0 16.9 5.5
-28.2 64.0 16.9 5.1
-28.0 64.0 16.8 4.7
-27.8 64.0 16.7 4.3
-27.6 64.0 16.6 4.0
-27.4 64.0 16.4 3.7
-27.2 64.0 16.2 3.5
-27.0 64.0 16.0 3.2
-26.8 64.0 15.8 3.1
-26.6 64.0 15.6 2.9
-26.4 64.0 15.4 2.8
-26.2 64.0 15.1 2.7
-26.0 64.0 14.8 2.6
-25.8 64.0 14.5 2.5
-25.6 64.0 14.2 2.5
-25.4 64.0 13.9 2.4
-25.2 64.0 13.7 2.3
-25.0 64.0 13.5 2.2
-24.8 64.0 13.4 2.1
-24.6 64.0 13.5 1.9
-24.4 64.0 13.6 1.8
-24.2 64.0 13.9 1.7
-24.0 64.0 14.1 1.5
-23.8 64.0 14.3 1.4
-23.6 64.0 14.4 1.4
-23.4 64.0 14.4 1.3
-23.2 64.0 14.2 1.3
-23.0 64.0 14.0 1.2
-22.8 64.0 13.6 1.1
-22.6 64.0 13.2 1.1
-22.4 64.0 12.7 1.0
-22.2 64.0 12.2 1.0
-22.0 64.0 11.7 1.0
-21.8 64.0 11.2 1.0
-63.0 63.8 33.6 13.6
-62.8 63.8 33.9 13.8
-62.6 63.8 34.1 13.9
-62.4 63.8 34.2 14.0
-62.2 63.8 34.4 14.1
-62.0 63.8 34.5 14.1
-61.8 63.8 34.7 14.1
-61.6 63.8 34.9 14.1
-61.4 63.8 35.1 14.1
-61.2 63.8 35.3 14.2
-61.0 63.8 35.5 14.2
-60.8 63.8 35.7 14.3
-60.6 63.8 35.8 14.4
-60.4 63.8 35.9 14.4
-60.2 63.8 35.9 14.5
-60.0 63.8 35.8 14.6
-59.8 63.8 35.7 14.7
-59.6 63.8 35.5 14.8
-59.4 63.8 35.3 15.0
-59.2 63.8 35.2 15.1
-59.0 63.8 35.1 15.3
-58.8 63.8 35.1 15.5
-58.6 63.8 35.2 15.7
-58.4 63.8 35.3 15.9
-58.2 63.8 35.4 16.0
-58.0 63.8 35.6 16.2
-57.8 63.8 35.7 16.3
-57.6 63.8 35.8 16.4
-57.4 63.8 35.9 16.6
-57.2 63.8 35.9 16.8
-57.0 63.8 35.9 16.9
-56.8 63.8 35.9 17.0
-56.6 63.8 35.8 17.1
-56.4 63.8 35.8 17.2
-56.2 63.8 35.7 17.2
-56.0 63.8 35.6 17.2
-55.8 63.8 35.6 17.2
-55.6 63.8 35.5 17.3
-55.4 63.8 35.5 17.4
-55.2 63.8 35.4 17.6
-55.0 63.8 35.4 17.7
-54.8 63.8 35.3 17.9
-54.6 63.8 35.3 18.0
-54.4 63.8 35.2 18.1
-54.2 63.8 35.2 18.2
-54.0 63.8 35.1 18.2
-53.8 63.8 35.0 18.1
-53.6 63.8 34.9 18.0
-53.4 63.8 34.8 18.0
-53.2 63.8 34.6 17.8
-53.0 63.8 34.4 17.7
-52.8 63.8 34.2 17.6
-52.6 63.8 34.0 17.5
-52.4 63.8 33.8 17.4
-52.2 63.8 33.6 17.3
-52.0 63.8 33.4 17.2
-51.8 63.8 33.2 17.0
-51.6 63.8 32.9 16.8
-51.4 63.8 32.7 16.5
-51.2 63.8 32.4 16.2
-51.0 63.8 32.2 15.8
-50.8 63.8 32.0 15.3
-50.6 63.8 31.8 14.8
-50.4 63.8 31.7 14.1
-50.2 63.8 31.7 13.4
-50.0 63.8 31.7 12.7
-49.8 63.8 31.8 11.9
-49.6 63.8 31.7 11.1
-49.4 63.8 31.5 10.3
-49.2 63.8 31.0 9.7
-49.0 63.8 30.3 9.2
-48.8 63.8 29.3 8.9
-48.6 63.8 28.2 8.8
-48.4 63.8 27.1 8.7
-48.2 63.8 26.0 8.7
-48.0 63.8 25.3 8.8
-47.8 63.8 24.8 8.8
-47.6 63.8 24.8 8.9
-47.4 63.8 25.0 9.1
-47.2 63.8 25.6 9.5
-47.0 63.8 26.2 10.1
-46.8 63.8 26.9 11.0
-46.6 63.8 27.6 12.1
-46.4 63.8 28.3 13.5
-46.2 63.8 28.8 15.0
-46.0 63.8 29.4 16.6
-45.8 63.8 30.0 18.1
-45.6 63.8 30.6 19.4
-45.4 63.8 31.2 20.4
-45.2 63.8 31.9 21.0
-45.0 63.8 32.6 21.3
-44.8 63.8 33.2 21.3
-44.6 63.8 33.8 21.1
-44.4 63.8 34.2 20.6
-44.2 63.8 34.6 20.0
-44.0 63.8 34.9 19.5
-43.8 63.8 35.1 19.0
-43.6 63.8 35.2 18.6
-43.4 63.8 35.3 18.4
-43.2 63.8 35.4 18.5
-43.0 63.8 35.4 18.7
-42.8 63.8 35.5 19.0
-42.6 63.8 35.5 19.4
-42.4 63.8 35.5 19.7
-42.2 63.8 35.5 20.1
-42.0 63.8 35.6 20.4
-41.8 63.8 35.6 20.6
-41.6 63.8 35.7 20.7
-41.4 63.8 35.7 20.7
-41.2 63.8 35.6 20.7
-41.0 63.8 35.6 20.6
-40.8 63.8 35.4 20.5
-40.6 63.8 35.3 20.4
-40.4 63.8 35.1 20.2
-40.2 63.8 35.0 20.0
-40.0 63.8 34.8 19.8
-39.8 63.8 34.7 19.6
-39.6 63.8 34.5 19.5
-39.4 63.8 34.4 19.4
-39.2 63.8 34.3 19.3
-39.0 63.8 34.2 19.3
-38.8 63.8 34.1 19.3
-38.6 63.8 34.0 19.3
-38.4 63.8 33.9 19.3
-38.2 63.8 33.8 19.2
-38.0 63.8 33.7 19.1
-37.8 63.8 33.7 19.1
-37.6 63.8 33.6 19.0
-37.4 63.8 33.6 18.9
-37.2 63.8 33.5 18.8
-37.0 63.8 33.4 18.7
-36.8 63.8 33.3 18.6
-36.6 63.8 33.2 18.6
-36.4 63.8 33.1 18.6
-36.2 63.8 33.0 18.7
-36.0 63.8 32.8 18.9
-35.8 63.8 32.6 19.1
-35.6 63.8 32.3 19.2
-35.4 63.8 32.0 19.4
-35.2 63.8 31.6 19.4
-35.0 63.8 31.1 19.2
-34.8 63.8 30.4 18.8
-34.6 63.8 29.7 18.1
-34.4 63.8 28.8 17.3
-34.2 63.8 27.8 16.2
-34.0 63.8 26.8 14.9
-33.8 63.8 25.8 13.5
-33.6 63.8 24.7 12.2
-33.4 63.8 23.7 10.9
-33.2 63.8 22.7 9.8
-33.0 63.8 21.8 8.8
-32.8 63.8 20.9 8.0
-32.6 63.8 20.0 7.3
-32.4 63.8 19.1 6.7
-32.2 63.8 18.2 6.1
-32.0 63.8 17.4 5.7
-31.8 63.8 16.6 5.3
-31.6 63.8 15.8 5.1
-31.4 63.8 15.2 5.0
-31.2 63.8 14.8 5.1
-31.0 63.8 14.6 5.2
-30.8 63.8 14.5 5.4
-30.6 63.8 14.6 5.6
-30.4 63.8 14.7 5.8
-30.2 63.8 14.9 6.0
-30.0 63.8 15.1 6.1
-29.8 63.8 15.3 6.1
-29.6 63.8 15.4 6.0
-29.4 63.8 15.4 5.9
-29.2 63.8 15.5 5.7
-29.0 63.8 15.5 5.4
-28.8 63.8 15.5 5.1
-28.6 63.8 15.5 4.7
-28.4 63.8 15.5 4.4
-28.2 63.8 15.4 4.0
-28.0 63.8 15.3 3.7
-27.8 63.8 15.1 3.3
-27.6 63.8 14.9 3.1
-27.4 63.8 14.7 2.8
-27.2 63.8 14.4 2.6
-27.0 63.8 14.1 2.5
-26.8 63.8 13.8 2.4
-26.6 63.8 13.6 2.3
-26.4 63.8 13.3 2.2
-26.2 63.8 13.1 2.1
-26.0 63.8 12.9 2.0
-25.8 63.8 12.7 2.0
-25.6 63.8 12.6 2.0
-25.4 63.8 12.5 1.9
-25.2 63.8 12.4 1.8
-25.0 63.8 12.4 1.7
-24.8 63.8 12.4 1.6
-24.6 63.8 12.5 1.4
-24.4 63.8 12.7 1.3
-24.2 63.8 13.0 1.1
-24.0 63.8 13.2 1.0
-23.8 63.8 13.4 1.0
-23.6 63.8 13.6 1.0
-23.4 63.8 13.6 1.0
-23.2 63.8 13.6 1.0
-23.0 63.8 13.4 1.0
-22.8 63.8 13.1 1.0
-22.6 63.8 12.8 1.0
-22.4 63.8 12.4 1.0
-22.2 63.8 11.9 1.0
-22.0 63.8 11.5 1.0
-63.0 63.6 33.2 14.0
-62.8 63.6 33.6 14.1
-62.6 63.6 33.9 14.2
-62.4 63.6 34.1 14.2
-62.2 63.6 34.3 14.3
-62.0 63.6 34.5 14.3
-61.8 63.6 34.7 14.3
-61.6 63.6 34.8 14.3
-61.4 63.6 35.0 14.4
-61.2 63.6 35.2 14.4
-61.0 63.6 35.3 14.5
-60.8 63.6 35.4 14.5
-60.6 63.6 35.5 14.5
-60.4 63.6 35.6 14.5
-60.2 63.6 35.6 14.6
-60.0 63.6 35.5 14.6
-59.8 63.6 35.3 14.6
-59.6 63.6 35.1 14.7
-59.4 63.6 35.0 14.9
-59.2 63.6 34.8 15.0
-59.0 63.6 34.7 15.2
-58.8 63.6 34.7 15.4
-58.6 63.6 34.7 15.6
-58.4 63.6 34.7 15.7
-58.2 63.6 34.8 15.9
-58.0 63.6 34.9 16.0
-57.8 63.6 35.0 16.1
-57.6 63.6 35.2 16.3
-57.4 63.6 35.3 16.4
-57.2 63.6 35.3 16.5
-57.0 63.6 35.4 16.7
-56.8 63.6 35.4 16.8
-56.6 63.6 35.3 16.9
-56.4 63.6 35.2 17.0
-56.2 63.6 35.2 17.1
-56.0 63.6 35.1 17.1
-55.8 63.6 35.0 17.2
-55.6 63.6 34.9 17.3
-55.4 63.6 34.9 17.4
-55.2 63.6 34.8 17.6
-55.0 63.6 34.7 17.7
-54.8 63.6 34.6 17.9
-54.6 63.6 34.5 18.0
-54.4 63.6 34.4 18.0
-54.2 63.6 34.3 18.0
-54.0 63.6 34.2 17.9
-53.8 63.6 34.1 17.8
-53.6 63.6 33.9 17.6
-53.4 63.6 33.6 17.4
-53.2 63.6 33.3 17.1
-53.0 63.6 33.0 16.9
-52.8 63.6 32.5 16.6
-52.6 63.6 32.1 16.3
-52.4 63.6 31.6 16.1
-52.2 63.6 31.1 15.8
-52.0 63.6 30.7 15.5
-51.8 63.6 30.3 15.1
-51.6 63.6 30.0 14.8
-51.4 63.6 29.8 14.3
-51.2 63.6 29.6 13.9
-51.0 63.6 29.6 13.4
-50.8 63.6 29.7 12.8
-50.6 63.6 29.9 12.2
-50.4 63.6 30.2 11.6
-50.2 63.6 30.6 11.0
-50.0 63.6 31.1 10.5
-49.8 63.6 31.4 9.9
-49.6 63.6 31.5 9.4
-49.4 63.6 31.3 9.0
-49.2 63.6 30.7 8.7
-49.0 63.6 29.8 8.5
-48.8 63.6 28.7 8.4
-48.6 63.6 27.4 8.4
-48.4 63.6 26.1 8.5
-48.2 63.6 25.1 8.6
-48.0 63.6 24.4 8.7
-47.8 63.6 24.1 8.8
-47.6 63.6 24.2 8.9
-47.4 63.6 24.7 9.1
-47.2 63.6 25.3 9.5
-47.0 63.6 26.1 10.1
-46.8 63.6 26.9 10.9
-46.6 63.6 27.6 12.0
-46.4 63.6 28.3 13.3
-46.2 63.6 28.8 14.8
-46.0 63.6 29.3 16.3
-45.8 63.6 29.8 17.7
-45.6 63.6 30.4 19.0
-45.4 63.6 31.0 20.0
-45.2 63.6 31.6 20.7
-45.0 63.6 32.2 21.2
-44.8 63.6 32.8 21.3
-44.6 63.6 33.3 21.2
-44.4 63.6 33.7 20.9
-44.2 63.6 34.1 20.4
-44.0 63.6 34.4 19.8
-43.8 63.6 34.6 19.3
-43.6 63.6 34.7 18.8
-43.4 63.6 34.9 18.5
-43.2 63.6 34.9 18.4
-43.0 63.6 35.0 18.4
-42.8 63.6 35.0 18.7
-42.6 63.6 35.0 19.0
-42.4 63.6 35.1 19.3
-42.2 63.6 35.1 19.7
-42.0 63.6 35.1 20.0
-41.8 63.6 35.1 20.1
-41.6 63.6 35.2 20.2
-41.4 63.6 35.2 20.2
-41.2 63.6 35.2 20.2
-41.0 63.6 35.1 20.1
-40.8 63.6 35.0 19.9
-40.6 63.6 34.9 19.7
-40.4 63.6 34.7 19.5
-40.2 63.6 34.6 19.3
-40.0 63.6 34.4 19.0
-39.8 63.6 34.3 18.8
-39.6 63.6 34.2 18.6
-39.4 63.6 34.0 18.5
-39.2 63.6 33.9 18.4
-39.0 63.6 33.8 18.5
-38.8 63.6 33.6 18.6
-38.6 63.6 33.5 18.6
-38.4 63.6 33.4 18.7
-38.2 63.6 33.3 18.7
-38.0 63.6 33.2 18.6
-37.8 63.6 33.2 18.5
-37.6 63.6 33.1 18.5
-37.4 63.6 33.0 18.4
-37.2 63.6 32.9 18.3
-37.0 63.6 32.8 18.3
-36.8 63.6 32.8 18.3
-36.6 63.6 32.7 18.3
-36.4 63.6 32.6 18.3
-36.2 63.6 32.5 18.4
-36.0 63.6 32.4 18.5
-35.8 63.6 32.2 18.7
-35.6 63.6 32.0 18.8
-35.4 63.6 31.8 19.0
-35.2 63.6 31.5 19.0
-35.0 63.6 31.1 18.9
-34.8 63.6 30.6 18.6
-34.6 63.6 30.0 18.1
-34.4 63.6 29.2 17.4
-34.2 63.6 28.4 16.5
-34.0 63.6 27.5 15.3
-33.8 63.6 26.5 14.1
-33.6 63.6 25.5 12.8
-33.4 63.6 24.5 11.5
-33.2 63.6 23.4 10.3
-33.0 63.6 22.3 9.2
-32.8 63.6 21.1 8.2
-32.6 63.6 19.8 7.4
-32.4 63.6 18.4 6.6
-32.2 63.6 17.0 5.9
-32.0 63.6 15.7 5.2
-31.8 63.6 14.4 4.7
-31.6 63.6 13.4 4.4
-31.4 63.6 12.7 4.2
-31.2 63.6 12.2 4.2
-31.0 63.6 12.1 4.4
-30.8 63.6 12.3 4.7
-30.6 63.6 12.6 5.0
-30.4 63.6 13.0 5.2
-30.2 63.6 13.3 5.4
-30.0 63.6 13.6 5.4
-29.8 63.6 13.7 5.3
-29.6 63.6 13.7 5.2
-29.4 63.6 13.6 4.9
-29.2 63.6 13.5 4.6
-29.0 63.6 13.5 4.3
-28.8 63.6 13.5 4.0
-28.6 63.6 13.5 3.7
-28.4 63.6 13.6 3.4
-28.2 63.6 13.5 3.1
-28.0 63.6 13.5 2.8
-27.8 63.6 13.3 2.6
-27.6 63.6 13.0 2.4
-27.4 63.6 12.7 2.2
-27.2 63.6 12.3 2.0
-27.0 63.6 12.0 1.9
-26.8 63.6 11.6 1.8
-26.6 63.6 11.3 1.7
-26.4 63.6 11.0 1.6
-26.2 63.6 10.9 1.6
-26.0 63.6 10.8 1.5
-25.8 63.6 10.8 1.5
-25.6 63.6 10.8 1.4
-25.4 63.6 10.9 1.4
-25.2 63.6 11.0 1.3
-25.0 63.6 11.2 1.2
-24.8 63.6 11.4 1.1
-24.6 63.6 11.6 1.0
-24.4 63.6 11.9 1.0
-24.2 63.6 12.2 1.0
-24.0 63.6 12.4 1.0
-23.8 63.6 12.7 1.0
-23.6 63.6 12.8 1.0
-23.4 63.6 12.9 1.0
-23.2 63.6 12.9 1.0
-23.0 63.6 12.8 1.0
-22.8 63.6 12.6 1.0
-22.6 63.6 12.3 1.0
-22.4 63.6 11.9 1.0
-22.2 63.6 11.6 1.0
-22.0 63.6 11.2 1.0
-62.8 63.4 33.1 14.6
-62.6 63.4 33.4 14.6
-62.4 63.4 33.7 14.5
-62.2 63.4 33.9 14.5
-62.0 63.4 34.1 14.5
-61.8 63.4 34.3 14.5
-61.6 63.4 34.4 14.5
-61.4 63.4 34.5 14.5
-61.2 63.4 34.6 14.5
-61.0 63.4 34.7 14.6
-60.8 63.4 34.8 14.6
-60.6 63.4 34.8 14.6
-60.4 63.4 34.9 14.5
-60.2 63.4 34.9 14.5
-60.0 63.4 34.8 14.5
-59.8 63.4 34.7 14.5
-59.6 63.4 34.6 14.6
-59.4 63.4 34.4 14.8
-59.2 63.4 34.3 15.0
-59.0 63.4 34.2 15.2
-58.8 63.4 34.1 15.4
-58.6 63.4 34.0 15.5
-58.4 63.4 34.0 15.7
-58.2 63.4 34.0 15.8
-58.0 63.4 34.0 16.0
-57.8 63.4 34.1 16.1
-57.6 63.4 34.2 16.2
-57.4 63.4 34.3 16.4
-57.2 63.4 34.4 16.5
-57.0 63.4 34.5 16.6
-56.8 63.4 34.5 16.8
-56.6 63.4 34.5 16.8
-56.4 63.4 34.4 16.9
-56.2 63.4 34.4 16.9
-56.0 63.4 34.3 17.0
-55.8 63.4 34.2 17.0
-55.6 63.4 34.1 17.0
-55.4 63.4 34.0 17.0
-55.2 63.4 33.9 17.1
-55.0 63.4 33.7 17.2
-54.8 63.4 33.6 17.2
-54.6 63.4 33.4 17.3
-54.4 63.4 33.2 17.2
-54.2 63.4 33.0 17.1
-54.0 63.4 32.7 16.9
-53.8 63.4 32.5 16.6
-53.6 63.4 32.2 16.3
-53.4 63.4 31.8 16.0
-53.2 63.4 31.3 15.6
-53.0 63.4 30.8 15.3
-52.8 63.4 30.2 14.9
-52.6 63.4 29.6 14.4
-52.4 63.4 28.9 14.0
-52.2 63.4 28.3 13.6
-52.0 63.4 27.8 13.2
-51.8 63.4 27.3 12.9
-51.6 63.4 27.0 12.5
-51.4 63.4 26.8 12.0
-51.2 63.4 26.8 11.6
-51.0 63.4 27.0 11.1
-50.8 63.4 27.4 10.6
-50.6 63.4 28.0 10.1
-50.4 63.4 28.8 9.7
-50.2 63.4 29.6 9.3
-50.0 63.4 30.3 8.9
-49.8 63.4 30.9 8.6
-49.6 63.4 31.0 8.3
-49.4 63.4 30.8 8.1
-49.2 63.4 30.2 8.0
-49.0 63.4 29.2 8.0
-48.8 63.4 28.0 8.0
-48.6 63.4 26.8 8.1
-48.4 63.4 25.6 8.3
-48.2 63.4 24.7 8.4
-48.0 63.4 24.1 8.5
-47.8 63.4 23.9 8.6
-47.6 63.4 24.0 8.8
-47.4 63.4 24.5 9.0
-47.2 63.4 25.2 9.4
-47.0 63.4 25.9 10.0
-46.8 63.4 26.7 10.8
-46.6 63.4 27.4 11.8
-46.4 63.4 28.0 13.1
-46.2 63.4 28.6 14.4
-46.0 63.4 29.1 15.8
-45.8 63.4 29.5 17.2
-45.6 63.4 30.0 18.5
-45.4 63.4 30.6 19.5
-45.2 63.4 31.1 20.4
-45.0 63.4 31.7 21.0
-44.8 63.4 32.2 21.3
-44.6 63.4 32.7 21.4
-44.4 63.4 33.1 21.3
-44.2 63.4 33.5 21.0
-44.0 63.4 33.8 20.5
-43.8 63.4 34.0 20.0
-43.6 63.4 34.2 19.6
-43.4 63.4 34.4 19.2
-43.2 63.4 34.5 19.0
-43.0 63.4 34.6 19.0
-42.8 63.4 34.6 19.1
-42.6 63.4 34.6 19.3
-42.4 63.4 34.6 19.6
-42.2 63.4 34.7 19.8
-42.0 63.4 34.7 20.0
-41.8 63.4 34.7 20.1
-41.6 63.4 34.7 20.2
-41.4 63.4 34.7 20.1
-41.2 63.4 34.6 19.9
-41.0 63.4 34.6 19.7
-40.8 63.4 34.5 19.4
-40.6 63.4 34.4 19.1
-40.4 63.4 34.3 18.7
-40.2 63.4 34.2 18.4
-40.0 63.4 34.0 18.1
-39.8 63.4 33.9 17.8
-39.6 63.4 33.8 17.6
-39.4 63.4 33.7 17.5
-39.2 63.4 33.5 17.5
-39.0 63.4 33.4 17.6
-38.8 63.4 33.3 17.7
-38.6 63.4 33.1 17.8
-38.4 63.4 33.0 17.9
-38.2 63.4 32.9 17.9
-38.0 63.4 32.8 17.8
-37.8 63.4 32.7 17.8
-37.6 63.4 32.6 17.8
-37.4 63.4 32.5 17.8
-37.2 63.4 32.4 17.8
-37.0 63.4 32.3 17.9
-36.8 63.4 32.3 17.9
-36.6 63.4 32.2 18.0
-36.4 63.4 32.1 18.0
-36.2 63.4 32.1 18.1
-36.0 63.4 32.0 18.1
-35.8 63.4 31.8 18.2
-35.6 63.4 31.7 18.4
-35.4 63.4 31.5 18.5
-35.2 63.4 31.2 18.5
-35.0 63.4 30.9 18.4
-34.8 63.4 30.5 18.2
-34.6 63.4 30.0 17.9
-34.4 63.4 29.5 17.3
-34.2 63.4 28.8 16.5
-34.0 63.4 28.0 15.5
-33.8 63.4 27.1 14.3
-33.6 63.4 26.2 13.1
-33.4 63.4 25.1 11.8
-33.2 63.4 24.0 10.6
-33.0 63.4 22.7 9.5
-32.8 63.4 21.2 8.5
-32.6 63.4 19.6 7.6
-32.4 63.4 17.8 6.7
-32.2 63.4 16.0 5.9
-32.0 63.4 14.3 5.2
-31.8 63.4 12.7 4.5
-31.6 63.4 11.5 4.0
-31.4 63.4 10.6 3.7
-31.2 63.4 10.3 3.6
-31.0 63.4 10.3 3.7
-30.8 63.4 10.6 4.0
-30.6 63.4 11.1 4.3
-30.4 63.4 11.5 4.5
-30.2 63.4 11.9 4.6
-30.0 63.4 12.0 4.6
-29.8 63.4 11.9 4.4
-29.6 63.4 11.7 4.2
-29.4 63.4 11.4 3.8
-29.2 63.4 11.2 3.5
-29.0 63.4 11.1 3.2
-28.8 63.4 11.1 3.0
-28.6 63.4 11.2 2.8
-28.4 63.4 11.3 2.6
-28.2 63.4 11.3 2.4
-28.0 63.4 11.3 2.2
-27.8 63.4 11.2 2.0
-27.6 63.4 10.9 1.9
-27.4 63.4 10.6 1.7
-27.2 63.4 10.1 1.5
-27.0 63.4 9.7 1.4
-26.8 63.4 9.3 1.3
-26.6 63.4 9.0 1.2
-26.4 63.4 8.8 1.1
-26.2 63.4 8.7 1.1
-26.0 63.4 8.7 1.0
-25.8 63.4 8.8 1.0
-25.6 63.4 9.0 1.0
-25.4 63.4 9.3 1.0
-25.2 63.4 9.7 1.0
-25.0 63.4 10.0 1.0
-24.8 63.4 10.4 1.0
-24.6 63.4 10.7 1.0
-24.4 63.4 11.1 1.0
-24.2 63.4 11.4 1.0
-24.0 63.4 11.7 1.0
-23.8 63.4 11.9 1.0
-23.6 63.4 12.1 1.0
-23.4 63.4 12.2 1.0
-23.2 63.4 12.2 1.0
-23.0 63.4 12.1 1.0
-22.8 63.4 12.0 1.0
-22.6 63.4 11.8 1.0
-22.4 63.4 11.5 1.0
-22.2 63.4 11.2 1.0
-62.6 63.2 33.0 15.1
-62.4 63.2 33.3 14.9
-62.2 63.2 33.4 14.8
-62.0 63.2 33.6 14.7
-61.8 63.2 33.7 14.6
-61.6 63.2 33.7 14.6
-61.4 63.2 33.8 14.5
-61.2 63.2 33.9 14.5
-61.0 63.2 33.9 14.5
-60.8 63.2 34.0 14.5
-60.6 63.2 34.1 14.4
-60.4 63.2 34.2 14.4
-60.2 63.2 34.2 14.4
-60.0 63.2 34.2 14.4
-59.8 63.2 34.2 14.5
-59.6 63.2 34.1 14.6
-59.4 63.2 34.0 14.8
-59.2 63.2 33.8 15.0
-59.0 63.2 33.6 15.2
-58.8 63.2 33.4 15.4
-58.6 63.2 33.2 15.6
-58.4 63.2 33.0 15.8
-58.2 63.2 32.8 16.0
-58.0 63.2 32.7 16.1
-57.8 63.2 32.6 16.3
-57.6 63.2 32.6 16.4
-57.4 63.2 32.7 16.5
-57.2 63.2 32.8 16.6
-57.0 63.2 32.9 16.6
-56.8 63.2 33.0 16.7
-56.6 63.2 33.0 16.6
-56.4 63.2 33.1 16.6
-56.2 63.2 33.1 16.5
-56.0 63.2 33.1 16.4
-55.8 63.2 33.0 16.3
-55.6 63.2 32.9 16.2
-55.4 63.2 32.7 16.1
-55.2 63.2 32.5 16.0
-55.0 63.2 32.3 16.0
-54.8 63.2 31.9 15.9
-54.6 63.2 31.6 15.8
-54.4 63.2 31.2 15.7
-54.2 63.2 30.8 15.4
-54.0 63.2 30.4 15.1
-53.8 63.2 30.0 14.8
-53.6 63.2 29.6 14.4
-53.4 63.2 29.1 13.9
-53.2 63.2 28.6 13.5
-53.0 63.2 28.0 13.1
-52.8 63.2 27.3 12.6
-52.6 63.2 26.7 12.2
-52.4 63.2 26.0 11.8
-52.2 63.2 25.4 11.4
-52.0 63.2 24.9 11.1
-51.8 63.2 24.5 10.7
-51.6 63.2 24.2 10.4
-51.4 63.2 24.2 10.1
-51.2 63.2 24.3 9.8
-51.0 63.2 24.7 9.5
-50.8 63.2 25.4 9.1
-50.6 63.2 26.3 8.8
-50.4 63.2 27.4 8.5
-50.2 63.2 28.4 8.2
-50.0 63.2 29.2 8.0
-49.8 63.2 29.8 7.9
-49.6 63.2 29.9 7.8
-49.4 63.2 29.7 7.7
-49.2 63.2 29.1 7.7
-49.0 63.2 28.2 7.8
-48.8 63.2 27.2 7.9
-48.6 63.2 26.1 8.0
-48.4 63.2 25.1 8.1
-48.2 63.2 24.4 8.3
-48.0 63.2 23.9 8.4
-47.8 63.2 23.8 8.5
-47.6 63.2 24.0 8.7
-47.4 63.2 24.4 8.9
-47.2 63.2 25.0 9.3
-47.0 63.2 25.7 9.9
-46.8 63.2 26.4 10.6
-46.6 63.2 27.1 11.6
-46.4 63.2 27.6 12.7
-46.2 63.2 28.1 13.9
-46.0 63.2 28.6 15.2
-45.8 63.2 29.1 16.5
-45.6 63.2 29.6 17.7
-45.4 63.2 30.1 18.8
-45.2 63.2 30.6 19.8
-45.0 63.2 31.1 20.5
-44.8 63.2 31.6 21.1
-44.6 63.2 32.1 21.4
-44.4 63.2 32.5 21.5
-44.2 63.2 32.9 21.4
-44.0 63.2 33.2 21.2
-43.8 63.2 33.5 20.8
-43.6 63.2 33.7 20.5
-43.4 63.2 33.9 20.2
-43.2 63.2 34.0 20.0
-43.0 63.2 34.1 19.9
-42.8 63.2 34.1 19.9
-42.6 63.2 34.2 20.0
-42.4 63.2 34.2 20.2
-42.2 63.2 34.2 20.3
-42.0 63.2 34.2 20.4
-41.8 63.2 34.2 20.4
-41.6 63.2 34.2 20.4
-41.4 63.2 34.1 20.2
-41.2 63.2 34.1 19.9
-41.0 63.2 34.0 19.5
-40.8 63.2 34.0 19.1
-40.6 63.2 33.9 18.7
-40.4 63.2 33.8 18.3
-40.2 63.2 33.7 17.9
-40.0 63.2 33.6 17.6
-39.8 63.2 33.5 17.4
-39.6 63.2 33.4 17.2
-39.4 63.2 33.3 17.1
-39.2 63.2 33.2 17.1
-39.0 63.2 33.0 17.2
-38.8 63.2 32.9 17.2
-38.6 63.2 32.8 17.3
-38.4 63.2 32.7 17.3
-38.2 63.2 32.6 17.3
-38.0 63.2 32.4 17.2
-37.8 63.2 32.3 17.2
-37.6 63.2 32.2 17.2
-37.4 63.2 32.1 17.3
-37.2 63.2 32.0 17.5
-37.0 63.2 31.9 17.6
-36.8 63.2 31.9 17.8
-36.6 63.2 31.8 17.8
-36.4 63.2 31.7 17.9
-36.2 63.2 31.7 17.9
-36.0 63.2 31.6 17.9
-35.8 63.2 31.5 18.0
-35.6 63.2 31.3 18.0
-35.4 63.2 31.2 18.0
-35.2 63.2 31.0 18.0
-35.0 63.2 30.7 18.0
-34.8 63.2 30.4 17.8
-34.6 63.2 30.0 17.4
-34.4 63.2 29.5 16.9
-34.2 63.2 28.9 16.2
-34.0 63.2 28.2 15.2
-33.8 63.2 27.4 14.2
-33.6 63.2 26.5 13.0
-33.4 63.2 25.5 11.8
-33.2 63.2 24.3 10.7
-33.0 63.2 23.0 9.7
-32.8 63.2 21.4 8.7
-32.6 63.2 19.6 7.9
-32.4 63.2 17.6 7.0
-32.2 63.2 15.6 6.2
-32.0 63.2 13.7 5.5
-31.8 63.2 12.1 4.7
-31.6 63.2 10.8 4.2
-31.4 63.2 10.0 3.7
-31.2 63.2 9.7 3.5
-31.0 63.2 9.8 3.5
-30.8 63.2 10.1 3.7
-30.6 63.2 10.6 3.9
-30.4 63.2 10.9 4.0
-30.2 63.2 11.1 4.0
-30.0 63.2 11.0 3.8
-29.8 63.2 10.7 3.6
-29.6 63.2 10.2 3.2
-29.4 63.2 9.6 2.9
-29.2 63.2 9.2 2.6
-29.0 63.2 8.9 2.3
-28.8 63.2 8.9 2.1
-28.6 63.2 8.9 2.0
-28.4 63.2 9.0 1.9
-28.2 63.2 9.1 1.9
-28.0 63.2 9.2 1.8
-27.8 63.2 9.0 1.6
-27.6 63.2 8.8 1.5
-27.4 63.2 8.5 1.3
-27.2 63.2 8.1 1.2
-27.0 63.2 7.7 1.0
-26.8 63.2 7.4 1.0
-26.6 63.2 7.1 1.0
-26.4 63.2 7.0 1.0
-26.2 63.2 6.9 1.0
-26.0 63.2 7.0 1.0
-25.8 63.2 7.3 1.0
-25.6 63.2 7.6 1.0
-25.4 63.2 8.0 1.0
-25.2 63.2 8.5 1.0
-25.0 63.2 8.9 1.0
-24.8 63.2 9.4 1.0
-24.6 63.2 9.8 1.0
-24.4 63.2 10.2 1.0
-24.2 63.2 10.6 1.0
-24.0 63.2 10.9 1.0
-23.8 63.2 11.2 1.0
-23.6 63.2 11.4 1.0
-23.4 63.2 11.5 1.0
-23.2 63.2 11.6 1.0
-23.0 63.2 11.5 1.0
-22.8 63.2 11.4 1.0
-22.6 63.2 11.2 1.0
-22.4 63.2 11.0 1.0
-62.4 63.0 33.0 15.2
-62.2 63.0 33.1 15.0
-62.0 63.0 33.2 14.8
-61.8 63.0 33.2 14.7
-61.6 63.0 33.3 14.6
-61.4 63.0 33.3 14.5
-61.2 63.0 33.4 14.5
-61.0 63.0 33.4 14.5
-60.8 63.0 33.5 14.4
-60.6 63.0 33.6 14.4
-60.4 63.0 33.7 14.3
-60.2 63.0 33.8 14.3
-60.0 63.0 33.8 14.4
-59.8 63.0 33.8 14.5
-59.6 63.0 33.8 14.6
-59.4 63.0 33.7 14.8
-59.2 63.0 33.5 15.1
-59.0 63.0 33.1 15.3
-58.8 63.0 32.7 15.6
-58.6 63.0 32.1 15.8
-58.4 63.0 31.5 16.0
-58.2 63.0 30.9 16.2
-58.0 63.0 30.4 16.4
-57.8 63.0 30.1 16.5
-57.6 63.0 29.9 16.6
-57.4 63.0 29.8 16.6
-57.2 63.0 30.0 16.5
-57.0 63.0 30.2 16.4
-56.8 63.0 30.4 16.3
-56.6 63.0 30.7 16.1
-56.4 63.0 31.0 15.9
-56.2 63.0 31.2 15.7
-56.0 63.0 31.3 15.4
-55.8 63.0 31.3 15.2
-55.6 63.0 31.2 14.9
-55.4 63.0 30.9 14.7
-55.2 63.0 30.6 14.5
-55.0 63.0 30.1 14.4
-54.8 63.0 29.6 14.2
-54.6 63.0 29.1 14.0
-54.4 63.0 28.5 13.8
-54.2 63.0 27.9 13.4
-54.0 63.0 27.4 13.1
-53.8 63.0 26.9 12.7
-53.6 63.0 26.4 12.2
-53.4 63.0 25.9 11.8
-53.2 63.0 25.3 11.4
-53.0 63.0 24.8 11.0
-52.8 63.0 24.3 10.6
-52.6 63.0 23.7 10.3
-52.4 63.0 23.2 10.0
-52.2 63.0 22.7 9.7
-52.0 63.0 22.3 9.5
-51.8 63.0 22.0 9.3
-51.6 63.0 21.9 9.1
-51.4 63.0 22.0 9.0
-51.2 63.0 22.3 8.8
-51.0 63.0 22.8 8.6
-50.8 63.0 23.7 8.3
-50.6 63.0 24.6 8.1
-50.4 63.0 25.7 8.0
-50.2 63.0 26.7 7.8
-50.0 63.0 27.4 7.7
-49.8 63.0 27.9 7.6
-49.6 63.0 28.0 7.6
-49.4 63.0 27.8 7.6
-49.2 63.0 27.3 7.7
-49.0 63.0 26.6 7.8
-48.8 63.0 25.8 7.9
-48.6 63.0 25.0 8.0
-48.4 63.0 24.3 8.1
-48.2 63.0 23.9 8.3
-48.0 63.0 23.6 8.4
-47.8 63.0 23.6 8.6
-47.6 63.0 23.8 8.7
-47.4 63.0 24.2 9.0
-47.2 63.0 24.8 9.4
-47.0 63.0 25.4 9.8
-46.8 63.0 26.0 10.5
-46.6 63.0 26.6 11.3
-46.4 63.0 27.1 12.2
-46.2 63.0 27.6 13.3
-46.0 63.0 28.1 14.4
-45.8 63.0 28.6 15.6
-45.6 63.0 29.0 16.7
-45.4 63.0 29.5 17.8
-45.2 63.0 30.0 18.8
-45.0 63.0 30.5 19.7
-44.8 63.0 31.0 20.3
-44.6 63.0 31.5 20.8
-44.4 63.0 31.9 21.1
-44.2 63.0 32.3 21.3
-44.0 63.0 32.6 21.3
-43.8 63.0 32.9 21.2
-43.6 63.0 33.1 21.0
-43.4 63.0 33.3 20.9
-43.2 63.0 33.4 20.7
-43.0 63.0 33.6 20.6
-42.8 63.0 33.6 20.6
-42.6 63.0 33.7 20.6
-42.4 63.0 33.7 20.6
-42.2 63.0 33.8 20.7
-42.0 63.0 33.8 20.7
-41.8 63.0 33.8 20.6
-41.6 63.0 33.7 20.5
-41.4 63.0 33.7 20.2
-41.2 63.0 33.6 19.9
-41.0 63.0 33.6 19.4
-40.8 63.0 33.5 19.0
-40.6 63.0 33.5 18.5
-40.4 63.0 33.4 18.1
-40.2 63.0 33.3 17.7
-40.0 63.0 33.2 17.5
-39.8 63.0 33.2 17.4
-39.6 63.0 33.1 17.3
-39.4 63.0 33.0 17.3
-39.2 63.0 32.9 17.3
-39.0 63.0 32.8 17.2
-38.8 63.0 32.6 17.2
-38.6 63.0 32.5 17.1
-38.4 63.0 32.4 17.0
-38.2 63.0 32.3 16.9
-38.0 63.0 32.2 16.8
-37.8 63.0 32.1 16.9
-37.6 63.0 32.0 17.0
-37.4 63.0 31.9 17.1
-37.2 63.0 31.8 17.4
-37.0 63.0 31.7 17.6
-36.8 63.0 31.6 17.7
-36.6 63.0 31.6 17.8
-36.4 63.0 31.5 17.9
-36.2 63.0 31.4 18.0
-36.0 63.0 31.3 18.0
-35.8 63.0 31.2 18.0
-35.6 63.0 31.0 17.9
-35.4 63.0 30.9 17.9
-35.2 63.0 30.7 17.7
-35.0 63.0 30.4 17.6
-34.8 63.0 30.1 17.3
-34.6 63.0 29.8 16.8
-34.4 63.0 29.3 16.2
-34.2 63.0 28.8 15.5
-34.0 63.0 28.2 14.6
-33.8 63.0 27.4 13.6
-33.6 63.0 26.6 12.6
-33.4 63.0 25.6 11.5
-33.2 63.0 24.4 10.5
-33.0 63.0 23.0 9.6
-32.8 63.0 21.5 8.8
-32.6 63.0 19.7 8.1
-32.4 63.0 17.9 7.4
-32.2 63.0 15.9 6.7
-32.0 63.0 14.1 6.0
-31.8 63.0 12.6 5.4
-31.6 63.0 11.4 4.8
-31.4 63.0 10.7 4.3
-31.2 63.0 10.4 3.9
-31.0 63.0 10.4 3.8
-30.8 63.0 10.7 3.7
-30.6 63.0 11.0 3.7
-30.4 63.0 11.1 3.6
-30.2 63.0 11.1 3.5
-30.0 63.0 10.7 3.2
-29.8 63.0 10.1 2.9
-29.6 63.0 9.4 2.5
-29.4 63.0 8.6 2.2
-29.2 63.0 8.0 1.9
-29.0 63.0 7.6 1.7
-28.8 63.0 7.4 1.6
-28.6 63.0 7.3 1.6
-28.4 63.0 7.4 1.6
-28.2 63.0 7.4 1.5
-28.0 63.0 7.4 1.5
-27.8 63.0 7.3 1.4
-27.6 63.0 7.2 1.3
-27.4 63.0 6.9 1.1
-27.2 63.0 6.6 1.0
-27.0 63.0 6.3 1.0
-26.8 63.0 6.1 1.0
-26.6 63.0 5.9 1.0
-26.4 63.0 5.9 1.0
-26.2 63.0 5.9 1.0
-26.0 63.0 6.1 1.0
-25.8 63.0 6.4 1.0
-25.6 63.0 6.7 1.0
-25.4 63.0 7.1 1.0
-25.2 63.0 7.6 1.0
-25.0 63.0 8.1 1.0
-24.8 63.0 8.6 1.0
-24.6 63.0 9.1 1.0
-24.4 63.0 9.5 1.0
-24.2 63.0 9.9 1.0
-24.0 63.0 10.2 1.0
-23.8 63.0 10.5 1.0
-23.6 63.0 10.7 1.0
-23.4 63.0 10.8 1.0
-23.2 63.0 10.9 1.0
-23.0 63.0 10.9 1.0
-22.8 63.0 10.8 1.0
-22.6 63.0 10.6 1.0
-62.4 62.8 32.9 15.4
-62.2 62.8 33.0 15.1
-62.0 62.8 33.1 14.9
-61.8 62.8 33.1 14.7
-61.6 62.8 33.1 14.6
-61.4 62.8 33.1 14.6
-61.2 62.8 33.1 14.5
-61.0 62.8 33.1 14.5
-60.8 62.8 33.2 14.4
-60.6 62.8 33.3 14.4
-60.4 62.8 33.4 14.4
-60.2 62.8 33.5 14.4
-60.0 62.8 33.6 14.5
-59.8 62.8 33.6 14.6
-59.6 62.8 33.6 14.7
-59.4 62.8 33.4 14.9
-59.2 62.8 33.1 15.1
-59.0 62.8 32.6 15.3
-58.8 62.8 31.9 15.6
-58.6 62.8 30.9 15.8
-58.4 62.8 29.9 16.1
-58.2 62.8 28.7 16.3
-58.0 62.8 27.7 16.5
-57.8 62.8 26.8 16.5
-57.6 62.8 26.2 16.5
-57.4 62.8 26.0 16.3
-57.2 62.8 26.0 16.1
-57.0 62.8 26.4 15.9
-56.8 62.8 26.9 15.6
-56.6 62.8 27.5 15.3
-56.4 62.8 28.1 14.9
-56.2 62.8 28.5 14.6
-56.0 62.8 28.9 14.2
-55.8 62.8 29.0 13.9
-55.6 62.8 28.9 13.6
-55.4 62.8 28.6 13.3
-55.2 62.8 28.2 13.1
-55.0 62.8 27.6 12.8
-54.8 62.8 26.9 12.6
-54.6 62.8 26.1 12.4
-54.4 62.8 25.4 12.1
-54.2 62.8 24.8 11.7
-54.0 62.8 24.1 11.3
-53.8 62.8 23.6 10.9
-53.6 62.8 23.1 10.5
-53.4 62.8 22.6 10.2
-53.2 62.8 22.2 9.9
-53.0 62.8 21.8 9.6
-52.8 62.8 21.4 9.3
-52.6 62.8 21.1 9.1
-52.4 62.8 20.7 8.9
-52.2 62.8 20.4 8.8
-52.0 62.8 20.2 8.7
-51.8 62.8 20.0 8.6
-51.6 62.8 20.0 8.5
-51.4 62.8 20.2 8.4
-51.2 62.8 20.5 8.2
-51.0 62.8 21.1 8.1
-50.8 62.8 21.9 7.9
-50.6 62.8 22.8 7.8
-50.4 62.8 23.8 7.7
-50.2 62.8 24.6 7.6
-50.0 62.8 25.2 7.6
-49.8 62.8 25.6 7.6
-49.6 62.8 25.7 7.6
-49.4 62.8 25.5 7.6
-49.2 62.8 25.1 7.7
-49.0 62.8 24.6 7.8
-48.8 62.8 24.0 7.9
-48.6 62.8 23.5 8.0
-48.4 62.8 23.1 8.1
-48.2 62.8 22.9 8.3
-48.0 62.8 22.9 8.4
-47.8 62.8 23.1 8.6
-47.6 62.8 23.4 8.8
-47.4 62.8 23.8 9.1
-47.2 62.8 24.3 9.4
-47.0 62.8 24.8 9.8
-46.8 62.8 25.4 10.3
-46.6 62.8 25.9 10.9
-46.4 62.8 26.4 11.6
-46.2 62.8 27.0 12.5
-46.0 62.8 27.5 13.4
-45.8 62.8 28.0 14.4
-45.6 62.8 28.5 15.5
-45.4 62.8 29.0 16.5
-45.2 62.8 29.5 17.5
-45.0 62.8 30.0 18.4
-44.8 62.8 30.5 19.1
-44.6 62.8 30.9 19.7
-44.4 62.8 31.3 20.2
-44.2 62.8 31.7 20.5
-44.0 62.8 32.0 20.7
-43.8 62.8 32.3 20.8
-43.6 62.8 32.5 20.8
-43.4 62.8 32.7 20.8
-43.2 62.8 32.9 20.8
-43.0 62.8 33.0 20.7
-42.8 62.8 33.1 20.7
-42.6 62.8 33.2 20.6
-42.4 62.8 33.2 20.6
-42.2 62.8 33.3 20.6
-42.0 62.8 33.3 20.5
-41.8 62.8 33.3 20.4
-41.6 62.8 33.3 20.3
-41.4 62.8 33.3 20.0
-41.2 62.8 33.3 19.6
-41.0 62.8 33.2 19.2
-40.8 62.8 33.2 18.7
-40.6 62.8 33.1 18.2
-40.4 62.8 33.1 17.8
-40.2 62.8 33.0 17.5
-40.0 62.8 33.0 17.4
-39.8 62.8 32.9 17.3
-39.6 62.8 32.8 17.4
-39.4 62.8 32.7 17.4
-39.2 62.8 32.6 17.4
-39.0 62.8 32.5 17.3
-38.8 62.8 32.4 17.2
-38.6 62.8 32.3 17.0
-38.4 62.8 32.2 16.8
-38.2 62.8 32.1 16.7
-38.0 62.8 32.0 16.6
-37.8 62.8 31.9 16.7
-37.6 62.8 31.8 16.8
-37.4 62.8 31.7 17.0
-37.2 62.8 31.6 17.3
-37.0 62.8 31.5 17.5
-36.8 62.8 31.5 17.6
-36.6 62.8 31.4 17.8
-36.4 62.8 31.3 17.9
-36.2 62.8 31.2 17.9
-36.0 62.8 31.1 18.0
-35.8 62.8 30.9 17.9
-35.6 62.8 30.8 17.8
-35.4 62.8 30.6 17.6
-35.2 62.8 30.4 17.3
-35.0 62.8 30.1 16.9
-34.8 62.8 29.8 16.5
-34.6 62.8 29.4 15.9
-34.4 62.8 29.0 15.2
-34.2 62.8 28.4 14.5
-34.0 62.8 27.8 13.6
-33.8 62.8 27.0 12.7
-33.6 62.8 26.2 11.8
-33.4 62.8 25.2 10.9
-33.2 62.8 24.0 10.1
-33.0 62.8 22.7 9.4
-32.8 62.8 21.2 8.7
-32.6 62.8 19.6 8.1
-32.4 62.8 18.0 7.6
-32.2 62.8 16.3 7.1
-32.0 62.8 14.8 6.5
-31.8 62.8 13.5 5.9
-31.6 62.8 12.4 5.4
-31.4 62.8 11.8 4.9
-31.2 62.8 11.5 4.5
-31.0 62.8 11.4 4.1
-30.8 62.8 11.5 3.9
-30.6 62.8 11.6 3.7
-30.4 62.8 11.5 3.4
-30.2 62.8 11.2 3.2
-30.0 62.8 10.7 2.8
-29.8 62.8 9.9 2.5
-29.6 62.8 9.1 2.1
-29.4 62.8 8.2 1.8
-29.2 62.8 7.5 1.6
-29.0 62.8 7.0 1.5
-28.8 62.8 6.6 1.4
-28.6 62.8 6.5 1.4
-28.4 62.8 6.4 1.4
-28.2 62.8 6.4 1.5
-28.0 62.8 6.4 1.4
-27.8 62.8 6.3 1.4
-27.6 62.8 6.1 1.2
-27.4 62.8 5.9 1.1
-27.2 62.8 5.7 1.0
-27.0 62.8 5.6 1.0
-26.8 62.8 5.4 1.0
-26.6 62.8 5.4 1.0
-26.4 62.8 5.4 1.0
-26.2 62.8 5.4 1.0
-26.0 62.8 5.6 1.0
-25.8 62.8 5.9 1.0
-25.6 62.8 6.2 1.0
-25.4 62.8 6.6 1.0
-25.2 62.8 7.0 1.0
-25.0 62.8 7.5 1.0
-24.8 62.8 7.9 1.0
-24.6 62.8 8.4 1.0
-24.4 62.8 8.8 1.0
-24.2 62.8 9.2 1.0
-24.0 62.8 9.5 1.0
-23.8 62.8 9.8 1.0
-23.6 62.8 10.0 1.0
-23.4 62.8 10.1 1.0
-23.2 62.8 10.2 1.0
-23.0 62.8 10.2 1.0
-22.8 62.8 10.2 1.0
-22.6 62.8 10.1 1.0
-62.2 62.6 33.2 15.2
-62.0 62.6 33.2 14.9
-61.8 62.6 33.2 14.7
-61.6 62.6 33.2 14.6
-61.4 62.6 33.1 14.5
-61.2 62.6 33.1 14.5
-61.0 62.6 33.0 14.4
-60.8 62.6 33.0 14.4
-60.6 62.6 33.0 14.4
-60.4 62.6 33.1 14.3
-60.2 62.6 33.2 14.4
-60.0 62.6 33.3 14.4
-59.8 62.6 33.3 14.5
-59.6 62.6 33.3 14.6
-59.4 62.6 33.1 14.7
-59.2 62.6 32.8 14.8
-59.0 62.6 32.2 15.0
-58.8 62.6 31.3 15.2
-58.6 62.6 30.1 15.5
-58.4 62.6 28.7 15.7
-58.2 62.6 27.1 15.9
-58.0 62.6 25.5 16.0
-57.8 62.6 24.1 16.0
-57.6 62.6 23.0 15.9
-57.4 62.6 22.4 15.6
-57.2 62.6 22.2 15.3
-57.0 62.6 22.6 14.9
-56.8 62.6 23.2 14.5
-56.6 62.6 24.0 14.1
-56.4 62.6 24.9 13.7
-56.2 62.6 25.6 13.3
-56.0 62.6 26.2 12.9
-55.8 62.6 26.4 12.6
-55.6 62.6 26.4 12.3
-55.4 62.6 26.1 12.0
-55.2 62.6 25.6 11.8
-55.0 62.6 25.0 11.6
-54.8 62.6 24.2 11.4
-54.6 62.6 23.4 11.2
-54.4 62.6 22.7 10.9
-54.2 62.6 22.0 10.5
-54.0 62.6 21.4 10.2
-53.8 62.6 20.9 9.8
-53.6 62.6 20.4 9.5
-53.4 62.6 20.0 9.2
-53.2 62.6 19.7 8.9
-53.0 62.6 19.5 8.7
-52.8 62.6 19.2 8.6
-52.6 62.6 19.1 8.5
-52.4 62.6 18.9 8.5
-52.2 62.6 18.7 8.4
-52.0 62.6 18.6 8.4
-51.8 62.6 18.5 8.3
-51.6 62.6 18.5 8.2
-51.4 62.6 18.7 8.1
-51.2 62.6 19.0 8.0
-51.0 62.6 19.6 7.9
-50.8 62.6 20.2 7.7
-50.6 62.6 21.0 7.6
-50.4 62.6 21.7 7.5
-50.2 62.6 22.3 7.5
-50.0 62.6 22.8 7.5
-49.8 62.6 23.1 7.5
-49.6 62.6 23.2 7.5
-49.4 62.6 23.1 7.6
-49.2 62.6 22.9 7.6
-49.0 62.6 22.6 7.7
-48.8 62.6 22.2 7.8
-48.6 62.6 22.0 7.9
-48.4 62.6 21.8 8.0
-48.2 62.6 21.8 8.2
-48.0 62.6 22.0 8.4
-47.8 62.6 22.2 8.6
-47.6 62.6 22.6 8.8
-47.4 62.6 23.0 9.0
-47.2 62.6 23.5 9.3
-47.0 62.6 23.9 9.6
-46.8 62.6 24.5 10.0
-46.6 62.6 25.0 10.4
-46.4 62.6 25.5 11.0
-46.2 62.6 26.1 11.6
-46.0 62.6 26.6 12.4
-45.8 62.6 27.2 13.2
-45.6 62.6 27.7 14.1
-45.4 62.6 28.3 15.0
-45.2 62.6 28.8 15.9
-45.0 62.6 29.3 16.8
-44.8 62.6 29.8 17.6
-44.6 62.6 30.3 18.3
-44.4 62.6 30.7 18.8
-44.2 62.6 31.1 19.2
-44.0 62.6 31.4 19.6
-43.8 62.6 31.7 19.8
-43.6 62.6 31.9 20.0
-43.4 62.6 32.1 20.1
-43.2 62.6 32.3 20.2
-43.0 62.6 32.4 20.2
-42.8 62.6 32.6 20.1
-42.6 62.6 32.6 20.1
-42.4 62.6 32.7 20.0
-42.2 62.6 32.8 20.0
-42.0 62.6 32.8 19.9
-41.8 62.6 32.9 19.7
-41.6 62.6 32.9 19.5
-41.4 62.6 32.9 19.3
-41.2 62.6 32.9 19.0
-41.0 62.6 32.9 18.6
-40.8 62.6 32.9 18.1
-40.6 62.6 32.9 17.7
-40.4 62.6 32.8 17.3
-40.2 62.6 32.8 17.0
-40.0 62.6 32.7 16.9
-39.8 62.6 32.7 16.9
-39.6 62.6 32.6 16.9
-39.4 62.6 32.6 17.0
-39.2 62.6 32.5 17.0
-39.0 62.6 32.4 17.0
-38.8 62.6 32.3 16.9
-38.6 62.6 32.2 16.8
-38.4 62.6 32.1 16.6
-38.2 62.6 32.0 16.5
-38.0 62.6 31.9 16.5
-37.8 62.6 31.8 16.5
-37.6 62.6 31.7 16.6
-37.4 62.6 31.6 16.8
-37.2 62.6 31.5 17.0
-37.0 62.6 31.4 17.1
-36.8 62.6 31.3 17.3
-36.6 62.6 31.2 17.4
-36.4 62.6 31.1 17.5
-36.2 62.6 31.0 17.5
-36.0 62.6 30.9 17.5
-35.8 62.6 30.7 17.3
-35.6 62.6 30.5 17.1
-35.4 62.6 30.2 16.7
-35.2 62.6 30.0 16.3
-35.0 62.6 29.6 15.8
-34.8 62.6 29.3 15.2
-34.6 62.6 28.8 14.5
-34.4 62.6 28.3 13.8
-34.2 62.6 27.7 13.1
-34.0 62.6 27.0 12.3
-33.8 62.6 26.1 11.5
-33.6 62.6 25.2 10.7
-33.4 62.6 24.0 10.0
-33.2 62.6 22.8 9.3
-33.0 62.6 21.4 8.7
-32.8 62.6 20.0 8.2
-32.6 62.6 18.5 7.7
-32.4 62.6 17.0 7.3
-32.2 62.6 15.7 6.9
-32.0 62.6 14.4 6.5
-31.8 62.6 13.4 6.0
-31.6 62.6 12.6 5.6
-31.4 62.6 12.1 5.1
-31.2 62.6 11.8 4.7
-31.0 62.6 11.7 4.3
-30.8 62.6 11.6 3.9
-30.6 62.6 11.6 3.6
-30.4 62.6 11.4 3.2
-30.2 62.6 11.0 2.9
-30.0 62.6 10.4 2.5
-29.8 62.6 9.6 2.2
-29.6 62.6 8.8 1.9
-29.4 62.6 7.9 1.7
-29.2 62.6 7.2 1.5
-29.0 62.6 6.7 1.4
-28.8 62.6 6.3 1.4
-28.6 62.6 6.1 1.4
-28.4 62.6 6.0 1.5
-28.2 62.6 5.9 1.5
-28.0 62.6 5.9 1.5
-27.8 62.6 5.8 1.4
-27.6 62.6 5.6 1.3
-27.4 62.6 5.5 1.1
-27.2 62.6 5.4 1.0
-27.0 62.6 5.3 1.0
-26.8 62.6 5.2 1.0
-26.6 62.6 5.2 1.0
-26.4 62.6 5.2 1.0
-26.2 62.6 5.2 1.0
-26.0 62.6 5.4 1.0
-25.8 62.6 5.6 1.0
-25.6 62.6 5.8 1.0
-25.4 62.6 6.2 1.0
-25.2 62.6 6.5 1.0
-25.0 62.6 6.9 1.0
-24.8 62.6 7.3 1.0
-24.6 62.6 7.7 1.0
-24.4 62.6 8.1 1.0
-24.2 62.6 8.5 1.0
-24.0 62.6 8.8 1.0
-23.8 62.6 9.1 1.0
-23.6 62.6 9.3 1.0
-23.4 62.6 9.4 1.0
-23.2 62.6 9.5 1.0
-23.0 62.6 9.6 1.0
-22.8 62.6 9.5 1.0
-62.0 62.4 33.3 14.8
-61.8 62.4 33.3 14.6
-61.6 62.4 33.3 14.4
-61.4 62.4 33.2 14.3
-61.2 62.4 33.0 14.2
-61.0 62.4 32.9 14.2
-60.8 62.4 32.8 14.1
-60.6 62.4 32.8 14.1
-60.4 62.4 32.8 14.0
-60.2 62.4 32.8 14.0
-60.0 62.4 32.8 14.1
-59.8 62.4 32.8 14.1
-59.6 62.4 32.7 14.1
-59.4 62.4 32.6 14.2
-59.2 62.4 32.3 14.3
-59.0 62.4 31.8 14.3
-58.8 62.4 31.1 14.5
-58.6 62.4 30.0 14.6
-58.4 62.4 28.5 14.8
-58.2 62.4 26.8 14.9
-58.0 62.4 24.9 15.0
-57.8 62.4 23.1 15.0
-57.6 62.4 21.6 14.8
-57.4 62.4 20.6 14.5
-57.2 62.4 20.1 14.1
-57.0 62.4 20.1 13.7
-56.8 62.4 20.6 13.3
-56.6 62.4 21.4 12.9
-56.4 62.4 22.3 12.5
-56.2 62.4 23.1 12.1
-56.0 62.4 23.7 11.7
-55.8 62.4 24.0 11.4
-55.6 62.4 24.0 11.2
-55.4 62.4 23.8 11.0
-55.2 62.4 23.4 10.8
-55.0 62.4 22.8 10.7
-54.8 62.4 22.1 10.5
-54.6 62.4 21.4 10.3
-54.4 62.4 20.7 10.1
-54.2 62.4 20.1 9.8
-54.0 62.4 19.5 9.4
-53.8 62.4 19.0 9.1
-53.6 62.4 18.6 8.8
-53.4 62.4 18.3 8.6
-53.2 62.4 18.1 8.4
-53.0 62.4 17.9 8.3
-52.8 62.4 17.8 8.3
-52.6 62.4 17.7 8.3
-52.4 62.4 17.6 8.3
-52.2 62.4 17.5 8.3
-52.0 62.4 17.4 8.2
-51.8 62.4 17.3 8.2
-51.6 62.4 17.3 8.1
-51.4 62.4 17.5 7.9
-51.2 62.4 17.7 7.8
-51.0 62.4 18.1 7.6
-50.8 62.4 18.6 7.5
-50.6 62.4 19.1 7.4
-50.4 62.4 19.7 7.3
-50.2 62.4 20.2 7.2
-50.0 62.4 20.5 7.2
-49.8 62.4 20.7 7.2
-49.6 62.4 20.9 7.3
-49.4 62.4 20.9 7.3
-49.2 62.4 20.9 7.3
-49.0 62.4 20.8 7.4
-48.8 62.4 20.7 7.5
-48.6 62.4 20.7 7.6
-48.4 62.4 20.7 7.7
-48.2 62.4 20.8 7.9
-48.0 62.4 20.9 8.1
-47.8 62.4 21.2 8.3
-47.6 62.4 21.5 8.5
-47.4 62.4 21.8 8.7
-47.2 62.4 22.2 9.0
-47.0 62.4 22.7 9.3
-46.8 62.4 23.2 9.5
-46.6 62.4 23.7 9.9
-46.4 62.4 24.3 10.3
-46.2 62.4 24.9 10.8
-46.0 62.4 25.5 11.3
-45.8 62.4 26.2 12.0
-45.6 62.4 26.8 12.8
-45.4 62.4 27.4 13.6
-45.2 62.4 28.0 14.4
-45.0 62.4 28.6 15.2
-44.8 62.4 29.1 15.9
-44.6 62.4 29.6 16.6
-44.4 62.4 30.1 17.3
-44.2 62.4 30.5 17.8
-44.0 62.4 30.8 18.3
-43.8 62.4 31.1 18.6
-43.6 62.4 31.3 18.9
-43.4 62.4 31.5 19.1
-43.2 62.4 31.7 19.2
-43.0 62.4 31.9 19.2
-42.8 62.4 32.0 19.2
-42.6 62.4 32.1 19.1
-42.4 62.4 32.2 19.0
-42.2 62.4 32.2 18.9
-42.0 62.4 32.3 18.8
-41.8 62.4 32.4 18.6
-41.6 62.4 32.4 18.4
-41.4 62.4 32.5 18.2
-41.2 62.4 32.5 17.9
-41.0 62.4 32.5 17.6
-40.8 62.4 32.5 17.2
-40.6 62.4 32.5 16.8
-40.4 62.4 32.5 16.5
-40.2 62.4 32.5 16.2
-40.0 62.4 32.4 15.9
-39.8 62.4 32.4 15.9
-39.6 62.4 32.4 15.9
-39.4 62.4 32.4 16.0
-39.2 62.4 32.3 16.1
-39.0 62.4 32.3 16.2
-38.8 62.4 32.2 16.2
-38.6 62.4 32.1 16.2
-38.4 62.4 32.0 16.2
-38.2 62.4 31.9 16.1
-38.0 62.4 31.7 16.1
-37.8 62.4 31.6 16.1
-37.6 62.4 31.5 16.1
-37.4 62.4 31.4 16.1
-37.2 62.4 31.3 16.2
-37.0 62.4 31.2 16.3
-36.8 62.4 31.1 16.3
-36.6 62.4 31.0 16.4
-36.4 62.4 30.8 16.4
-36.2 62.4 30.7 16.4
-36.0 62.4 30.5 16.2
-35.8 62.4 30.3 16.0
-35.6 62.4 30.0 15.7
-35.4 62.4 29.7 15.2
-35.2 62.4 29.3 14.7
-35.0 62.4 28.9 14.2
-34.8 62.4 28.4 13.6
-34.6 62.4 27.9 12.9
-34.4 62.4 27.2 12.3
-34.2 62.4 26.5 11.6
-34.0 62.4 25.6 10.9
-33.8 62.4 24.5 10.2
-33.6 62.4 23.3 9.5
-33.4 62.4 21.9 8.9
-33.2 62.4 20.4 8.2
-33.0 62.4 18.9 7.7
-32.8 62.4 17.4 7.2
-32.6 62.4 15.9 6.7
-32.4 62.4 14.6 6.3
-32.2 62.4 13.5 6.0
-32.0 62.4 12.6 5.7
-31.8 62.4 11.9 5.4
-31.6 62.4 11.4 5.0
-31.4 62.4 11.0 4.7
-31.2 62.4 10.9 4.3
-31.0 62.4 10.8 3.9
-30.8 62.4 10.7 3.6
-30.6 62.4 10.6 3.2
-30.4 62.4 10.4 2.9
-30.2 62.4 10.0 2.6
-30.0 62.4 9.5 2.3
-29.8 62.4 8.9 2.0
-29.6 62.4 8.1 1.8
-29.4 62.4 7.4 1.6
-29.2 62.4 6.8 1.5
-29.0 62.4 6.3 1.5
-28.8 62.4 6.0 1.5
-28.6 62.4 5.8 1.6
-28.4 62.4 5.7 1.6
-28.2 62.4 5.7 1.6
-28.0 62.4 5.6 1.6
-27.8 62.4 5.5 1.5
-27.6 62.4 5.4 1.3
-27.4 62.4 5.3 1.2
-27.2 62.4 5.2 1.0
-27.0 62.4 5.1 1.0
-26.8 62.4 5.1 1.0
-26.6 62.4 5.1 1.0
-26.4 62.4 5.1 1.0
-26.2 62.4 5.1 1.0
-26.0 62.4 5.2 1.0
-25.8 62.4 5.4 1.0
-25.6 62.4 5.6 1.0
-25.4 62.4 5.8 1.0
-25.2 62.4 6.1 1.0
-25.0 62.4 6.5 1.0
-24.8 62.4 6.8 1.0
-24.6 62.4 7.2 1.0
-24.4 62.4 7.5 1.0
-24.2 62.4 7.9 1.0
-24.0 62.4 8.2 1.0
-23.8 62.4 8.4 1.0
-23.6 62.4 8.6 1.0
-23.4 62.4 8.8 1.0
-23.2 62.4 8.9 1.0
-23.0 62.4 8.9 1.0
-62.0 62.2 33.3 14.6
-61.8 62.2 33.3 14.3
-61.6 62.2 33.2 14.1
-61.4 62.2 33.1 13.9
-61.2 62.2 32.9 13.8
-61.0 62.2 32.7 13.7
-60.8 62.2 32.5 13.6
-60.6 62.2 32.4 13.6
-60.4 62.2 32.2 13.6
-60.2 62.2 32.1 13.5
-60.0 62.2 32.0 13.5
-59.8 62.2 31.9 13.5
-59.6 62.2 31.8 13.5
-59.4 62.2 31.8 13.5
-59.2 62.2 31.6 13.5
-59.0 62.2 31.3 13.5
-58.8 62.2 30.8 13.6
-58.6 62.2 30.0 13.6
-58.4 62.2 28.8 13.7
-58.2 62.2 27.3 13.7
-58.0 62.2 25.6 13.7
-57.8 62.2 23.8 13.7
-57.6 62.2 22.1 13.5
-57.4 62.2 20.8 13.2
-57.2 62.2 19.9 12.9
-57.0 62.2 19.6 12.6
-56.8 62.2 19.6 12.2
-56.6 62.2 20.1 11.8
-56.4 62.2 20.7 11.4
-56.2 62.2 21.3 11.1
-56.0 62.2 21.7 10.8
-55.8 62.2 22.0 10.5
-55.6 62.2 22.0 10.3
-55.4 62.2 21.9 10.2
-55.2 62.2 21.5 10.1
-55.0 62.2 21.0 10.0
-54.8 62.2 20.5 9.9
-54.6 62.2 19.9 9.7
-54.4 62.2 19.4 9.4
-54.2 62.2 18.8 9.2
-54.0 62.2 18.3 8.9
-53.8 62.2 17.9 8.6
-53.6 62.2 17.5 8.3
-53.4 62.2 17.2 8.2
-53.2 62.2 17.0 8.1
-53.0 62.2 16.8 8.1
-52.8 62.2 16.7 8.1
-52.6 62.2 16.6 8.1
-52.4 62.2 16.6 8.1
-52.2 62.2 16.5 8.1
-52.0 62.2 16.4 8.0
-51.8 62.2 16.4 7.9
-51.6 62.2 16.3 7.8
-51.4 62.2 16.3 7.6
-51.2 62.2 16.5 7.4
-51.0 62.2 16.7 7.3
-50.8 62.2 17.0 7.1
-50.6 62.2 17.4 7.0
-50.4 62.2 17.7 6.9
-50.2 62.2 18.1 6.8
-50.0 62.2 18.4 6.8
-49.8 62.2 18.7 6.8
-49.6 62.2 18.9 6.9
-49.4 62.2 19.0 6.9
-49.2 62.2 19.1 6.9
-49.0 62.2 19.3 6.9
-48.8 62.2 19.4 7.0
-48.6 62.2 19.5 7.0
-48.4 62.2 19.6 7.2
-48.2 62.2 19.7 7.3
-48.0 62.2 19.9 7.5
-47.8 62.2 20.0 7.8
-47.6 62.2 20.3 8.0
-47.4 62.2 20.5 8.3
-47.2 62.2 20.9 8.5
-47.0 62.2 21.3 8.8
-46.8 62.2 21.8 9.1
-46.6 62.2 22.4 9.4
-46.4 62.2 23.0 9.7
-46.2 62.2 23.7 10.1
-46.0 62.2 24.3 10.5
-45.8 62.2 25.0 11.0
-45.6 62.2 25.7 11.6
-45.4 62.2 26.4 12.3
-45.2 62.2 27.1 13.0
-45.0 62.2 27.7 13.7
-44.8 62.2 28.3 14.4
-44.6 62.2 28.8 15.1
-44.4 62.2 29.3 15.7
-44.2 62.2 29.7 16.3
-44.0 62.2 30.1 16.8
-43.8 62.2 30.4 17.2
-43.6 62.2 30.7 17.6
-43.4 62.2 30.9 17.8
-43.2 62.2 31.1 18.0
-43.0 62.2 31.2 18.1
-42.8 62.2 31.4 18.0
-42.6 62.2 31.5 17.9
-42.4 62.2 31.6 17.8
-42.2 62.2 31.7 17.6
-42.0 62.2 31.7 17.4
-41.8 62.2 31.8 17.2
-41.6 62.2 31.9 17.0
-41.4 62.2 31.9 16.8
-41.2 62.2 32.0 16.5
-41.0 62.2 32.0 16.3
-40.8 62.2 32.0 16.0
-40.6 62.2 32.1 15.7
-40.4 62.2 32.1 15.3
-40.2 62.2 32.1 15.0
-40.0 62.2 32.1 14.7
-39.8 62.2 32.0 14.5
-39.6 62.2 32.0 14.5
-39.4 62.2 32.0 14.6
-39.2 62.2 32.0 14.8
-39.0 62.2 32.0 15.0
-38.8 62.2 31.9 15.1
-38.6 62.2 31.8 15.2
-38.4 62.2 31.7 15.2
-38.2 62.2 31.6 15.2
-38.0 62.2 31.5 15.1
-37.8 62.2 31.4 15.0
-37.6 62.2 31.2 14.9
-37.4 62.2 31.1 14.9
-37.2 62.2 30.9 14.8
-37.0 62.2 30.8 14.8
-36.8 62.2 30.6 14.8
-36.6 62.2 30.5 14.8
-36.4 62.2 30.3 14.8
-36.2 62.2 30.1 14.7
-36.0 62.2 29.8 14.5
-35.8 62.2 29.5 14.2
-35.6 62.2 29.1 13.8
-35.4 62.2 28.7 13.4
-35.2 62.2 28.2 12.9
-35.0 62.2 27.7 12.4
-34.8 62.2 27.1 11.9
-34.6 62.2 26.4 11.4
-34.4 62.2 25.6 10.8
-34.2 62.2 24.6 10.3
-34.0 62.2 23.5 9.7
-33.8 62.2 22.1 9.0
-33.6 62.2 20.6 8.3
-33.4 62.2 18.9 7.6
-33.2 62.2 17.2 6.9
-33.0 62.2 15.5 6.3
-32.8 62.2 14.0 5.8
-32.6 62.2 12.6 5.3
-32.4 62.2 11.5 4.9
-32.2 62.2 10.6 4.7
-32.0 62.2 10.0 4.4
-31.8 62.2 9.5 4.2
-31.6 62.2 9.3 4.0
-31.4 62.2 9.1 3.8
-31.2 62.2 9.1 3.5
-31.0 62.2 9.1 3.3
-30.8 62.2 9.0 3.0
-30.6 62.2 9.0 2.8
-30.4 62.2 8.8 2.5
-30.2 62.2 8.5 2.3
-30.0 62.2 8.2 2.0
-29.8 62.2 7.7 1.9
-29.6 62.2 7.2 1.7
-29.4 62.2 6.7 1.6
-29.2 62.2 6.3 1.6
-29.0 62.2 5.9 1.6
-28.8 62.2 5.7 1.6
-28.6 62.2 5.6 1.6
-28.4 62.2 5.5 1.6
-28.2 62.2 5.5 1.6
-28.0 62.2 5.4 1.5
-27.8 62.2 5.4 1.4
-27.6 62.2 5.3 1.2
-27.4 62.2 5.2 1.1
-27.2 62.2 5.1 1.0
-27.0 62.2 5.1 1.0
-26.8 62.2 5.0 1.0
-26.6 62.2 5.0 1.0
-26.4 62.2 5.0 1.0
-26.2 62.2 5.0 1.0
-26.0 62.2 5.1 1.0
-25.8 62.2 5.2 1.0
-25.6 62.2 5.3 1.0
-25.4 62.2 5.5 1.0
-25.2 62.2 5.8 1.0
-25.0 62.2 6.0 1.0
-24.8 62.2 6.3 1.0
-24.6 62.2 6.6 1.0
-24.4 62.2 7.0 1.0
-24.2 62.2 7.3 1.0
-24.0 62.2 7.5 1.0
-23.8 62.2 7.8 1.0
-23.6 62.2 8.0 1.0
-23.4 62.2 8.1 1.0
-23.2 62.2 8.3 1.0
-23.0 62.2 8.3 1.0
-61.8 62.0 33.0 14.0
-61.6 62.0 32.9 13.7
-61.4 62.0 32.6 13.5
-61.2 62.0 32.4 13.4
-61.0 62.0 32.1 13.2
-60.8 62.0 31.8 13.2
-60.6 62.0 31.6 13.1
-60.4 62.0 31.3 13.0
-60.2 62.0 31.1 13.0
-60.0 62.0 30.9 12.9
-59.8 62.0 30.8 12.9
-59.6 62.0 30.7 12.8
-59.4 62.0 30.7 12.8
-59.2 62.0 30.7 12.7
-59.0 62.0 30.6 12.7
-58.8 62.0 30.3 12.6
-58.6 62.0 29.8 12.6
-58.4 62.0 28.9 12.5
-58.2 62.0 27.8 12.5
-58.0 62.0 26.4 12.4
-57.8 62.0 24.8 12.3
-57.6 62.0 23.3 12.2
-57.4 62.0 21.9 12.0
-57.2 62.0 20.8 11.7
-57.0 62.0 20.1 11.5
-56.8 62.0 19.7 11.2
-56.6 62.0 19.7 10.9
-56.4 62.0 19.8 10.5
-56.2 62.0 20.1 10.2
-56.0 62.0 20.3 10.0
-55.8 62.0 20.4 9.8
-55.6 62.0 20.4 9.7
-55.4 62.0 20.3 9.6
-55.2 62.0 20.0 9.5
-55.0 62.0 19.7 9.4
-54.8 62.0 19.2 9.3
-54.6 62.0 18.8 9.1
-54.4 62.0 18.3 8.8
-54.2 62.0 17.9 8.5
-54.0 62.0 17.5 8.2
-53.8 62.0 17.0 8.0
-53.6 62.0 16.7 7.8
-53.4 62.0 16.4 7.7
-53.2 62.0 16.2 7.7
-53.0 62.0 16.0 7.7
-52.8 62.0 15.8 7.8
-52.6 62.0 15.7 7.8
-52.4 62.0 15.6 7.9
-52.2 62.0 15.5 7.8
-52.0 62.0 15.4 7.7
-51.8 62.0 15.3 7.6
-51.6 62.0 15.2 7.4
-51.4 62.0 15.1 7.2
-51.2 62.0 15.1 7.0
-51.0 62.0 15.2 6.8
-50.8 62.0 15.4 6.6
-50.6 62.0 15.6 6.5
-50.4 62.0 15.9 6.4
-50.2 62.0 16.2 6.4
-50.0 62.0 16.5 6.4
-49.8 62.0 16.8 6.4
-49.6 62.0 17.1 6.5
-49.4 62.0 17.3 6.5
-49.2 62.0 17.6 6.5
-49.0 62.0 17.8 6.5
-48.8 62.0 18.0 6.5
-48.6 62.0 18.3 6.6
-48.4 62.0 18.4 6.7
-48.2 62.0 18.6 6.9
-48.0 62.0 18.7 7.1
-47.8 62.0 18.9 7.3
-47.6 62.0 19.1 7.6
-47.4 62.0 19.4 7.8
-47.2 62.0 19.8 8.1
-47.0 62.0 20.2 8.4
-46.8 62.0 20.8 8.7
-46.6 62.0 21.4 8.9
-46.4 62.0 22.0 9.2
-46.2 62.0 22.7 9.5
-46.0 62.0 23.4 9.9
-45.8 62.0 24.1 10.3
-45.6 62.0 24.8 10.7
-45.4 62.0 25.5 11.3
-45.2 62.0 26.2 11.8
-45.0 62.0 26.8 12.4
-44.8 62.0 27.4 13.0
-44.6 62.0 28.0 13.6
-44.4 62.0 28.5 14.2
-44.2 62.0 28.9 14.7
-44.0 62.0 29.3 15.2
-43.8 62.0 29.6 15.7
-43.6 62.0 29.9 16.0
-43.4 62.0 30.1 16.3
-43.2 62.0 30.3 16.5
-43.0 62.0 30.5 16.6
-42.8 62.0 30.7 16.6
-42.6 62.0 30.8 16.5
-42.4 62.0 30.9 16.3
-42.2 62.0 31.0 16.1
-42.0 62.0 31.1 15.8
-41.8 62.0 31.2 15.5
-41.6 62.0 31.3 15.3
-41.4 62.0 31.3 15.1
-41.2 62.0 31.4 14.8
-41.0 62.0 31.4 14.6
-40.8 62.0 31.4 14.4
-40.6 62.0 31.5 14.1
-40.4 62.0 31.5 13.8
-40.2 62.0 31.5 13.4
-40.0 62.0 31.5 13.1
-39.8 62.0 31.5 12.9
-39.6 62.0 31.5 12.8
-39.4 62.0 31.4 12.9
-39.2 62.0 31.4 13.1
-39.0 62.0 31.3 13.3
-38.8 62.0 31.3 13.5
-38.6 62.0 31.2 13.7
-38.4 62.0 31.1 13.7
-38.2 62.0 31.0 13.7
-38.0 62.0 30.9 13.5
-37.8 62.0 30.8 13.4
-37.6 62.0 30.6 13.3
-37.4 62.0 30.5 13.2
-37.2 62.0 30.3 13.1
-37.0 62.0 30.1 13.1
-36.8 62.0 29.9 13.1
-36.6 62.0 29.7 13.1
-36.4 62.0 29.4 13.0
-36.2 62.0 29.1 12.9
-36.0 62.0 28.8 12.7
-35.8 62.0 28.4 12.4
-35.6 62.0 27.9 12.0
-35.4 62.0 27.3 11.7
-35.2 62.0 26.6 11.3
-35.0 62.0 25.9 10.9
-34.8 62.0 25.1 10.5
-34.6 62.0 24.3 10.1
-34.4 62.0 23.3 9.6
-34.2 62.0 22.1 9.1
-34.0 62.0 20.8 8.5
-33.8 62.0 19.2 7.9
-33.6 62.0 17.5 7.1
-33.4 62.0 15.7 6.4
-33.2 62.0 13.9 5.6
-33.0 62.0 12.2 4.9
-32.8 62.0 10.8 4.4
-32.6 62.0 9.6 3.9
-32.4 62.0 8.7 3.6
-32.2 62.0 8.1 3.4
-32.0 62.0 7.8 3.2
-31.8 62.0 7.6 3.1
-31.6 62.0 7.4 2.9
-31.4 62.0 7.4 2.8
-31.2 62.0 7.4 2.7
-31.0 62.0 7.4 2.6
-30.8 62.0 7.3 2.4
-30.6 62.0 7.3 2.2
-30.4 62.0 7.2 2.1
-30.2 62.0 7.0 1.9
-30.0 62.0 6.8 1.8
-29.8 62.0 6.5 1.7
-29.6 62.0 6.2 1.6
-29.4 62.0 6.0 1.6
-29.2 62.0 5.7 1.6
-29.0 62.0 5.6 1.5
-28.8 62.0 5.5 1.5
-28.6 62.0 5.4 1.5
-28.4 62.0 5.4 1.5
-28.2 62.0 5.3 1.4
-28.0 62.0 5.3 1.3
-27.8 62.0 5.2 1.1
-27.6 62.0 5.2 1.0
-27.4 62.0 5.1 1.0
-27.2 62.0 5.1 1.0
-27.0 62.0 5.0 1.0
-26.8 62.0 5.0 1.0
-26.6 62.0 5.0 1.0
-26.4 62.0 5.0 1.0
-26.2 62.0 5.0 1.0
-26.0 62.0 5.0 1.0
-25.8 62.0 5.0 1.0
-25.6 62.0 5.1 1.0
-25.4 62.0 5.3 1.0
-25.2 62.0 5.4 1.0
-25.0 62.0 5.7 1.0
-24.8 62.0 5.9 1.0
-24.6 62.0 6.2 1.0
-24.4 62.0 6.4 1.0
-24.2 62.0 6.7 1.0
-24.0 62.0 7.0 1.0
-23.8 62.0 7.2 1.0
-23.6 62.0 7.4 1.0
-23.4 62.0 7.5 1.0
-23.2 62.0 7.7 1.0
-61.6 61.8 32.1 13.6
-61.4 61.8 31.8 13.3
-61.2 61.8 31.5 13.1
-61.0 61.8 31.2 12.9
-60.8 61.8 30.8 12.8
-60.6 61.8 30.6 12.7
-60.4 61.8 30.3 12.6
-60.2 61.8 30.1 12.5
-60.0 61.8 29.9 12.4
-59.8 61.8 29.8 12.3
-59.6 61.8 29.7 12.2
-59.4 61.8 29.7 12.1
-59.2 61.8 29.6 12.0
-59.0 61.8 29.5 11.9
-58.8 61.8 29.3 11.8
-58.6 61.8 28.9 11.6
-58.4 61.8 28.3 11.5
-58.2 61.8 27.5 11.4
-58.0 61.8 26.4 11.3
-57.8 61.8 25.2 11.1
-57.6 61.8 23.9 11.0
-57.4 61.8 22.6 10.8
-57.2 61.8 21.5 10.6
-57.0 61.8 20.6 10.5
-56.8 61.8 19.9 10.3
-56.6 61.8 19.5 10.1
-56.4 61.8 19.3 9.8
-56.2 61.8 19.3 9.6
-56.0 61.8 19.3 9.4
-55.8 61.8 19.2 9.2
-55.6 61.8 19.1 9.1
-55.4 61.8 19.0 9.1
-55.2 61.8 18.7 9.0
-55.0 61.8 18.5 8.9
-54.8 61.8 18.1 8.7
-54.6 61.8 17.8 8.5
-54.4 61.8 17.4 8.2
-54.2 61.8 17.0 7.9
-54.0 61.8 16.6 7.6
-53.8 61.8 16.3 7.4
-53.6 61.8 16.0 7.3
-53.4 61.8 15.7 7.2
-53.2 61.8 15.4 7.3
-53.0 61.8 15.2 7.4
-52.8 61.8 15.0 7.4
-52.6 61.8 14.8 7.5
-52.4 61.8 14.6 7.5
-52.2 61.8 14.4 7.4
-52.0 61.8 14.2 7.3
-51.8 61.8 14.0 7.2
-51.6 61.8 13.8 7.0
-51.4 61.8 13.7 6.8
-51.2 61.8 13.6 6.6
-51.0 61.8 13.6 6.4
-50.8 61.8 13.7 6.2
-50.6 61.8 13.8 6.1
-50.4 61.8 14.0 6.0
-50.2 61.8 14.3 6.0
-50.0 61.8 14.6 6.1
-49.8 61.8 14.9 6.1
-49.6 61.8 15.3 6.2
-49.4 61.8 15.6 6.2
-49.2 61.8 16.0 6.3
-49.0 61.8 16.3 6.3
-48.8 61.8 16.7 6.3
-48.6 61.8 17.0 6.4
-48.4 61.8 17.2 6.4
-48.2 61.8 17.4 6.6
-48.0 61.8 17.5 6.7
-47.8 61.8 17.8 6.9
-47.6 61.8 18.1 7.2
-47.4 61.8 18.5 7.5
-47.2 61.8 19.0 7.7
-47.0 61.8 19.5 8.0
-46.8 61.8 20.2 8.3
-46.6 61.8 20.8 8.6
-46.4 61.8 21.5 8.9
-46.2 61.8 22.1 9.2
-46.0 61.8 22.8 9.5
-45.8 61.8 23.5 9.8
-45.6 61.8 24.1 10.2
-45.4 61.8 24.8 10.6
-45.2 61.8 25.4 11.1
-45.0 61.8 26.1 11.5
-44.8 61.8 26.6 12.0
-44.6 61.8 27.2 12.5
-44.4 61.8 27.7 13.0
-44.2 61.8 28.1 13.5
-44.0 61.8 28.4 13.9
-43.8 61.8 28.7 14.3
-43.6 61.8 29.0 14.6
-43.4 61.8 29.2 14.8
-43.2 61.8 29.4 15.0
-43.0 61.8 29.6 15.1
-42.8 61.8 29.8 15.0
-42.6 61.8 30.0 14.9
-42.4 61.8 30.2 14.7
-42.2 61.8 30.3 14.4
-42.0 61.8 30.4 14.2
-41.8 61.8 30.4 13.9
-41.6 61.8 30.5 13.6
-41.4 61.8 30.5 13.3
-41.2 61.8 30.6 13.0
-41.0 61.8 30.6 12.7
-40.8 61.8 30.7 12.5
-40.6 61.8 30.7 12.2
-40.4 61.8 30.7 11.8
-40.2 61.8 30.7 11.5
-40.0 61.8 30.7 11.2
-39.8 61.8 30.6 10.9
-39.6 61.8 30.6 10.9
-39.4 61.8 30.5 10.9
-39.2 61.8 30.4 11.1
-39.0 61.8 30.3 11.4
-38.8 61.8 30.2 11.7
-38.6 61.8 30.1 11.8
-38.4 61.8 30.0 11.9
-38.2 61.8 29.9 11.9
-38.0 61.8 29.8 11.8
-37.8 61.8 29.7 11.6
-37.6 61.8 29.6 11.5
-37.4 61.8 29.4 11.5
-37.2 61.8 29.2 11.5
-37.0 61.8 29.0 11.5
-36.8 61.8 28.7 11.6
-36.6 61.8 28.4 11.6
-36.4 61.8 28.0 11.5
-36.2 61.8 27.6 11.4
-36.0 61.8 27.2 11.1
-35.8 61.8 26.6 10.9
-35.6 61.8 26.0 10.6
-35.4 61.8 25.2 10.3
-35.2 61.8 24.4 9.9
-35.0 61.8 23.5 9.6
-34.8 61.8 22.6 9.3
-34.6 61.8 21.5 9.0
-34.4 61.8 20.4 8.5
-34.2 61.8 19.1 8.0
-34.0 61.8 17.7 7.4
-33.8 61.8 16.1 6.7
-33.6 61.8 14.4 5.9
-33.4 61.8 12.6 5.1
-33.2 61.8 11.0 4.3
-33.0 61.8 9.6 3.7
-32.8 61.8 8.4 3.2
-32.6 61.8 7.5 2.8
-32.4 61.8 7.0 2.5
-32.2 61.8 6.6 2.4
-32.0 61.8 6.4 2.3
-31.8 61.8 6.3 2.2
-31.6 61.8 6.3 2.1
-31.4 61.8 6.3 2.1
-31.2 61.8 6.2 2.0
-31.0 61.8 6.2 2.0
-30.8 61.8 6.1 1.9
-30.6 61.8 6.1 1.8
-30.4 61.8 6.0 1.7
-30.2 61.8 5.9 1.6
-30.0 61.8 5.8 1.5
-29.8 61.8 5.7 1.5
-29.6 61.8 5.6 1.5
-29.4 61.8 5.5 1.4
-29.2 61.8 5.4 1.4
-29.0 61.8 5.3 1.4
-28.8 61.8 5.3 1.3
-28.6 61.8 5.3 1.3
-28.4 61.8 5.2 1.2
-28.2 61.8 5.2 1.0
-28.0 61.8 5.2 1.0
-27.8 61.8 5.1 1.0
-27.6 61.8 5.1 1.0
-27.4 61.8 5.0 1.0
-27.2 61.8 5.0 1.0
-27.0 61.8 5.0 1.0
-26.8 61.8 5.0 1.0
-26.6 61.8 5.0 1.0
-26.4 61.8 5.0 1.0
-26.2 61.8 5.0 1.0
-26.0 61.8 5.0 1.0
-25.8 61.8 5.0 1.0
-25.6 61.8 5.0 1.0
-25.4 61.8 5.0 1.0
-25.2 61.8 5.1 1.0
-25.0 61.8 5.3 1.0
-24.8 61.8 5.5 1.0
-24.6 61.8 5.7 1.0
-24.4 61.8 6.0 1.0
-24.2 61.8 6.2 1.0
-24.0 61.8 6.4 1.0
-23.8 61.8 6.7 1.0
-23.6 61.8 6.8 1.0
-23.4 61.8 7.0 1.0
-61.6 61.6 30.9 13.7
-61.4 61.6 30.7 13.3
-61.2 61.6 30.4 12.9
-61.0 61.6 30.1 12.6
-60.8 61.6 29.8 12.4
-60.6 61.6 29.6 12.2
-60.4 61.6 29.4 12.1
-60.2 61.6 29.2 11.9
-60.0 61.6 29.1 11.8
-59.8 61.6 28.9 11.7
-59.6 61.6 28.7 11.6
-59.4 61.6 28.5 11.4
-59.2 61.6 28.3 11.3
-59.0 61.6 28.0 11.2
-58.8 61.6 27.7 11.1
-58.6 61.6 27.3 10.9
-58.4 61.6 26.8 10.8
-58.2 61.6 26.2 10.6
-58.0 61.6 25.4 10.4
-57.8 61.6 24.5 10.3
-57.6 61.6 23.5 10.1
-57.4 61.6 22.5 9.9
-57.2 61.6 21.5 9.8
-57.0 61.6 20.6 9.7
-56.8 61.6 19.9 9.5
-56.6 61.6 19.3 9.3
-56.4 61.6 18.9 9.1
-56.2 61.6 18.6 8.9
-56.0 61.6 18.4 8.8
-55.8 61.6 18.2 8.7
-55.6 61.6 18.1 8.6
-55.4 61.6 17.9 8.5
-55.2 61.6 17.6 8.4
-55.0 61.6 17.4 8.3
-54.8 61.6 17.1 8.1
-54.6 61.6 16.8 7.9
-54.4 61.6 16.5 7.7
-54.2 61.6 16.2 7.4
-54.0 61.6 15.8 7.2
-53.8 61.6 15.5 7.0
-53.6 61.6 15.2 6.9
-53.4 61.6 14.9 6.9
-53.2 61.6 14.6 6.9
-53.0 61.6 14.3 7.0
-52.8 61.6 14.0 7.0
-52.6 61.6 13.7 7.0
-52.4 61.6 13.4 7.0
-52.2 61.6 13.1 6.9
-52.0 61.6 12.8 6.8
-51.8 61.6 12.5 6.6
-51.6 61.6 12.3 6.5
-51.4 61.6 12.1 6.3
-51.2 61.6 11.9 6.1
-51.0 61.6 11.8 5.9
-50.8 61.6 11.9 5.8
-50.6 61.6 11.9 5.7
-50.4 61.6 12.1 5.7
-50.2 61.6 12.3 5.7
-50.0 61.6 12.6 5.7
-49.8 61.6 13.0 5.8
-49.6 61.6 13.4 5.9
-49.4 61.6 13.8 6.0
-49.2 61.6 14.3 6.1
-49.0 61.6 14.8 6.1
-48.8 61.6 15.2 6.2
-48.6 61.6 15.6 6.2
-48.4 61.6 15.9 6.3
-48.2 61.6 16.1 6.4
-48.0 61.6 16.4 6.5
-47.8 61.6 16.8 6.7
-47.6 61.6 17.2 6.9
-47.4 61.6 17.8 7.1
-47.2 61.6 18.5 7.4
-47.0 61.6 19.3 7.7
-46.8 61.6 20.0 8.0
-46.6 61.6 20.7 8.3
-46.4 61.6 21.4 8.6
-46.2 61.6 22.0 8.9
-46.0 61.6 22.6 9.2
-45.8 61.6 23.2 9.6
-45.6 61.6 23.8 9.9
-45.4 61.6 24.4 10.3
-45.2 61.6 24.9 10.6
-45.0 61.6 25.5 11.0
-44.8 61.6 26.0 11.4
-44.6 61.6 26.5 11.8
-44.4 61.6 27.0 12.2
-44.2 61.6 27.3 12.6
-44.0 61.6 27.6 13.0
-43.8 61.6 27.8 13.3
-43.6 61.6 27.9 13.5
-43.4 61.6 28.1 13.7
-43.2 61.6 28.3 13.8
-43.0 61.6 28.5 13.8
-42.8 61.6 28.8 13.6
-42.6 61.6 29.0 13.4
-42.4 61.6 29.2 13.2
-42.2 61.6 29.3 12.9
-42.0 61.6 29.4 12.7
-41.8 61.6 29.5 12.3
-41.6 61.6 29.5 12.0
-41.4 61.6 29.6 11.6
-41.2 61.6 29.6 11.3
-41.0 61.6 29.6 10.9
-40.8 61.6 29.6 10.5
-40.6 61.6 29.6 10.2
-40.4 61.6 29.6 9.8
-40.2 61.6 29.6 9.5
-40.0 61.6 29.5 9.2
-39.8 61.6 29.4 9.1
-39.6 61.6 29.3 9.1
-39.4 61.6 29.2 9.2
-39.2 61.6 29.1 9.5
-39.0 61.6 28.9 9.8
-38.8 61.6 28.7 10.1
-38.6 61.6 28.6 10.3
-38.4 61.6 28.4 10.4
-38.2 61.6 28.3 10.3
-38.0 61.6 28.1 10.2
-37.8 61.6 28.0 10.1
-37.6 61.6 27.8 10.0
-37.4 61.6 27.6 10.0
-37.2 61.6 27.3 10.1
-37.0 61.6 27.0 10.2
-36.8 61.6 26.6 10.3
-36.6 61.6 26.2 10.3
-36.4 61.6 25.7 10.3
-36.2 61.6 25.2 10.1
-36.0 61.6 24.6 9.9
-35.8 61.6 23.9 9.7
-35.6 61.6 23.2 9.4
-35.4 61.6 22.4 9.1
-35.2 61.6 21.5 8.8
-35.0 61.6 20.5 8.5
-34.8 61.6 19.4 8.2
-34.6 61.6 18.3 7.8
-34.4 61.6 17.1 7.3
-34.2 61.6 15.8 6.8
-34.0 61.6 14.4 6.1
-33.8 61.6 12.9 5.3
-33.6 61.6 11.4 4.5
-33.4 61.6 10.0 3.8
-33.2 61.6 8.7 3.1
-33.0 61.6 7.7 2.5
-32.8 61.6 6.9 2.1
-32.6 61.6 6.3 1.9
-32.4 61.6 5.9 1.7
-32.2 61.6 5.8 1.6
-32.0 61.6 5.7 1.6
-31.8 61.6 5.6 1.5
-31.6 61.6 5.6 1.5
-31.4 61.6 5.6 1.5
-31.2 61.6 5.6 1.5
-31.0 61.6 5.5 1.5
-30.8 61.6 5.5 1.4
-30.6 61.6 5.5 1.4
-30.4 61.6 5.4 1.4
-30.2 61.6 5.4 1.3
-30.0 61.6 5.4 1.3
-29.8 61.6 5.3 1.3
-29.6 61.6 5.3 1.3
-29.4 61.6 5.3 1.3
-29.2 61.6 5.2 1.2
-29.0 61.6 5.2 1.2
-28.8 61.6 5.2 1.1
-28.6 61.6 5.2 1.0
-28.4 61.6 5.1 1.0
-28.2 61.6 5.1 1.0
-28.0 61.6 5.1 1.0
-27.8 61.6 5.1 1.0
-27.6 61.6 5.0 1.0
-27.4 61.6 5.0 1.0
-27.2 61.6 5.0 1.0
-27.0 61.6 5.0 1.0
-26.8 61.6 5.0 1.0
-26.6 61.6 5.0 1.0
-26.4 61.6 5.0 1.0
-26.2 61.6 5.0 1.0
-26.0 61.6 5.0 1.0
-25.8 61.6 5.0 1.0
-25.6 61.6 5.0 1.0
-25.4 61.6 5.0 1.0
-25.2 61.6 5.0 1.0
-25.0 61.6 5.0 1.0
-24.8 61.6 5.2 1.0
-24.6 61.6 5.4 1.0
-24.4 61.6 5.6 1.0
-24.2 61.6 5.8 1.0
-24.0 61.6 6.0 1.0
-23.8 61.6 6.2 1.0
-23.6 61.6 6.4 1.0
-23.4 61.6 6.5 1.0
-61.4 61.4 29.3 13.1
-61.2 61.4 29.1 12.6
-61.0 61.4 29.0 12.2
-60.8 61.4 28.8 11.9
-60.6 61.4 28.6 11.7
-60.4 61.4 28.4 11.5
-60.2 61.4 28.1 11.4
-60.0 61.4 27.9 11.3
-59.8 61.4 27.6 11.3
-59.6 61.4 27.2 11.2
-59.4 61.4 26.8 11.0
-59.2 61.4 26.4 10.9
-59.0 61.4 25.9 10.7
-58.8 61.4 25.5 10.6
-58.6 61.4 25.0 10.4
-58.4 61.4 24.6 10.3
-58.2 61.4 24.1 10.1
-58.0 61.4 23.6 9.9
-57.8 61.4 23.0 9.7
-57.6 61.4 22.3 9.5
-57.4 61.4 21.6 9.4
-57.2 61.4 20.8 9.2
-57.0 61.4 20.0 9.0
-56.8 61.4 19.3 8.9
-56.6 61.4 18.7 8.6
-56.4 61.4 18.3 8.4
-56.2 61.4 17.9 8.3
-56.0 61.4 17.6 8.1
-55.8 61.4 17.3 8.0
-55.6 61.4 17.1 7.9
-55.4 61.4 16.8 7.9
-55.2 61.4 16.6 7.8
-55.0 61.4 16.3 7.7
-54.8 61.4 16.0 7.6
-54.6 61.4 15.8 7.4
-54.4 61.4 15.5 7.2
-54.2 61.4 15.2 7.1
-54.0 61.4 15.0 6.9
-53.8 61.4 14.7 6.8
-53.6 61.4 14.4 6.7
-53.4 61.4 14.1 6.7
-53.2 61.4 13.8 6.7
-53.0 61.4 13.4 6.6
-52.8 61.4 13.0 6.6
-52.6 61.4 12.6 6.5
-52.4 61.4 12.1 6.4
-52.2 61.4 11.7 6.3
-52.0 61.4 11.2 6.1
-51.8 61.4 10.8 5.9
-51.6 61.4 10.4 5.7
-51.4 61.4 10.2 5.6
-51.2 61.4 10.0 5.4
-51.0 61.4 9.9 5.3
-50.8 61.4 9.8 5.2
-50.6 61.4 9.9 5.2
-50.4 61.4 10.1 5.2
-50.2 61.4 10.3 5.3
-50.0 61.4 10.7 5.4
-49.8 61.4 11.1 5.5
-49.6 61.4 11.6 5.7
-49.4 61.4 12.1 5.8
-49.2 61.4 12.7 5.9
-49.0 61.4 13.3 6.0
-48.8 61.4 13.9 6.1
-48.6 61.4 14.3 6.1
-48.4 61.4 14.7 6.2
-48.2 61.4 15.1 6.2
-48.0 61.4 15.5 6.3
-47.8 61.4 16.0 6.5
-47.6 61.4 16.6 6.7
-47.4 61.4 17.4 6.9
-47.2 61.4 18.3 7.2
-47.0 61.4 19.1 7.5
-46.8 61.4 20.0 7.8
-46.6 61.4 20.7 8.1
-46.4 61.4 21.4 8.5
-46.2 61.4 22.0 8.8
-46.0 61.4 22.5 9.1
-45.8 61.4 23.0 9.4
-45.6 61.4 23.5 9.7
-45.4 61.4 24.0 10.0
-45.2 61.4 24.6 10.3
-45.0 61.4 25.1 10.7
-44.8 61.4 25.6 11.0
-44.6 61.4 26.0 11.4
-44.4 61.4 26.4 11.8
-44.2 61.4 26.6 12.2
-44.0 61.4 26.7 12.5
-43.8 61.4 26.8 12.8
-43.6 61.4 26.9 13.0
-43.4 61.4 27.0 13.1
-43.2 61.4 27.1 13.0
-43.0 61.4 27.4 12.9
-42.8 61.4 27.7 12.6
-42.6 61.4 27.9 12.4
-42.4 61.4 28.1 12.1
-42.2 61.4 28.3 11.7
-42.0 61.4 28.3 11.4
-41.8 61.4 28.4 11.1
-41.6 61.4 28.3 10.7
-41.4 61.4 28.3 10.3
-41.2 61.4 28.3 9.9
-41.0 61.4 28.3 9.5
-40.8 61.4 28.2 9.1
-40.6 61.4 28.2 8.7
-40.4 61.4 28.2 8.4
-40.2 61.4 28.1 8.1
-40.0 61.4 28.0 8.0
-39.8 61.4 27.9 7.9
-39.6 61.4 27.7 8.0
-39.4 61.4 27.5 8.2
-39.2 61.4 27.3 8.4
-39.0 61.4 27.1 8.8
-38.8 61.4 26.8 9.0
-38.6 61.4 26.6 9.2
-38.4 61.4 26.3 9.3
-38.2 61.4 25.9 9.2
-38.0 61.4 25.6 9.1
-37.8 61.4 25.3 9.0
-37.6 61.4 24.9 8.9
-37.4 61.4 24.5 8.8
-37.2 61.4 24.1 8.8
-37.0 61.4 23.7 8.9
-36.8 61.4 23.2 9.0
-36.6 61.4 22.7 9.0
-36.4 61.4 22.1 9.0
-36.2 61.4 21.5 8.9
-36.0 61.4 20.9 8.7
-35.8 61.4 20.2 8.5
-35.6 61.4 19.5 8.3
-35.4 61.4 18.7 8.0
-35.2 61.4 17.8 7.7
-35.0 61.4 16.8 7.4
-34.8 61.4 15.8 7.0
-34.6 61.4 14.7 6.6
-34.4 61.4 13.6 6.0
-34.2 61.4 12.4 5.4
-34.0 61.4 11.2 4.7
-33.8 61.4 10.1 4.0
-33.6 61.4 8.9 3.3
-33.4 61.4 7.9 2.6
-33.2 61.4 7.1 2.1
-33.0 61.4 6.4 1.6
-32.8 61.4 5.9 1.4
-32.6 61.4 5.6 1.2
-32.4 61.4 5.4 1.1
-32.2 61.4 5.3 1.1
-32.0 61.4 5.3 1.1
-31.8 61.4 5.3 1.1
-31.6 61.4 5.3 1.1
-31.4 61.4 5.3 1.1
-31.2 61.4 5.3 1.1
-31.0 61.4 5.3 1.1
-30.8 61.4 5.3 1.1
-30.6 61.4 5.3 1.1
-30.4 61.4 5.4 1.1
-30.2 61.4 5.4 1.1
-30.0 61.4 5.4 1.1
-29.8 61.4 5.4 1.1
-29.6 61.4 5.4 1.1
-29.4 61.4 5.4 1.1
-29.2 61.4 5.3 1.1
-29.0 61.4 5.3 1.0
-28.8 61.4 5.2 1.0
-28.6 61.4 5.2 1.0
-28.4 61.4 5.1 1.0
-28.2 61.4 5.1 1.0
-28.0 61.4 5.0 1.0
-27.8 61.4 5.0 1.0
-27.6 61.4 5.0 1.0
-27.4 61.4 5.0 1.0
-27.2 61.4 5.0 1.0
-27.0 61.4 5.0 1.0
-26.8 61.4 5.0 1.0
-26.6 61.4 5.0 1.0
-26.4 61.4 5.0 1.0
-26.2 61.4 5.0 1.0
-26.0 61.4 5.0 1.0
-25.8 61.4 5.0 1.0
-25.6 61.4 5.0 1.0
-25.4 61.4 5.0 1.0
-25.2 61.4 5.0 1.0
-25.0 61.4 5.0 1.0
-24.8 61.4 5.0 1.0
-24.6 61.4 5.1 1.0
-24.4 61.4 5.2 1.0
-24.2 61.4 5.4 1.0
-24.0 61.4 5.6 1.0
-23.8 61.4 5.8 1.0
-23.6 61.4 6.0 1.0
-61.2 61.2 27.4 12.1
-61.0 61.2 27.3 11.7
-60.8 61.2 27.1 11.4
-60.6 61.2 26.9 11.2
-60.4 61.2 26.6 11.0
-60.2 61.2 26.2 11.0
-60.0 61.2 25.9 10.9
-59.8 61.2 25.5 10.9
-59.6 61.2 25.1 10.8
-59.4 61.2 24.6 10.7
-59.2 61.2 24.1 10.5
-59.0 61.2 23.6 10.4
-58.8 61.2 23.0 10.2
-58.6 61.2 22.6 10.0
-58.4 61.2 22.2 9.8
-58.2 61.2 21.9 9.7
-58.0 61.2 21.5 9.5
-57.8 61.2 21.2 9.3
-57.6 61.2 20.7 9.1
-57.4 61.2 20.2 8.9
-57.2 61.2 19.6 8.7
-57.0 61.2 19.0 8.5
-56.8 61.2 18.4 8.2
-56.6 61.2 17.9 8.0
-56.4 61.2 17.4 7.7
-56.2 61.2 17.0 7.5
-56.0 61.2 16.7 7.4
-55.8 61.2 16.4 7.3
-55.6 61.2 16.1 7.2
-55.4 61.2 15.8 7.2
-55.2 61.2 15.5 7.1
-55.0 61.2 15.2 7.1
-54.8 61.2 14.9 7.0
-54.6 61.2 14.7 6.9
-54.4 61.2 14.4 6.8
-54.2 61.2 14.2 6.7
-54.0 61.2 14.0 6.6
-53.8 61.2 13.8 6.5
-53.6 61.2 13.5 6.4
-53.4 61.2 13.2 6.4
-53.2 61.2 12.8 6.3
-53.0 61.2 12.4 6.2
-52.8 61.2 11.8 6.1
-52.6 61.2 11.3 5.9
-52.4 61.2 10.7 5.7
-52.2 61.2 10.1 5.5
-52.0 61.2 9.5 5.2
-51.8 61.2 9.0 5.0
-51.6 61.2 8.6 4.8
-51.4 61.2 8.3 4.6
-51.2 61.2 8.0 4.5
-51.0 61.2 7.9 4.4
-50.8 61.2 7.9 4.4
-50.6 61.2 8.0 4.4
-50.4 61.2 8.2 4.5
-50.2 61.2 8.5 4.7
-50.0 61.2 8.9 4.9
-49.8 61.2 9.4 5.1
-49.6 61.2 10.0 5.3
-49.4 61.2 10.7 5.5
-49.2 61.2 11.4 5.7
-49.0 61.2 12.1 5.8
-48.8 61.2 12.7 5.9
-48.6 61.2 13.3 6.0
-48.4 61.2 13.8 6.1
-48.2 61.2 14.3 6.1
-48.0 61.2 14.9 6.2
-47.8 61.2 15.5 6.3
-47.6 61.2 16.2 6.5
-47.4 61.2 17.0 6.7
-47.2 61.2 17.9 7.0
-47.0 61.2 18.8 7.3
-46.8 61.2 19.7 7.6
-46.6 61.2 20.4 8.0
-46.4 61.2 21.1 8.3
-46.2 61.2 21.6 8.6
-46.0 61.2 22.1 8.9
-45.8 61.2 22.6 9.2
-45.6 61.2 23.1 9.5
-45.4 61.2 23.6 9.7
-45.2 61.2 24.1 10.0
-45.0 61.2 24.7 10.3
-44.8 61.2 25.1 10.6
-44.6 61.2 25.6 11.0
-44.4 61.2 25.8 11.3
-44.2 61.2 26.0 11.7
-44.0 61.2 26.0 12.1
-43.8 61.2 26.0 12.3
-43.6 61.2 26.0 12.5
-43.4 61.2 26.1 12.6
-43.2 61.2 26.3 12.5
-43.0 61.2 26.5 12.3
-42.8 61.2 26.8 11.9
-42.6 61.2 27.0 11.6
-42.4 61.2 27.2 11.2
-42.2 61.2 27.2 10.8
-42.0 61.2 27.2 10.5
-41.8 61.2 27.1 10.1
-41.6 61.2 27.0 9.8
-41.4 61.2 26.9 9.4
-41.2 61.2 26.7 9.1
-41.0 61.2 26.5 8.8
-40.8 61.2 26.4 8.5
-40.6 61.2 26.2 8.2
-40.4 61.2 26.1 8.0
-40.2 61.2 26.0 7.8
-40.0 61.2 25.9 7.6
-39.8 61.2 25.8 7.6
-39.6 61.2 25.6 7.7
-39.4 61.2 25.3 7.8
-39.2 61.2 25.1 8.0
-39.0 61.2 24.7 8.2
-38.8 61.2 24.3 8.4
-38.6 61.2 23.9 8.4
-38.4 61.2 23.3 8.4
-38.2 61.2 22.7 8.3
-38.0 61.2 22.1 8.1
-37.8 61.2 21.4 7.9
-37.6 61.2 20.8 7.7
-37.4 61.2 20.2 7.5
-37.2 61.2 19.7 7.4
-37.0 61.2 19.2 7.4
-36.8 61.2 18.7 7.4
-36.6 61.2 18.2 7.4
-36.4 61.2 17.8 7.5
-36.2 61.2 17.2 7.4
-36.0 61.2 16.7 7.3
-35.8 61.2 16.1 7.1
-35.6 61.2 15.4 6.9
-35.4 61.2 14.7 6.6
-35.2 61.2 14.0 6.3
-35.0 61.2 13.2 6.0
-34.8 61.2 12.3 5.6
-34.6 61.2 11.5 5.2
-34.4 61.2 10.6 4.7
-34.2 61.2 9.7 4.2
-34.0 61.2 8.8 3.6
-33.8 61.2 7.9 2.9
-33.6 61.2 7.2 2.3
-33.4 61.2 6.5 1.8
-33.2 61.2 6.0 1.4
-33.0 61.2 5.6 1.1
-32.8 61.2 5.4 1.0
-32.6 61.2 5.2 1.0
-32.4 61.2 5.1 1.0
-32.2 61.2 5.1 1.0
-32.0 61.2 5.1 1.0
-31.8 61.2 5.1 1.0
-31.6 61.2 5.1 1.0
-31.4 61.2 5.2 1.0
-31.2 61.2 5.2 1.0
-31.0 61.2 5.3 1.0
-30.8 61.2 5.4 1.0
-30.6 61.2 5.6 1.0
-30.4 61.2 5.7 1.0
-30.2 61.2 5.8 1.1
-30.0 61.2 5.9 1.1
-29.8 61.2 5.9 1.1
-29.6 61.2 5.8 1.1
-29.4 61.2 5.8 1.0
-29.2 61.2 5.6 1.0
-29.0 61.2 5.5 1.0
-28.8 61.2 5.4 1.0
-28.6 61.2 5.3 1.0
-28.4 61.2 5.2 1.0
-28.2 61.2 5.1 1.0
-28.0 61.2 5.0 1.0
-27.8 61.2 5.0 1.0
-27.6 61.2 5.0 1.0
-27.4 61.2 5.0 1.0
-27.2 61.2 5.0 1.0
-27.0 61.2 5.0 1.0
-26.8 61.2 5.0 1.0
-26.6 61.2 5.0 1.0
-26.4 61.2 5.0 1.0
-26.2 61.2 5.0 1.0
-26.0 61.2 5.0 1.0
-25.8 61.2 5.0 1.0
-25.6 61.2 5.0 1.0
-25.4 61.2 5.0 1.0
-25.2 61.2 5.0 1.0
-25.0 61.2 5.0 1.0
-24.8 61.2 5.0 1.0
-24.6 61.2 5.0 1.0
-24.4 61.2 5.0 1.0
-24.2 61.2 5.1 1.0
-24.0 61.2 5.3 1.0
-23.8 61.2 5.5 1.0
-61.2 61.0 25.2 11.4
-61.0 61.0 25.0 11.1
-60.8 61.0 24.7 10.8
-60.6 61.0 24.3 10.6
-60.4 61.0 24.0 10.5
-60.2 61.0 23.6 10.5
-60.0 61.0 23.3 10.4
-59.8 61.0 23.0 10.4
-59.6 61.0 22.6 10.3
-59.4 61.0 22.2 10.2
-59.2 61.0 21.8 10.0
-59.0 61.0 21.3 9.8
-58.8 61.0 20.8 9.7
-58.6 61.0 20.4 9.5
-58.4 61.0 20.1 9.3
-58.2 61.0 19.9 9.2
-58.0 61.0 19.6 9.0
-57.8 61.0 19.4 8.9
-57.6 61.0 19.1 8.7
-57.4 61.0 18.6 8.5
-57.2 61.0 18.2 8.2
-57.0 61.0 17.7 7.9
-56.8 61.0 17.3 7.6
-56.6 61.0 16.9 7.3
-56.4 61.0 16.5 7.0
-56.2 61.0 16.1 6.8
-56.0 61.0 15.8 6.6
-55.8 61.0 15.4 6.6
-55.6 61.0 15.0 6.5
-55.4 61.0 14.7 6.5
-55.2 61.0 14.3 6.5
-55.0 61.0 14.0 6.5
-54.8 61.0 13.7 6.4
-54.6 61.0 13.5 6.4
-54.4 61.0 13.3 6.3
-54.2 61.0 13.1 6.3
-54.0 61.0 12.9 6.2
-53.8 61.0 12.7 6.1
-53.6 61.0 12.5 6.0
-53.4 61.0 12.2 5.9
-53.2 61.0 11.7 5.8
-53.0 61.0 11.2 5.6
-52.8 61.0 10.6 5.4
-52.6 61.0 10.0 5.2
-52.4 61.0 9.3 4.9
-52.2 61.0 8.6 4.6
-52.0 61.0 8.0 4.3
-51.8 61.0 7.5 4.0
-51.6 61.0 7.0 3.7
-51.4 61.0 6.7 3.6
-51.2 61.0 6.5 3.4
-51.0 61.0 6.4 3.4
-50.8 61.0 6.4 3.4
-50.6 61.0 6.5 3.5
-50.4 61.0 6.7 3.7
-50.2 61.0 7.0 4.0
-50.0 61.0 7.4 4.2
-49.8 61.0 7.9 4.5
-49.6 61.0 8.6 4.8
-49.4 61.0 9.3 5.1
-49.2 61.0 10.2 5.4
-49.0 61.0 11.0 5.6
-48.8 61.0 11.7 5.8
-48.6 61.0 12.4 5.9
-48.4 61.0 13.0 6.0
-48.2 61.0 13.6 6.1
-48.0 61.0 14.2 6.2
-47.8 61.0 14.8 6.3
-47.6 61.0 15.5 6.4
-47.4 61.0 16.3 6.6
-47.2 61.0 17.1 6.8
-47.0 61.0 17.9 7.1
-46.8 61.0 18.8 7.4
-46.6 61.0 19.5 7.7
-46.4 61.0 20.1 8.0
-46.2 61.0 20.7 8.3
-46.0 61.0 21.2 8.5
-45.8 61.0 21.7 8.8
-45.6 61.0 22.3 9.0
-45.4 61.0 22.8 9.3
-45.2 61.0 23.4 9.5
-45.0 61.0 24.0 9.8
-44.8 61.0 24.5 10.0
-44.6 61.0 24.9 10.3
-44.4 61.0 25.2 10.6
-44.2 61.0 25.3 11.0
-44.0 61.0 25.4 11.3
-43.8 61.0 25.4 11.5
-43.6 61.0 25.4 11.7
-43.4 61.0 25.5 11.8
-43.2 61.0 25.6 11.7
-43.0 61.0 25.8 11.5
-42.8 61.0 26.0 11.1
-42.6 61.0 26.2 10.7
-42.4 61.0 26.3 10.3
-42.2 61.0 26.2 10.0
-42.0 61.0 26.1 9.6
-41.8 61.0 25.9 9.4
-41.6 61.0 25.6 9.1
-41.4 61.0 25.2 8.9
-41.2 61.0 24.8 8.7
-41.0 61.0 24.5 8.6
-40.8 61.0 24.1 8.4
-40.6 61.0 23.8 8.3
-40.4 61.0 23.6 8.1
-40.2 61.0 23.4 8.0
-40.0 61.0 23.3 7.8
-39.8 61.0 23.1 7.7
-39.6 61.0 22.8 7.7
-39.4 61.0 22.5 7.7
-39.2 61.0 22.1 7.7
-39.0 61.0 21.6 7.7
-38.8 61.0 21.0 7.6
-38.6 61.0 20.2 7.5
-38.4 61.0 19.4 7.3
-38.2 61.0 18.5 7.0
-38.0 61.0 17.6 6.7
-37.8 61.0 16.7 6.4
-37.6 61.0 15.9 6.1
-37.4 61.0 15.3 5.8
-37.2 61.0 14.8 5.6
-37.0 61.0 14.4 5.6
-36.8 61.0 14.1 5.6
-36.6 61.0 13.9 5.6
-36.4 61.0 13.7 5.7
-36.2 61.0 13.4 5.7
-36.0 61.0 13.0 5.7
-35.8 61.0 12.5 5.5
-35.6 61.0 11.9 5.4
-35.4 61.0 11.4 5.2
-35.2 61.0 10.8 4.9
-35.0 61.0 10.2 4.7
-34.8 61.0 9.7 4.4
-34.6 61.0 9.1 4.1
-34.4 61.0 8.5 3.7
-34.2 61.0 8.0 3.3
-34.0 61.0 7.4 2.8
-33.8 61.0 6.8 2.3
-33.6 61.0 6.3 1.8
-33.4 61.0 5.9 1.4
-33.2 61.0 5.6 1.0
-33.0 61.0 5.3 1.0
-32.8 61.0 5.2 1.0
-32.6 61.0 5.1 1.0
-32.4 61.0 5.0 1.0
-32.2 61.0 5.0 1.0
-32.0 61.0 5.0 1.0
-31.8 61.0 5.1 1.0
-31.6 61.0 5.1 1.0
-31.4 61.0 5.2 1.0
-31.2 61.0 5.3 1.0
-31.0 61.0 5.5 1.0
-30.8 61.0 5.7 1.0
-30.6 61.0 5.9 1.0
-30.4 61.0 6.1 1.1
-30.2 61.0 6.3 1.1
-30.0 61.0 6.4 1.1
-29.8 61.0 6.4 1.1
-29.6 61.0 6.4 1.0
-29.4 61.0 6.2 1.0
-29.2 61.0 6.0 1.0
-29.0 61.0 5.8 1.0
-28.8 61.0 5.6 1.0
-28.6 61.0 5.4 1.0
-28.4 61.0 5.2 1.0
-28.2 61.0 5.1 1.0
-28.0 61.0 5.1 1.0
-27.8 61.0 5.0 1.0
-27.6 61.0 5.0 1.0
-27.4 61.0 5.0 1.0
-27.2 61.0 5.0 1.0
-27.0 61.0 5.0 1.0
-26.8 61.0 5.0 1.0
-26.6 61.0 5.0 1.0
-26.4 61.0 5.0 1.0
-26.2 61.0 5.0 1.0
-26.0 61.0 5.0 1.0
-25.8 61.0 5.0 1.0
-25.6 61.0 5.0 1.0
-25.4 61.0 5.0 1.0
-25.2 61.0 5.0 1.0
-25.0 61.0 5.0 1.0
-24.8 61.0 5.0 1.0
-24.6 61.0 5.0 1.0
-24.4 61.0 5.0 1.0
-24.2 61.0 5.0 1.0
-24.0 61.0 5.1 1.0
-23.8 61.0 5.2 1.0
-61.0 60.8 22.6 10.4
-60.8 60.8 22.3 10.2
-60.6 60.8 21.8 10.1
-60.4 60.8 21.4 10.0
-60.2 60.8 21.1 9.9
-60.0 60.8 20.8 9.8
-59.8 60.8 20.6 9.7
-59.6 60.8 20.3 9.6
-59.4 60.8 20.0 9.4
-59.2 60.8 19.7 9.3
-59.0 60.8 19.3 9.1
-58.8 60.8 19.0 8.9
-58.6 60.8 18.6 8.8
-58.4 60.8 18.4 8.7
-58.2 60.8 18.2 8.6
-58.0 60.8 18.0 8.4
-57.8 60.8 17.8 8.3
-57.6 60.8 17.5 8.1
-57.4 60.8 17.2 7.9
-57.2 60.8 16.8 7.6
-57.0 60.8 16.4 7.3
-56.8 60.8 16.0 6.9
-56.6 60.8 15.7 6.6
-56.4 60.8 15.4 6.3
-56.2 60.8 15.1 6.1
-56.0 60.8 14.7 6.0
-55.8 60.8 14.3 5.9
-55.6 60.8 13.9 5.9
-55.4 60.8 13.5 5.9
-55.2 60.8 13.1 5.9
-55.0 60.8 12.8 5.9
-54.8 60.8 12.5 5.9
-54.6 60.8 12.3 5.9
-54.4 60.8 12.1 5.8
-54.2 60.8 11.9 5.8
-54.0 60.8 11.8 5.7
-53.8 60.8 11.6 5.6
-53.6 60.8 11.3 5.5
-53.4 60.8 11.0 5.4
-53.2 60.8 10.6 5.2
-53.0 60.8 10.1 5.0
-52.8 60.8 9.5 4.8
-52.6 60.8 8.8 4.5
-52.4 60.8 8.1 4.1
-52.2 60.8 7.5 3.7
-52.0 60.8 6.9 3.4
-51.8 60.8 6.4 3.1
-51.6 60.8 6.1 2.8
-51.4 60.8 5.8 2.6
-51.2 60.8 5.6 2.5
-51.0 60.8 5.6 2.5
-50.8 60.8 5.6 2.6
-50.6 60.8 5.6 2.7
-50.4 60.8 5.8 2.9
-50.2 60.8 6.0 3.2
-50.0 60.8 6.4 3.5
-49.8 60.8 6.9 3.9
-49.6 60.8 7.5 4.3
-49.4 60.8 8.2 4.6
-49.2 60.8 9.0 5.0
-49.0 60.8 9.8 5.3
-48.8 60.8 10.6 5.5
-48.6 60.8 11.3 5.7
-48.4 60.8 11.9 5.8
-48.2 60.8 12.5 6.0
-48.0 60.8 13.1 6.1
-47.8 60.8 13.7 6.2
-47.6 60.8 14.3 6.3
-47.4 60.8 15.0 6.4
-47.2 60.8 15.8 6.6
-47.0 60.8 16.5 6.8
-46.8 60.8 17.3 7.0
-46.6 60.8 18.0 7.3
-46.4 60.8 18.6 7.5
-46.2 60.8 19.3 7.7
-46.0 60.8 19.9 8.0
-45.8 60.8 20.5 8.2
-45.6 60.8 21.1 8.4
-45.4 60.8 21.8 8.7
-45.2 60.8 22.4 8.9
-45.0 60.8 23.0 9.1
-44.8 60.8 23.5 9.3
-44.6 60.8 23.8 9.5
-44.4 60.8 24.1 9.7
-44.2 60.8 24.3 10.0
-44.0 60.8 24.4 10.2
-43.8 60.8 24.5 10.4
-43.6 60.8 24.6 10.6
-43.4 60.8 24.7 10.6
-43.2 60.8 24.8 10.6
-43.0 60.8 25.0 10.4
-42.8 60.8 25.1 10.1
-42.6 60.8 25.2 9.8
-42.4 60.8 25.1 9.5
-42.2 60.8 25.0 9.1
-42.0 60.8 24.7 8.9
-41.8 60.8 24.4 8.7
-41.6 60.8 23.9 8.6
-41.4 60.8 23.3 8.5
-41.2 60.8 22.7 8.5
-41.0 60.8 22.0 8.5
-40.8 60.8 21.4 8.4
-40.6 60.8 21.0 8.4
-40.4 60.8 20.6 8.3
-40.2 60.8 20.4 8.1
-40.0 60.8 20.2 7.9
-39.8 60.8 19.9 7.7
-39.6 60.8 19.5 7.4
-39.4 60.8 19.0 7.2
-39.2 60.8 18.3 6.9
-39.0 60.8 17.6 6.6
-38.8 60.8 16.7 6.3
-38.6 60.8 15.8 6.0
-38.4 60.8 14.8 5.7
-38.2 60.8 13.8 5.3
-38.0 60.8 12.9 5.0
-37.8 60.8 12.2 4.6
-37.6 60.8 11.5 4.3
-37.4 60.8 11.1 4.1
-37.2 60.8 10.9 4.0
-37.0 60.8 10.8 3.9
-36.8 60.8 10.8 4.0
-36.6 60.8 10.9 4.1
-36.4 60.8 10.8 4.2
-36.2 60.8 10.7 4.2
-36.0 60.8 10.4 4.2
-35.8 60.8 10.0 4.2
-35.6 60.8 9.5 4.1
-35.4 60.8 9.1 3.9
-35.2 60.8 8.7 3.8
-35.0 60.8 8.3 3.7
-34.8 60.8 8.0 3.5
-34.6 60.8 7.7 3.3
-34.4 60.8 7.5 3.1
-34.2 60.8 7.2 2.8
-34.0 60.8 6.8 2.4
-33.8 60.8 6.5 2.1
-33.6 60.8 6.1 1.7
-33.4 60.8 5.8 1.3
-33.2 60.8 5.5 1.0
-33.0 60.8 5.3 1.0
-32.8 60.8 5.2 1.0
-32.6 60.8 5.1 1.0
-32.4 60.8 5.0 1.0
-32.2 60.8 5.0 1.0
-32.0 60.8 5.0 1.0
-31.8 60.8 5.1 1.0
-31.6 60.8 5.1 1.0
-31.4 60.8 5.3 1.0
-31.2 60.8 5.4 1.0
-31.0 60.8 5.7 1.0
-30.8 60.8 5.9 1.0
-30.6 60.8 6.2 1.1
-30.4 60.8 6.5 1.1
-30.2 60.8 6.7 1.1
-30.0 60.8 6.8 1.1
-29.8 60.8 6.8 1.1
-29.6 60.8 6.7 1.0
-29.4 60.8 6.5 1.0
-29.2 60.8 6.2 1.0
-29.0 60.8 5.9 1.0
-28.8 60.8 5.6 1.0
-28.6 60.8 5.4 1.0
-28.4 60.8 5.3 1.0
-28.2 60.8 5.1 1.0
-28.0 60.8 5.1 1.0
-27.8 60.8 5.0 1.0
-27.6 60.8 5.0 1.0
-27.4 60.8 5.0 1.0
-27.2 60.8 5.0 1.0
-27.0 60.8 5.0 1.0
-26.8 60.8 5.0 1.0
-26.6 60.8 5.0 1.0
-26.4 60.8 5.0 1.0
-26.2 60.8 5.0 1.0
-26.0 60.8 5.0 1.0
-25.8 60.8 5.0 1.0
-25.6 60.8 5.0 1.0
-25.4 60.8 5.0 1.0
-25.2 60.8 5.0 1.0
-25.0 60.8 5.0 1.0
-24.8 60.8 5.0 1.0
-24.6 60.8 5.0 1.0
-24.4 60.8 5.0 1.0
-24.2 60.8 5.0 1.0
-24.0 60.8 5.0 1.0
-60.8 60.6 20.6 9.4
-60.6 60.6 20.1 9.3
-60.4 60.6 19.7 9.2
-60.2 60.6 19.4 9.1
-60.0 60.6 19.0 9.0
-59.8 60.6 18.8 8.9
-59.6 60.6 18.5 8.8
-59.4 60.6 18.2 8.6
-59.2 60.6 18.0 8.5
-59.0 60.6 17.7 8.3
-58.8 60.6 17.4 8.2
-58.6 60.6 17.2 8.1
-58.4 60.6 17.0 8.0
-58.2 60.6 16.8 7.9
-58.0 60.6 16.7 7.7
-57.8 60.6 16.5 7.6
-57.6 60.6 16.2 7.4
-57.4 60.6 15.8 7.2
-57.2 60.6 15.5 6.9
-57.0 60.6 15.1 6.6
-56.8 60.6 14.8 6.3
-56.6 60.6 14.5 6.0
-56.4 60.6 14.2 5.7
-56.2 60.6 13.9 5.5
-56.0 60.6 13.5 5.4
-55.8 60.6 13.1 5.3
-55.6 60.6 12.7 5.2
-55.4 60.6 12.2 5.3
-55.2 60.6 11.8 5.3
-55.0 60.6 11.5 5.3
-54.8 60.6 11.2 5.3
-54.6 60.6 10.9 5.3
-54.4 60.6 10.7 5.3
-54.2 60.6 10.6 5.2
-54.0 60.6 10.5 5.1
-53.8 60.6 10.3 5.1
-53.6 60.6 10.1 4.9
-53.4 60.6 9.9 4.8
-53.2 60.6 9.5 4.7
-53.0 60.6 9.0 4.4
-52.8 60.6 8.4 4.2
-52.6 60.6 7.8 3.8
-52.4 60.6 7.2 3.5
-52.2 60.6 6.6 3.1
-52.0 60.6 6.2 2.8
-51.8 60.6 5.8 2.5
-51.6 60.6 5.5 2.2
-51.4 60.6 5.4 2.1
-51.2 60.6 5.3 2.0
-51.0 60.6 5.2 2.0
-50.8 60.6 5.2 2.0
-50.6 60.6 5.2 2.1
-50.4 60.6 5.3 2.3
-50.2 60.6 5.5 2.5
-50.0 60.6 5.7 2.9
-49.8 60.6 6.1 3.3
-49.6 60.6 6.6 3.7
-49.4 60.6 7.2 4.1
-49.2 60.6 7.9 4.5
-49.0 60.6 8.6 4.9
-48.8 60.6 9.3 5.1
-48.6 60.6 9.9 5.4
-48.4 60.6 10.5 5.6
-48.2 60.6 11.1 5.8
-48.0 60.6 11.7 5.9
-47.8 60.6 12.2 6.0
-47.6 60.6 12.8 6.2
-47.4 60.6 13.5 6.3
-47.2 60.6 14.2 6.4
-47.0 60.6 14.9 6.5
-46.8 60.6 15.6 6.6
-46.6 60.6 16.3 6.8
-46.4 60.6 17.1 6.9
-46.2 60.6 17.8 7.1
-46.0 60.6 18.5 7.3
-45.8 60.6 19.2 7.6
-45.6 60.6 19.9 7.8
-45.4 60.6 20.6 7.9
-45.2 60.6 21.2 8.1
-45.0 60.6 21.7 8.3
-44.8 60.6 22.2 8.4
-44.6 60.6 22.4 8.6
-44.4 60.6 22.6 8.8
-44.2 60.6 22.7 9.0
-44.0 60.6 22.8 9.1
-43.8 60.6 22.9 9.3
-43.6 60.6 23.0 9.4
-43.4 60.6 23.1 9.5
-43.2 60.6 23.2 9.4
-43.0 60.6 23.3 9.3
-42.8 60.6 23.4 9.1
-42.6 60.6 23.4 8.8
-42.4 60.6 23.3 8.5
-42.2 60.6 23.1 8.3
-42.0 60.6 22.7 8.1
-41.8 60.6 22.2 7.9
-41.6 60.6 21.6 7.9
-41.4 60.6 20.9 7.9
-41.2 60.6 20.1 7.9
-41.0 60.6 19.3 8.0
-40.8 60.6 18.6 8.0
-40.6 60.6 18.0 7.9
-40.4 60.6 17.6 7.8
-40.2 60.6 17.3 7.6
-40.0 60.6 16.9 7.3
-39.8 60.6 16.5 6.9
-39.6 60.6 15.9 6.5
-39.4 60.6 15.1 6.0
-39.2 60.6 14.3 5.5
-39.0 60.6 13.3 5.0
-38.8 60.6 12.3 4.5
-38.6 60.6 11.4 4.1
-38.4 60.6 10.5 3.7
-38.2 60.6 9.7 3.4
-38.0 60.6 9.2 3.2
-37.8 60.6 8.8 3.0
-37.6 60.6 8.6 2.8
-37.4 60.6 8.6 2.8
-37.2 60.6 8.7 2.8
-37.0 60.6 8.9 2.8
-36.8 60.6 9.2 2.9
-36.6 60.6 9.4 3.1
-36.4 60.6 9.4 3.2
-36.2 60.6 9.2 3.2
-36.0 60.6 8.9 3.3
-35.8 60.6 8.5 3.2
-35.6 60.6 8.0 3.2
-35.4 60.6 7.6 3.1
-35.2 60.6 7.3 3.1
-35.0 60.6 7.1 3.0
-34.8 60.6 7.0 2.9
-34.6 60.6 6.9 2.8
-34.4 60.6 6.9 2.7
-34.2 60.6 6.7 2.6
-34.0 60.6 6.6 2.3
-33.8 60.6 6.4 2.1
-33.6 60.6 6.1 1.8
-33.4 60.6 5.8 1.4
-33.2 60.6 5.6 1.2
-33.0 60.6 5.3 1.0
-32.8 60.6 5.2 1.0
-32.6 60.6 5.1 1.0
-32.4 60.6 5.1 1.0
-32.2 60.6 5.0 1.0
-32.0 60.6 5.1 1.0
-31.8 60.6 5.1 1.0
-31.6 60.6 5.2 1.0
-31.4 60.6 5.3 1.0
-31.2 60.6 5.5 1.0
-31.0 60.6 5.8 1.0
-30.8 60.6 6.1 1.1
-30.6 60.6 6.3 1.1
-30.4 60.6 6.6 1.1
-30.2 60.6 6.8 1.1
-30.0 60.6 6.9 1.1
-29.8 60.6 6.8 1.1
-29.6 60.6 6.6 1.0
-29.4 60.6 6.4 1.0
-29.2 60.6 6.1 1.0
-29.0 60.6 5.8 1.0
-28.8 60.6 5.6 1.0
-28.6 60.6 5.4 1.0
-28.4 60.6 5.2 1.0
-28.2 60.6 5.1 1.0
-28.0 60.6 5.0 1.0
-27.8 60.6 5.0 1.0
-27.6 60.6 5.0 1.0
-27.4 60.6 5.0 1.0
-27.2 60.6 5.0 1.0
-27.0 60.6 5.0 1.0
-26.8 60.6 5.0 1.0
-26.6 60.6 5.0 1.0
-26.4 60.6 5.0 1.0
-26.2 60.6 5.0 1.0
-26.0 60.6 5.0 1.0
-25.8 60.6 5.0 1.0
-25.6 60.6 5.0 1.0
-25.4 60.6 5.0 1.0
-25.2 60.6 5.0 1.0
-25.0 60.6 5.0 1.0
-24.8 60.6 5.0 1.0
-24.6 60.6 5.0 1.0
-24.4 60.6 5.0 1.0
-24.2 60.6 5.0 1.0
-60.8 60.4 19.6 8.6
-60.6 60.4 19.2 8.4
-60.4 60.4 18.8 8.3
-60.2 60.4 18.4 8.3
-60.0 60.4 18.0 8.2
-59.8 60.4 17.6 8.1
-59.6 60.4 17.3 8.0
-59.4 60.4 17.0 7.8
-59.2 60.4 16.7 7.7
-59.0 60.4 16.4 7.6
-58.8 60.4 16.2 7.5
-58.6 60.4 16.0 7.4
-58.4 60.4 15.9 7.2
-58.2 60.4 15.7 7.1
-58.0 60.4 15.6 6.9
-57.8 60.4 15.3 6.7
-57.6 60.4 15.0 6.5
-57.4 60.4 14.7 6.3
-57.2 60.4 14.3 6.1
-57.0 60.4 14.0 5.9
-56.8 60.4 13.6 5.6
-56.6 60.4 13.3 5.4
-56.4 60.4 13.0 5.2
-56.2 60.4 12.6 5.0
-56.0 60.4 12.1 4.8
-55.8 60.4 11.7 4.7
-55.6 60.4 11.2 4.6
-55.4 60.4 10.8 4.6
-55.2 60.4 10.4 4.6
-55.0 60.4 10.0 4.6
-54.8 60.4 9.8 4.6
-54.6 60.4 9.6 4.6
-54.4 60.4 9.4 4.5
-54.2 60.4 9.3 4.5
-54.0 60.4 9.2 4.4
-53.8 60.4 9.1 4.4
-53.6 60.4 9.0 4.3
-53.4 60.4 8.7 4.2
-53.2 60.4 8.4 4.1
-53.0 60.4 8.0 3.9
-52.8 60.4 7.5 3.6
-52.6 60.4 7.0 3.4
-52.4 60.4 6.5 3.0
-52.2 60.4 6.1 2.7
-52.0 60.4 5.7 2.4
-51.8 60.4 5.5 2.2
-51.6 60.4 5.3 2.0
-51.4 60.4 5.2 1.8
-51.2 60.4 5.1 1.7
-51.0 60.4 5.1 1.7
-50.8 60.4 5.1 1.7
-50.6 60.4 5.1 1.8
-50.4 60.4 5.1 1.9
-50.2 60.4 5.2 2.1
-50.0 60.4 5.4 2.4
-49.8 60.4 5.7 2.7
-49.6 60.4 6.0 3.2
-49.4 60.4 6.4 3.6
-49.2 60.4 7.0 4.0
-49.0 60.4 7.5 4.4
-48.8 60.4 8.1 4.7
-48.6 60.4 8.7 5.0
-48.4 60.4 9.2 5.2
-48.2 60.4 9.8 5.4
-48.0 60.4 10.3 5.6
-47.8 60.4 10.8 5.8
-47.6 60.4 11.4 5.9
-47.4 60.4 12.0 6.0
-47.2 60.4 12.6 6.1
-47.0 60.4 13.4 6.2
-46.8 60.4 14.1 6.2
-46.6 60.4 14.8 6.3
-46.4 60.4 15.6 6.5
-46.2 60.4 16.4 6.6
-46.0 60.4 17.1 6.8
-45.8 60.4 17.8 7.0
-45.6 60.4 18.5 7.2
-45.4 60.4 19.2 7.3
-45.2 60.4 19.8 7.5
-45.0 60.4 20.2 7.6
-44.8 60.4 20.6 7.7
-44.6 60.4 20.8 7.9
-44.4 60.4 20.8 8.0
-44.2 60.4 20.8 8.1
-44.0 60.4 20.8 8.3
-43.8 60.4 20.8 8.3
-43.6 60.4 20.8 8.4
-43.4 60.4 20.8 8.4
-43.2 60.4 20.9 8.3
-43.0 60.4 20.9 8.2
-42.8 60.4 20.9 8.0
-42.6 60.4 20.8 7.8
-42.4 60.4 20.7 7.6
-42.2 60.4 20.3 7.3
-42.0 60.4 19.9 7.1
-41.8 60.4 19.4 7.0
-41.6 60.4 18.7 6.9
-41.4 60.4 18.0 6.9
-41.2 60.4 17.2 6.9
-41.0 60.4 16.5 7.0
-40.8 60.4 15.8 6.9
-40.6 60.4 15.2 6.9
-40.4 60.4 14.7 6.7
-40.2 60.4 14.2 6.3
-40.0 60.4 13.7 5.9
-39.8 60.4 13.1 5.4
-39.6 60.4 12.4 4.9
-39.4 60.4 11.5 4.3
-39.2 60.4 10.6 3.7
-39.0 60.4 9.6 3.2
-38.8 60.4 8.8 2.7
-38.6 60.4 8.0 2.3
-38.4 60.4 7.5 2.0
-38.2 60.4 7.1 1.9
-38.0 60.4 6.9 1.8
-37.8 60.4 6.9 1.8
-37.6 60.4 7.1 1.9
-37.4 60.4 7.4 2.0
-37.2 60.4 7.9 2.2
-37.0 60.4 8.4 2.3
-36.8 60.4 8.7 2.4
-36.6 60.4 8.9 2.5
-36.4 60.4 8.9 2.6
-36.2 60.4 8.6 2.7
-36.0 60.4 8.2 2.7
-35.8 60.4 7.7 2.7
-35.6 60.4 7.2 2.6
-35.4 60.4 6.8 2.6
-35.2 60.4 6.5 2.6
-35.0 60.4 6.3 2.6
-34.8 60.4 6.3 2.6
-34.6 60.4 6.3 2.6
-34.4 60.4 6.3 2.5
-34.2 60.4 6.3 2.5
-34.0 60.4 6.3 2.3
-33.8 60.4 6.2 2.2
-33.6 60.4 6.0 1.9
-33.4 60.4 5.8 1.7
-33.2 60.4 5.5 1.4
-33.0 60.4 5.3 1.2
-32.8 60.4 5.2 1.0
-32.6 60.4 5.1 1.0
-32.4 60.4 5.1 1.0
-32.2 60.4 5.1 1.0
-32.0 60.4 5.1 1.0
-31.8 60.4 5.2 1.0
-31.6 60.4 5.3 1.0
-31.4 60.4 5.4 1.0
-31.2 60.4 5.6 1.0
-31.0 60.4 5.8 1.0
-30.8 60.4 6.0 1.1
-30.6 60.4 6.3 1.1
-30.4 60.4 6.4 1.2
-30.2 60.4 6.5 1.1
-30.0 60.4 6.5 1.1
-29.8 60.4 6.4 1.0
-29.6 60.4 6.2 1.0
-29.4 60.4 6.0 1.0
-29.2 60.4 5.8 1.0
-29.0 60.4 5.6 1.0
-28.8 60.4 5.4 1.0
-28.6 60.4 5.2 1.0
-28.4 60.4 5.1 1.0
-28.2 60.4 5.1 1.0
-28.0 60.4 5.0 1.0
-27.8 60.4 5.0 1.0
-27.6 60.4 5.0 1.0
-27.4 60.4 5.0 1.0
-27.2 60.4 5.0 1.0
-27.0 60.4 5.0 1.0
-26.8 60.4 5.0 1.0
-26.6 60.4 5.0 1.0
-26.4 60.4 5.0 1.0
-26.2 60.4 5.0 1.0
-26.0 60.4 5.0 1.0
-25.8 60.4 5.0 1.0
-25.6 60.4 5.0 1.0
-25.4 60.4 5.0 1.0
-25.2 60.4 5.0 1.0
-25.0 60.4 5.0 1.0
-24.8 60.4 5.0 1.0
-24.6 60.4 5.0 1.0
-24.4 60.4 5.0 1.0
-24.2 60.4 5.0 1.0
-60.6 60.2 18.4 7.7
-60.4 60.2 18.1 7.6
-60.2 60.2 17.7 7.5
-60.0 60.2 17.3 7.5
-59.8 60.2 16.9 7.4
-59.6 60.2 16.5 7.3
-59.4 60.2 16.1 7.2
-59.2 60.2 15.8 7.1
-59.0 60.2 15.5 7.0
-58.8 60.2 15.3 6.8
-58.6 60.2 15.1 6.7
-58.4 60.2 15.0 6.5
-58.2 60.2 14.8 6.2
-58.0 60.2 14.6 6.0
-57.8 60.2 14.3 5.7
-57.6 60.2 14.0 5.5
-57.4 60.2 13.7 5.3
-57.2 60.2 13.3 5.2
-57.0 60.2 12.9 5.0
-56.8 60.2 12.5 4.8
-56.6 60.2 12.1 4.7
-56.4 60.2 11.7 4.5
-56.2 60.2 11.2 4.3
-56.0 60.2 10.8 4.2
-55.8 60.2 10.3 4.1
-55.6 60.2 9.8 4.0
-55.4 60.2 9.4 3.9
-55.2 60.2 9.0 3.8
-55.0 60.2 8.7 3.8
-54.8 60.2 8.5 3.7
-54.6 60.2 8.4 3.7
-54.4 60.2 8.3 3.7
-54.2 60.2 8.2 3.7
-54.0 60.2 8.2 3.6
-53.8 60.2 8.1 3.6
-53.6 60.2 8.0 3.6
-53.4 60.2 7.8 3.5
-53.2 60.2 7.5 3.4
-53.0 60.2 7.2 3.3
-52.8 60.2 6.8 3.1
-52.6 60.2 6.4 2.9
-52.4 60.2 6.0 2.7
-52.2 60.2 5.7 2.4
-52.0 60.2 5.5 2.2
-51.8 60.2 5.3 2.0
-51.6 60.2 5.2 1.8
-51.4 60.2 5.1 1.7
-51.2 60.2 5.1 1.6
-51.0 60.2 5.1 1.6
-50.8 60.2 5.0 1.6
-50.6 60.2 5.1 1.6
-50.4 60.2 5.1 1.7
-50.2 60.2 5.1 1.9
-50.0 60.2 5.2 2.1
-49.8 60.2 5.4 2.4
-49.6 60.2 5.6 2.7
-49.4 60.2 5.9 3.1
-49.2 60.2 6.3 3.6
-49.0 60.2 6.8 3.9
-48.8 60.2 7.3 4.3
-48.6 60.2 7.8 4.6
-48.4 60.2 8.3 4.8
-48.2 60.2 8.7 5.1
-48.0 60.2 9.2 5.2
-47.8 60.2 9.7 5.4
-47.6 60.2 10.2 5.6
-47.4 60.2 10.8 5.7
-47.2 60.2 11.4 5.7
-47.0 60.2 12.1 5.8
-46.8 60.2 12.8 5.9
-46.6 60.2 13.5 6.0
-46.4 60.2 14.2 6.1
-46.2 60.2 14.9 6.3
-46.0 60.2 15.6 6.4
-45.8 60.2 16.2 6.6
-45.6 60.2 16.8 6.7
-45.4 60.2 17.4 6.9
-45.2 60.2 17.9 7.0
-45.0 60.2 18.3 7.1
-44.8 60.2 18.6 7.2
-44.6 60.2 18.7 7.3
-44.4 60.2 18.7 7.3
-44.2 60.2 18.6 7.4
-44.0 60.2 18.4 7.5
-43.8 60.2 18.3 7.5
-43.6 60.2 18.2 7.4
-43.4 60.2 18.1 7.4
-43.2 60.2 18.0 7.2
-43.0 60.2 18.0 7.1
-42.8 60.2 17.8 6.8
-42.6 60.2 17.6 6.6
-42.4 60.2 17.3 6.4
-42.2 60.2 16.9 6.1
-42.0 60.2 16.4 5.9
-41.8 60.2 15.9 5.8
-41.6 60.2 15.4 5.7
-41.4 60.2 14.8 5.6
-41.2 60.2 14.2 5.6
-41.0 60.2 13.6 5.6
-40.8 60.2 13.0 5.5
-40.6 60.2 12.4 5.3
-40.4 60.2 11.9 5.0
-40.2 60.2 11.3 4.6
-40.0 60.2 10.7 4.2
-39.8 60.2 10.1 3.7
-39.6 60.2 9.3 3.1
-39.4 60.2 8.6 2.6
-39.2 60.2 7.8 2.1
-39.0 60.2 7.2 1.7
-38.8 60.2 6.6 1.3
-38.6 60.2 6.2 1.1
-38.4 60.2 5.9 1.0
-38.2 60.2 5.8 1.0
-38.0 60.2 5.8 1.1
-37.8 60.2 6.1 1.3
-37.6 60.2 6.5 1.5
-37.4 60.2 7.0 1.7
-37.2 60.2 7.6 1.9
-37.0 60.2 8.1 2.0
-36.8 60.2 8.5 2.1
-36.6 60.2 8.7 2.2
-36.4 60.2 8.7 2.2
-36.2 60.2 8.3 2.3
-36.0 60.2 7.9 2.3
-35.8 60.2 7.3 2.3
-35.6 60.2 6.8 2.3
-35.4 60.2 6.4 2.3
-35.2 60.2 6.1 2.2
-35.0 60.2 5.9 2.3
-34.8 60.2 5.8 2.3
-34.6 60.2 5.8 2.3
-34.4 60.2 5.9 2.3
-34.2 60.2 5.9 2.3
-34.0 60.2 5.9 2.3
-33.8 60.2 5.9 2.2
-33.6 60.2 5.8 2.0
-33.4 60.2 5.6 1.8
-33.2 60.2 5.4 1.6
-33.0 60.2 5.3 1.4
-32.8 60.2 5.2 1.2
-32.6 60.2 5.1 1.0
-32.4 60.2 5.1 1.0
-32.2 60.2 5.1 1.0
-32.0 60.2 5.2 1.0
-31.8 60.2 5.2 1.0
-31.6 60.2 5.4 1.0
-31.4 60.2 5.5 1.0
-31.2 60.2 5.6 1.0
-31.0 60.2 5.8 1.1
-30.8 60.2 5.9 1.1
-30.6 60.2 6.0 1.2
-30.4 60.2 6.1 1.2
-30.2 60.2 6.1 1.1
-30.0 60.2 6.0 1.0
-29.8 60.2 5.9 1.0
-29.6 60.2 5.8 1.0
-29.4 60.2 5.6 1.0
-29.2 60.2 5.4 1.0
-29.0 60.2 5.3 1.0
-28.8 60.2 5.2 1.0
-28.6 60.2 5.1 1.0
-28.4 60.2 5.1 1.0
-28.2 60.2 5.0 1.0
-28.0 60.2 5.0 1.0
-27.8 60.2 5.0 1.0
-27.6 60.2 5.0 1.0
-27.4 60.2 5.0 1.0
-27.2 60.2 5.0 1.0
-27.0 60.2 5.0 1.0
-26.8 60.2 5.0 1.0
-26.6 60.2 5.0 1.0
-26.4 60.2 5.0 1.0
-26.2 60.2 5.0 1.0
-26.0 60.2 5.0 1.0
-25.8 60.2 5.0 1.0
-25.6 60.2 5.0 1.0
-25.4 60.2 5.0 1.0
-25.2 60.2 5.0 1.0
-25.0 60.2 5.0 1.0
-24.8 60.2 5.0 1.0
-24.6 60.2 5.0 1.0
-24.4 60.2 5.0 1.0
-60.6 60.0 17.5 7.1
-60.4 60.0 17.2 7.0
-60.2 60.0 16.9 7.0
-60.0 60.0 16.5 7.0
-59.8 60.0 16.1 7.0
-59.6 60.0 15.6 6.9
-59.4 60.0 15.3 6.8
-59.2 60.0 15.0 6.6
-59.0 60.0 14.8 6.5
-58.8 60.0 14.6 6.3
-58.6 60.0 14.4 6.1
-58.4 60.0 14.2 5.8
-58.2 60.0 14.0 5.5
-58.0 60.0 13.8 5.2
-57.8 60.0 13.5 4.9
-57.6 60.0 13.1 4.7
-57.4 60.0 12.7 4.5
-57.2 60.0 12.3 4.3
-57.0 60.0 11.9 4.1
-56.8 60.0 11.4 4.0
-56.6 60.0 10.9 3.9
-56.4 60.0 10.5 3.8
-56.2 60.0 10.0 3.6
-56.0 60.0 9.6 3.5
-55.8 60.0 9.1 3.4
-55.6 60.0 8.7 3.3
-55.4 60.0 8.3 3.2
-55.2 60.0 8.0 3.1
-55.0 60.0 7.8 3.0
-54.8 60.0 7.6 3.0
-54.6 60.0 7.5 2.9
-54.4 60.0 7.5 2.9
-54.2 60.0 7.4 2.9
-54.0 60.0 7.4 2.9
-53.8 60.0 7.3 2.9
-53.6 60.0 7.2 2.9
-53.4 60.0 7.1 2.8
-53.2 60.0 6.8 2.8
-53.0 60.0 6.6 2.7
-52.8 60.0 6.3 2.6
-52.6 60.0 6.0 2.5
-52.4 60.0 5.7 2.3
-52.2 60.0 5.5 2.1
-52.0 60.0 5.3 1.9
-51.8 60.0 5.2 1.8
-51.6 60.0 5.1 1.7
-51.4 60.0 5.1 1.6
-51.2 60.0 5.1 1.6
-51.0 60.0 5.1 1.5
-50.8 60.0 5.1 1.5
-50.6 60.0 5.1 1.6
-50.4 60.0 5.1 1.6
-50.2 60.0 5.1 1.7
-50.0 60.0 5.2 1.9
-49.8 60.0 5.3 2.1
-49.6 60.0 5.4 2.4
-49.4 60.0 5.6 2.8
-49.2 60.0 5.9 3.1
-49.0 60.0 6.3 3.5
-48.8 60.0 6.7 3.8
-48.6 60.0 7.1 4.1
-48.4 60.0 7.5 4.4
-48.2 60.0 7.9 4.6
-48.0 60.0 8.4 4.8
-47.8 60.0 8.8 5.0
-47.6 60.0 9.3 5.1
-47.4 60.0 9.8 5.2
-47.2 60.0 10.4 5.3
-47.0 60.0 11.0 5.4
-46.8 60.0 11.6 5.5
-46.6 60.0 12.1 5.6
-46.4 60.0 12.7 5.8
-46.2 60.0 13.2 5.9
-46.0 60.0 13.7 6.1
-45.8 60.0 14.1 6.2
-45.6 60.0 14.6 6.3
-45.4 60.0 15.0 6.4
-45.2 60.0 15.4 6.5
-45.0 60.0 15.7 6.5
-44.8 60.0 15.9 6.6
-44.6 60.0 16.0 6.6
-44.4 60.0 15.9 6.6
-44.2 60.0 15.8 6.6
-44.0 60.0 15.6 6.5
-43.8 60.0 15.4 6.4
-43.6 60.0 15.2 6.3
-43.4 60.0 15.0 6.1
-43.2 60.0 14.7 5.8
-43.0 60.0 14.5 5.6
-42.8 60.0 14.2 5.3
-42.6 60.0 13.8 5.0
-42.4 60.0 13.4 4.8
-42.2 60.0 13.0 4.5
-42.0 60.0 12.6 4.4
-41.8 60.0 12.2 4.2
-41.6 60.0 11.8 4.1
-41.4 60.0 11.5 4.0
-41.2 60.0 11.1 4.0
-41.0 60.0 10.7 3.9
-40.8 60.0 10.2 3.8
-40.6 60.0 9.7 3.6
-40.4 60.0 9.2 3.3
-40.2 60.0 8.7 2.9
-40.0 60.0 8.2 2.5
-39.8 60.0 7.7 2.1
-39.6 60.0 7.1 1.7
-39.4 60.0 6.6 1.3
-39.2 60.0 6.2 1.0
-39.0 60.0 5.8 1.0
-38.8 60.0 5.5 1.0
-38.6 60.0 5.4 1.0
-38.4 60.0 5.3 1.0
-38.2 60.0 5.3 1.0
-38.0 60.0 5.5 1.0
-37.8 60.0 5.8 1.1
-37.6 60.0 6.2 1.3
-37.4 60.0 6.7 1.5
-37.2 60.0 7.3 1.7
-37.0 60.0 7.8 1.8
-36.8 60.0 8.2 1.9
-36.6 60.0 8.4 1.9
-36.4 60.0 8.4 1.9
-36.2 60.0 8.1 1.9
-36.0 60.0 7.7 1.9
-35.8 60.0 7.2 1.9
-35.6 60.0 6.7 1.9
-35.4 60.0 6.3 1.9
-35.2 60.0 6.0 1.9
-35.0 60.0 5.8 1.9
-34.8 60.0 5.7 1.9
-34.6 60.0 5.6 2.0
-34.4 60.0 5.6 2.0
-34.2 60.0 5.6 2.0
-34.0 60.0 5.6 2.0
-33.8 60.0 5.6 2.0
-33.6 60.0 5.5 1.9
-33.4 60.0 5.4 1.8
-33.2 60.0 5.3 1.6
-33.0 60.0 5.2 1.4
-32.8 60.0 5.1 1.2
-32.6 60.0 5.1 1.0
-32.4 60.0 5.1 1.0
-32.2 60.0 5.1 1.0
-32.0 60.0 5.2 1.0
-31.8 60.0 5.3 1.0
-31.6 60.0 5.4 1.0
-31.4 60.0 5.5 1.0
-31.2 60.0 5.6 1.1
-31.0 60.0 5.7 1.2
-30.8 60.0 5.7 1.2
-30.6 60.0 5.8 1.2
-30.4 60.0 5.8 1.2
-30.2 60.0 5.7 1.1
-30.0 60.0 5.6 1.0
-29.8 60.0 5.5 1.0
-29.6 60.0 5.4 1.0
-29.4 60.0 5.3 1.0
-29.2 60.0 5.2 1.0
-29.0 60.0 5.1 1.0
-28.8 60.0 5.1 1.0
-28.6 60.0 5.0 1.0
-28.4 60.0 5.0 1.0
-28.2 60.0 5.0 1.0
-28.0 60.0 5.0 1.0
-27.8 60.0 5.0 1.0
-27.6 60.0 5.0 1.0
-27.4 60.0 5.0 1.0
-27.2 60.0 5.0 1.0
-27.0 60.0 5.0 1.0
-26.8 60.0 5.0 1.0
-26.6 60.0 5.0 1.0
-26.4 60.0 5.0 1.0
-26.2 60.0 5.0 1.0
-26.0 60.0 5.0 1.0
-25.8 60.0 5.0 1.0
-25.6 60.0 5.0 1.0
-25.4 60.0 5.0 1.0
-25.2 60.0 5.0 1.0
-25.0 60.0 5.0 1.0
-24.8 60.0 5.0 1.0
-24.6 60.0 5.0 1.0
-24.4 60.0 5.0 1.0
-60.4 59.8 16.1 6.6
-60.2 59.8 15.8 6.6
-60.0 59.8 15.5 6.6
-59.8 59.8 15.1 6.6
-59.6 59.8 14.8 6.5
-59.4 59.8 14.5 6.4
-59.2 59.8 14.2 6.2
-59.0 59.8 14.0 6.0
-58.8 59.8 13.9 5.8
-58.6 59.8 13.7 5.5
-58.4 59.8 13.5 5.3
-58.2 59.8 13.3 4.9
-58.0 59.8 13.0 4.6
-57.8 59.8 12.7 4.3
-57.6 59.8 12.3 4.0
-57.4 59.8 11.8 3.8
-57.2 59.8 11.3 3.6
-57.0 59.8 10.8 3.4
-56.8 59.8 10.3 3.3
-56.6 59.8 9.8 3.2
-56.4 59.8 9.4 3.1
-56.2 59.8 8.9 3.0
-56.0 59.8 8.6 2.9
-55.8 59.8 8.2 2.8
-55.6 59.8 7.9 2.7
-55.4 59.8 7.6 2.6
-55.2 59.8 7.4 2.5
-55.0 59.8 7.2 2.4
-54.8 59.8 7.1 2.4
-54.6 59.8 7.0 2.3
-54.4 59.8 7.0 2.3
-54.2 59.8 6.9 2.3
-54.0 59.8 6.8 2.3
-53.8 59.8 6.7 2.2
-53.6 59.8 6.6 2.2
-53.4 59.8 6.4 2.2
-53.2 59.8 6.2 2.1
-53.0 59.8 6.1 2.1
-52.8 59.8 5.9 2.0
-52.6 59.8 5.7 1.9
-52.4 59.8 5.5 1.8
-52.2 59.8 5.4 1.7
-52.0 59.8 5.3 1.6
-51.8 59.8 5.2 1.5
-51.6 59.8 5.1 1.4
-51.4 59.8 5.1 1.4
-51.2 59.8 5.1 1.3
-51.0 59.8 5.1 1.4
-50.8 59.8 5.1 1.4
-50.6 59.8 5.1 1.4
-50.4 59.8 5.1 1.5
-50.2 59.8 5.1 1.6
-50.0 59.8 5.1 1.7
-49.8 59.8 5.2 1.9
-49.6 59.8 5.3 2.1
-49.4 59.8 5.4 2.3
-49.2 59.8 5.6 2.6
-49.0 59.8 5.9 2.9
-48.8 59.8 6.2 3.2
-48.6 59.8 6.5 3.5
-48.4 59.8 6.9 3.7
-48.2 59.8 7.2 4.0
-48.0 59.8 7.6 4.2
-47.8 59.8 8.0 4.3
-47.6 59.8 8.4 4.5
-47.4 59.8 8.8 4.6
-47.2 59.8 9.2 4.7
-47.0 59.8 9.7 4.8
-46.8 59.8 10.1 4.9
-46.6 59.8 10.5 5.1
-46.4 59.8 10.8 5.2
-46.2 59.8 11.1 5.3
-46.0 59.8 11.3 5.4
-45.8 59.8 11.6 5.5
-45.6 59.8 11.8 5.6
-45.4 59.8 12.0 5.6
-45.2 59.8 12.3 5.7
-45.0 59.8 12.4 5.7
-44.8 59.8 12.5 5.7
-44.6 59.8 12.5 5.6
-44.4 59.8 12.5 5.5
-44.2 59.8 12.3 5.4
-44.0 59.8 12.2 5.2
-43.8 59.8 12.0 5.0
-43.6 59.8 11.8 4.7
-43.4 59.8 11.5 4.4
-43.2 59.8 11.2 4.1
-43.0 59.8 10.9 3.8
-42.8 59.8 10.5 3.5
-42.6 59.8 10.2 3.2
-42.4 59.8 9.8 3.0
-42.2 59.8 9.4 2.8
-42.0 59.8 9.1 2.6
-41.8 59.8 8.9 2.5
-41.6 59.8 8.7 2.5
-41.4 59.8 8.5 2.4
-41.2 59.8 8.3 2.4
-41.0 59.8 8.1 2.3
-40.8 59.8 7.8 2.2
-40.6 59.8 7.5 2.0
-40.4 59.8 7.2 1.8
-40.2 59.8 6.8 1.5
-40.0 59.8 6.4 1.2
-39.8 59.8 6.1 1.0
-39.6 59.8 5.8 1.0
-39.4 59.8 5.6 1.0
-39.2 59.8 5.4 1.0
-39.0 59.8 5.2 1.0
-38.8 59.8 5.1 1.0
-38.6 59.8 5.1 1.0
-38.4 59.8 5.1 1.0
-38.2 59.8 5.2 1.0
-38.0 59.8 5.3 1.0
-37.8 59.8 5.6 1.0
-37.6 59.8 5.9 1.2
-37.4 59.8 6.3 1.3
-37.2 59.8 6.8 1.4
-37.0 59.8 7.2 1.5
-36.8 59.8 7.6 1.6
-36.6 59.8 7.8 1.6
-36.4 59.8 7.9 1.6
-36.2 59.8 7.8 1.6
-36.0 59.8 7.6 1.6
-35.8 59.8 7.2 1.6
-35.6 59.8 6.9 1.6
-35.4 59.8 6.5 1.5
-35.2 59.8 6.2 1.5
-35.0 59.8 5.9 1.5
-34.8 59.8 5.8 1.5
-34.6 59.8 5.6 1.6
-34.4 59.8 5.6 1.6
-34.2 59.8 5.5 1.7
-34.0 59.8 5.5 1.7
-33.8 59.8 5.4 1.7
-33.6 59.8 5.4 1.7
-33.4 59.8 5.3 1.6
-33.2 59.8 5.2 1.5
-33.0 59.8 5.2 1.3
-32.8 59.8 5.1 1.1
-32.6 59.8 5.1 1.0
-32.4 59.8 5.1 1.0
-32.2 59.8 5.1 1.0
-32.0 59.8 5.2 1.0
-31.8 59.8 5.2 1.0
-31.6 59.8 5.3 1.0
-31.4 59.8 5.4 1.1
-31.2 59.8 5.5 1.2
-31.0 59.8 5.5 1.2
-30.8 59.8 5.6 1.3
-30.6 59.8 5.6 1.2
-30.4 59.8 5.5 1.2
-30.2 59.8 5.4 1.1
-30.0 59.8 5.3 1.0
-29.8 59.8 5.3 1.0
-29.6 59.8 5.2 1.0
-29.4 59.8 5.1 1.0
-29.2 59.8 5.1 1.0
-29.0 59.8 5.0 1.0
-28.8 59.8 5.0 1.0
-28.6 59.8 5.0 1.0
-28.4 59.8 5.0 1.0
-28.2 59.8 5.0 1.0
-28.0 59.8 5.0 1.0
-27.8 59.8 5.0 1.0
-27.6 59.8 5.0 1.0
-27.4 59.8 5.0 1.0
-27.2 59.8 5.0 1.0
-27.0 59.8 5.0 1.0
-26.8 59.8 5.0 1.0
-26.6 59.8 5.0 1.0
-26.4 59.8 5.0 1.0
-26.2 59.8 5.0 1.0
-26.0 59.8 5.0 1.0
-25.8 59.8 5.0 1.0
-25.6 59.8 5.0 1.0
-25.4 59.8 5.0 1.0
-25.2 59.8 5.0 1.0
-25.0 59.8 5.0 1.0
-24.8 59.8 5.0 1.0
-24.6 59.8 5.0 1.0
-60.2 59.6 14.7 6.1
-60.0 59.6 14.5 6.1
-59.8 59.6 14.2 6.0
-59.6 59.6 13.9 5.9
-59.4 59.6 13.7 5.8
-59.2 59.6 13.5 5.6
-59.0 59.6 13.3 5.4
-58.8 59.6 13.1 5.1
-58.6 59.6 12.9 4.9
-58.4 59.6 12.6 4.6
-58.2 59.6 12.4 4.2
-58.0 59.6 12.0 3.9
-57.8 59.6 11.6 3.6
-57.6 59.6 11.1 3.4
-57.4 59.6 10.6 3.1
-57.2 59.6 10.1 3.0
-57.0 59.6 9.6 2.8
-56.8 59.6 9.1 2.7
-56.6 59.6 8.7 2.6
-56.4 59.6 8.3 2.6
-56.2 59.6 8.0 2.5
-56.0 59.6 7.7 2.4
-55.8 59.6 7.4 2.3
-55.6 59.6 7.2 2.2
-55.4 59.6 7.0 2.1
-55.2 59.6 6.9 2.1
-55.0 59.6 6.8 2.0
-54.8 59.6 6.7 1.9
-54.6 59.6 6.6 1.9
-54.4 59.6 6.5 1.8
-54.2 59.6 6.4 1.8
-54.0 59.6 6.3 1.7
-53.8 59.6 6.1 1.7
-53.6 59.6 6.0 1.7
-53.4 59.6 5.9 1.6
-53.2 59.6 5.7 1.5
-53.0 59.6 5.6 1.4
-52.8 59.6 5.5 1.4
-52.6 59.6 5.4 1.3
-52.4 59.6 5.3 1.2
-52.2 59.6 5.2 1.1
-52.0 59.6 5.2 1.1
-51.8 59.6 5.1 1.0
-51.6 59.6 5.1 1.0
-51.4 59.6 5.1 1.0
-51.2 59.6 5.1 1.0
-51.0 59.6 5.1 1.0
-50.8 59.6 5.1 1.1
-50.6 59.6 5.1 1.1
-50.4 59.6 5.1 1.2
-50.2 59.6 5.1 1.3
-50.0 59.6 5.1 1.4
-49.8 59.6 5.1 1.5
-49.6 59.6 5.2 1.6
-49.4 59.6 5.3 1.8
-49.2 59.6 5.4 2.0
-49.0 59.6 5.6 2.2
-48.8 59.6 5.8 2.4
-48.6 59.6 6.0 2.7
-48.4 59.6 6.2 2.9
-48.2 59.6 6.5 3.1
-48.0 59.6 6.8 3.3
-47.8 59.6 7.0 3.4
-47.6 59.6 7.3 3.6
-47.4 59.6 7.6 3.7
-47.2 59.6 7.9 3.8
-47.0 59.6 8.2 3.9
-46.8 59.6 8.4 4.0
-46.6 59.6 8.6 4.1
-46.4 59.6 8.7 4.2
-46.2 59.6 8.8 4.3
-46.0 59.6 8.9 4.3
-45.8 59.6 8.9 4.4
-45.6 59.6 9.0 4.4
-45.4 59.6 9.0 4.4
-45.2 59.6 9.1 4.4
-45.0 59.6 9.1 4.4
-44.8 59.6 9.1 4.3
-44.6 59.6 9.1 4.2
-44.4 59.6 9.0 4.1
-44.2 59.6 9.0 3.8
-44.0 59.6 8.9 3.6
-43.8 59.6 8.7 3.3
-43.6 59.6 8.6 3.0
-43.4 59.6 8.4 2.7
-43.2 59.6 8.2 2.4
-43.0 59.6 7.9 2.1
-42.8 59.6 7.6 1.8
-42.6 59.6 7.3 1.6
-42.4 59.6 7.1 1.5
-42.2 59.6 6.9 1.3
-42.0 59.6 6.7 1.2
-41.8 59.6 6.6 1.2
-41.6 59.6 6.5 1.2
-41.4 59.6 6.4 1.1
-41.2 59.6 6.4 1.1
-41.0 59.6 6.3 1.1
-40.8 59.6 6.2 1.0
-40.6 59.6 6.0 1.0
-40.4 59.6 5.9 1.0
-40.2 59.6 5.7 1.0
-40.0 59.6 5.5 1.0
-39.8 59.6 5.4 1.0
-39.6 59.6 5.2 1.0
-39.4 59.6 5.2 1.0
-39.2 59.6 5.1 1.0
-39.0 59.6 5.1 1.0
-38.8 59.6 5.0 1.0
-38.6 59.6 5.0 1.0
-38.4 59.6 5.1 1.0
-38.2 59.6 5.1 1.0
-38.0 59.6 5.2 1.0
-37.8 59.6 5.3 1.0
-37.6 59.6 5.5 1.0
-37.4 59.6 5.8 1.1
-37.2 59.6 6.2 1.2
-37.0 59.6 6.5 1.2
-36.8 59.6 6.8 1.3
-36.6 59.6 7.1 1.3
-36.4 59.6 7.3 1.3
-36.2 59.6 7.3 1.3
-36.0 59.6 7.3 1.3
-35.8 59.6 7.1 1.2
-35.6 59.6 6.8 1.2
-35.4 59.6 6.6 1.2
-35.2 59.6 6.3 1.2
-35.0 59.6 6.1 1.2
-34.8 59.6 5.9 1.2
-34.6 59.6 5.8 1.2
-34.4 59.6 5.6 1.3
-34.2 59.6 5.6 1.3
-34.0 59.6 5.5 1.4
-33.8 59.6 5.4 1.5
-33.6 59.6 5.3 1.5
-33.4 59.6 5.3 1.4
-33.2 59.6 5.2 1.4
-33.0 59.6 5.1 1.2
-32.8 59.6 5.1 1.1
-32.6 59.6 5.1 1.0
-32.4 59.6 5.1 1.0
-32.2 59.6 5.1 1.0
-32.0 59.6 5.1 1.0
-31.8 59.6 5.2 1.0
-31.6 59.6 5.2 1.0
-31.4 59.6 5.3 1.1
-31.2 59.6 5.4 1.2
-31.0 59.6 5.4 1.2
-30.8 59.6 5.4 1.2
-30.6 59.6 5.4 1.2
-30.4 59.6 5.4 1.1
-30.2 59.6 5.3 1.0
-30.0 59.6 5.2 1.0
-29.8 59.6 5.2 1.0
-29.6 59.6 5.1 1.0
-29.4 59.6 5.1 1.0
-29.2 59.6 5.0 1.0
-29.0 59.6 5.0 1.0
-28.8 59.6 5.0 1.0
-28.6 59.6 5.0 1.0
-28.4 59.6 5.0 1.0
-28.2 59.6 5.0 1.0
-28.0 59.6 5.0 1.0
-27.8 59.6 5.0 1.0
-27.6 59.6 5.0 1.0
-27.4 59.6 5.0 1.0
-27.2 59.6 5.0 1.0
-27.0 59.6 5.0 1.0
-26.8 59.6 5.0 1.0
-26.6 59.6 5.0 1.0
-26.4 59.6 5.0 1.0
-26.2 59.6 5.0 1.0
-26.0 59.6 5.0 1.0
-25.8 59.6 5.0 1.0
-25.6 59.6 5.0 1.0
-25.4 59.6 5.0 1.0
-25.2 59.6 5.0 1.0
-25.0 59.6 5.0 1.0
-24.8 59.6 5.0 1.0
-60.2 59.4 13.9 5.5
-60.0 59.4 13.6 5.4
-59.8 59.4 13.4 5.3
-59.6 59.4 13.1 5.1
-59.4 59.4 12.9 5.0
-59.2 59.4 12.6 4.7
-59.0 59.4 12.3 4.5
-58.8 59.4 12.0 4.2
-58.6 59.4 11.7 3.9
-58.4 59.4 11.4 3.6
-58.2 59.4 11.0 3.3
-58.0 59.4 10.6 3.1
-57.8 59.4 10.1 2.8
-57.6 59.4 9.6 2.7
-57.4 59.4 9.1 2.5
-57.2 59.4 8.6 2.4
-57.0 59.4 8.1 2.3
-56.8 59.4 7.7 2.2
-56.6 59.4 7.4 2.2
-56.4 59.4 7.2 2.1
-56.2 59.4 7.0 2.0
-56.0 59.4 6.8 2.0
-55.8 59.4 6.6 1.9
-55.6 59.4 6.5 1.8
-55.4 59.4 6.4 1.7
-55.2 59.4 6.3 1.7
-55.0 59.4 6.3 1.6
-54.8 59.4 6.2 1.5
-54.6 59.4 6.1 1.5
-54.4 59.4 6.0 1.4
-54.2 59.4 5.9 1.3
-54.0 59.4 5.8 1.3
-53.8 59.4 5.6 1.2
-53.6 59.4 5.5 1.1
-53.4 59.4 5.4 1.1
-53.2 59.4 5.4 1.0
-53.0 59.4 5.3 1.0
-52.8 59.4 5.2 1.0
-52.6 59.4 5.2 1.0
-52.4 59.4 5.1 1.0
-52.2 59.4 5.1 1.0
-52.0 59.4 5.1 1.0
-51.8 59.4 5.1 1.0
-51.6 59.4 5.1 1.0
-51.4 59.4 5.1 1.0
-51.2 59.4 5.0 1.0
-51.0 59.4 5.1 1.0
-50.8 59.4 5.1 1.0
-50.6 59.4 5.1 1.0
-50.4 59.4 5.1 1.0
-50.2 59.4 5.1 1.0
-50.0 59.4 5.1 1.0
-49.8 59.4 5.1 1.0
-49.6 59.4 5.1 1.1
-49.4 59.4 5.1 1.1
-49.2 59.4 5.2 1.3
-49.0 59.4 5.3 1.4
-48.8 59.4 5.4 1.5
-48.6 59.4 5.5 1.7
-48.4 59.4 5.7 1.9
-48.2 59.4 5.8 2.0
-48.0 59.4 6.0 2.2
-47.8 59.4 6.1 2.3
-47.6 59.4 6.3 2.4
-47.4 59.4 6.4 2.5
-47.2 59.4 6.5 2.6
-47.0 59.4 6.7 2.7
-46.8 59.4 6.8 2.8
-46.6 59.4 6.9 2.8
-46.4 59.4 6.9 2.9
-46.2 59.4 6.9 2.9
-46.0 59.4 6.9 3.0
-45.8 59.4 6.8 3.0
-45.6 59.4 6.8 3.0
-45.4 59.4 6.8 3.0
-45.2 59.4 6.7 2.9
-45.0 59.4 6.7 2.9
-44.8 59.4 6.7 2.8
-44.6 59.4 6.7 2.7
-44.4 59.4 6.6 2.5
-44.2 59.4 6.6 2.3
-44.0 59.4 6.5 2.0
-43.8 59.4 6.5 1.8
-43.6 59.4 6.4 1.5
-43.4 59.4 6.3 1.3
-43.2 59.4 6.2 1.1
-43.0 59.4 6.1 1.0
-42.8 59.4 5.9 1.0
-42.6 59.4 5.8 1.0
-42.4 59.4 5.7 1.0
-42.2 59.4 5.6 1.0
-42.0 59.4 5.5 1.0
-41.8 59.4 5.5 1.0
-41.6 59.4 5.4 1.0
-41.4 59.4 5.4 1.0
-41.2 59.4 5.4 1.0
-41.0 59.4 5.4 1.0
-40.8 59.4 5.4 1.0
-40.6 59.4 5.3 1.0
-40.4 59.4 5.3 1.0
-40.2 59.4 5.2 1.0
-40.0 59.4 5.1 1.0
-39.8 59.4 5.1 1.0
-39.6 59.4 5.1 1.0
-39.4 59.4 5.0 1.0
-39.2 59.4 5.0 1.0
-39.0 59.4 5.0 1.0
-38.8 59.4 5.0 1.0
-38.6 59.4 5.0 1.0
-38.4 59.4 5.0 1.0
-38.2 59.4 5.1 1.0
-38.0 59.4 5.1 1.0
-37.8 59.4 5.2 1.0
-37.6 59.4 5.3 1.0
-37.4 59.4 5.4 1.0
-37.2 59.4 5.6 1.0
-37.0 59.4 5.9 1.0
-36.8 59.4 6.1 1.0
-36.6 59.4 6.3 1.0
-36.4 59.4 6.5 1.0
-36.2 59.4 6.6 1.0
-36.0 59.4 6.7 1.0
-35.8 59.4 6.6 1.0
-35.6 59.4 6.5 1.0
-35.4 59.4 6.3 1.0
-35.2 59.4 6.2 1.0
-35.0 59.4 6.0 1.0
-34.8 59.4 5.9 1.0
-34.6 59.4 5.8 1.0
-34.4 59.4 5.7 1.0
-34.2 59.4 5.6 1.0
-34.0 59.4 5.5 1.1
-33.8 59.4 5.5 1.2
-33.6 59.4 5.4 1.3
-33.4 59.4 5.3 1.3
-33.2 59.4 5.2 1.3
-33.0 59.4 5.1 1.2
-32.8 59.4 5.1 1.1
-32.6 59.4 5.1 1.0
-32.4 59.4 5.1 1.0
-32.2 59.4 5.1 1.0
-32.0 59.4 5.1 1.0
-31.8 59.4 5.1 1.0
-31.6 59.4 5.2 1.0
-31.4 59.4 5.2 1.0
-31.2 59.4 5.3 1.1
-31.0 59.4 5.3 1.1
-30.8 59.4 5.3 1.1
-30.6 59.4 5.3 1.0
-30.4 59.4 5.3 1.0
-30.2 59.4 5.2 1.0
-30.0 59.4 5.2 1.0
-29.8 59.4 5.1 1.0
-29.6 59.4 5.1 1.0
-29.4 59.4 5.0 1.0
-29.2 59.4 5.0 1.0
-29.0 59.4 5.0 1.0
-28.8 59.4 5.0 1.0
-28.6 59.4 5.0 1.0
-28.4 59.4 5.0 1.0
-28.2 59.4 5.0 1.0
-28.0 59.4 5.0 1.0
-27.8 59.4 5.0 1.0
-27.6 59.4 5.0 1.0
-27.4 59.4 5.0 1.0
-27.2 59.4 5.0 1.0
-27.0 59.4 5.0 1.0
-26.8 59.4 5.0 1.0
-26.6 59.4 5.0 1.0
-26.4 59.4 5.0 1.0
-26.2 59.4 5.0 1.0
-26.0 59.4 5.0 1.0
-25.8 59.4 5.0 1.0
-25.6 59.4 5.0 1.0
-25.4 59.4 5.0 1.0
-25.2 59.4 5.0 1.0
-25.0 59.4 5.0 1.0
-24.8 59.4 5.0 1.0
-60.0 59.2 12.9 4.6
-59.8 59.2 12.6 4.3
-59.6 59.2 12.2 4.1
-59.4 59.2 11.9 3.9
-59.2 59.2 11.5 3.6
-59.0 59.2 11.0 3.3
-58.8 59.2 10.6 3.1
-58.6 59.2 10.1 2.8
-58.4 59.2 9.7 2.6
-58.2 59.2 9.2 2.3
-58.0 59.2 8.8 2.2
-57.8 59.2 8.3 2.0
-57.6 59.2 7.9 1.9
-57.4 59.2 7.4 1.8
-57.2 59.2 7.0 1.8
-57.0 59.2 6.7 1.7
-56.8 59.2 6.5 1.7
-56.6 59.2 6.3 1.6
-56.4 59.2 6.2 1.6
-56.2 59.2 6.1 1.5
-56.0 59.2 6.0 1.5
-55.8 59.2 5.9 1.4
-55.6 59.2 5.8 1.4
-55.4 59.2 5.8 1.3
-55.2 59.2 5.8 1.2
-55.0 59.2 5.7 1.2
-54.8 59.2 5.7 1.1
-54.6 59.2 5.6 1.0
-54.4 59.2 5.6 1.0
-54.2 59.2 5.5 1.0
-54.0 59.2 5.4 1.0
-53.8 59.2 5.3 1.0
-53.6 59.2 5.2 1.0
-53.4 59.2 5.2 1.0
-53.2 59.2 5.1 1.0
-53.0 59.2 5.1 1.0
-52.8 59.2 5.1 1.0
-52.6 59.2 5.1 1.0
-52.4 59.2 5.0 1.0
-52.2 59.2 5.0 1.0
-52.0 59.2 5.0 1.0
-51.8 59.2 5.0 1.0
-51.6 59.2 5.0 1.0
-51.4 59.2 5.0 1.0
-51.2 59.2 5.0 1.0
-51.0 59.2 5.0 1.0
-50.8 59.2 5.0 1.0
-50.6 59.2 5.0 1.0
-50.4 59.2 5.0 1.0
-50.2 59.2 5.0 1.0
-50.0 59.2 5.0 1.0
-49.8 59.2 5.0 1.0
-49.6 59.2 5.0 1.0
-49.4 59.2 5.1 1.0
-49.2 59.2 5.1 1.0
-49.0 59.2 5.1 1.0
-48.8 59.2 5.2 1.0
-48.6 59.2 5.2 1.0
-48.4 59.2 5.3 1.0
-48.2 59.2 5.3 1.0
-48.0 59.2 5.4 1.1
-47.8 59.2 5.5 1.2
-47.6 59.2 5.5 1.3
-47.4 59.2 5.6 1.4
-47.2 59.2 5.6 1.5
-47.0 59.2 5.7 1.5
-46.8 59.2 5.7 1.6
-46.6 59.2 5.7 1.6
-46.4 59.2 5.7 1.7
-46.2 59.2 5.7 1.7
-46.0 59.2 5.7 1.7
-45.8 59.2 5.7 1.7
-45.6 59.2 5.6 1.7
-45.4 59.2 5.6 1.7
-45.2 59.2 5.5 1.6
-45.0 59.2 5.5 1.6
-44.8 59.2 5.5 1.5
-44.6 59.2 5.5 1.4
-44.4 59.2 5.5 1.3
-44.2 59.2 5.4 1.1
-44.0 59.2 5.4 1.0
-43.8 59.2 5.4 1.0
-43.6 59.2 5.4 1.0
-43.4 59.2 5.3 1.0
-43.2 59.2 5.3 1.0
-43.0 59.2 5.3 1.0
-42.8 59.2 5.2 1.0
-42.6 59.2 5.2 1.0
-42.4 59.2 5.1 1.0
-42.2 59.2 5.1 1.0
-42.0 59.2 5.1 1.0
-41.8 59.2 5.1 1.0
-41.6 59.2 5.1 1.0
-41.4 59.2 5.1 1.0
-41.2 59.2 5.1 1.0
-41.0 59.2 5.1 1.0
-40.8 59.2 5.1 1.0
-40.6 59.2 5.1 1.0
-40.4 59.2 5.1 1.0
-40.2 59.2 5.0 1.0
-40.0 59.2 5.0 1.0
-39.8 59.2 5.0 1.0
-39.6 59.2 5.0 1.0
-39.4 59.2 5.0 1.0
-39.2 59.2 5.0 1.0
-39.0 59.2 5.0 1.0
-38.8 59.2 5.0 1.0
-38.6 59.2 5.0 1.0
-38.4 59.2 5.0 1.0
-38.2 59.2 5.0 1.0
-38.0 59.2 5.0 1.0
-37.8 59.2 5.1 1.0
-37.6 59.2 5.1 1.0
-37.4 59.2 5.2 1.0
-37.2 59.2 5.3 1.0
-37.0 59.2 5.4 1.0
-36.8 59.2 5.6 1.0
-36.6 59.2 5.7 1.0
-36.4 59.2 5.8 1.0
-36.2 59.2 5.9 1.0
-36.0 59.2 6.0 1.0
-35.8 59.2 6.0 1.0
-35.6 59.2 5.9 1.0
-35.4 59.2 5.9 1.0
-35.2 59.2 5.8 1.0
-35.0 59.2 5.7 1.0
-34.8 59.2 5.6 1.0
-34.6 59.2 5.6 1.0
-34.4 59.2 5.5 1.0
-34.2 59.2 5.5 1.0
-34.0 59.2 5.5 1.0
-33.8 59.2 5.4 1.0
-33.6 59.2 5.4 1.1
-33.4 59.2 5.3 1.1
-33.2 59.2 5.2 1.1
-33.0 59.2 5.2 1.1
-32.8 59.2 5.1 1.1
-32.6 59.2 5.1 1.0
-32.4 59.2 5.0 1.0
-32.2 59.2 5.0 1.0
-32.0 59.2 5.0 1.0
-31.8 59.2 5.1 1.0
-31.6 59.2 5.1 1.0
-31.4 59.2 5.1 1.0
-31.2 59.2 5.2 1.0
-31.0 59.2 5.2 1.0
-30.8 59.2 5.2 1.0
-30.6 59.2 5.2 1.0
-30.4 59.2 5.2 1.0
-30.2 59.2 5.1 1.0
-30.0 59.2 5.1 1.0
-29.8 59.2 5.1 1.0
-29.6 59.2 5.0 1.0
-29.4 59.2 5.0 1.0
-29.2 59.2 5.0 1.0
-29.0 59.2 5.0 1.0
-28.8 59.2 5.0 1.0
-28.6 59.2 5.0 1.0
-28.4 59.2 5.0 1.0
-28.2 59.2 5.0 1.0
-28.0 59.2 5.0 1.0
-27.8 59.2 5.0 1.0
-27.6 59.2 5.0 1.0
-27.4 59.2 5.0 1.0
-27.2 59.2 5.0 1.0
-27.0 59.2 5.0 1.0
-26.8 59.2 5.0 1.0
-26.6 59.2 5.0 1.0
-26.4 59.2 5.0 1.0
-26.2 59.2 5.0 1.0
-26.0 59.2 5.0 1.0
-25.8 59.2 5.0 1.0
-25.6 59.2 5.0 1.0
-25.4 59.2 5.0 1.0
-25.2 59.2 5.0 1.0
-25.0 59.2 5.0 1.0
-60.0 59.0 12.0 3.9
-59.8 59.0 11.6 3.5
-59.6 59.0 11.1 3.1
-59.4 59.0 10.6 2.8
-59.2 59.0 10.1 2.5
-59.0 59.0 9.5 2.2
-58.8 59.0 8.9 2.0
-58.6 59.0 8.4 1.8
-58.4 59.0 7.9 1.6
-58.2 59.0 7.5 1.5
-58.0 59.0 7.1 1.4
-57.8 59.0 6.7 1.3
-57.6 59.0 6.4 1.2
-57.4 59.0 6.1 1.2
-57.2 59.0 5.9 1.2
-57.0 59.0 5.7 1.1
-56.8 59.0 5.6 1.1
-56.6 59.0 5.6 1.1
-56.4 59.0 5.5 1.1
-56.2 59.0 5.5 1.0
-56.0 59.0 5.4 1.0
-55.8 59.0 5.4 1.0
-55.6 59.0 5.4 1.0
-55.4 59.0 5.3 1.0
-55.2 59.0 5.3 1.0
-55.0 59.0 5.3 1.0
-54.8 59.0 5.3 1.0
-54.6 59.0 5.2 1.0
-54.4 59.0 5.2 1.0
-54.2 59.0 5.2 1.0
-54.0 59.0 5.1 1.0
-53.8 59.0 5.1 1.0
-53.6 59.0 5.1 1.0
-53.4 59.0 5.0 1.0
-53.2 59.0 5.0 1.0
-53.0 59.0 5.0 1.0
-52.8 59.0 5.0 1.0
-52.6 59.0 5.0 1.0
-52.4 59.0 5.0 1.0
-52.2 59.0 5.0 1.0
-52.0 59.0 5.0 1.0
-51.8 59.0 5.0 1.0
-51.6 59.0 5.0 1.0
-51.4 59.0 5.0 1.0
-51.2 59.0 5.0 1.0
-51.0 59.0 5.0 1.0
-50.8 59.0 5.0 1.0
-50.6 59.0 5.0 1.0
-50.4 59.0 5.0 1.0
-50.2 59.0 5.0 1.0
-50.0 59.0 5.0 1.0
-49.8 59.0 5.0 1.0
-49.6 59.0 5.0 1.0
-49.4 59.0 5.0 1.0
-49.2 59.0 5.0 1.0
-49.0 59.0 5.0 1.0
-48.8 59.0 5.0 1.0
-48.6 59.0 5.0 1.0
-48.4 59.0 5.1 1.0
-48.2 59.0 5.1 1.0
-48.0 59.0 5.1 1.0
-47.8 59.0 5.1 1.0
-47.6 59.0 5.1 1.0
-47.4 59.0 5.1 1.0
-47.2 59.0 5.2 1.0
-47.0 59.0 5.2 1.0
-46.8 59.0 5.2 1.0
-46.6 59.0 5.2 1.0
-46.4 59.0 5.2 1.0
-46.2 59.0 5.2 1.0
-46.0 59.0 5.1 1.0
-45.8 59.0 5.1 1.0
-45.6 59.0 5.1 1.0
-45.4 59.0 5.1 1.0
-45.2 59.0 5.1 1.0
-45.0 59.0 5.1 1.0
-44.8 59.0 5.1 1.0
-44.6 59.0 5.1 1.0
-44.4 59.0 5.0 1.0
-44.2 59.0 5.0 1.0
-44.0 59.0 5.0 1.0
-43.8 59.0 5.0 1.0
-43.6 59.0 5.0 1.0
-43.4 59.0 5.0 1.0
-43.2 59.0 5.0 1.0
-43.0 59.0 5.0 1.0
-42.8 59.0 5.0 1.0
-42.6 59.0 5.0 1.0
-42.4 59.0 5.0 1.0
-42.2 59.0 5.0 1.0
-42.0 59.0 5.0 1.0
-41.8 59.0 5.0 1.0
-41.6 59.0 5.0 1.0
-41.4 59.0 5.0 1.0
-41.2 59.0 5.0 1.0
-41.0 59.0 5.0 1.0
-40.8 59.0 5.0 1.0
-40.6 59.0 5.0 1.0
-40.4 59.0 5.0 1.0
-40.2 59.0 5.0 1.0
-40.0 59.0 5.0 1.0
-39.8 59.0 5.0 1.0
-39.6 59.0 5.0 1.0
-39.4 59.0 5.0 1.0
-39.2 59.0 5.0 1.0
-39.0 59.0 5.0 1.0
-38.8 59.0 5.0 1.0
-38.6 59.0 5.0 1.0
-38.4 59.0 5.0 1.0
-38.2 59.0 5.0 1.0
-38.0 59.0 5.0 1.0
-37.8 59.0 5.0 1.0
-37.6 59.0 5.0 1.0
-37.4 59.0 5.1 1.0
-37.2 59.0 5.1 1.0
-37.0 59.0 5.2 1.0
-36.8 59.0 5.2 1.0
-36.6 59.0 5.3 1.0
-36.4 59.0 5.4 1.0
-36.2 59.0 5.4 1.0
-36.0 59.0 5.4 1.0
-35.8 59.0 5.4 1.0
-35.6 59.0 5.4 1.0
-35.4 59.0 5.4 1.0
-35.2 59.0 5.4 1.0
-35.0 59.0 5.3 1.0
-34.8 59.0 5.3 1.0
-34.6 59.0 5.3 1.0
-34.4 59.0 5.3 1.0
-34.2 59.0 5.3 1.0
-34.0 59.0 5.3 1.0
-33.8 59.0 5.3 1.0
-33.6 59.0 5.3 1.0
-33.4 59.0 5.2 1.0
-33.2 59.0 5.2 1.0
-33.0 59.0 5.1 1.0
-32.8 59.0 5.1 1.0
-32.6 59.0 5.0 1.0
-32.4 59.0 5.0 1.0
-32.2 59.0 5.0 1.0
-32.0 59.0 5.0 1.0
-31.8 59.0 5.0 1.0
-31.6 59.0 5.0 1.0
-31.4 59.0 5.1 1.0
-31.2 59.0 5.1 1.0
-31.0 59.0 5.1 1.0
-30.8 59.0 5.1 1.0
-30.6 59.0 5.1 1.0
-30.4 59.0 5.1 1.0
-30.2 59.0 5.1 1.0
-30.0 59.0 5.0 1.0
-29.8 59.0 5.0 1.0
-29.6 59.0 5.0 1.0
-29.4 59.0 5.0 1.0
-29.2 59.0 5.0 1.0
-29.0 59.0 5.0 1.0
-28.8 59.0 5.0 1.0
-28.6 59.0 5.0 1.0
-28.4 59.0 5.0 1.0
-28.2 59.0 5.0 1.0
-28.0 59.0 5.0 1.0
-27.8 59.0 5.0 1.0
-27.6 59.0 5.0 1.0
-27.4 59.0 5.0 1.0
-27.2 59.0 5.0 1.0
-27.0 59.0 5.0 1.0
-26.8 59.0 5.0 1.0
-26.6 59.0 5.0 1.0
-26.4 59.0 5.0 1.0
-26.2 59.0 5.0 1.0
-26.0 59.0 5.0 1.0
-25.8 59.0 5.0 1.0
-25.6 59.0 5.0 1.0
-25.4 59.0 5.0 1.0
-25.2 59.0 5.0 1.0
-25.0 59.0 5.0 1.0
-59.8 58.8 10.6 2.9
-59.6 58.8 10.0 2.4
-59.4 58.8 9.3 2.0
-59.2 58.8 8.6 1.6
-59.0 58.8 8.0 1.4
-58.8 58.8 7.4 1.1
-58.6 58.8 6.9 1.0
-58.4 58.8 6.5 1.0
-58.2 58.8 6.1 1.0
-58.0 58.8 5.9 1.0
-57.8 58.8 5.7 1.0
-57.6 58.8 5.5 1.0
-57.4 58.8 5.4 1.0
-57.2 58.8 5.3 1.0
-57.0 58.8 5.2 1.0
-56.8 58.8 5.2 1.0
-56.6 58.8 5.2 1.0
-56.4 58.8 5.2 1.0
-56.2 58.8 5.2 1.0
-56.0 58.8 5.1 1.0
-55.8 58.8 5.1 1.0
-55.6 58.8 5.1 1.0
-55.4 58.8 5.1 1.0
-55.2 58.8 5.1 1.0
-55.0 58.8 5.1 1.0
-54.8 58.8 5.1 1.0
-54.6 58.8 5.0 1.0
-54.4 58.8 5.0 1.0
-54.2 58.8 5.0 1.0
-54.0 58.8 5.0 1.0
-53.8 58.8 5.0 1.0
-53.6 58.8 5.0 1.0
-53.4 58.8 5.0 1.0
-53.2 58.8 5.0 1.0
-53.0 58.8 5.0 1.0
-52.8 58.8 5.0 1.0
-52.6 58.8 5.0 1.0
-52.4 58.8 5.0 1.0
-52.2 58.8 5.0 1.0
-52.0 58.8 5.0 1.0
-51.8 58.8 5.0 1.0
-51.6 58.8 5.0 1.0
-51.4 58.8 5.0 1.0
-51.2 58.8 5.0 1.0
-51.0 58.8 5.0 1.0
-50.8 58.8 5.0 1.0
-50.6 58.8 5.0 1.0
-50.4 58.8 5.0 1.0
-50.2 58.8 5.0 1.0
-50.0 58.8 5.0 1.0
-49.8 58.8 5.0 1.0
-49.6 58.8 5.0 1.0
-49.4 58.8 5.0 1.0
-49.2 58.8 5.0 1.0
-49.0 58.8 5.0 1.0
-48.8 58.8 5.0 1.0
-48.6 58.8 5.0 1.0
-48.4 58.8 5.0 1.0
-48.2 58.8 5.0 1.0
-48.0 58.8 5.0 1.0
-47.8 58.8 5.0 1.0
-47.6 58.8 5.0 1.0
-47.4 58.8 5.0 1.0
-47.2 58.8 5.0 1.0
-47.0 58.8 5.0 1.0
-46.8 58.8 5.0 1.0
-46.6 58.8 5.0 1.0
-46.4 58.8 5.0 1.0
-46.2 58.8 5.0 1.0
-46.0 58.8 5.0 1.0
-45.8 58.8 5.0 1.0
-45.6 58.8 5.0 1.0
-45.4 58.8 5.0 1.0
-45.2 58.8 5.0 1.0
-45.0 58.8 5.0 1.0
-44.8 58.8 5.0 1.0
-44.6 58.8 5.0 1.0
-44.4 58.8 5.0 1.0
-44.2 58.8 5.0 1.0
-44.0 58.8 5.0 1.0
-43.8 58.8 5.0 1.0
-43.6 58.8 5.0 1.0
-43.4 58.8 5.0 1.0
-43.2 58.8 5.0 1.0
-43.0 58.8 5.0 1.0
-42.8 58.8 5.0 1.0
-42.6 58.8 5.0 1.0
-42.4 58.8 5.0 1.0
-42.2 58.8 5.0 1.0
-42.0 58.8 5.0 1.0
-41.8 58.8 5.0 1.0
-41.6 58.8 5.0 1.0
-41.4 58.8 5.0 1.0
-41.2 58.8 5.0 1.0
-41.0 58.8 5.0 1.0
-40.8 58.8 5.0 1.0
-40.6 58.8 5.0 1.0
-40.4 58.8 5.0 1.0
-40.2 58.8 5.0 1.0
-40.0 58.8 5.0 1.0
-39.8 58.8 5.0 1.0
-39.6 58.8 5.0 1.0
-39.4 58.8 5.0 1.0
-39.2 58.8 5.0 1.0
-39.0 58.8 5.0 1.0
-38.8 58.8 5.0 1.0
-38.6 58.8 5.0 1.0
-38.4 58.8 5.0 1.0
-38.2 58.8 5.0 1.0
-38.0 58.8 5.0 1.0
-37.8 58.8 5.0 1.0
-37.6 58.8 5.0 1.0
-37.4 58.8 5.0 1.0
-37.2 58.8 5.0 1.0
-37.0 58.8 5.0 1.0
-36.8 58.8 5.0 1.0
-36.6 58.8 5.1 1.0
-36.4 58.8 5.1 1.0
-36.2 58.8 5.1 1.0
-36.0 58.8 5.1 1.0
-35.8 58.8 5.1 1.0
-35.6 58.8 5.1 1.0
-35.4 58.8 5.1 1.0
-35.2 58.8 5.1 1.0
-35.0 58.8 5.1 1.0
-34.8 58.8 5.1 1.0
-34.6 58.8 5.1 1.0
-34.4 58.8 5.1 1.0
-34.2 58.8 5.1 1.0
-34.0 58.8 5.2 1.0
-33.8 58.8 5.2 1.0
-33.6 58.8 5.1 1.0
-33.4 58.8 5.1 1.0
-33.2 58.8 5.1 1.0
-33.0 58.8 5.1 1.0
-32.8 58.8 5.0 1.0
-32.6 58.8 5.0 1.0
-32.4 58.8 5.0 1.0
-32.2 58.8 5.0 1.0
-32.0 58.8 5.0 1.0
-31.8 58.8 5.0 1.0
-31.6 58.8 5.0 1.0
-31.4 58.8 5.0 1.0
-31.2 58.8 5.0 1.0
-31.0 58.8 5.0 1.0
-30.8 58.8 5.0 1.0
-30.6 58.8 5.0 1.0
-30.4 58.8 5.0 1.0
-30.2 58.8 5.0 1.0
-30.0 58.8 5.0 1.0
-29.8 58.8 5.0 1.0
-29.6 58.8 5.0 1.0
-29.4 58.8 5.0 1.0
-29.2 58.8 5.0 1.0
-29.0 58.8 5.0 1.0
-28.8 58.8 5.0 1.0
-28.6 58.8 5.0 1.0
-28.4 58.8 5.0 1.0
-28.2 58.8 5.0 1.0
-28.0 58.8 5.0 1.0
-27.8 58.8 5.0 1.0
-27.6 58.8 5.0 1.0
-27.4 58.8 5.0 1.0
-27.2 58.8 5.0 1.0
-27.0 58.8 5.0 1.0
-26.8 58.8 5.0 1.0
-26.6 58.8 5.0 1.0
-26.4 58.8 5.0 1.0
-26.2 58.8 5.0 1.0
-26.0 58.8 5.0 1.0
-25.8 58.8 5.0 1.0
-25.6 58.8 5.0 1.0
-25.4 58.8 5.0 1.0
-25.2 58.8 5.0 1.0
-59.8 58.6 9.6 2.7
-59.6 58.6 8.9 2.1
-59.4 58.6 8.2 1.6
-59.2 58.6 7.5 1.2
-59.0 58.6 6.8 1.0
-58.8 58.6 6.3 1.0
-58.6 58.6 5.9 1.0
-58.4 58.6 5.6 1.0
-58.2 58.6 5.4 1.0
-58.0 58.6 5.2 1.0
-57.8 58.6 5.2 1.0
-57.6 58.6 5.1 1.0
-57.4 58.6 5.1 1.0
-57.2 58.6 5.0 1.0
-57.0 58.6 5.0 1.0
-56.8 58.6 5.0 1.0
-56.6 58.6 5.0 1.0
-56.4 58.6 5.0 1.0
-56.2 58.6 5.0 1.0
-56.0 58.6 5.0 1.0
-55.8 58.6 5.0 1.0
-55.6 58.6 5.0 1.0
-55.4 58.6 5.0 1.0
-55.2 58.6 5.0 1.0
-55.0 58.6 5.0 1.0
-54.8 58.6 5.0 1.0
-54.6 58.6 5.0 1.0
-54.4 58.6 5.0 1.0
-54.2 58.6 5.0 1.0
-54.0 58.6 5.0 1.0
-53.8 58.6 5.0 1.0
-53.6 58.6 5.0 1.0
-53.4 58.6 5.0 1.0
-53.2 58.6 5.0 1.0
-53.0 58.6 5.0 1.0
-52.8 58.6 5.0 1.0
-52.6 58.6 5.0 1.0
-52.4 58.6 5.0 1.0
-52.2 58.6 5.0 1.0
-52.0 58.6 5.0 1.0
-51.8 58.6 5.0 1.0
-51.6 58.6 5.0 1.0
-51.4 58.6 5.0 1.0
-51.2 58.6 5.0 1.0
-51.0 58.6 5.0 1.0
-50.8 58.6 5.0 1.0
-50.6 58.6 5.0 1.0
-50.4 58.6 5.0 1.0
-50.2 58.6 5.0 1.0
-50.0 58.6 5.0 1.0
-49.8 58.6 5.0 1.0
-49.6 58.6 5.0 1.0
-49.4 58.6 5.0 1.0
-49.2 58.6 5.0 1.0
-49.0 58.6 5.0 1.0
-48.8 58.6 5.0 1.0
-48.6 58.6 5.0 1.0
-48.4 58.6 5.0 1.0
-48.2 58.6 5.0 1.0
-48.0 58.6 5.0 1.0
-47.8 58.6 5.0 1.0
-47.6 58.6 5.0 1.0
-47.4 58.6 5.0 1.0
-47.2 58.6 5.0 1.0
-47.0 58.6 5.0 1.0
-46.8 58.6 5.0 1.0
-46.6 58.6 5.0 1.0
-46.4 58.6 5.0 1.0
-46.2 58.6 5.0 1.0
-46.0 58.6 5.0 1.0
-45.8 58.6 5.0 1.0
-45.6 58.6 5.0 1.0
-45.4 58.6 5.0 1.0
-45.2 58.6 5.0 1.0
-45.0 58.6 5.0 1.0
-44.8 58.6 5.0 1.0
-44.6 58.6 5.0 1.0
-44.4 58.6 5.0 1.0
-44.2 58.6 5.0 1.0
-44.0 58.6 5.0 1.0
-43.8 58.6 5.0 1.0
-43.6 58.6 5.0 1.0
-43.4 58.6 5.0 1.0
-43.2 58.6 5.0 1.0
-43.0 58.6 5.0 1.0
-42.8 58.6 5.0 1.0
-42.6 58.6 5.0 1.0
-42.4 58.6 5.0 1.0
-42.2 58.6 5.0 1.0
-42.0 58.6 5.0 1.0
-41.8 58.6 5.0 1.0
-41.6 58.6 5.0 1.0
-41.4 58.6 5.0 1.0
-41.2 58.6 5.0 1.0
-41.0 58.6 5.0 1.0
-40.8 58.6 5.0 1.0
-40.6 58.6 5.0 1.0
-40.4 58.6 5.0 1.0
-40.2 58.6 5.0 1.0
-40.0 58.6 5.0 1.0
-39.8 58.6 5.0 1.0
-39.6 58.6 5.0 1.0
-39.4 58.6 5.0 1.0
-39.2 58.6 5.0 1.0
-39.0 58.6 5.0 1.0
-38.8 58.6 5.0 1.0
-38.6 58.6 5.0 1.0
-38.4 58.6 5.0 1.0
-38.2 58.6 5.0 1.0
-38.0 58.6 5.0 1.0
-37.8 58.6 5.0 1.0
-37.6 58.6 5.0 1.0
-37.4 58.6 5.0 1.0
-37.2 58.6 5.0 1.0
-37.0 58.6 5.0 1.0
-36.8 58.6 5.0 1.0
-36.6 58.6 5.0 1.0
-36.4 58.6 5.0 1.0
-36.2 58.6 5.0 1.0
-36.0 58.6 5.0 1.0
-35.8 58.6 5.0 1.0
-35.6 58.6 5.0 1.0
-35.4 58.6 5.0 1.0
-35.2 58.6 5.0 1.0
-35.0 58.6 5.0 1.0
-34.8 58.6 5.0 1.0
-34.6 58.6 5.0 1.0
-34.4 58.6 5.0 1.0
-34.2 58.6 5.0 1.0
-34.0 58.6 5.0 1.0
-33.8 58.6 5.0 1.0
-33.6 58.6 5.0 1.0
-33.4 58.6 5.0 1.0
-33.2 58.6 5.0 1.0
-33.0 58.6 5.0 1.0
-32.8 58.6 5.0 1.0
-32.6 58.6 5.0 1.0
-32.4 58.6 5.0 1.0
-32.2 58.6 5.0 1.0
-32.0 58.6 5.0 1.0
-31.8 58.6 5.0 1.0
-31.6 58.6 5.0 1.0
-31.4 58.6 5.0 1.0
-31.2 58.6 5.0 1.0
-31.0 58.6 5.0 1.0
-30.8 58.6 5.0 1.0
-30.6 58.6 5.0 1.0
-30.4 58.6 5.0 1.0
-30.2 58.6 5.0 1.0
-30.0 58.6 5.0 1.0
-29.8 58.6 5.0 1.0
-29.6 58.6 5.0 1.0
-29.4 58.6 5.0 1.0
-29.2 58.6 5.0 1.0
-29.0 58.6 5.0 1.0
-28.8 58.6 5.0 1.0
-28.6 58.6 5.0 1.0
-28.4 58.6 5.0 1.0
-28.2 58.6 5.0 1.0
-28.0 58.6 5.0 1.0
-27.8 58.6 5.0 1.0
-27.6 58.6 5.0 1.0
-27.4 58.6 5.0 1.0
-27.2 58.6 5.0 1.0
-27.0 58.6 5.0 1.0
-26.8 58.6 5.0 1.0
-26.6 58.6 5.0 1.0
-26.4 58.6 5.0 1.0
-26.2 58.6 5.0 1.0
-26.0 58.6 5.0 1.0
-25.8 58.6 5.0 1.0
-25.6 58.6 5.0 1.0
-25.4 58.6 5.0 1.0
-25.2 58.6 5.0 1.0
-59.6 58.4 7.9 2.0
-59.4 58.4 7.2 1.4
-59.2 58.4 6.6 1.0
-59.0 58.4 6.0 1.0
-58.8 58.4 5.6 1.0
-58.6 58.4 5.3 1.0
-58.4 58.4 5.2 1.0
-58.2 58.4 5.0 1.0
-58.0 58.4 5.0 1.0
-57.8 58.4 5.0 1.0
-57.6 58.4 5.0 1.0
-57.4 58.4 5.0 1.0
-57.2 58.4 5.0 1.0
-57.0 58.4 5.0 1.0
-56.8 58.4 5.0 1.0
-56.6 58.4 5.0 1.0
-56.4 58.4 5.0 1.0
-56.2 58.4 5.0 1.0
-56.0 58.4 5.0 1.0
-55.8 58.4 5.0 1.0
-55.6 58.4 5.0 1.0
-55.4 58.4 5.0 1.0
-55.2 58.4 5.0 1.0
-55.0 58.4 5.0 1.0
-54.8 58.4 5.0 1.0
-54.6 58.4 5.0 1.0
-54.4 58.4 5.0 1.0
-54.2 58.4 5.0 1.0
-54.0 58.4 5.0 1.0
-53.8 58.4 5.0 1.0
-53.6 58.4 5.0 1.0
-53.4 58.4 5.0 1.0
-53.2 58.4 5.0 1.0
-53.0 58.4 5.0 1.0
-52.8 58.4 5.0 1.0
-52.6 58.4 5.0 1.0
-52.4 58.4 5.0 1.0
-52.2 58.4 5.0 1.0
-52.0 58.4 5.0 1.0
-51.8 58.4 5.0 1.0
-51.6 58.4 5.0 1.0
-51.4 58.4 5.0 1.0
-51.2 58.4 5.0 1.0
-51.0 58.4 5.0 1.0
-50.8 58.4 5.0 1.0
-50.6 58.4 5.0 1.0
-50.4 58.4 5.0 1.0
-50.2 58.4 5.0 1.0
-50.0 58.4 5.0 1.0
-49.8 58.4 5.0 1.0
-49.6 58.4 5.0 1.0
-49.4 58.4 5.0 1.0
-49.2 58.4 5.0 1.0
-49.0 58.4 5.0 1.0
-48.8 58.4 5.0 1.0
-48.6 58.4 5.0 1.0
-48.4 58.4 5.0 1.0
-48.2 58.4 5.0 1.0
-48.0 58.4 5.0 1.0
-47.8 58.4 5.0 1.0
-47.6 58.4 5.0 1.0
-37.4 58.4 5.0 1.0
-37.2 58.4 5.0 1.0
-37.0 58.4 5.0 1.0
-36.8 58.4 5.0 1.0
-36.6 58.4 5.0 1.0
-36.4 58.4 5.0 1.0
-36.2 58.4 5.0 1.0
-36.0 58.4 5.0 1.0
-35.8 58.4 5.0 1.0
-35.6 58.4 5.0 1.0
-35.4 58.4 5.0 1.0
-35.2 58.4 5.0 1.0
-35.0 58.4 5.0 1.0
-34.8 58.4 5.0 1.0
-34.6 58.4 5.0 1.0
-34.4 58.4 5.0 1.0
-34.2 58.4 5.0 1.0
-34.0 58.4 5.0 1.0
-33.8 58.4 5.0 1.0
-33.6 58.4 5.0 1.0
-33.4 58.4 5.0 1.0
-33.2 58.4 5.0 1.0
-33.0 58.4 5.0 1.0
-32.8 58.4 5.0 1.0
-32.6 58.4 5.0 1.0
-32.4 58.4 5.0 1.0
-32.2 58.4 5.0 1.0
-32.0 58.4 5.0 1.0
-31.8 58.4 5.0 1.0
-31.6 58.4 5.0 1.0
-31.4 58.4 5.0 1.0
-31.2 58.4 5.0 1.0
-31.0 58.4 5.0 1.0
-30.8 58.4 5.0 1.0
-30.6 58.4 5.0 1.0
-30.4 58.4 5.0 1.0
-30.2 58.4 5.0 1.0
-30.0 58.4 5.0 1.0
-29.8 58.4 5.0 1.0
-29.6 58.4 5.0 1.0
-29.4 58.4 5.0 1.0
-29.2 58.4 5.0 1.0
-29.0 58.4 5.0 1.0
-28.8 58.4 5.0 1.0
-28.6 58.4 5.0 1.0
-28.4 58.4 5.0 1.0
-28.2 58.4 5.0 1.0
-28.0 58.4 5.0 1.0
-27.8 58.4 5.0 1.0
-27.6 58.4 5.0 1.0
-27.4 58.4 5.0 1.0
-27.2 58.4 5.0 1.0
-27.0 58.4 5.0 1.0
-26.8 58.4 5.0 1.0
-26.6 58.4 5.0 1.0
-26.4 58.4 5.0 1.0
-26.2 58.4 5.0 1.0
-26.0 58.4 5.0 1.0
-25.8 58.4 5.0 1.0
-25.6 58.4 5.0 1.0
-25.4 58.4 5.0 1.0
-59.6 58.2 7.0 1.7
-59.4 58.2 6.4 1.1
-59.2 58.2 5.9 1.0
-59.0 58.2 5.5 1.0
-58.8 58.2 5.2 1.0
-58.6 58.2 5.0 1.0
-58.4 58.2 5.0 1.0
-58.2 58.2 5.0 1.0
-58.0 58.2 5.0 1.0
-57.8 58.2 5.0 1.0
-57.6 58.2 5.0 1.0
-57.4 58.2 5.0 1.0
-57.2 58.2 5.0 1.0
-57.0 58.2 5.0 1.0
-56.8 58.2 5.0 1.0
-56.6 58.2 5.0 1.0
-56.4 58.2 5.0 1.0
-56.2 58.2 5.0 1.0
-56.0 58.2 5.0 1.0
-55.8 58.2 5.0 1.0
-55.6 58.2 5.0 1.0
-55.4 58.2 5.0 1.0
-55.2 58.2 5.0 1.0
-55.0 58.2 5.0 1.0
-54.8 58.2 5.0 1.0
-54.6 58.2 5.0 1.0
-54.4 58.2 5.0 1.0
-54.2 58.2 5.0 1.0
-54.0 58.2 5.0 1.0
-53.8 58.2 5.0 1.0
-53.6 58.2 5.0 1.0
-53.4 58.2 5.0 1.0
-53.2 58.2 5.0 1.0
-53.0 58.2 5.0 1.0
-52.8 58.2 5.0 1.0
-52.6 58.2 5.0 1.0
-52.4 58.2 5.0 1.0
-52.2 58.2 5.0 1.0
-52.0 58.2 5.0 1.0
-51.8 58.2 5.0 1.0
-51.6 58.2 5.0 1.0
-51.4 58.2 5.0 1.0
-51.2 58.2 5.0 1.0
-51.0 58.2 5.0 1.0
-34.0 58.2 5.0 1.0
-33.8 58.2 5.0 1.0
-33.6 58.2 5.0 1.0
-33.4 58.2 5.0 1.0
-33.2 58.2 5.0 1.0
-33.0 58.2 5.0 1.0
-32.8 58.2 5.0 1.0
-32.6 58.2 5.0 1.0
-32.4 58.2 5.0 1.0
-32.2 58.2 5.0 1.0
-32.0 58.2 5.0 1.0
-31.8 58.2 5.0 1.0
-31.6 58.2 5.0 1.0
-31.4 58.2 5.0 1.0
-31.2 58.2 5.0 1.0
-31.0 58.2 5.0 1.0
-30.8 58.2 5.0 1.0
-30.6 58.2 5.0 1.0
-30.4 58.2 5.0 1.0
-30.2 58.2 5.0 1.0
-30.0 58.2 5.0 1.0
-29.8 58.2 5.0 1.0
-29.6 58.2 5.0 1.0
-29.4 58.2 5.0 1.0
-29.2 58.2 5.0 1.0
-29.0 58.2 5.0 1.0
-28.8 58.2 5.0 1.0
-28.6 58.2 5.0 1.0
-28.4 58.2 5.0 1.0
-28.2 58.2 5.0 1.0
-28.0 58.2 5.0 1.0
-27.8 58.2 5.0 1.0
-27.6 58.2 5.0 1.0
-27.4 58.2 5.0 1.0
-27.2 58.2 5.0 1.0
-27.0 58.2 5.0 1.0
-26.8 58.2 5.0 1.0
-26.6 58.2 5.0 1.0
-26.4 58.2 5.0 1.0
-26.2 58.2 5.0 1.0
-26.0 58.2 5.0 1.0
-25.8 58.2 5.0 1.0
-25.6 58.2 5.0 1.0
-25.4 58.2 5.0 1.0
-59.4 58.0 5.7 1.0
-59.2 58.0 5.3 1.0
-59.0 58.0 5.0 1.0
-58.8 58.0 5.0 1.0
-58.6 58.0 5.0 1.0
-58.4 58.0 5.0 1.0
-58.2 58.0 5.0 1.0
-58.0 58.0 5.0 1.0
-57.8 58.0 5.0 1.0
-57.6 58.0 5.0 1.0
-57.4 58.0 5.0 1.0
-57.2 58.0 5.0 1.0
-57.0 58.0 5.0 1.0
-56.8 58.0 5.0 1.0
-56.6 58.0 5.0 1.0
-56.4 58.0 5.0 1.0
-56.2 58.0 5.0 1.0
-56.0 58.0 5.0 1.0
-55.8 58.0 5.0 1.0
-55.6 58.0 5.0 1.0
-55.4 58.0 5.0 1.0
-55.2 58.0 5.0 1.0
-55.0 58.0 5.0 1.0
-54.8 58.0 5.0 1.0
-54.6 58.0 5.0 1.0
-54.4 58.0 5.0 1.0
-54.2 58.0 5.0 1.0
-54.0 58.0 5.0 1.0
-53.8 58.0 5.0 1.0
-53.6 58.0 5.0 1.0
-53.4 58.0 5.0 1.0
-31.6 58.0 5.0 1.0
-31.4 58.0 5.0 1.0
-31.2 58.0 5.0 1.0
-31.0 58.0 5.0 1.0
-30.8 58.0 5.0 1.0
-30.6 58.0 5.0 1.0
-30.4 58.0 5.0 1.0
-30.2 58.0 5.0 1.0
-30.0 58.0 5.0 1.0
-29.8 58.0 5.0 1.0
-29.6 58.0 5.0 1.0
-29.4 58.0 5.0 1.0
-29.2 58.0 5.0 1.0
-29.0 58.0 5.0 1.0
-28.8 58.0 5.0 1.0
-28.6 58.0 5.0 1.0
-28.4 58.0 5.0 1.0
-28.2 58.0 5.0 1.0
-28.0 58.0 5.0 1.0
-27.8 58.0 5.0 1.0
-27.6 58.0 5.0 1.0
-27.4 58.0 5.0 1.0
-27.2 58.0 5.0 1.0
-27.0 58.0 5.0 1.0
-26.8 58.0 5.0 1.0
-26.6 58.0 5.0 1.0
-26.4 58.0 5.0 1.0
-26.2 58.0 5.0 1.0
-26.0 58.0 5.0 1.0
-25.8 58.0 5.0 1.0
-25.6 58.0 5.0 1.0
-59.4 57.8 5.0 1.0
-59.2 57.8 5.0 1.0
-59.0 57.8 5.0 1.0
-58.8 57.8 5.0 1.0
-58.6 57.8 5.0 1.0
-58.4 57.8 5.0 1.0
-58.2 57.8 5.0 1.0
-58.0 57.8 5.0 1.0
-57.8 57.8 5.0 1.0
-57.6 57.8 5.0 1.0
-57.4 57.8 5.0 1.0
-57.2 57.8 5.0 1.0
-57.0 57.8 5.0 1.0
-56.8 57.8 5.0 1.0
-56.6 57.8 5.0 1.0
-56.4 57.8 5.0 1.0
-56.2 57.8 5.0 1.0
-56.0 57.8 5.0 1.0
-55.8 57.8 5.0 1.0
-55.6 57.8 5.0 1.0
-55.4 57.8 5.0 1.0
-29.6 57.8 5.0 1.0
-29.4 57.8 5.0 1.0
-29.2 57.8 5.0 1.0
-29.0 57.8 5.0 1.0
-28.8 57.8 5.0 1.0
-28.6 57.8 5.0 1.0
-28.4 57.8 5.0 1.0
-28.2 57.8 5.0 1.0
-28.0 57.8 5.0 1.0
-27.8 57.8 5.0 1.0
-27.6 57.8 5.0 1.0
-27.4 57.8 5.0 1.0
-27.2 57.8 5.0 1.0
-27.0 57.8 5.0 1.0
-26.8 57.8 5.0 1.0
-26.6 57.8 5.0 1.0
-26.4 57.8 5.0 1.0
-26.2 57.8 5.0 1.0
-26.0 57.8 5.0 1.0
-25.8 57.8 5.0 1.0
-25.6 57.8 5.0 1.0
-59.2 57.6 5.0 1.0
-59.0 57.6 5.0 1.0
-58.8 57.6 5.0 1.0
-58.6 57.6 5.0 1.0
-58.4 57.6 5.0 1.0
-58.2 57.6 5.0 1.0
-58.0 57.6 5.0 1.0
-57.8 57.6 5.0 1.0
-57.6 57.6 5.0 1.0
-57.4 57.6 5.0 1.0
-57.2 57.6 5.0 1.0
-57.0 57.6 5.0 1.0
-28.0 57.6 5.0 1.0
-27.8 57.6 5.0 1.0
-27.6 57.6 5.0 1.0
-27.4 57.6 5.0 1.0
-27.2 57.6 5.0 1.0
-27.0 57.6 5.0 1.0
-26.8 57.6 5.0 1.0
-26.6 57.6 5.0 1.0
-26.4 57.6 5.0 1.0
-26.2 57.6 5.0 1.0
-26.0 57.6 5.0 1.0
-25.8 57.6 5.0 1.0
-59.2 57.4 5.0 1.0
-59.0 57.4 5.0 1.0
-58.8 57.4 5.0 1.0
-58.6 57.4 5.0 1.0
-26.4 57.4 5.0 1.0
-26.2 57.4 5.0 1.0
-26.0 57.4 5.0 1.0
-25.8 57.4 5.0 1.0
